== Starting run at Mon Aug 16 12:36:00 IDT 2021
== Job ID: 60002
== Totally nodes: 
== Node list: jazz[02-07,13,16-28,30]
== Submit dir. : /hpc/local/work/denisn/dc/spdk/dc_testing
== Servers number: 1
== SPDK_DIR: /labhome/denisn/dc/spdk_release
== RDMA_CORE_DIR: /labhome/denisn/dc/rdma-core/build/lib
== TGT_MASK: 0x1FFFF
== PERF_MASK: 0xFFFF
== Server nodelist: jazz02
== Client nodelist: jazz03,jazz04,jazz05,jazz06,jazz07,jazz13,jazz16,jazz17,jazz18,jazz19,jazz20,jazz21,jazz22,jazz23,jazz24,jazz25,jazz26,jazz27,jazz28,jazz30
== Servers running...
srun -l -O --nodes 1 --ntasks 1 --nodelist=jazz02 --export=ALL ./server_run.sh &
== Clients running... 
srun -l --nodes 20 --ntasks 20 --nodelist=jazz03,jazz04,jazz05,jazz06,jazz07,jazz13,jazz16,jazz17,jazz18,jazz19,jazz20,jazz21,jazz22,jazz23,jazz24,jazz25,jazz26,jazz27,jazz28,jazz30 --export=ALL ./nvmeperf_run.sh
0: Server's Servers number: 1
0: Server's SPDK_DIR: /labhome/denisn/dc/spdk_release
0: Server's RDMA_CORE_DIR: /labhome/denisn/dc/rdma-core/build/lib
0: Server's TGT_MASK: 0x1FFFF
 4: Initiator's Servers number: 1
 7: Initiator's Servers number: 1
 0: Initiator's Servers number: 1
 2: Initiator's Servers number: 1
 3: Initiator's Servers number: 1
 5: Initiator's Servers number: 1
15: Initiator's Servers number: 1
 6: Initiator's Servers number: 1
10: Initiator's Servers number: 1
11: Initiator's Servers number: 1
 1: Initiator's Servers number: 1
 8: Initiator's Servers number: 1
 9: Initiator's Servers number: 1
13: Initiator's Servers number: 1
16: Initiator's Servers number: 1
18: Initiator's Servers number: 1
12: Initiator's Servers number: 1
14: Initiator's Servers number: 1
17: Initiator's Servers number: 1
19: Initiator's Servers number: 1
0: Server's PERF_MASK: 0xFFFF
 7: Initiator's SPDK_DIR: /labhome/denisn/dc/spdk_release
 4: Initiator's SPDK_DIR: /labhome/denisn/dc/spdk_release
 7: Initiator's RDMA_CORE_DIR: /labhome/denisn/dc/rdma-core/build/lib
 4: Initiator's RDMA_CORE_DIR: /labhome/denisn/dc/rdma-core/build/lib
 7: Initiator's TGT_MASK: 0x1FFFF
 4: Initiator's TGT_MASK: 0x1FFFF
 7: Initiator's PERF_MASK: 0xFFFF
 4: Initiator's PERF_MASK: 0xFFFF
 0: Initiator's SPDK_DIR: /labhome/denisn/dc/spdk_release
 0: Initiator's RDMA_CORE_DIR: /labhome/denisn/dc/rdma-core/build/lib
 0: Initiator's TGT_MASK: 0x1FFFF
 2: Initiator's SPDK_DIR: /labhome/denisn/dc/spdk_release
 0: Initiator's PERF_MASK: 0xFFFF
 2: Initiator's RDMA_CORE_DIR: /labhome/denisn/dc/rdma-core/build/lib
 2: Initiator's TGT_MASK: 0x1FFFF
 2: Initiator's PERF_MASK: 0xFFFF
 3: Initiator's SPDK_DIR: /labhome/denisn/dc/spdk_release
 3: Initiator's RDMA_CORE_DIR: /labhome/denisn/dc/rdma-core/build/lib
 3: Initiator's TGT_MASK: 0x1FFFF
 3: Initiator's PERF_MASK: 0xFFFF
 5: Initiator's SPDK_DIR: /labhome/denisn/dc/spdk_release
 6: Initiator's SPDK_DIR: /labhome/denisn/dc/spdk_release
11: Initiator's SPDK_DIR: /labhome/denisn/dc/spdk_release
10: Initiator's SPDK_DIR: /labhome/denisn/dc/spdk_release
15: Initiator's SPDK_DIR: /labhome/denisn/dc/spdk_release
 5: Initiator's RDMA_CORE_DIR: /labhome/denisn/dc/rdma-core/build/lib
 6: Initiator's RDMA_CORE_DIR: /labhome/denisn/dc/rdma-core/build/lib
11: Initiator's RDMA_CORE_DIR: /labhome/denisn/dc/rdma-core/build/lib
10: Initiator's RDMA_CORE_DIR: /labhome/denisn/dc/rdma-core/build/lib
15: Initiator's RDMA_CORE_DIR: /labhome/denisn/dc/rdma-core/build/lib
 5: Initiator's TGT_MASK: 0x1FFFF
 6: Initiator's TGT_MASK: 0x1FFFF
11: Initiator's TGT_MASK: 0x1FFFF
10: Initiator's TGT_MASK: 0x1FFFF
15: Initiator's TGT_MASK: 0x1FFFF
 5: Initiator's PERF_MASK: 0xFFFF
 6: Initiator's PERF_MASK: 0xFFFF
11: Initiator's PERF_MASK: 0xFFFF
10: Initiator's PERF_MASK: 0xFFFF
15: Initiator's PERF_MASK: 0xFFFF
 1: Initiator's SPDK_DIR: /labhome/denisn/dc/spdk_release
 8: Initiator's SPDK_DIR: /labhome/denisn/dc/spdk_release
 9: Initiator's SPDK_DIR: /labhome/denisn/dc/spdk_release
12: Initiator's SPDK_DIR: /labhome/denisn/dc/spdk_release
16: Initiator's SPDK_DIR: /labhome/denisn/dc/spdk_release
13: Initiator's SPDK_DIR: /labhome/denisn/dc/spdk_release
 1: Initiator's RDMA_CORE_DIR: /labhome/denisn/dc/rdma-core/build/lib
 8: Initiator's RDMA_CORE_DIR: /labhome/denisn/dc/rdma-core/build/lib
 9: Initiator's RDMA_CORE_DIR: /labhome/denisn/dc/rdma-core/build/lib
12: Initiator's RDMA_CORE_DIR: /labhome/denisn/dc/rdma-core/build/lib
16: Initiator's RDMA_CORE_DIR: /labhome/denisn/dc/rdma-core/build/lib
13: Initiator's RDMA_CORE_DIR: /labhome/denisn/dc/rdma-core/build/lib
 1: Initiator's TGT_MASK: 0x1FFFF
 8: Initiator's TGT_MASK: 0x1FFFF
 9: Initiator's TGT_MASK: 0x1FFFF
12: Initiator's TGT_MASK: 0x1FFFF
16: Initiator's TGT_MASK: 0x1FFFF
13: Initiator's TGT_MASK: 0x1FFFF
 1: Initiator's PERF_MASK: 0xFFFF
 8: Initiator's PERF_MASK: 0xFFFF
 9: Initiator's PERF_MASK: 0xFFFF
12: Initiator's PERF_MASK: 0xFFFF
16: Initiator's PERF_MASK: 0xFFFF
13: Initiator's PERF_MASK: 0xFFFF
14: Initiator's SPDK_DIR: /labhome/denisn/dc/spdk_release
17: Initiator's SPDK_DIR: /labhome/denisn/dc/spdk_release
18: Initiator's SPDK_DIR: /labhome/denisn/dc/spdk_release
14: Initiator's RDMA_CORE_DIR: /labhome/denisn/dc/rdma-core/build/lib
17: Initiator's RDMA_CORE_DIR: /labhome/denisn/dc/rdma-core/build/lib
18: Initiator's RDMA_CORE_DIR: /labhome/denisn/dc/rdma-core/build/lib
14: Initiator's TGT_MASK: 0x1FFFF
17: Initiator's TGT_MASK: 0x1FFFF
18: Initiator's TGT_MASK: 0x1FFFF
14: Initiator's PERF_MASK: 0xFFFF
17: Initiator's PERF_MASK: 0xFFFF
18: Initiator's PERF_MASK: 0xFFFF
19: Initiator's SPDK_DIR: /labhome/denisn/dc/spdk_release
19: Initiator's RDMA_CORE_DIR: /labhome/denisn/dc/rdma-core/build/lib
19: Initiator's TGT_MASK: 0x1FFFF
19: Initiator's PERF_MASK: 0xFFFF
0: Mounting hugetlbfs at /mnt/huge
12: Mounting hugetlbfs at /mnt/huge
 4: Mounting hugetlbfs at /mnt/huge
11: Mounting hugetlbfs at /mnt/huge
 7: Mounting hugetlbfs at /mnt/huge
 2: Mounting hugetlbfs at /mnt/huge
 0: Mounting hugetlbfs at /mnt/huge
 3: Mounting hugetlbfs at /mnt/huge
 5: Mounting hugetlbfs at /mnt/huge
 6: Mounting hugetlbfs at /mnt/huge
 9: Mounting hugetlbfs at /mnt/huge
10: Mounting hugetlbfs at /mnt/huge
18: Mounting hugetlbfs at /mnt/huge
15: Mounting hugetlbfs at /mnt/huge
17: Mounting hugetlbfs at /mnt/huge
 8: Mounting hugetlbfs at /mnt/huge
13: Mounting hugetlbfs at /mnt/huge
 1: Mounting hugetlbfs at /mnt/huge
16: Mounting hugetlbfs at /mnt/huge
19: Mounting hugetlbfs at /mnt/huge
14: Mounting hugetlbfs at /mnt/huge
 4: Waiting for 1 servers started... now there are 0 servers
12: Waiting for 1 servers started... now there are 0 servers
 0: Waiting for 1 servers started... now there are 0 servers
11: Waiting for 1 servers started... now there are 0 servers
 2: Waiting for 1 servers started... now there are 0 servers
 7: Waiting for 1 servers started... now there are 0 servers
 5: Waiting for 1 servers started... now there are 0 servers
 6: Waiting for 1 servers started... now there are 0 servers
 3: Waiting for 1 servers started... now there are 0 servers
18: Waiting for 1 servers started... now there are 0 servers
10: Waiting for 1 servers started... now there are 0 servers
 9: Waiting for 1 servers started... now there are 0 servers
17: Waiting for 1 servers started... now there are 0 servers
15: Waiting for 1 servers started... now there are 0 servers
16: Waiting for 1 servers started... now there are 0 servers
13: Waiting for 1 servers started... now there are 0 servers
 1: Waiting for 1 servers started... now there are 0 servers
19: Waiting for 1 servers started... now there are 0 servers
 8: Waiting for 1 servers started... now there are 0 servers
14: Waiting for 1 servers started... now there are 0 servers
0: sudo env LD_LIBRARY_PATH=/labhome/denisn/dc/rdma-core/build/lib /labhome/denisn/dc/spdk_release/install/bin/spdk_tgt -m 0x1FFFF 2>&1 | tee -a /hpc/local/work/denisn/dc/spdk/dc_testing/job.60002/spdk_tgt.0.log &
0: Waiting for 3s after spdk_tgt run ...
 4: Waiting for 1 servers started... now there are 0 servers
12: Waiting for 1 servers started... now there are 0 servers
 0: Waiting for 1 servers started... now there are 0 servers
11: Waiting for 1 servers started... now there are 0 servers
 2: Waiting for 1 servers started... now there are 0 servers
 7: Waiting for 1 servers started... now there are 0 servers
 5: Waiting for 1 servers started... now there are 0 servers
 3: Waiting for 1 servers started... now there are 0 servers
 6: Waiting for 1 servers started... now there are 0 servers
18: Waiting for 1 servers started... now there are 0 servers
10: Waiting for 1 servers started... now there are 0 servers
 9: Waiting for 1 servers started... now there are 0 servers
17: Waiting for 1 servers started... now there are 0 servers
15: Waiting for 1 servers started... now there are 0 servers
16: Waiting for 1 servers started... now there are 0 servers
13: Waiting for 1 servers started... now there are 0 servers
 1: Waiting for 1 servers started... now there are 0 servers
19: Waiting for 1 servers started... now there are 0 servers
14: Waiting for 1 servers started... now there are 0 servers
 8: Waiting for 1 servers started... now there are 0 servers
0: [2021-08-16 12:36:02.088930] Starting SPDK v21.04 git sha1 8016710 / DPDK 21.05.0 initialization...
0: [2021-08-16 12:36:02.089003] [ DPDK EAL parameters: [2021-08-16 12:36:02.089012] spdk_tgt [2021-08-16 12:36:02.089043] --no-shconf [2021-08-16 12:36:02.089050] -c 0x1FFFF [2021-08-16 12:36:02.089054] --log-level=lib.eal:6 [2021-08-16 12:36:02.089060] --log-level=lib.cryptodev:5 [2021-08-16 12:36:02.089069] --log-level=user1:6 [2021-08-16 12:36:02.089078] --base-virtaddr=0x200000000000 [2021-08-16 12:36:02.089084] --match-allocations [2021-08-16 12:36:02.089091] --file-prefix=spdk_pid90374 [2021-08-16 12:36:02.089097] ]
0: EAL: No available 1048576 kB hugepages reported
0: EAL: No free 2048 kB hugepages reported on node 1
0: TELEMETRY: No legacy callbacks, legacy socket not created
0: [2021-08-16 12:36:02.157704] app.c: 535:spdk_app_start: *NOTICE*: Total cores available: 17
0: [2021-08-16 12:36:02.326669] reactor.c: 929:reactor_run: *NOTICE*: Reactor started on core 1
0: [2021-08-16 12:36:02.326718] reactor.c: 929:reactor_run: *NOTICE*: Reactor started on core 2
0: [2021-08-16 12:36:02.326782] reactor.c: 929:reactor_run: *NOTICE*: Reactor started on core 3
0: [2021-08-16 12:36:02.326832] reactor.c: 929:reactor_run: *NOTICE*: Reactor started on core 4
0: [2021-08-16 12:36:02.326877] reactor.c: 929:reactor_run: *NOTICE*: Reactor started on core 5
0: [2021-08-16 12:36:02.326928] reactor.c: 929:reactor_run: *NOTICE*: Reactor started on core 6
0: [2021-08-16 12:36:02.327006] reactor.c: 929:reactor_run: *NOTICE*: Reactor started on core 9
0: [2021-08-16 12:36:02.327049] reactor.c: 929:reactor_run: *NOTICE*: Reactor started on core 10
0: [2021-08-16 12:36:02.326994] reactor.c: 929:reactor_run: *NOTICE*: Reactor started on core 8
0: [2021-08-16 12:36:02.327160] reactor.c: 929:reactor_run: *NOTICE*: Reactor started on core 13
0: [2021-08-16 12:36:02.326946] reactor.c: 929:reactor_run: *NOTICE*: Reactor started on core 7
0: [2021-08-16 12:36:02.327096] reactor.c: 929:reactor_run: *NOTICE*: Reactor started on core 11
0: [2021-08-16 12:36:02.327138] reactor.c: 929:reactor_run: *NOTICE*: Reactor started on core 12
0: [2021-08-16 12:36:02.327202] reactor.c: 929:reactor_run: *NOTICE*: Reactor started on core 14
0: [2021-08-16 12:36:02.328946] reactor.c: 929:reactor_run: *NOTICE*: Reactor started on core 15
0: [2021-08-16 12:36:02.328988] reactor.c: 929:reactor_run: *NOTICE*: Reactor started on core 16
0: [2021-08-16 12:36:02.328990] reactor.c: 929:reactor_run: *NOTICE*: Reactor started on core 0
0: [2021-08-16 12:36:02.329060] accel_engine.c: 852:spdk_accel_engine_initialize: *NOTICE*: Accel engine initialized to use software engine.
 4: Waiting for 1 servers started... now there are 0 servers
12: Waiting for 1 servers started... now there are 0 servers
 0: Waiting for 1 servers started... now there are 0 servers
11: Waiting for 1 servers started... now there are 0 servers
 2: Waiting for 1 servers started... now there are 0 servers
 7: Waiting for 1 servers started... now there are 0 servers
 5: Waiting for 1 servers started... now there are 0 servers
 3: Waiting for 1 servers started... now there are 0 servers
 6: Waiting for 1 servers started... now there are 0 servers
18: Waiting for 1 servers started... now there are 0 servers
10: Waiting for 1 servers started... now there are 0 servers
 9: Waiting for 1 servers started... now there are 0 servers
17: Waiting for 1 servers started... now there are 0 servers
15: Waiting for 1 servers started... now there are 0 servers
16: Waiting for 1 servers started... now there are 0 servers
13: Waiting for 1 servers started... now there are 0 servers
 1: Waiting for 1 servers started... now there are 0 servers
19: Waiting for 1 servers started... now there are 0 servers
14: Waiting for 1 servers started... now there are 0 servers
 8: Waiting for 1 servers started... now there are 0 servers
 4: Waiting for 1 servers started... now there are 0 servers
12: Waiting for 1 servers started... now there are 0 servers
 0: Waiting for 1 servers started... now there are 0 servers
11: Waiting for 1 servers started... now there are 0 servers
 2: Waiting for 1 servers started... now there are 0 servers
 7: Waiting for 1 servers started... now there are 0 servers
 5: Waiting for 1 servers started... now there are 0 servers
 3: Waiting for 1 servers started... now there are 0 servers
 6: Waiting for 1 servers started... now there are 0 servers
18: Waiting for 1 servers started... now there are 0 servers
10: Waiting for 1 servers started... now there are 0 servers
 9: Waiting for 1 servers started... now there are 0 servers
17: Waiting for 1 servers started... now there are 0 servers
15: Waiting for 1 servers started... now there are 0 servers
16: Waiting for 1 servers started... now there are 0 servers
13: Waiting for 1 servers started... now there are 0 servers
 1: Waiting for 1 servers started... now there are 0 servers
19: Waiting for 1 servers started... now there are 0 servers
14: Waiting for 1 servers started... now there are 0 servers
 8: Waiting for 1 servers started... now there are 0 servers
0: spdk_tgt pid: 90374
 4: Waiting for 1 servers started... now there are 0 servers
12: Waiting for 1 servers started... now there are 0 servers
 0: Waiting for 1 servers started... now there are 0 servers
11: Waiting for 1 servers started... now there are 0 servers
 2: Waiting for 1 servers started... now there are 0 servers
 7: Waiting for 1 servers started... now there are 0 servers
 5: Waiting for 1 servers started... now there are 0 servers
 3: Waiting for 1 servers started... now there are 0 servers
 6: Waiting for 1 servers started... now there are 0 servers
18: Waiting for 1 servers started... now there are 0 servers
10: Waiting for 1 servers started... now there are 0 servers
 9: Waiting for 1 servers started... now there are 0 servers
17: Waiting for 1 servers started... now there are 0 servers
15: Waiting for 1 servers started... now there are 0 servers
16: Waiting for 1 servers started... now there are 0 servers
13: Waiting for 1 servers started... now there are 0 servers
 1: Waiting for 1 servers started... now there are 0 servers
19: Waiting for 1 servers started... now there are 0 servers
14: Waiting for 1 servers started... now there are 0 servers
 8: Waiting for 1 servers started... now there are 0 servers
0: Null0
0: !!!! max_wqe_sz_sq:1024
0: !!!! max_wqe_sz_rq:512
0: !!!! max_wqe_sz_sq_dc:256
0: !!!! max_wqe_sz_sq:1024
0: !!!! max_wqe_sz_rq:512
0: !!!! max_wqe_sz_sq_dc:256
0: !!!! max_wqe_sz_sq:1024
0: !!!! max_wqe_sz_rq:512
0: !!!! max_wqe_sz_sq_dc:256
0: !!!! max_wqe_sz_sq:1024
0: !!!! max_wqe_sz_rq:512
0: !!!! max_wqe_sz_sq_dc:256
0: !!!! max_wqe_sz_sq:1024
0: !!!! max_wqe_sz_rq:512
0: !!!! max_wqe_sz_sq_dc:256
0: !!!! max_wqe_sz_sq:1024
0: !!!! max_wqe_sz_rq:512
0: !!!! max_wqe_sz_sq_dc:256
 4: Waiting for 1 servers started... now there are 0 servers
12: Waiting for 1 servers started... now there are 0 servers
 0: Waiting for 1 servers started... now there are 0 servers
11: Waiting for 1 servers started... now there are 0 servers
 2: Waiting for 1 servers started... now there are 0 servers
 7: Waiting for 1 servers started... now there are 0 servers
 5: Waiting for 1 servers started... now there are 0 servers
 3: Waiting for 1 servers started... now there are 0 servers
18: Waiting for 1 servers started... now there are 0 servers
 6: Waiting for 1 servers started... now there are 0 servers
10: Waiting for 1 servers started... now there are 0 servers
 9: Waiting for 1 servers started... now there are 0 servers
17: Waiting for 1 servers started... now there are 0 servers
15: Waiting for 1 servers started... now there are 0 servers
16: Waiting for 1 servers started... now there are 0 servers
13: Waiting for 1 servers started... now there are 0 servers
 1: Waiting for 1 servers started... now there are 0 servers
19: Waiting for 1 servers started... now there are 0 servers
14: Waiting for 1 servers started... now there are 0 servers
 8: Waiting for 1 servers started... now there are 0 servers
0: [2021-08-16 12:36:06.772690] rdma.c:2651:nvmf_rdma_listen: *NOTICE*: *** NVMe/RDMA Target Listening on 172.24.0.2 port 4420 ***
 4: Waiting for 1 servers started... now there are 0 servers
12: Waiting for 1 servers started... now there are 0 servers
 0: Waiting for 1 servers started... now there are 0 servers
11: Waiting for 1 servers started... now there are 0 servers
 2: Waiting for 1 servers started... now there are 0 servers
 7: Waiting for 1 servers started... now there are 0 servers
 5: Waiting for 1 servers started... now there are 0 servers
 3: Waiting for 1 servers started... now there are 0 servers
18: Waiting for 1 servers started... now there are 0 servers
 6: Waiting for 1 servers started... now there are 0 servers
 9: Waiting for 1 servers started... now there are 0 servers
10: Waiting for 1 servers started... now there are 0 servers
17: Waiting for 1 servers started... now there are 0 servers
15: Waiting for 1 servers started... now there are 0 servers
16: Waiting for 1 servers started... now there are 0 servers
13: Waiting for 1 servers started... now there are 0 servers
 1: Waiting for 1 servers started... now there are 0 servers
19: Waiting for 1 servers started... now there are 0 servers
14: Waiting for 1 servers started... now there are 0 servers
 8: Waiting for 1 servers started... now there are 0 servers
 4: Waiting for 1 servers started... now there are 0 servers
12: Waiting for 1 servers started... now there are 0 servers
 0: Waiting for 1 servers started... now there are 0 servers
11: Waiting for 1 servers started... now there are 0 servers
 2: Waiting for 1 servers started... now there are 0 servers
 7: Waiting for 1 servers started... now there are 0 servers
 5: Waiting for 1 servers started... now there are 0 servers
 3: Waiting for 1 servers started... now there are 0 servers
18: Waiting for 1 servers started... now there are 0 servers
 6: Waiting for 1 servers started... now there are 0 servers
 9: Waiting for 1 servers started... now there are 0 servers
10: Waiting for 1 servers started... now there are 0 servers
17: Waiting for 1 servers started... now there are 0 servers
15: Waiting for 1 servers started... now there are 0 servers
16: Waiting for 1 servers started... now there are 0 servers
13: Waiting for 1 servers started... now there are 0 servers
 1: Waiting for 1 servers started... now there are 0 servers
19: Waiting for 1 servers started... now there are 0 servers
14: Waiting for 1 servers started... now there are 0 servers
 8: Waiting for 1 servers started... now there are 0 servers
0: /hpc/local/work/denisn/dc/spdk/dc_testing/./server_run.sh: line 38: wait: pid 90374 is not a child of this shell
 4: 
 4: Got servers list: 172.24.0.2
 4: sudo env LD_LIBRARY_PATH=/labhome/denisn/dc/rdma-core/build/lib /labhome/denisn/dc/spdk_release/install/bin/spdk_nvme_perf 	 --srq-depth 128 -r "trtype:rdma adrfam:ipv4 traddr:172.24.0.2 trsvcid:4420" 	 -c 0xFFFF -q 1 -o 4096 -w randread -t 10 	  2>&1 | tee -a /hpc/local/work/denisn/dc/spdk/dc_testing/job.60002/perf.4.log
11: 
 0: 
12: 
 0: Got servers list: 172.24.0.2
 0: sudo env LD_LIBRARY_PATH=/labhome/denisn/dc/rdma-core/build/lib /labhome/denisn/dc/spdk_release/install/bin/spdk_nvme_perf 	 --srq-depth 128 -r "trtype:rdma adrfam:ipv4 traddr:172.24.0.2 trsvcid:4420" 	 -c 0xFFFF -q 1 -o 4096 -w randread -t 10 	  2>&1 | tee -a /hpc/local/work/denisn/dc/spdk/dc_testing/job.60002/perf.0.log
 2: 
 7: 
 6: 
 3: 
18: 
11: Got servers list: 172.24.0.2
12: Got servers list: 172.24.0.2
11: sudo env LD_LIBRARY_PATH=/labhome/denisn/dc/rdma-core/build/lib /labhome/denisn/dc/spdk_release/install/bin/spdk_nvme_perf 	 --srq-depth 128 -r "trtype:rdma adrfam:ipv4 traddr:172.24.0.2 trsvcid:4420" 	 -c 0xFFFF -q 1 -o 4096 -w randread -t 10 	  2>&1 | tee -a /hpc/local/work/denisn/dc/spdk/dc_testing/job.60002/perf.11.log
12: sudo env LD_LIBRARY_PATH=/labhome/denisn/dc/rdma-core/build/lib /labhome/denisn/dc/spdk_release/install/bin/spdk_nvme_perf 	 --srq-depth 128 -r "trtype:rdma adrfam:ipv4 traddr:172.24.0.2 trsvcid:4420" 	 -c 0xFFFF -q 1 -o 4096 -w randread -t 10 	  2>&1 | tee -a /hpc/local/work/denisn/dc/spdk/dc_testing/job.60002/perf.12.log
10: 
 5: 
 9: 
 6: Got servers list: 172.24.0.2
 3: Got servers list: 172.24.0.2
 6: sudo env LD_LIBRARY_PATH=/labhome/denisn/dc/rdma-core/build/lib /labhome/denisn/dc/spdk_release/install/bin/spdk_nvme_perf 	 --srq-depth 128 -r "trtype:rdma adrfam:ipv4 traddr:172.24.0.2 trsvcid:4420" 	 -c 0xFFFF -q 1 -o 4096 -w randread -t 10 	  2>&1 | tee -a /hpc/local/work/denisn/dc/spdk/dc_testing/job.60002/perf.6.log
13: 
14: 
15: 
17: 
 8: 
18: Got servers list: 172.24.0.2
 2: Got servers list: 172.24.0.2
 3: sudo env LD_LIBRARY_PATH=/labhome/denisn/dc/rdma-core/build/lib /labhome/denisn/dc/spdk_release/install/bin/spdk_nvme_perf 	 --srq-depth 128 -r "trtype:rdma adrfam:ipv4 traddr:172.24.0.2 trsvcid:4420" 	 -c 0xFFFF -q 1 -o 4096 -w randread -t 10 	  2>&1 | tee -a /hpc/local/work/denisn/dc/spdk/dc_testing/job.60002/perf.3.log
18: sudo env LD_LIBRARY_PATH=/labhome/denisn/dc/rdma-core/build/lib /labhome/denisn/dc/spdk_release/install/bin/spdk_nvme_perf 	 --srq-depth 128 -r "trtype:rdma adrfam:ipv4 traddr:172.24.0.2 trsvcid:4420" 	 -c 0xFFFF -q 1 -o 4096 -w randread -t 10 	  2>&1 | tee -a /hpc/local/work/denisn/dc/spdk/dc_testing/job.60002/perf.18.log
 7: Got servers list: 172.24.0.2
 1: 
16: 
19: 
 2: sudo env LD_LIBRARY_PATH=/labhome/denisn/dc/rdma-core/build/lib /labhome/denisn/dc/spdk_release/install/bin/spdk_nvme_perf 	 --srq-depth 128 -r "trtype:rdma adrfam:ipv4 traddr:172.24.0.2 trsvcid:4420" 	 -c 0xFFFF -q 1 -o 4096 -w randread -t 10 	  2>&1 | tee -a /hpc/local/work/denisn/dc/spdk/dc_testing/job.60002/perf.2.log
 7: sudo env LD_LIBRARY_PATH=/labhome/denisn/dc/rdma-core/build/lib /labhome/denisn/dc/spdk_release/install/bin/spdk_nvme_perf 	 --srq-depth 128 -r "trtype:rdma adrfam:ipv4 traddr:172.24.0.2 trsvcid:4420" 	 -c 0xFFFF -q 1 -o 4096 -w randread -t 10 	  2>&1 | tee -a /hpc/local/work/denisn/dc/spdk/dc_testing/job.60002/perf.7.log
 5: Got servers list: 172.24.0.2
15: Got servers list: 172.24.0.2
13: Got servers list: 172.24.0.2
 5: sudo env LD_LIBRARY_PATH=/labhome/denisn/dc/rdma-core/build/lib /labhome/denisn/dc/spdk_release/install/bin/spdk_nvme_perf 	 --srq-depth 128 -r "trtype:rdma adrfam:ipv4 traddr:172.24.0.2 trsvcid:4420" 	 -c 0xFFFF -q 1 -o 4096 -w randread -t 10 	  2>&1 | tee -a /hpc/local/work/denisn/dc/spdk/dc_testing/job.60002/perf.5.log
13: sudo env LD_LIBRARY_PATH=/labhome/denisn/dc/rdma-core/build/lib /labhome/denisn/dc/spdk_release/install/bin/spdk_nvme_perf 	 --srq-depth 128 -r "trtype:rdma adrfam:ipv4 traddr:172.24.0.2 trsvcid:4420" 	 -c 0xFFFF -q 1 -o 4096 -w randread -t 10 	  2>&1 | tee -a /hpc/local/work/denisn/dc/spdk/dc_testing/job.60002/perf.13.log
15: sudo env LD_LIBRARY_PATH=/labhome/denisn/dc/rdma-core/build/lib /labhome/denisn/dc/spdk_release/install/bin/spdk_nvme_perf 	 --srq-depth 128 -r "trtype:rdma adrfam:ipv4 traddr:172.24.0.2 trsvcid:4420" 	 -c 0xFFFF -q 1 -o 4096 -w randread -t 10 	  2>&1 | tee -a /hpc/local/work/denisn/dc/spdk/dc_testing/job.60002/perf.15.log
 9: Got servers list: 172.24.0.2
 8: Got servers list: 172.24.0.2
17: Got servers list: 172.24.0.2
 8: sudo env LD_LIBRARY_PATH=/labhome/denisn/dc/rdma-core/build/lib /labhome/denisn/dc/spdk_release/install/bin/spdk_nvme_perf 	 --srq-depth 128 -r "trtype:rdma adrfam:ipv4 traddr:172.24.0.2 trsvcid:4420" 	 -c 0xFFFF -q 1 -o 4096 -w randread -t 10 	  2>&1 | tee -a /hpc/local/work/denisn/dc/spdk/dc_testing/job.60002/perf.8.log
19: Got servers list: 172.24.0.2
16: Got servers list: 172.24.0.2
 1: Got servers list: 172.24.0.2
 9: sudo env LD_LIBRARY_PATH=/labhome/denisn/dc/rdma-core/build/lib /labhome/denisn/dc/spdk_release/install/bin/spdk_nvme_perf 	 --srq-depth 128 -r "trtype:rdma adrfam:ipv4 traddr:172.24.0.2 trsvcid:4420" 	 -c 0xFFFF -q 1 -o 4096 -w randread -t 10 	  2>&1 | tee -a /hpc/local/work/denisn/dc/spdk/dc_testing/job.60002/perf.9.log
17: sudo env LD_LIBRARY_PATH=/labhome/denisn/dc/rdma-core/build/lib /labhome/denisn/dc/spdk_release/install/bin/spdk_nvme_perf 	 --srq-depth 128 -r "trtype:rdma adrfam:ipv4 traddr:172.24.0.2 trsvcid:4420" 	 -c 0xFFFF -q 1 -o 4096 -w randread -t 10 	  2>&1 | tee -a /hpc/local/work/denisn/dc/spdk/dc_testing/job.60002/perf.17.log
19: sudo env LD_LIBRARY_PATH=/labhome/denisn/dc/rdma-core/build/lib /labhome/denisn/dc/spdk_release/install/bin/spdk_nvme_perf 	 --srq-depth 128 -r "trtype:rdma adrfam:ipv4 traddr:172.24.0.2 trsvcid:4420" 	 -c 0xFFFF -q 1 -o 4096 -w randread -t 10 	  2>&1 | tee -a /hpc/local/work/denisn/dc/spdk/dc_testing/job.60002/perf.19.log
16: sudo env LD_LIBRARY_PATH=/labhome/denisn/dc/rdma-core/build/lib /labhome/denisn/dc/spdk_release/install/bin/spdk_nvme_perf 	 --srq-depth 128 -r "trtype:rdma adrfam:ipv4 traddr:172.24.0.2 trsvcid:4420" 	 -c 0xFFFF -q 1 -o 4096 -w randread -t 10 	  2>&1 | tee -a /hpc/local/work/denisn/dc/spdk/dc_testing/job.60002/perf.16.log
10: Got servers list: 172.24.0.2
 1: sudo env LD_LIBRARY_PATH=/labhome/denisn/dc/rdma-core/build/lib /labhome/denisn/dc/spdk_release/install/bin/spdk_nvme_perf 	 --srq-depth 128 -r "trtype:rdma adrfam:ipv4 traddr:172.24.0.2 trsvcid:4420" 	 -c 0xFFFF -q 1 -o 4096 -w randread -t 10 	  2>&1 | tee -a /hpc/local/work/denisn/dc/spdk/dc_testing/job.60002/perf.1.log
10: sudo env LD_LIBRARY_PATH=/labhome/denisn/dc/rdma-core/build/lib /labhome/denisn/dc/spdk_release/install/bin/spdk_nvme_perf 	 --srq-depth 128 -r "trtype:rdma adrfam:ipv4 traddr:172.24.0.2 trsvcid:4420" 	 -c 0xFFFF -q 1 -o 4096 -w randread -t 10 	  2>&1 | tee -a /hpc/local/work/denisn/dc/spdk/dc_testing/job.60002/perf.10.log
17: [2021-08-16 12:36:08.982739] Starting SPDK v21.04 git sha1 8016710 / DPDK 21.05.0 initialization...
17: [2021-08-16 12:36:08.982819] [ DPDK EAL parameters: [2021-08-16 12:36:08.982827] perf [2021-08-16 12:36:08.982831] --no-shconf [2021-08-16 12:36:08.982836] -c 0xFFFF [2021-08-16 12:36:08.982841] --no-pci [2021-08-16 12:36:08.982846] --log-level=lib.eal:6 [2021-08-16 12:36:08.982859] --log-level=lib.cryptodev:5 [2021-08-16 12:36:08.982863] --log-level=user1:6 [2021-08-16 12:36:08.982873] --base-virtaddr=0x200000000000 [2021-08-16 12:36:08.982879] --match-allocations [2021-08-16 12:36:08.982884] --file-prefix=spdk_pid129580 [2021-08-16 12:36:08.982890] ]
17: EAL: No available 1048576 kB hugepages reported
17: EAL: No free 2048 kB hugepages reported on node 1
17: TELEMETRY: No legacy callbacks, legacy socket not created
14: Got servers list: 172.24.0.2
14: sudo env LD_LIBRARY_PATH=/labhome/denisn/dc/rdma-core/build/lib /labhome/denisn/dc/spdk_release/install/bin/spdk_nvme_perf 	 --srq-depth 128 -r "trtype:rdma adrfam:ipv4 traddr:172.24.0.2 trsvcid:4420" 	 -c 0xFFFF -q 1 -o 4096 -w randread -t 10 	  2>&1 | tee -a /hpc/local/work/denisn/dc/spdk/dc_testing/job.60002/perf.14.log
11: [2021-08-16 12:36:09.256379] Starting SPDK v21.04 git sha1 8016710 / DPDK 21.05.0 initialization...
11: [2021-08-16 12:36:09.256470] [ DPDK EAL parameters: [2021-08-16 12:36:09.256477] perf [2021-08-16 12:36:09.256499] --no-shconf [2021-08-16 12:36:09.256503] -c 0xFFFF [2021-08-16 12:36:09.256508] --no-pci [2021-08-16 12:36:09.256520] --log-level=lib.eal:6 [2021-08-16 12:36:09.256526] --log-level=lib.cryptodev:5 [2021-08-16 12:36:09.256536] --log-level=user1:6 [2021-08-16 12:36:09.256542] --base-virtaddr=0x200000000000 [2021-08-16 12:36:09.256547] --match-allocations [2021-08-16 12:36:09.256553] --file-prefix=spdk_pid160352 [2021-08-16 12:36:09.256558] ]
11: EAL: No available 1048576 kB hugepages reported
11: EAL: No free 2048 kB hugepages reported on node 1
11: TELEMETRY: No legacy callbacks, legacy socket not created
16: [2021-08-16 12:36:09.311977] Starting SPDK v21.04 git sha1 8016710 / DPDK 21.05.0 initialization...
16: [2021-08-16 12:36:09.312052] [ DPDK EAL parameters: [2021-08-16 12:36:09.312059] perf [2021-08-16 12:36:09.312081] --no-shconf [2021-08-16 12:36:09.312089] -c 0xFFFF [2021-08-16 12:36:09.312096] --no-pci [2021-08-16 12:36:09.312103] --log-level=lib.eal:6 [2021-08-16 12:36:09.312108] --log-level=lib.cryptodev:5 [2021-08-16 12:36:09.312114] --log-level=user1:6 [2021-08-16 12:36:09.312119] --base-virtaddr=0x200000000000 [2021-08-16 12:36:09.312125] --match-allocations [2021-08-16 12:36:09.312130] --file-prefix=spdk_pid88228 [2021-08-16 12:36:09.312136] ]
16: EAL: No available 1048576 kB hugepages reported
16: EAL: No free 2048 kB hugepages reported on node 1
16: TELEMETRY: No legacy callbacks, legacy socket not created
 8: [2021-08-16 12:36:09.340961] Starting SPDK v21.04 git sha1 8016710 / DPDK 21.05.0 initialization...
 8: [2021-08-16 12:36:09.341034] [ DPDK EAL parameters: [2021-08-16 12:36:09.341041] perf [2021-08-16 12:36:09.341063] --no-shconf [2021-08-16 12:36:09.341067] -c 0xFFFF [2021-08-16 12:36:09.341074] --no-pci [2021-08-16 12:36:09.341081] --log-level=lib.eal:6 [2021-08-16 12:36:09.341086] --log-level=lib.cryptodev:5 [2021-08-16 12:36:09.341091] --log-level=user1:6 [2021-08-16 12:36:09.341096] --base-virtaddr=0x200000000000 [2021-08-16 12:36:09.341110] --match-allocations [2021-08-16 12:36:09.341117] --file-prefix=spdk_pid110870 [2021-08-16 12:36:09.341122] ]
 1: [2021-08-16 12:36:09.345159] Starting SPDK v21.04 git sha1 8016710 / DPDK 21.05.0 initialization...
17: !!!! max_wqe_sz_sq:1024
17: !!!! max_wqe_sz_rq:512
17: !!!! max_wqe_sz_sq_dc:256
 1: [2021-08-16 12:36:09.345233] [ DPDK EAL parameters: [2021-08-16 12:36:09.345240] perf [2021-08-16 12:36:09.345264] --no-shconf [2021-08-16 12:36:09.345270] -c 0xFFFF [2021-08-16 12:36:09.345277] --no-pci [2021-08-16 12:36:09.345284] --log-level=lib.eal:6 [2021-08-16 12:36:09.345288] --log-level=lib.cryptodev:5 [2021-08-16 12:36:09.345294] --log-level=user1:6 [2021-08-16 12:36:09.345299] --base-virtaddr=0x200000000000 [2021-08-16 12:36:09.345304] --match-allocations [2021-08-16 12:36:09.345309] --file-prefix=spdk_pid9350 [2021-08-16 12:36:09.345315] ]
17: !!!! max_wqe_sz_sq:1024
17: !!!! max_wqe_sz_rq:512
17: !!!! max_wqe_sz_sq_dc:256
 8: EAL: No available 1048576 kB hugepages reported
 8: EAL: No free 2048 kB hugepages reported on node 1
 1: EAL: No available 1048576 kB hugepages reported
 1: EAL: No free 2048 kB hugepages reported on node 1
17: !!!! max_wqe_sz_sq:1024
17: !!!! max_wqe_sz_rq:512
17: !!!! max_wqe_sz_sq_dc:256
17: !!!! max_wqe_sz_sq:1024
17: !!!! max_wqe_sz_rq:512
17: !!!! max_wqe_sz_sq_dc:256
17: !!!! max_wqe_sz_sq:1024
17: !!!! max_wqe_sz_rq:512
17: !!!! max_wqe_sz_sq_dc:256
 1: TELEMETRY: No legacy callbacks, legacy socket not created
17: !!!! max_wqe_sz_sq:1024
17: !!!! max_wqe_sz_rq:512
17: !!!! max_wqe_sz_sq_dc:256
 8: TELEMETRY: No legacy callbacks, legacy socket not created
 4: [2021-08-16 12:36:09.498948] Starting SPDK v21.04 git sha1 8016710 / DPDK 21.05.0 initialization...
 4: [2021-08-16 12:36:09.499023] [ DPDK EAL parameters: [2021-08-16 12:36:09.499030] perf [2021-08-16 12:36:09.499035] --no-shconf [2021-08-16 12:36:09.499039] -c 0xFFFF [2021-08-16 12:36:09.499067] --no-pci [2021-08-16 12:36:09.499082] --log-level=lib.eal:6 [2021-08-16 12:36:09.499089] --log-level=lib.cryptodev:5 [2021-08-16 12:36:09.499096] --log-level=user1:6 [2021-08-16 12:36:09.499102] --base-virtaddr=0x200000000000 [2021-08-16 12:36:09.499108] --match-allocations [2021-08-16 12:36:09.499113] --file-prefix=spdk_pid42205 [2021-08-16 12:36:09.499119] ]
 6: [2021-08-16 12:36:09.503630] Starting SPDK v21.04 git sha1 8016710 / DPDK 21.05.0 initialization...
 6: [2021-08-16 12:36:09.503694] [ DPDK EAL parameters: [2021-08-16 12:36:09.503730] perf [2021-08-16 12:36:09.503734] --no-shconf [2021-08-16 12:36:09.503739] -c 0xFFFF [2021-08-16 12:36:09.503745] --no-pci [2021-08-16 12:36:09.503750] --log-level=lib.eal:6 [2021-08-16 12:36:09.503754] --log-level=lib.cryptodev:5 [2021-08-16 12:36:09.503760] --log-level=user1:6 [2021-08-16 12:36:09.503765] --base-virtaddr=0x200000000000 [2021-08-16 12:36:09.503769] --match-allocations [2021-08-16 12:36:09.503775] --file-prefix=spdk_pid25209 [2021-08-16 12:36:09.503780] ]
 4: EAL: No available 1048576 kB hugepages reported
 4: EAL: No free 2048 kB hugepages reported on node 1
 6: EAL: No available 1048576 kB hugepages reported
 6: EAL: No free 2048 kB hugepages reported on node 1
13: [2021-08-16 12:36:09.516269] Starting SPDK v21.04 git sha1 8016710 / DPDK 21.05.0 initialization...
13: [2021-08-16 12:36:09.516350] [ DPDK EAL parameters: [2021-08-16 12:36:09.516357] perf [2021-08-16 12:36:09.516390] --no-shconf [2021-08-16 12:36:09.516394] -c 0xFFFF [2021-08-16 12:36:09.516401] --no-pci [2021-08-16 12:36:09.516408] --log-level=lib.eal:6 [2021-08-16 12:36:09.516413] --log-level=lib.cryptodev:5 [2021-08-16 12:36:09.516419] --log-level=user1:6 [2021-08-16 12:36:09.516423] --base-virtaddr=0x200000000000 [2021-08-16 12:36:09.516429] --match-allocations [2021-08-16 12:36:09.516433] --file-prefix=spdk_pid18279 [2021-08-16 12:36:09.516439] ]
 4: TELEMETRY: No legacy callbacks, legacy socket not created
 6: TELEMETRY: No legacy callbacks, legacy socket not created
 3: [2021-08-16 12:36:09.524600] Starting SPDK v21.04 git sha1 8016710 / DPDK 21.05.0 initialization...
 3: [2021-08-16 12:36:09.524689] [ DPDK EAL parameters: [2021-08-16 12:36:09.524696] perf [2021-08-16 12:36:09.524717] --no-shconf [2021-08-16 12:36:09.524729] -c 0xFFFF [2021-08-16 12:36:09.524733] --no-pci [2021-08-16 12:36:09.524739] --log-level=lib.eal:6 [2021-08-16 12:36:09.524744] --log-level=lib.cryptodev:5 [2021-08-16 12:36:09.524750] --log-level=user1:6 [2021-08-16 12:36:09.524756] --base-virtaddr=0x200000000000 [2021-08-16 12:36:09.524760] --match-allocations [2021-08-16 12:36:09.524766] --file-prefix=spdk_pid113990 [2021-08-16 12:36:09.524772] ]
13: EAL: No available 1048576 kB hugepages reported
13: EAL: No free 2048 kB hugepages reported on node 1
 3: EAL: No available 1048576 kB hugepages reported
 3: EAL: No free 2048 kB hugepages reported on node 1
13: TELEMETRY: No legacy callbacks, legacy socket not created
19: [2021-08-16 12:36:09.547089] Starting SPDK v21.04 git sha1 8016710 / DPDK 21.05.0 initialization...
19: [2021-08-16 12:36:09.547150] [ DPDK EAL parameters: [2021-08-16 12:36:09.547177] perf [2021-08-16 12:36:09.547182] --no-shconf [2021-08-16 12:36:09.547188] -c 0xFFFF [2021-08-16 12:36:09.547192] --no-pci [2021-08-16 12:36:09.547198] --log-level=lib.eal:6 [2021-08-16 12:36:09.547203] --log-level=lib.cryptodev:5 [2021-08-16 12:36:09.547209] --log-level=user1:6 [2021-08-16 12:36:09.547230] --base-virtaddr=0x200000000000 [2021-08-16 12:36:09.547235] --match-allocations [2021-08-16 12:36:09.547240] --file-prefix=spdk_pid126437 [2021-08-16 12:36:09.547244] ]
 3: TELEMETRY: No legacy callbacks, legacy socket not created
19: EAL: No available 1048576 kB hugepages reported
19: EAL: No free 2048 kB hugepages reported on node 1
19: TELEMETRY: No legacy callbacks, legacy socket not created
 2: [2021-08-16 12:36:09.636038] Starting SPDK v21.04 git sha1 8016710 / DPDK 21.05.0 initialization...
 2: [2021-08-16 12:36:09.636096] [ DPDK EAL parameters: [2021-08-16 12:36:09.636119] perf [2021-08-16 12:36:09.636124] --no-shconf [2021-08-16 12:36:09.636131] -c 0xFFFF [2021-08-16 12:36:09.636136] --no-pci [2021-08-16 12:36:09.636141] --log-level=lib.eal:6 [2021-08-16 12:36:09.636145] --log-level=lib.cryptodev:5 [2021-08-16 12:36:09.636150] --log-level=user1:6 [2021-08-16 12:36:09.636154] --base-virtaddr=0x200000000000 [2021-08-16 12:36:09.636172] --match-allocations [2021-08-16 12:36:09.636176] --file-prefix=spdk_pid174801 [2021-08-16 12:36:09.636184] ]
 9: [2021-08-16 12:36:09.636811] Starting SPDK v21.04 git sha1 8016710 / DPDK 21.05.0 initialization...
 9: [2021-08-16 12:36:09.636889] [ DPDK EAL parameters: [2021-08-16 12:36:09.636897] perf [2021-08-16 12:36:09.636919] --no-shconf [2021-08-16 12:36:09.636923] -c 0xFFFF [2021-08-16 12:36:09.636935] --no-pci [2021-08-16 12:36:09.636941] --log-level=lib.eal:6 [2021-08-16 12:36:09.636946] --log-level=lib.cryptodev:5 [2021-08-16 12:36:09.636952] --log-level=user1:6 [2021-08-16 12:36:09.636956] --base-virtaddr=0x200000000000 [2021-08-16 12:36:09.636962] --match-allocations [2021-08-16 12:36:09.636967] --file-prefix=spdk_pid37374 [2021-08-16 12:36:09.636972] ]
 2: EAL: No available 1048576 kB hugepages reported
 2: EAL: No free 2048 kB hugepages reported on node 1
 9: EAL: No available 1048576 kB hugepages reported
 9: EAL: No free 2048 kB hugepages reported on node 1
 9: TELEMETRY: No legacy callbacks, legacy socket not created
 2: TELEMETRY: No legacy callbacks, legacy socket not created
 4: !!!! max_wqe_sz_sq:1024
 4: !!!! max_wqe_sz_rq:512
 4: !!!! max_wqe_sz_sq_dc:256
 4: !!!! max_wqe_sz_sq:1024
 4: !!!! max_wqe_sz_rq:512
 4: !!!! max_wqe_sz_sq_dc:256
 4: !!!! max_wqe_sz_sq:1024
 4: !!!! max_wqe_sz_rq:512
 4: !!!! max_wqe_sz_sq_dc:256
13: !!!! max_wqe_sz_sq:1024
13: !!!! max_wqe_sz_rq:512
13: !!!! max_wqe_sz_sq_dc:256
 4: !!!! max_wqe_sz_sq:1024
 4: !!!! max_wqe_sz_rq:512
 4: !!!! max_wqe_sz_sq_dc:256
13: !!!! max_wqe_sz_sq:1024
13: !!!! max_wqe_sz_rq:512
13: !!!! max_wqe_sz_sq_dc:256
 4: !!!! max_wqe_sz_sq:1024
 4: !!!! max_wqe_sz_rq:512
 4: !!!! max_wqe_sz_sq_dc:256
 4: !!!! max_wqe_sz_sq:1024
 4: !!!! max_wqe_sz_rq:512
 4: !!!! max_wqe_sz_sq_dc:256
13: !!!! max_wqe_sz_sq:1024
13: !!!! max_wqe_sz_rq:512
13: !!!! max_wqe_sz_sq_dc:256
13: !!!! max_wqe_sz_sq:1024
13: !!!! max_wqe_sz_rq:512
13: !!!! max_wqe_sz_sq_dc:256
13: !!!! max_wqe_sz_sq:1024
13: !!!! max_wqe_sz_rq:512
13: !!!! max_wqe_sz_sq_dc:256
13: !!!! max_wqe_sz_sq:1024
13: !!!! max_wqe_sz_rq:512
13: !!!! max_wqe_sz_sq_dc:256
 1: !!!! max_wqe_sz_sq:1024
 1: !!!! max_wqe_sz_rq:512
 1: !!!! max_wqe_sz_sq_dc:256
 1: !!!! max_wqe_sz_sq:1024
 1: !!!! max_wqe_sz_rq:512
 1: !!!! max_wqe_sz_sq_dc:256
 1: !!!! max_wqe_sz_sq:1024
 1: !!!! max_wqe_sz_rq:512
 1: !!!! max_wqe_sz_sq_dc:256
 1: !!!! max_wqe_sz_sq:1024
 1: !!!! max_wqe_sz_rq:512
 1: !!!! max_wqe_sz_sq_dc:256
 1: !!!! max_wqe_sz_sq:1024
 1: !!!! max_wqe_sz_rq:512
 1: !!!! max_wqe_sz_sq_dc:256
 1: !!!! max_wqe_sz_sq:1024
 1: !!!! max_wqe_sz_rq:512
 1: !!!! max_wqe_sz_sq_dc:256
16: !!!! max_wqe_sz_sq:1024
16: !!!! max_wqe_sz_rq:512
16: !!!! max_wqe_sz_sq_dc:256
16: !!!! max_wqe_sz_sq:1024
16: !!!! max_wqe_sz_rq:512
16: !!!! max_wqe_sz_sq_dc:256
16: !!!! max_wqe_sz_sq:1024
16: !!!! max_wqe_sz_rq:512
16: !!!! max_wqe_sz_sq_dc:256
16: !!!! max_wqe_sz_sq:1024
16: !!!! max_wqe_sz_rq:512
16: !!!! max_wqe_sz_sq_dc:256
16: !!!! max_wqe_sz_sq:1024
16: !!!! max_wqe_sz_rq:512
16: !!!! max_wqe_sz_sq_dc:256
16: !!!! max_wqe_sz_sq:1024
16: !!!! max_wqe_sz_rq:512
16: !!!! max_wqe_sz_sq_dc:256
12: [2021-08-16 12:36:09.786105] Starting SPDK v21.04 git sha1 8016710 / DPDK 21.05.0 initialization...
12: [2021-08-16 12:36:09.786183] [ DPDK EAL parameters: [2021-08-16 12:36:09.786190] perf [2021-08-16 12:36:09.786216] --no-shconf [2021-08-16 12:36:09.786223] -c 0xFFFF [2021-08-16 12:36:09.786229] --no-pci [2021-08-16 12:36:09.786234] --log-level=lib.eal:6 [2021-08-16 12:36:09.786240] --log-level=lib.cryptodev:5 [2021-08-16 12:36:09.786244] --log-level=user1:6 [2021-08-16 12:36:09.786250] --base-virtaddr=0x200000000000 [2021-08-16 12:36:09.786255] --match-allocations [2021-08-16 12:36:09.786261] --file-prefix=spdk_pid14217 [2021-08-16 12:36:09.786266] ]
12: EAL: No available 1048576 kB hugepages reported
12: EAL: No free 2048 kB hugepages reported on node 1
 2: !!!! max_wqe_sz_sq:1024
 2: !!!! max_wqe_sz_rq:512
 2: !!!! max_wqe_sz_sq_dc:256
 2: !!!! max_wqe_sz_sq:1024
 2: !!!! max_wqe_sz_rq:512
 2: !!!! max_wqe_sz_sq_dc:256
12: TELEMETRY: No legacy callbacks, legacy socket not created
 2: !!!! max_wqe_sz_sq:1024
 2: !!!! max_wqe_sz_rq:512
 2: !!!! max_wqe_sz_sq_dc:256
10: [2021-08-16 12:36:09.812887] Starting SPDK v21.04 git sha1 8016710 / DPDK 21.05.0 initialization...
10: [2021-08-16 12:36:09.812962] [ DPDK EAL parameters: [2021-08-16 12:36:09.812970] perf [2021-08-16 12:36:09.812975] --no-shconf [2021-08-16 12:36:09.812989] -c 0xFFFF [2021-08-16 12:36:09.812996] --no-pci [2021-08-16 12:36:09.813002] --log-level=lib.eal:6 [2021-08-16 12:36:09.813007] --log-level=lib.cryptodev:5 [2021-08-16 12:36:09.813013] --log-level=user1:6 [2021-08-16 12:36:09.813018] --base-virtaddr=0x200000000000 [2021-08-16 12:36:09.813023] --match-allocations [2021-08-16 12:36:09.813029] --file-prefix=spdk_pid79923 [2021-08-16 12:36:09.813034] ]
 2: !!!! max_wqe_sz_sq:1024
 2: !!!! max_wqe_sz_rq:512
 2: !!!! max_wqe_sz_sq_dc:256
 2: !!!! max_wqe_sz_sq:1024
 2: !!!! max_wqe_sz_rq:512
 2: !!!! max_wqe_sz_sq_dc:256
 2: !!!! max_wqe_sz_sq:1024
 2: !!!! max_wqe_sz_rq:512
 2: !!!! max_wqe_sz_sq_dc:256
10: EAL: No available 1048576 kB hugepages reported
10: EAL: No free 2048 kB hugepages reported on node 1
 7: [2021-08-16 12:36:09.825960] Starting SPDK v21.04 git sha1 8016710 / DPDK 21.05.0 initialization...
 7: [2021-08-16 12:36:09.826035] [ DPDK EAL parameters: [2021-08-16 12:36:09.826058] perf [2021-08-16 12:36:09.826062] --no-shconf [2021-08-16 12:36:09.826086] -c 0xFFFF [2021-08-16 12:36:09.826091] --no-pci [2021-08-16 12:36:09.826097] --log-level=lib.eal:6 [2021-08-16 12:36:09.826101] --log-level=lib.cryptodev:5 [2021-08-16 12:36:09.826107] --log-level=user1:6 [2021-08-16 12:36:09.826112] --base-virtaddr=0x200000000000 [2021-08-16 12:36:09.826117] --match-allocations [2021-08-16 12:36:09.826122] --file-prefix=spdk_pid192805 [2021-08-16 12:36:09.826127] ]
18: [2021-08-16 12:36:09.830094] Starting SPDK v21.04 git sha1 8016710 / DPDK 21.05.0 initialization...
18: [2021-08-16 12:36:09.830170] [ DPDK EAL parameters: [2021-08-16 12:36:09.830177] perf [2021-08-16 12:36:09.830199] --no-shconf [2021-08-16 12:36:09.830203] -c 0xFFFF [2021-08-16 12:36:09.830216] --no-pci [2021-08-16 12:36:09.830221] --log-level=lib.eal:6 [2021-08-16 12:36:09.830227] --log-level=lib.cryptodev:5 [2021-08-16 12:36:09.830232] --log-level=user1:6 [2021-08-16 12:36:09.830238] --base-virtaddr=0x200000000000 [2021-08-16 12:36:09.830243] --match-allocations [2021-08-16 12:36:09.830249] --file-prefix=spdk_pid72985 [2021-08-16 12:36:09.830253] ]
10: TELEMETRY: No legacy callbacks, legacy socket not created
 7: EAL: No available 1048576 kB hugepages reported
 7: EAL: No free 2048 kB hugepages reported on node 1
18: EAL: No available 1048576 kB hugepages reported
18: EAL: No free 2048 kB hugepages reported on node 1
 7: TELEMETRY: No legacy callbacks, legacy socket not created
18: TELEMETRY: No legacy callbacks, legacy socket not created
11: !!!! max_wqe_sz_sq:1024
11: !!!! max_wqe_sz_rq:512
11: !!!! max_wqe_sz_sq_dc:256
11: !!!! max_wqe_sz_sq:1024
11: !!!! max_wqe_sz_rq:512
11: !!!! max_wqe_sz_sq_dc:256
11: !!!! max_wqe_sz_sq:1024
11: !!!! max_wqe_sz_rq:512
11: !!!! max_wqe_sz_sq_dc:256
11: !!!! max_wqe_sz_sq:1024
11: !!!! max_wqe_sz_rq:512
11: !!!! max_wqe_sz_sq_dc:256
11: !!!! max_wqe_sz_sq:1024
11: !!!! max_wqe_sz_rq:512
11: !!!! max_wqe_sz_sq_dc:256
11: !!!! max_wqe_sz_sq:1024
11: !!!! max_wqe_sz_rq:512
11: !!!! max_wqe_sz_sq_dc:256
19: !!!! max_wqe_sz_sq:1024
19: !!!! max_wqe_sz_rq:512
19: !!!! max_wqe_sz_sq_dc:256
19: !!!! max_wqe_sz_sq:1024
19: !!!! max_wqe_sz_rq:512
19: !!!! max_wqe_sz_sq_dc:256
19: !!!! max_wqe_sz_sq:1024
19: !!!! max_wqe_sz_rq:512
19: !!!! max_wqe_sz_sq_dc:256
 0: [2021-08-16 12:36:09.963531] Starting SPDK v21.04 git sha1 8016710 / DPDK 21.05.0 initialization...
 0: [2021-08-16 12:36:09.963618] [ DPDK EAL parameters: [2021-08-16 12:36:09.963625] perf [2021-08-16 12:36:09.963631] --no-shconf [2021-08-16 12:36:09.963636] -c 0xFFFF [2021-08-16 12:36:09.963643] --no-pci [2021-08-16 12:36:09.963648] --log-level=lib.eal:6 [2021-08-16 12:36:09.963655] --log-level=lib.cryptodev:5 [2021-08-16 12:36:09.963660] --log-level=user1:6 [2021-08-16 12:36:09.963666] --base-virtaddr=0x200000000000 [2021-08-16 12:36:09.963671] --match-allocations [2021-08-16 12:36:09.963677] --file-prefix=spdk_pid133812 [2021-08-16 12:36:09.963682] ]
19: !!!! max_wqe_sz_sq:1024
19: !!!! max_wqe_sz_rq:512
19: !!!! max_wqe_sz_sq_dc:256
19: !!!! max_wqe_sz_sq:1024
19: !!!! max_wqe_sz_rq:512
19: !!!! max_wqe_sz_sq_dc:256
19: !!!! max_wqe_sz_sq:1024
19: !!!! max_wqe_sz_rq:512
19: !!!! max_wqe_sz_sq_dc:256
 0: EAL: No available 1048576 kB hugepages reported
 0: EAL: No free 2048 kB hugepages reported on node 1
 0: TELEMETRY: No legacy callbacks, legacy socket not created
14: [2021-08-16 12:36:09.998603] Starting SPDK v21.04 git sha1 8016710 / DPDK 21.05.0 initialization...
14: [2021-08-16 12:36:09.998682] [ DPDK EAL parameters: [2021-08-16 12:36:09.998691] perf [2021-08-16 12:36:09.998697] --no-shconf [2021-08-16 12:36:09.998703] -c 0xFFFF [2021-08-16 12:36:09.998710] --no-pci [2021-08-16 12:36:09.998716] --log-level=lib.eal:6 [2021-08-16 12:36:09.998722] --log-level=lib.cryptodev:5 [2021-08-16 12:36:09.998729] --log-level=user1:6 [2021-08-16 12:36:09.998735] --base-virtaddr=0x200000000000 [2021-08-16 12:36:09.998741] --match-allocations [2021-08-16 12:36:09.998746] --file-prefix=spdk_pid166495 [2021-08-16 12:36:09.998752] ]
14: EAL: No available 1048576 kB hugepages reported
14: EAL: No free 2048 kB hugepages reported on node 1
14: TELEMETRY: No legacy callbacks, legacy socket not created
 5: [2021-08-16 12:36:10.030150] Starting SPDK v21.04 git sha1 8016710 / DPDK 21.05.0 initialization...
 5: [2021-08-16 12:36:10.030247] [ DPDK EAL parameters: [2021-08-16 12:36:10.030254] perf [2021-08-16 12:36:10.030259] --no-shconf [2021-08-16 12:36:10.030263] -c 0xFFFF [2021-08-16 12:36:10.030268] --no-pci [2021-08-16 12:36:10.030272] --log-level=lib.eal:6 [2021-08-16 12:36:10.030277] --log-level=lib.cryptodev:5 [2021-08-16 12:36:10.030291] --log-level=user1:6 [2021-08-16 12:36:10.030295] --base-virtaddr=0x200000000000 [2021-08-16 12:36:10.030302] --match-allocations [2021-08-16 12:36:10.030306] --file-prefix=spdk_pid192258 [2021-08-16 12:36:10.030313] ]
 5: EAL: No available 1048576 kB hugepages reported
 5: EAL: No free 2048 kB hugepages reported on node 1
 9: !!!! max_wqe_sz_sq:1024
 9: !!!! max_wqe_sz_rq:512
 9: !!!! max_wqe_sz_sq_dc:256
 9: !!!! max_wqe_sz_sq:1024
 9: !!!! max_wqe_sz_rq:512
 9: !!!! max_wqe_sz_sq_dc:256
15: [2021-08-16 12:36:10.049947] Starting SPDK v21.04 git sha1 8016710 / DPDK 21.05.0 initialization...
15: [2021-08-16 12:36:10.050022] [ DPDK EAL parameters: [2021-08-16 12:36:10.050029] perf [2021-08-16 12:36:10.050034] --no-shconf [2021-08-16 12:36:10.050038] -c 0xFFFF [2021-08-16 12:36:10.050051] --no-pci [2021-08-16 12:36:10.050055] --log-level=lib.eal:6 [2021-08-16 12:36:10.050062] --log-level=lib.cryptodev:5 [2021-08-16 12:36:10.050067] --log-level=user1:6 [2021-08-16 12:36:10.050073] --base-virtaddr=0x200000000000 [2021-08-16 12:36:10.050078] --match-allocations [2021-08-16 12:36:10.050084] --file-prefix=spdk_pid142254 [2021-08-16 12:36:10.050088] ]
 5: TELEMETRY: No legacy callbacks, legacy socket not created
 9: !!!! max_wqe_sz_sq:1024
 9: !!!! max_wqe_sz_rq:512
 9: !!!! max_wqe_sz_sq_dc:256
15: EAL: No available 1048576 kB hugepages reported
15: EAL: No free 2048 kB hugepages reported on node 1
 9: !!!! max_wqe_sz_sq:1024
 9: !!!! max_wqe_sz_rq:512
 9: !!!! max_wqe_sz_sq_dc:256
 9: !!!! max_wqe_sz_sq:1024
 9: !!!! max_wqe_sz_rq:512
 9: !!!! max_wqe_sz_sq_dc:256
 9: !!!! max_wqe_sz_sq:1024
 9: !!!! max_wqe_sz_rq:512
 9: !!!! max_wqe_sz_sq_dc:256
15: TELEMETRY: No legacy callbacks, legacy socket not created
14: !!!! max_wqe_sz_sq:1024
14: !!!! max_wqe_sz_rq:512
14: !!!! max_wqe_sz_sq_dc:256
14: !!!! max_wqe_sz_sq:1024
14: !!!! max_wqe_sz_rq:512
14: !!!! max_wqe_sz_sq_dc:256
 6: !!!! max_wqe_sz_sq:1024
 6: !!!! max_wqe_sz_rq:512
 6: !!!! max_wqe_sz_sq_dc:256
 6: !!!! max_wqe_sz_sq:1024
 6: !!!! max_wqe_sz_rq:512
 6: !!!! max_wqe_sz_sq_dc:256
14: !!!! max_wqe_sz_sq:1024
14: !!!! max_wqe_sz_rq:512
14: !!!! max_wqe_sz_sq_dc:256
 6: !!!! max_wqe_sz_sq:1024
 6: !!!! max_wqe_sz_rq:512
 6: !!!! max_wqe_sz_sq_dc:256
14: !!!! max_wqe_sz_sq:1024
14: !!!! max_wqe_sz_rq:512
14: !!!! max_wqe_sz_sq_dc:256
14: !!!! max_wqe_sz_sq:1024
14: !!!! max_wqe_sz_rq:512
14: !!!! max_wqe_sz_sq_dc:256
 6: !!!! max_wqe_sz_sq:1024
 6: !!!! max_wqe_sz_rq:512
 6: !!!! max_wqe_sz_sq_dc:256
14: !!!! max_wqe_sz_sq:1024
14: !!!! max_wqe_sz_rq:512
14: !!!! max_wqe_sz_sq_dc:256
 6: !!!! max_wqe_sz_sq:1024
 6: !!!! max_wqe_sz_rq:512
 6: !!!! max_wqe_sz_sq_dc:256
 6: !!!! max_wqe_sz_sq:1024
 6: !!!! max_wqe_sz_rq:512
 6: !!!! max_wqe_sz_sq_dc:256
 5: !!!! max_wqe_sz_sq:1024
 5: !!!! max_wqe_sz_rq:512
 5: !!!! max_wqe_sz_sq_dc:256
 5: !!!! max_wqe_sz_sq:1024
 5: !!!! max_wqe_sz_rq:512
 5: !!!! max_wqe_sz_sq_dc:256
 5: !!!! max_wqe_sz_sq:1024
 5: !!!! max_wqe_sz_rq:512
 5: !!!! max_wqe_sz_sq_dc:256
 5: !!!! max_wqe_sz_sq:1024
 5: !!!! max_wqe_sz_rq:512
 5: !!!! max_wqe_sz_sq_dc:256
 5: !!!! max_wqe_sz_sq:1024
 5: !!!! max_wqe_sz_rq:512
 5: !!!! max_wqe_sz_sq_dc:256
 5: !!!! max_wqe_sz_sq:1024
 5: !!!! max_wqe_sz_rq:512
 5: !!!! max_wqe_sz_sq_dc:256
15: !!!! max_wqe_sz_sq:1024
15: !!!! max_wqe_sz_rq:512
15: !!!! max_wqe_sz_sq_dc:256
15: !!!! max_wqe_sz_sq:1024
15: !!!! max_wqe_sz_rq:512
15: !!!! max_wqe_sz_sq_dc:256
15: !!!! max_wqe_sz_sq:1024
15: !!!! max_wqe_sz_rq:512
15: !!!! max_wqe_sz_sq_dc:256
15: !!!! max_wqe_sz_sq:1024
15: !!!! max_wqe_sz_rq:512
15: !!!! max_wqe_sz_sq_dc:256
 8: !!!! max_wqe_sz_sq:1024
 8: !!!! max_wqe_sz_rq:512
 8: !!!! max_wqe_sz_sq_dc:256
15: !!!! max_wqe_sz_sq:1024
15: !!!! max_wqe_sz_rq:512
15: !!!! max_wqe_sz_sq_dc:256
 8: !!!! max_wqe_sz_sq:1024
 8: !!!! max_wqe_sz_rq:512
 8: !!!! max_wqe_sz_sq_dc:256
 3: !!!! max_wqe_sz_sq:1024
 3: !!!! max_wqe_sz_rq:512
 3: !!!! max_wqe_sz_sq_dc:256
15: !!!! max_wqe_sz_sq:1024
15: !!!! max_wqe_sz_rq:512
15: !!!! max_wqe_sz_sq_dc:256
 3: !!!! max_wqe_sz_sq:1024
 3: !!!! max_wqe_sz_rq:512
 3: !!!! max_wqe_sz_sq_dc:256
 8: !!!! max_wqe_sz_sq:1024
 8: !!!! max_wqe_sz_rq:512
 8: !!!! max_wqe_sz_sq_dc:256
 3: !!!! max_wqe_sz_sq:1024
 3: !!!! max_wqe_sz_rq:512
 3: !!!! max_wqe_sz_sq_dc:256
 8: !!!! max_wqe_sz_sq:1024
 8: !!!! max_wqe_sz_rq:512
 8: !!!! max_wqe_sz_sq_dc:256
 8: !!!! max_wqe_sz_sq:1024
 8: !!!! max_wqe_sz_rq:512
 8: !!!! max_wqe_sz_sq_dc:256
 3: !!!! max_wqe_sz_sq:1024
 3: !!!! max_wqe_sz_rq:512
 3: !!!! max_wqe_sz_sq_dc:256
12: !!!! max_wqe_sz_sq:1024
12: !!!! max_wqe_sz_rq:512
12: !!!! max_wqe_sz_sq_dc:256
 8: !!!! max_wqe_sz_sq:1024
 8: !!!! max_wqe_sz_rq:512
 8: !!!! max_wqe_sz_sq_dc:256
 3: !!!! max_wqe_sz_sq:1024
 3: !!!! max_wqe_sz_rq:512
 3: !!!! max_wqe_sz_sq_dc:256
12: !!!! max_wqe_sz_sq:1024
12: !!!! max_wqe_sz_rq:512
12: !!!! max_wqe_sz_sq_dc:256
 3: !!!! max_wqe_sz_sq:1024
 3: !!!! max_wqe_sz_rq:512
 3: !!!! max_wqe_sz_sq_dc:256
12: !!!! max_wqe_sz_sq:1024
12: !!!! max_wqe_sz_rq:512
12: !!!! max_wqe_sz_sq_dc:256
 7: !!!! max_wqe_sz_sq:1024
 7: !!!! max_wqe_sz_rq:512
 7: !!!! max_wqe_sz_sq_dc:256
12: !!!! max_wqe_sz_sq:1024
12: !!!! max_wqe_sz_rq:512
12: !!!! max_wqe_sz_sq_dc:256
 7: !!!! max_wqe_sz_sq:1024
 7: !!!! max_wqe_sz_rq:512
 7: !!!! max_wqe_sz_sq_dc:256
12: !!!! max_wqe_sz_sq:1024
12: !!!! max_wqe_sz_rq:512
12: !!!! max_wqe_sz_sq_dc:256
12: !!!! max_wqe_sz_sq:1024
12: !!!! max_wqe_sz_rq:512
12: !!!! max_wqe_sz_sq_dc:256
 7: !!!! max_wqe_sz_sq:1024
 7: !!!! max_wqe_sz_rq:512
 7: !!!! max_wqe_sz_sq_dc:256
10: !!!! max_wqe_sz_sq:1024
10: !!!! max_wqe_sz_rq:512
10: !!!! max_wqe_sz_sq_dc:256
 7: !!!! max_wqe_sz_sq:1024
 7: !!!! max_wqe_sz_rq:512
 7: !!!! max_wqe_sz_sq_dc:256
10: !!!! max_wqe_sz_sq:1024
10: !!!! max_wqe_sz_rq:512
10: !!!! max_wqe_sz_sq_dc:256
 7: !!!! max_wqe_sz_sq:1024
 7: !!!! max_wqe_sz_rq:512
 7: !!!! max_wqe_sz_sq_dc:256
 7: !!!! max_wqe_sz_sq:1024
 7: !!!! max_wqe_sz_rq:512
 7: !!!! max_wqe_sz_sq_dc:256
10: !!!! max_wqe_sz_sq:1024
10: !!!! max_wqe_sz_rq:512
10: !!!! max_wqe_sz_sq_dc:256
18: !!!! max_wqe_sz_sq:1024
18: !!!! max_wqe_sz_rq:512
18: !!!! max_wqe_sz_sq_dc:256
10: !!!! max_wqe_sz_sq:1024
10: !!!! max_wqe_sz_rq:512
10: !!!! max_wqe_sz_sq_dc:256
18: !!!! max_wqe_sz_sq:1024
18: !!!! max_wqe_sz_rq:512
18: !!!! max_wqe_sz_sq_dc:256
10: !!!! max_wqe_sz_sq:1024
10: !!!! max_wqe_sz_rq:512
10: !!!! max_wqe_sz_sq_dc:256
10: !!!! max_wqe_sz_sq:1024
10: !!!! max_wqe_sz_rq:512
10: !!!! max_wqe_sz_sq_dc:256
18: !!!! max_wqe_sz_sq:1024
18: !!!! max_wqe_sz_rq:512
18: !!!! max_wqe_sz_sq_dc:256
18: !!!! max_wqe_sz_sq:1024
18: !!!! max_wqe_sz_rq:512
18: !!!! max_wqe_sz_sq_dc:256
18: !!!! max_wqe_sz_sq:1024
18: !!!! max_wqe_sz_rq:512
18: !!!! max_wqe_sz_sq_dc:256
18: !!!! max_wqe_sz_sq:1024
18: !!!! max_wqe_sz_rq:512
18: !!!! max_wqe_sz_sq_dc:256
 0: !!!! max_wqe_sz_sq:1024
 0: !!!! max_wqe_sz_rq:512
 0: !!!! max_wqe_sz_sq_dc:256
 0: !!!! max_wqe_sz_sq:1024
 0: !!!! max_wqe_sz_rq:512
 0: !!!! max_wqe_sz_sq_dc:256
 0: !!!! max_wqe_sz_sq:1024
 0: !!!! max_wqe_sz_rq:512
 0: !!!! max_wqe_sz_sq_dc:256
 0: !!!! max_wqe_sz_sq:1024
 0: !!!! max_wqe_sz_rq:512
 0: !!!! max_wqe_sz_sq_dc:256
 0: !!!! max_wqe_sz_sq:1024
 0: !!!! max_wqe_sz_rq:512
 0: !!!! max_wqe_sz_sq_dc:256
 0: !!!! max_wqe_sz_sq:1024
 0: !!!! max_wqe_sz_rq:512
 0: !!!! max_wqe_sz_sq_dc:256
17: Initializing NVMe Controllers
17: Attached to NVMe over Fabrics controller at 172.24.0.2:4420: nqn.2016-06.io.spdk:cnode1
17: Controller attach time is 23544.137 us (56505928 ticks)
17: Associating RDMA (addr:172.24.0.2 subnqn:nqn.2016-06.io.spdk:cnode1) NSID 1 with lcore 0
17: Associating RDMA (addr:172.24.0.2 subnqn:nqn.2016-06.io.spdk:cnode1) NSID 1 with lcore 1
17: Associating RDMA (addr:172.24.0.2 subnqn:nqn.2016-06.io.spdk:cnode1) NSID 1 with lcore 2
17: Associating RDMA (addr:172.24.0.2 subnqn:nqn.2016-06.io.spdk:cnode1) NSID 1 with lcore 3
17: Associating RDMA (addr:172.24.0.2 subnqn:nqn.2016-06.io.spdk:cnode1) NSID 1 with lcore 4
17: Associating RDMA (addr:172.24.0.2 subnqn:nqn.2016-06.io.spdk:cnode1) NSID 1 with lcore 5
17: Associating RDMA (addr:172.24.0.2 subnqn:nqn.2016-06.io.spdk:cnode1) NSID 1 with lcore 6
17: Associating RDMA (addr:172.24.0.2 subnqn:nqn.2016-06.io.spdk:cnode1) NSID 1 with lcore 7
17: Associating RDMA (addr:172.24.0.2 subnqn:nqn.2016-06.io.spdk:cnode1) NSID 1 with lcore 8
17: Associating RDMA (addr:172.24.0.2 subnqn:nqn.2016-06.io.spdk:cnode1) NSID 1 with lcore 9
17: Associating RDMA (addr:172.24.0.2 subnqn:nqn.2016-06.io.spdk:cnode1) NSID 1 with lcore 10
17: Associating RDMA (addr:172.24.0.2 subnqn:nqn.2016-06.io.spdk:cnode1) NSID 1 with lcore 11
17: Associating RDMA (addr:172.24.0.2 subnqn:nqn.2016-06.io.spdk:cnode1) NSID 1 with lcore 12
17: Associating RDMA (addr:172.24.0.2 subnqn:nqn.2016-06.io.spdk:cnode1) NSID 1 with lcore 13
17: Associating RDMA (addr:172.24.0.2 subnqn:nqn.2016-06.io.spdk:cnode1) NSID 1 with lcore 14
17: Associating RDMA (addr:172.24.0.2 subnqn:nqn.2016-06.io.spdk:cnode1) NSID 1 with lcore 15
17: Initialization complete. Launching workers.
17: IO qp on core 2 total time 19443.357 us (46664056 ticks), connect time 10040.622 us (24097492 ticks)
17: IO qp on core 1 total time 28017.916 us (67242998 ticks), connect time 18480.352 us (44352844 ticks)
17: IO qp on core 3 total time 36726.022 us (88142454 ticks), connect time 28091.658 us (67419978 ticks)
17: IO qp on core 0 total time 47265.711 us (113437707 ticks), connect time 38134.380 us (91522512 ticks)
17: IO qp on core 5 total time 57069.322 us (136966373 ticks), connect time 48169.111 us (115605866 ticks)
17: IO qp on core 4 total time 66462.010 us (159508823 ticks), connect time 57227.138 us (137345132 ticks)
17: IO qp on core 6 total time 77336.104 us (185606649 ticks), connect time 67961.364 us (163107273 ticks)
17: IO qp on core 9 total time 86874.458 us (208498700 ticks), connect time 77605.285 us (186252683 ticks)
17: IO qp on core 11 total time 96739.611 us (232175067 ticks), connect time 85610.232 us (205464558 ticks)
17: IO qp on core 8 total time 106394.031 us (255345674 ticks), connect time 95195.612 us (228469469 ticks)
17: IO qp on core 12 total time 116263.679 us (279032829 ticks), connect time 104907.920 us (251779008 ticks)
17: IO qp on core 7 total time 126765.827 us (304237986 ticks), connect time 115340.917 us (276818202 ticks)
17: IO qp on core 14 total time 136311.247 us (327146992 ticks), connect time 124765.562 us (299437348 ticks)
17: IO qp on core 10 total time 146310.818 us (351145963 ticks), connect time 134762.667 us (323430400 ticks)
17: IO qp on core 15 total time 156609.364 us (375862473 ticks), connect time 144885.353 us (347724846 ticks)
17: IO qp on core 13 total time 166272.235 us (399053364 ticks), connect time 154546.700 us (370912080 ticks)
17: ========================================================
17:                                                                                                                 Latency(us)
17: Device Information                                                          :       IOPS      MiB/s    Average        min        max
17: RDMA (addr:172.24.0.2 subnqn:nqn.2016-06.io.spdk:cnode1) NSID 1 from core  0:    7634.50      29.82     130.95       6.56    3388.40
17: RDMA (addr:172.24.0.2 subnqn:nqn.2016-06.io.spdk:cnode1) NSID 1 from core  1:    7902.80      30.87     126.51       6.14    3650.21
17: RDMA (addr:172.24.0.2 subnqn:nqn.2016-06.io.spdk:cnode1) NSID 1 from core  2:    7823.30      30.56     127.80       6.71    2442.31
17: RDMA (addr:172.24.0.2 subnqn:nqn.2016-06.io.spdk:cnode1) NSID 1 from core  3:    7734.70      30.21     129.25       6.73    5514.64
17: RDMA (addr:172.24.0.2 subnqn:nqn.2016-06.io.spdk:cnode1) NSID 1 from core  4:    7824.50      30.56     127.77       6.85    3305.59
17: RDMA (addr:172.24.0.2 subnqn:nqn.2016-06.io.spdk:cnode1) NSID 1 from core  5:    7790.20      30.43     128.34       6.55    3837.86
17: RDMA (addr:172.24.0.2 subnqn:nqn.2016-06.io.spdk:cnode1) NSID 1 from core  6:    7797.20      30.46     128.23       6.63    2584.73
17: RDMA (addr:172.24.0.2 subnqn:nqn.2016-06.io.spdk:cnode1) NSID 1 from core  7:    7856.80      30.69     127.24       6.02    3824.05
17: RDMA (addr:172.24.0.2 subnqn:nqn.2016-06.io.spdk:cnode1) NSID 1 from core  8:    7821.30      30.55     127.83       6.26    3512.37
17: RDMA (addr:172.24.0.2 subnqn:nqn.2016-06.io.spdk:cnode1) NSID 1 from core  9:    7901.10      30.86     126.53       5.94    3091.66
17: RDMA (addr:172.24.0.2 subnqn:nqn.2016-06.io.spdk:cnode1) NSID 1 from core 10:    7813.30      30.52     127.97       6.55    3820.22
17: RDMA (addr:172.24.0.2 subnqn:nqn.2016-06.io.spdk:cnode1) NSID 1 from core 11:    7776.90      30.38     128.55       6.45    3110.53
17: RDMA (addr:172.24.0.2 subnqn:nqn.2016-06.io.spdk:cnode1) NSID 1 from core 12:    7773.90      30.37     128.62       6.69    3436.37
17: RDMA (addr:172.24.0.2 subnqn:nqn.2016-06.io.spdk:cnode1) NSID 1 from core 13:    7833.70      30.60     127.61       6.57    2704.78
17: RDMA (addr:172.24.0.2 subnqn:nqn.2016-06.io.spdk:cnode1) NSID 1 from core 14:    7815.60      30.53     127.93       6.34    3825.58
17: RDMA (addr:172.24.0.2 subnqn:nqn.2016-06.io.spdk:cnode1) NSID 1 from core 15:    7807.20      30.50     128.04       6.57    3794.52
17: ========================================================
17: Total                                                                       :  124907.00     487.92     128.07       5.94    5514.64
17: 
 4: Initializing NVMe Controllers
 4: Attached to NVMe over Fabrics controller at 172.24.0.2:4420: nqn.2016-06.io.spdk:cnode1
 4: Controller attach time is 27696.394 us (66471345 ticks)
 4: Associating RDMA (addr:172.24.0.2 subnqn:nqn.2016-06.io.spdk:cnode1) NSID 1 with lcore 0
 4: Associating RDMA (addr:172.24.0.2 subnqn:nqn.2016-06.io.spdk:cnode1) NSID 1 with lcore 1
 4: Associating RDMA (addr:172.24.0.2 subnqn:nqn.2016-06.io.spdk:cnode1) NSID 1 with lcore 2
 4: Associating RDMA (addr:172.24.0.2 subnqn:nqn.2016-06.io.spdk:cnode1) NSID 1 with lcore 3
 4: Associating RDMA (addr:172.24.0.2 subnqn:nqn.2016-06.io.spdk:cnode1) NSID 1 with lcore 4
 4: Associating RDMA (addr:172.24.0.2 subnqn:nqn.2016-06.io.spdk:cnode1) NSID 1 with lcore 5
 4: Associating RDMA (addr:172.24.0.2 subnqn:nqn.2016-06.io.spdk:cnode1) NSID 1 with lcore 6
 4: Associating RDMA (addr:172.24.0.2 subnqn:nqn.2016-06.io.spdk:cnode1) NSID 1 with lcore 7
 4: Associating RDMA (addr:172.24.0.2 subnqn:nqn.2016-06.io.spdk:cnode1) NSID 1 with lcore 8
 4: Associating RDMA (addr:172.24.0.2 subnqn:nqn.2016-06.io.spdk:cnode1) NSID 1 with lcore 9
 4: Associating RDMA (addr:172.24.0.2 subnqn:nqn.2016-06.io.spdk:cnode1) NSID 1 with lcore 10
 4: Associating RDMA (addr:172.24.0.2 subnqn:nqn.2016-06.io.spdk:cnode1) NSID 1 with lcore 11
 4: Associating RDMA (addr:172.24.0.2 subnqn:nqn.2016-06.io.spdk:cnode1) NSID 1 with lcore 12
 4: Associating RDMA (addr:172.24.0.2 subnqn:nqn.2016-06.io.spdk:cnode1) NSID 1 with lcore 13
 4: Associating RDMA (addr:172.24.0.2 subnqn:nqn.2016-06.io.spdk:cnode1) NSID 1 with lcore 14
 4: Associating RDMA (addr:172.24.0.2 subnqn:nqn.2016-06.io.spdk:cnode1) NSID 1 with lcore 15
 4: Initialization complete. Launching workers.
 4: IO qp on core 0 total time 17093.884 us (41025321 ticks), connect time 8330.791 us (19993899 ticks)
 4: IO qp on core 2 total time 25907.694 us (62178465 ticks), connect time 17590.982 us (42218358 ticks)
 4: IO qp on core 5 total time 36055.557 us (86533337 ticks), connect time 27554.105 us (66129851 ticks)
 4: IO qp on core 1 total time 47335.368 us (113604882 ticks), connect time 37701.692 us (90484062 ticks)
 4: IO qp on core 6 total time 55549.650 us (133319161 ticks), connect time 45851.053 us (110042527 ticks)
 4: IO qp on core 3 total time 67086.589 us (161007813 ticks), connect time 57185.314 us (137244753 ticks)
 4: IO qp on core 4 total time 76072.851 us (182574842 ticks), connect time 65656.221 us (157574930 ticks)
 4: IO qp on core 14 total time 85346.294 us (204831105 ticks), connect time 75049.860 us (180119664 ticks)
 4: IO qp on core 12 total time 95937.990 us (230251177 ticks), connect time 85153.039 us (204367294 ticks)
 4: IO qp on core 10 total time 105511.291 us (253227098 ticks), connect time 94717.362 us (227321669 ticks)
 4: IO qp on core 15 total time 116611.783 us (279868278 ticks), connect time 105604.185 us (253450044 ticks)
 4: IO qp on core 7 total time 126010.912 us (302426189 ticks), connect time 114937.678 us (275850428 ticks)
 4: IO qp on core 8 total time 135660.494 us (325585186 ticks), connect time 124542.792 us (298902700 ticks)
 4: IO qp on core 11 total time 147476.984 us (353944761 ticks), connect time 134065.030 us (321756072 ticks)
 4: IO qp on core 9 total time 155702.209 us (373685301 ticks), connect time 142220.619 us (341329485 ticks)
 4: IO qp on core 13 total time 165900.349 us (398160838 ticks), connect time 152388.704 us (365732890 ticks)
 4: ========================================================
 4:                                                                                                                 Latency(us)
 4: Device Information                                                          :       IOPS      MiB/s    Average        min        max
 4: RDMA (addr:172.24.0.2 subnqn:nqn.2016-06.io.spdk:cnode1) NSID 1 from core  0:    4980.10      19.45     200.77       8.02    3592.00
 4: RDMA (addr:172.24.0.2 subnqn:nqn.2016-06.io.spdk:cnode1) NSID 1 from core  1:    5000.70      19.53     199.93       6.69    4590.60
 4: RDMA (addr:172.24.0.2 subnqn:nqn.2016-06.io.spdk:cnode1) NSID 1 from core  2:    5005.30      19.55     199.76       7.57    2493.76
 4: RDMA (addr:172.24.0.2 subnqn:nqn.2016-06.io.spdk:cnode1) NSID 1 from core  3:    4996.60      19.52     200.10       6.87    3095.71
 4: RDMA (addr:172.24.0.2 subnqn:nqn.2016-06.io.spdk:cnode1) NSID 1 from core  4:    5001.70      19.54     199.89       6.79    3532.59
 4: RDMA (addr:172.24.0.2 subnqn:nqn.2016-06.io.spdk:cnode1) NSID 1 from core  5:    5013.20      19.58     199.43       6.26    3722.20
 4: RDMA (addr:172.24.0.2 subnqn:nqn.2016-06.io.spdk:cnode1) NSID 1 from core  6:    5001.60      19.54     199.92       7.08    3066.57
 4: RDMA (addr:172.24.0.2 subnqn:nqn.2016-06.io.spdk:cnode1) NSID 1 from core  7:    4987.10      19.48     200.47       6.72    3050.76
 4: RDMA (addr:172.24.0.2 subnqn:nqn.2016-06.io.spdk:cnode1) NSID 1 from core  8:    4980.40      19.45     200.76       6.57    3085.16
 4: RDMA (addr:172.24.0.2 subnqn:nqn.2016-06.io.spdk:cnode1) NSID 1 from core  9:    4994.70      19.51     200.16       6.80    2514.74
 4: RDMA (addr:172.24.0.2 subnqn:nqn.2016-06.io.spdk:cnode1) NSID 1 from core 10:    5000.00      19.53     199.98       6.20    2718.42
 4: RDMA (addr:172.24.0.2 subnqn:nqn.2016-06.io.spdk:cnode1) NSID 1 from core 11:    4986.70      19.48     200.48       6.35    3642.06
 4: RDMA (addr:172.24.0.2 subnqn:nqn.2016-06.io.spdk:cnode1) NSID 1 from core 12:    4991.60      19.50     200.31       6.38    3652.10
 4: RDMA (addr:172.24.0.2 subnqn:nqn.2016-06.io.spdk:cnode1) NSID 1 from core 13:    5015.50      19.59     199.35       5.83    3420.84
 4: RDMA (addr:172.24.0.2 subnqn:nqn.2016-06.io.spdk:cnode1) NSID 1 from core 14:    4976.00      19.44     200.94       6.75    3432.51
 4: RDMA (addr:172.24.0.2 subnqn:nqn.2016-06.io.spdk:cnode1) NSID 1 from core 15:    4995.50      19.51     200.14       6.54    3716.72
 4: ========================================================
 4: Total                                                                       :   79926.70     312.21     200.15       5.83    4590.60
 4: 
 1: Initializing NVMe Controllers
 1: Attached to NVMe over Fabrics controller at 172.24.0.2:4420: nqn.2016-06.io.spdk:cnode1
 1: Controller attach time is 18029.269 us (43270246 ticks)
 1: Associating RDMA (addr:172.24.0.2 subnqn:nqn.2016-06.io.spdk:cnode1) NSID 1 with lcore 0
 1: Associating RDMA (addr:172.24.0.2 subnqn:nqn.2016-06.io.spdk:cnode1) NSID 1 with lcore 1
 1: Associating RDMA (addr:172.24.0.2 subnqn:nqn.2016-06.io.spdk:cnode1) NSID 1 with lcore 2
 1: Associating RDMA (addr:172.24.0.2 subnqn:nqn.2016-06.io.spdk:cnode1) NSID 1 with lcore 3
 1: Associating RDMA (addr:172.24.0.2 subnqn:nqn.2016-06.io.spdk:cnode1) NSID 1 with lcore 4
 1: Associating RDMA (addr:172.24.0.2 subnqn:nqn.2016-06.io.spdk:cnode1) NSID 1 with lcore 5
 1: Associating RDMA (addr:172.24.0.2 subnqn:nqn.2016-06.io.spdk:cnode1) NSID 1 with lcore 6
 1: Associating RDMA (addr:172.24.0.2 subnqn:nqn.2016-06.io.spdk:cnode1) NSID 1 with lcore 7
 1: Associating RDMA (addr:172.24.0.2 subnqn:nqn.2016-06.io.spdk:cnode1) NSID 1 with lcore 8
 1: Associating RDMA (addr:172.24.0.2 subnqn:nqn.2016-06.io.spdk:cnode1) NSID 1 with lcore 9
 1: Associating RDMA (addr:172.24.0.2 subnqn:nqn.2016-06.io.spdk:cnode1) NSID 1 with lcore 10
 1: Associating RDMA (addr:172.24.0.2 subnqn:nqn.2016-06.io.spdk:cnode1) NSID 1 with lcore 11
 1: Associating RDMA (addr:172.24.0.2 subnqn:nqn.2016-06.io.spdk:cnode1) NSID 1 with lcore 12
 1: Associating RDMA (addr:172.24.0.2 subnqn:nqn.2016-06.io.spdk:cnode1) NSID 1 with lcore 13
 1: Associating RDMA (addr:172.24.0.2 subnqn:nqn.2016-06.io.spdk:cnode1) NSID 1 with lcore 14
 1: Associating RDMA (addr:172.24.0.2 subnqn:nqn.2016-06.io.spdk:cnode1) NSID 1 with lcore 15
 1: Initialization complete. Launching workers.
 1: IO qp on core 13 total time 18850.831 us (45241995 ticks), connect time 8568.245 us (20563788 ticks)
 1: IO qp on core 2 total time 28135.995 us (67526389 ticks), connect time 17361.567 us (41667760 ticks)
 1: IO qp on core 10 total time 38035.940 us (91286257 ticks), connect time 27573.694 us (66176866 ticks)
 1: IO qp on core 6 total time 48489.075 us (116373781 ticks), connect time 37660.580 us (90385393 ticks)
 1: IO qp on core 5 total time 58021.863 us (139252472 ticks), connect time 47172.594 us (113214225 ticks)
 1: IO qp on core 9 total time 68700.954 us (164882289 ticks), connect time 57800.287 us (138720690 ticks)
 1: IO qp on core 3 total time 78478.823 us (188349176 ticks), connect time 67296.358 us (161511259 ticks)
 1: IO qp on core 7 total time 88961.736 us (213508166 ticks), connect time 77977.031 us (187144874 ticks)
 1: IO qp on core 11 total time 98305.443 us (235933062 ticks), connect time 87208.628 us (209300706 ticks)
 1: IO qp on core 8 total time 107997.635 us (259194325 ticks), connect time 96794.913 us (232307791 ticks)
 1: IO qp on core 1 total time 120223.296 us (288535911 ticks), connect time 108536.200 us (260486880 ticks)
 1: IO qp on core 14 total time 127656.259 us (306375022 ticks), connect time 115871.687 us (278092048 ticks)
 1: IO qp on core 12 total time 137535.429 us (330085030 ticks), connect time 125629.812 us (301511548 ticks)
 1: IO qp on core 4 total time 148789.514 us (357094834 ticks), connect time 135923.925 us (326217421 ticks)
 1: IO qp on core 0 total time 157397.628 us (377754308 ticks), connect time 144814.891 us (347555738 ticks)
 1: IO qp on core 15 total time 168953.030 us (405487272 ticks), connect time 157156.139 us (377174733 ticks)
 1: ========================================================
 1:                                                                                                                 Latency(us)
 1: Device Information                                                          :       IOPS      MiB/s    Average        min        max
 1: RDMA (addr:172.24.0.2 subnqn:nqn.2016-06.io.spdk:cnode1) NSID 1 from core  0:    4861.60      18.99     205.67      10.73    3251.68
 1: RDMA (addr:172.24.0.2 subnqn:nqn.2016-06.io.spdk:cnode1) NSID 1 from core  1:    4866.50      19.01     205.46       9.18    3310.43
 1: RDMA (addr:172.24.0.2 subnqn:nqn.2016-06.io.spdk:cnode1) NSID 1 from core  2:    4877.30      19.05     205.01       9.77    3327.05
 1: RDMA (addr:172.24.0.2 subnqn:nqn.2016-06.io.spdk:cnode1) NSID 1 from core  3:    4849.80      18.94     206.16      10.12    3591.76
 1: RDMA (addr:172.24.0.2 subnqn:nqn.2016-06.io.spdk:cnode1) NSID 1 from core  4:    4869.90      19.02     205.32      10.16    3256.71
 1: RDMA (addr:172.24.0.2 subnqn:nqn.2016-06.io.spdk:cnode1) NSID 1 from core  5:    4874.60      19.04     205.09       8.38    3323.49
 1: RDMA (addr:172.24.0.2 subnqn:nqn.2016-06.io.spdk:cnode1) NSID 1 from core  6:    4872.00      19.03     205.22      10.40    3119.69
 1: RDMA (addr:172.24.0.2 subnqn:nqn.2016-06.io.spdk:cnode1) NSID 1 from core  7:    4851.10      18.95     206.09       9.50    4595.09
 1: RDMA (addr:172.24.0.2 subnqn:nqn.2016-06.io.spdk:cnode1) NSID 1 from core  8:    4859.70      18.98     205.75      10.03    3115.41
 1: RDMA (addr:172.24.0.2 subnqn:nqn.2016-06.io.spdk:cnode1) NSID 1 from core  9:    4863.50      19.00     205.56       9.37    3053.37
 1: RDMA (addr:172.24.0.2 subnqn:nqn.2016-06.io.spdk:cnode1) NSID 1 from core 10:    4878.80      19.06     204.95      10.47    3021.75
 1: RDMA (addr:172.24.0.2 subnqn:nqn.2016-06.io.spdk:cnode1) NSID 1 from core 11:    4857.10      18.97     205.84       9.06    3304.40
 1: RDMA (addr:172.24.0.2 subnqn:nqn.2016-06.io.spdk:cnode1) NSID 1 from core 12:    4854.80      18.96     205.96       9.84    4592.89
 1: RDMA (addr:172.24.0.2 subnqn:nqn.2016-06.io.spdk:cnode1) NSID 1 from core 13:    4877.90      19.05     204.97       9.57    3443.55
 1: RDMA (addr:172.24.0.2 subnqn:nqn.2016-06.io.spdk:cnode1) NSID 1 from core 14:    4858.70      18.98     205.80      10.32    3626.04
 1: RDMA (addr:172.24.0.2 subnqn:nqn.2016-06.io.spdk:cnode1) NSID 1 from core 15:    4850.20      18.95     206.15       9.22    3248.35
 1: ========================================================
 1: Total                                                                       :   77823.50     304.00     205.56       8.38    4595.09
 1: 
16: Initializing NVMe Controllers
16: Attached to NVMe over Fabrics controller at 172.24.0.2:4420: nqn.2016-06.io.spdk:cnode1
16: Controller attach time is 21122.344 us (50693626 ticks)
16: Associating RDMA (addr:172.24.0.2 subnqn:nqn.2016-06.io.spdk:cnode1) NSID 1 with lcore 0
16: Associating RDMA (addr:172.24.0.2 subnqn:nqn.2016-06.io.spdk:cnode1) NSID 1 with lcore 1
16: Associating RDMA (addr:172.24.0.2 subnqn:nqn.2016-06.io.spdk:cnode1) NSID 1 with lcore 2
16: Associating RDMA (addr:172.24.0.2 subnqn:nqn.2016-06.io.spdk:cnode1) NSID 1 with lcore 3
16: Associating RDMA (addr:172.24.0.2 subnqn:nqn.2016-06.io.spdk:cnode1) NSID 1 with lcore 4
16: Associating RDMA (addr:172.24.0.2 subnqn:nqn.2016-06.io.spdk:cnode1) NSID 1 with lcore 5
16: Associating RDMA (addr:172.24.0.2 subnqn:nqn.2016-06.io.spdk:cnode1) NSID 1 with lcore 6
16: Associating RDMA (addr:172.24.0.2 subnqn:nqn.2016-06.io.spdk:cnode1) NSID 1 with lcore 7
16: Associating RDMA (addr:172.24.0.2 subnqn:nqn.2016-06.io.spdk:cnode1) NSID 1 with lcore 8
16: Associating RDMA (addr:172.24.0.2 subnqn:nqn.2016-06.io.spdk:cnode1) NSID 1 with lcore 9
16: Associating RDMA (addr:172.24.0.2 subnqn:nqn.2016-06.io.spdk:cnode1) NSID 1 with lcore 10
16: Associating RDMA (addr:172.24.0.2 subnqn:nqn.2016-06.io.spdk:cnode1) NSID 1 with lcore 11
16: Associating RDMA (addr:172.24.0.2 subnqn:nqn.2016-06.io.spdk:cnode1) NSID 1 with lcore 12
16: Associating RDMA (addr:172.24.0.2 subnqn:nqn.2016-06.io.spdk:cnode1) NSID 1 with lcore 13
16: Associating RDMA (addr:172.24.0.2 subnqn:nqn.2016-06.io.spdk:cnode1) NSID 1 with lcore 14
16: Associating RDMA (addr:172.24.0.2 subnqn:nqn.2016-06.io.spdk:cnode1) NSID 1 with lcore 15
16: Initialization complete. Launching workers.
16: IO qp on core 13 total time 26867.824 us (64482777 ticks), connect time 16314.698 us (39155274 ticks)
16: IO qp on core 3 total time 36257.735 us (87018564 ticks), connect time 24988.010 us (59971224 ticks)
16: IO qp on core 5 total time 46887.350 us (112529640 ticks), connect time 35770.449 us (85849077 ticks)
16: IO qp on core 4 total time 56431.613 us (135435870 ticks), connect time 45252.312 us (108605550 ticks)
16: IO qp on core 2 total time 65957.509 us (158298022 ticks), connect time 54703.493 us (131288384 ticks)
16: IO qp on core 7 total time 77922.253 us (187013406 ticks), connect time 66592.727 us (159822546 ticks)
16: IO qp on core 8 total time 85805.524 us (205933258 ticks), connect time 74217.605 us (178122253 ticks)
16: IO qp on core 10 total time 95760.966 us (229826319 ticks), connect time 84277.008 us (202264818 ticks)
16: IO qp on core 6 total time 105879.459 us (254110702 ticks), connect time 93890.433 us (225337040 ticks)
16: IO qp on core 9 total time 116124.473 us (278698735 ticks), connect time 104194.364 us (250066474 ticks)
16: IO qp on core 11 total time 127703.859 us (306489261 ticks), connect time 115884.526 us (278122863 ticks)
16: IO qp on core 12 total time 136557.980 us (327739152 ticks), connect time 124365.589 us (298477413 ticks)
16: IO qp on core 0 total time 145780.909 us (349874181 ticks), connect time 133574.516 us (320578839 ticks)
16: IO qp on core 15 total time 155681.266 us (373635039 ticks), connect time 143365.953 us (344078286 ticks)
16: IO qp on core 1 total time 166043.435 us (398504244 ticks), connect time 152872.450 us (366893880 ticks)
16: IO qp on core 14 total time 176510.894 us (423626145 ticks), connect time 163513.224 us (392431737 ticks)
16: ========================================================
16:                                                                                                                 Latency(us)
16: Device Information                                                          :       IOPS      MiB/s    Average        min        max
16: RDMA (addr:172.24.0.2 subnqn:nqn.2016-06.io.spdk:cnode1) NSID 1 from core  0:    4741.60      18.52     210.87      11.17    2502.58
16: RDMA (addr:172.24.0.2 subnqn:nqn.2016-06.io.spdk:cnode1) NSID 1 from core  1:    4743.80      18.53     210.75       9.16    3025.66
16: RDMA (addr:172.24.0.2 subnqn:nqn.2016-06.io.spdk:cnode1) NSID 1 from core  2:    4737.20      18.50     211.07      15.55    3511.49
16: RDMA (addr:172.24.0.2 subnqn:nqn.2016-06.io.spdk:cnode1) NSID 1 from core  3:    4739.90      18.52     210.95      11.27    2495.28
16: RDMA (addr:172.24.0.2 subnqn:nqn.2016-06.io.spdk:cnode1) NSID 1 from core  4:    4741.40      18.52     210.88      10.33    3245.62
16: RDMA (addr:172.24.0.2 subnqn:nqn.2016-06.io.spdk:cnode1) NSID 1 from core  5:    4732.60      18.49     211.24      13.00    3443.38
16: RDMA (addr:172.24.0.2 subnqn:nqn.2016-06.io.spdk:cnode1) NSID 1 from core  6:    4743.60      18.53     210.79      12.27    2524.34
16: RDMA (addr:172.24.0.2 subnqn:nqn.2016-06.io.spdk:cnode1) NSID 1 from core  7:    4725.00      18.46     211.58      14.93    3312.26
16: RDMA (addr:172.24.0.2 subnqn:nqn.2016-06.io.spdk:cnode1) NSID 1 from core  8:    4724.50      18.46     211.62      10.01    3589.53
16: RDMA (addr:172.24.0.2 subnqn:nqn.2016-06.io.spdk:cnode1) NSID 1 from core  9:    4744.50      18.53     210.73      16.54    3433.24
16: RDMA (addr:172.24.0.2 subnqn:nqn.2016-06.io.spdk:cnode1) NSID 1 from core 10:    4740.50      18.52     210.93      10.80    3055.53
16: RDMA (addr:172.24.0.2 subnqn:nqn.2016-06.io.spdk:cnode1) NSID 1 from core 11:    4746.20      18.54     210.66      10.48    2619.04
16: RDMA (addr:172.24.0.2 subnqn:nqn.2016-06.io.spdk:cnode1) NSID 1 from core 12:    4737.70      18.51     211.05      12.08    2659.77
16: RDMA (addr:172.24.0.2 subnqn:nqn.2016-06.io.spdk:cnode1) NSID 1 from core 13:    4734.90      18.50     211.17      14.86    3303.77
16: RDMA (addr:172.24.0.2 subnqn:nqn.2016-06.io.spdk:cnode1) NSID 1 from core 14:    4742.50      18.53     210.83      12.68    2497.78
16: RDMA (addr:172.24.0.2 subnqn:nqn.2016-06.io.spdk:cnode1) NSID 1 from core 15:    4736.00      18.50     211.10      14.25    3441.23
16: ========================================================
16: Total                                                                       :   75811.90     296.14     211.01       9.16    3589.53
16: 
 2: Initializing NVMe Controllers
 2: Attached to NVMe over Fabrics controller at 172.24.0.2:4420: nqn.2016-06.io.spdk:cnode1
 2: Controller attach time is 19641.964 us (47140714 ticks)
 2: Associating RDMA (addr:172.24.0.2 subnqn:nqn.2016-06.io.spdk:cnode1) NSID 1 with lcore 0
 2: Associating RDMA (addr:172.24.0.2 subnqn:nqn.2016-06.io.spdk:cnode1) NSID 1 with lcore 1
 2: Associating RDMA (addr:172.24.0.2 subnqn:nqn.2016-06.io.spdk:cnode1) NSID 1 with lcore 2
 2: Associating RDMA (addr:172.24.0.2 subnqn:nqn.2016-06.io.spdk:cnode1) NSID 1 with lcore 3
 2: Associating RDMA (addr:172.24.0.2 subnqn:nqn.2016-06.io.spdk:cnode1) NSID 1 with lcore 4
 2: Associating RDMA (addr:172.24.0.2 subnqn:nqn.2016-06.io.spdk:cnode1) NSID 1 with lcore 5
 2: Associating RDMA (addr:172.24.0.2 subnqn:nqn.2016-06.io.spdk:cnode1) NSID 1 with lcore 6
 2: Associating RDMA (addr:172.24.0.2 subnqn:nqn.2016-06.io.spdk:cnode1) NSID 1 with lcore 7
 2: Associating RDMA (addr:172.24.0.2 subnqn:nqn.2016-06.io.spdk:cnode1) NSID 1 with lcore 8
 2: Associating RDMA (addr:172.24.0.2 subnqn:nqn.2016-06.io.spdk:cnode1) NSID 1 with lcore 9
 2: Associating RDMA (addr:172.24.0.2 subnqn:nqn.2016-06.io.spdk:cnode1) NSID 1 with lcore 10
 2: Associating RDMA (addr:172.24.0.2 subnqn:nqn.2016-06.io.spdk:cnode1) NSID 1 with lcore 11
 2: Associating RDMA (addr:172.24.0.2 subnqn:nqn.2016-06.io.spdk:cnode1) NSID 1 with lcore 12
 2: Associating RDMA (addr:172.24.0.2 subnqn:nqn.2016-06.io.spdk:cnode1) NSID 1 with lcore 13
 2: Associating RDMA (addr:172.24.0.2 subnqn:nqn.2016-06.io.spdk:cnode1) NSID 1 with lcore 14
 2: Associating RDMA (addr:172.24.0.2 subnqn:nqn.2016-06.io.spdk:cnode1) NSID 1 with lcore 15
 2: Initialization complete. Launching workers.
 2: IO qp on core 1 total time 18615.186 us (44676446 ticks), connect time 9247.215 us (22193317 ticks)
 2: IO qp on core 2 total time 29809.919 us (71543805 ticks), connect time 20428.673 us (49028814 ticks)
 2: IO qp on core 3 total time 38386.580 us (92127792 ticks), connect time 28942.518 us (69462042 ticks)
 2: IO qp on core 4 total time 47777.357 us (114665658 ticks), connect time 38265.838 us (91838010 ticks)
 2: IO qp on core 5 total time 58094.077 us (139425784 ticks), connect time 48480.280 us (116352672 ticks)
 2: IO qp on core 7 total time 67901.150 us (162962760 ticks), connect time 57712.685 us (138510444 ticks)
 2: IO qp on core 6 total time 79496.000 us (190790401 ticks), connect time 69215.308 us (166116739 ticks)
 2: IO qp on core 9 total time 89467.761 us (214722627 ticks), connect time 79251.950 us (190204680 ticks)
 2: IO qp on core 8 total time 98103.681 us (235448834 ticks), connect time 87718.112 us (210523469 ticks)
 2: IO qp on core 0 total time 107362.034 us (257668881 ticks), connect time 97170.639 us (233209533 ticks)
 2: IO qp on core 11 total time 116992.717 us (280782521 ticks), connect time 107221.876 us (257332502 ticks)
 2: IO qp on core 10 total time 128112.910 us (307470983 ticks), connect time 117907.743 us (282978584 ticks)
 2: IO qp on core 13 total time 137170.459 us (329209101 ticks), connect time 126818.739 us (304364973 ticks)
 2: IO qp on core 12 total time 147158.863 us (353181272 ticks), connect time 136805.242 us (328332581 ticks)
 2: IO qp on core 15 total time 157251.119 us (377402685 ticks), connect time 145990.647 us (350377554 ticks)
 2: IO qp on core 14 total time 166725.346 us (400140830 ticks), connect time 155435.757 us (373045817 ticks)
 2: ========================================================
 2:                                                                                                                 Latency(us)
 2: Device Information                                                          :       IOPS      MiB/s    Average        min        max
 2: RDMA (addr:172.24.0.2 subnqn:nqn.2016-06.io.spdk:cnode1) NSID 1 from core  0:    4668.80      18.24     214.16      16.67    4539.19
 2: RDMA (addr:172.24.0.2 subnqn:nqn.2016-06.io.spdk:cnode1) NSID 1 from core  1:    4666.60      18.23     214.26      12.30    3435.37
 2: RDMA (addr:172.24.0.2 subnqn:nqn.2016-06.io.spdk:cnode1) NSID 1 from core  2:    4679.20      18.28     213.69      13.79    2597.79
 2: RDMA (addr:172.24.0.2 subnqn:nqn.2016-06.io.spdk:cnode1) NSID 1 from core  3:    4670.50      18.24     214.05      14.27    2651.49
 2: RDMA (addr:172.24.0.2 subnqn:nqn.2016-06.io.spdk:cnode1) NSID 1 from core  4:    4670.70      18.24     214.05      11.54    3327.16
 2: RDMA (addr:172.24.0.2 subnqn:nqn.2016-06.io.spdk:cnode1) NSID 1 from core  5:    4678.20      18.27     213.72      14.22    3205.09
 2: RDMA (addr:172.24.0.2 subnqn:nqn.2016-06.io.spdk:cnode1) NSID 1 from core  6:    4684.10      18.30     213.47      15.63    3330.60
 2: RDMA (addr:172.24.0.2 subnqn:nqn.2016-06.io.spdk:cnode1) NSID 1 from core  7:    4671.10      18.25     214.03      16.56    3434.05
 2: RDMA (addr:172.24.0.2 subnqn:nqn.2016-06.io.spdk:cnode1) NSID 1 from core  8:    4674.90      18.26     213.87      16.13    3628.16
 2: RDMA (addr:172.24.0.2 subnqn:nqn.2016-06.io.spdk:cnode1) NSID 1 from core  9:    4666.70      18.23     214.25      13.19    3589.85
 2: RDMA (addr:172.24.0.2 subnqn:nqn.2016-06.io.spdk:cnode1) NSID 1 from core 10:    4678.90      18.28     213.70      14.92    3205.79
 2: RDMA (addr:172.24.0.2 subnqn:nqn.2016-06.io.spdk:cnode1) NSID 1 from core 11:    4670.10      18.24     214.08      13.26    3305.80
 2: RDMA (addr:172.24.0.2 subnqn:nqn.2016-06.io.spdk:cnode1) NSID 1 from core 12:    4671.40      18.25     214.04      16.67    3307.04
 2: RDMA (addr:172.24.0.2 subnqn:nqn.2016-06.io.spdk:cnode1) NSID 1 from core 13:    4672.90      18.25     213.96      12.12    3305.61
 2: RDMA (addr:172.24.0.2 subnqn:nqn.2016-06.io.spdk:cnode1) NSID 1 from core 14:    4667.90      18.23     214.19      14.20    4521.57
 2: RDMA (addr:172.24.0.2 subnqn:nqn.2016-06.io.spdk:cnode1) NSID 1 from core 15:    4671.60      18.25     214.00      11.91    2679.63
 2: ========================================================
 2: Total                                                                       :   74763.60     292.05     213.97      11.54    4539.19
 2: 
13: Initializing NVMe Controllers
13: Attached to NVMe over Fabrics controller at 172.24.0.2:4420: nqn.2016-06.io.spdk:cnode1
13: Controller attach time is 19426.283 us (46623078 ticks)
13: Associating RDMA (addr:172.24.0.2 subnqn:nqn.2016-06.io.spdk:cnode1) NSID 1 with lcore 0
13: Associating RDMA (addr:172.24.0.2 subnqn:nqn.2016-06.io.spdk:cnode1) NSID 1 with lcore 1
13: Associating RDMA (addr:172.24.0.2 subnqn:nqn.2016-06.io.spdk:cnode1) NSID 1 with lcore 2
13: Associating RDMA (addr:172.24.0.2 subnqn:nqn.2016-06.io.spdk:cnode1) NSID 1 with lcore 3
13: Associating RDMA (addr:172.24.0.2 subnqn:nqn.2016-06.io.spdk:cnode1) NSID 1 with lcore 4
13: Associating RDMA (addr:172.24.0.2 subnqn:nqn.2016-06.io.spdk:cnode1) NSID 1 with lcore 5
13: Associating RDMA (addr:172.24.0.2 subnqn:nqn.2016-06.io.spdk:cnode1) NSID 1 with lcore 6
13: Associating RDMA (addr:172.24.0.2 subnqn:nqn.2016-06.io.spdk:cnode1) NSID 1 with lcore 7
13: Associating RDMA (addr:172.24.0.2 subnqn:nqn.2016-06.io.spdk:cnode1) NSID 1 with lcore 8
13: Associating RDMA (addr:172.24.0.2 subnqn:nqn.2016-06.io.spdk:cnode1) NSID 1 with lcore 9
13: Associating RDMA (addr:172.24.0.2 subnqn:nqn.2016-06.io.spdk:cnode1) NSID 1 with lcore 10
13: Associating RDMA (addr:172.24.0.2 subnqn:nqn.2016-06.io.spdk:cnode1) NSID 1 with lcore 11
13: Associating RDMA (addr:172.24.0.2 subnqn:nqn.2016-06.io.spdk:cnode1) NSID 1 with lcore 12
13: Associating RDMA (addr:172.24.0.2 subnqn:nqn.2016-06.io.spdk:cnode1) NSID 1 with lcore 13
13: Associating RDMA (addr:172.24.0.2 subnqn:nqn.2016-06.io.spdk:cnode1) NSID 1 with lcore 14
13: Associating RDMA (addr:172.24.0.2 subnqn:nqn.2016-06.io.spdk:cnode1) NSID 1 with lcore 15
13: Initialization complete. Launching workers.
13: IO qp on core 2 total time 27866.436 us (66879447 ticks), connect time 16415.022 us (39396054 ticks)
13: IO qp on core 1 total time 38428.470 us (92228328 ticks), connect time 26867.691 us (64482459 ticks)
13: IO qp on core 5 total time 46575.659 us (111781581 ticks), connect time 35851.546 us (86043711 ticks)
13: IO qp on core 6 total time 56449.228 us (135478148 ticks), connect time 45663.723 us (109592935 ticks)
13: IO qp on core 4 total time 66502.905 us (159606972 ticks), connect time 55716.290 us (133719095 ticks)
13: IO qp on core 0 total time 76797.900 us (184314959 ticks), connect time 65527.303 us (157265528 ticks)
13: IO qp on core 15 total time 86235.164 us (206964393 ticks), connect time 75436.964 us (181048713 ticks)
13: IO qp on core 11 total time 95958.136 us (230299527 ticks), connect time 85008.380 us (204020112 ticks)
13: IO qp on core 7 total time 106322.383 us (255173719 ticks), connect time 95370.378 us (228888907 ticks)
13: IO qp on core 3 total time 116550.061 us (279720147 ticks), connect time 105420.488 us (253009170 ticks)
13: IO qp on core 13 total time 126874.232 us (304498158 ticks), connect time 114949.059 us (275877741 ticks)
13: IO qp on core 14 total time 136412.295 us (327389509 ticks), connect time 124483.487 us (298760368 ticks)
13: IO qp on core 8 total time 145932.448 us (350237876 ticks), connect time 133813.807 us (321153137 ticks)
13: IO qp on core 12 total time 156741.907 us (376180576 ticks), connect time 144619.797 us (347087512 ticks)
13: IO qp on core 9 total time 166966.850 us (400720440 ticks), connect time 153507.824 us (368418777 ticks)
13: IO qp on core 10 total time 176199.799 us (422879518 ticks), connect time 162728.795 us (390549108 ticks)
13: ========================================================
13:                                                                                                                 Latency(us)
13: Device Information                                                          :       IOPS      MiB/s    Average        min        max
13: RDMA (addr:172.24.0.2 subnqn:nqn.2016-06.io.spdk:cnode1) NSID 1 from core  0:    4548.50      17.77     219.82      20.50    3629.36
13: RDMA (addr:172.24.0.2 subnqn:nqn.2016-06.io.spdk:cnode1) NSID 1 from core  1:    4546.50      17.76     219.92      20.90    3435.99
13: RDMA (addr:172.24.0.2 subnqn:nqn.2016-06.io.spdk:cnode1) NSID 1 from core  2:    4547.70      17.76     219.87      16.83    3039.22
13: RDMA (addr:172.24.0.2 subnqn:nqn.2016-06.io.spdk:cnode1) NSID 1 from core  3:    4558.60      17.81     219.30      14.28    2624.45
13: RDMA (addr:172.24.0.2 subnqn:nqn.2016-06.io.spdk:cnode1) NSID 1 from core  4:    4556.00      17.80     219.47      18.44    3592.16
13: RDMA (addr:172.24.0.2 subnqn:nqn.2016-06.io.spdk:cnode1) NSID 1 from core  5:    4544.60      17.75     220.01      23.59    3439.81
13: RDMA (addr:172.24.0.2 subnqn:nqn.2016-06.io.spdk:cnode1) NSID 1 from core  6:    4557.20      17.80     219.40      17.48    3245.67
13: RDMA (addr:172.24.0.2 subnqn:nqn.2016-06.io.spdk:cnode1) NSID 1 from core  7:    4551.70      17.78     219.64      13.81    3329.82
13: RDMA (addr:172.24.0.2 subnqn:nqn.2016-06.io.spdk:cnode1) NSID 1 from core  8:    4553.90      17.79     219.57      15.37    3027.80
13: RDMA (addr:172.24.0.2 subnqn:nqn.2016-06.io.spdk:cnode1) NSID 1 from core  9:    4552.30      17.78     219.64      14.25    3308.88
13: RDMA (addr:172.24.0.2 subnqn:nqn.2016-06.io.spdk:cnode1) NSID 1 from core 10:    4555.00      17.79     219.52      19.53    2479.93
13: RDMA (addr:172.24.0.2 subnqn:nqn.2016-06.io.spdk:cnode1) NSID 1 from core 11:    4545.80      17.76     219.94      17.36    3434.39
13: RDMA (addr:172.24.0.2 subnqn:nqn.2016-06.io.spdk:cnode1) NSID 1 from core 12:    4548.30      17.77     219.84      15.87    3539.50
13: RDMA (addr:172.24.0.2 subnqn:nqn.2016-06.io.spdk:cnode1) NSID 1 from core 13:    4548.30      17.77     219.82      10.83    3633.03
13: RDMA (addr:172.24.0.2 subnqn:nqn.2016-06.io.spdk:cnode1) NSID 1 from core 14:    4545.10      17.75     219.98       8.72    3326.63
13: RDMA (addr:172.24.0.2 subnqn:nqn.2016-06.io.spdk:cnode1) NSID 1 from core 15:    4544.70      17.75     219.99      20.68    2684.64
13: ========================================================
13: Total                                                                       :   72804.20     284.39     219.73       8.72    3633.03
13: 
11: Initializing NVMe Controllers
11: Attached to NVMe over Fabrics controller at 172.24.0.2:4420: nqn.2016-06.io.spdk:cnode1
11: Controller attach time is 21689.811 us (52055546 ticks)
11: Associating RDMA (addr:172.24.0.2 subnqn:nqn.2016-06.io.spdk:cnode1) NSID 1 with lcore 0
11: Associating RDMA (addr:172.24.0.2 subnqn:nqn.2016-06.io.spdk:cnode1) NSID 1 with lcore 1
11: Associating RDMA (addr:172.24.0.2 subnqn:nqn.2016-06.io.spdk:cnode1) NSID 1 with lcore 2
11: Associating RDMA (addr:172.24.0.2 subnqn:nqn.2016-06.io.spdk:cnode1) NSID 1 with lcore 3
11: Associating RDMA (addr:172.24.0.2 subnqn:nqn.2016-06.io.spdk:cnode1) NSID 1 with lcore 4
11: Associating RDMA (addr:172.24.0.2 subnqn:nqn.2016-06.io.spdk:cnode1) NSID 1 with lcore 5
11: Associating RDMA (addr:172.24.0.2 subnqn:nqn.2016-06.io.spdk:cnode1) NSID 1 with lcore 6
11: Associating RDMA (addr:172.24.0.2 subnqn:nqn.2016-06.io.spdk:cnode1) NSID 1 with lcore 7
11: Associating RDMA (addr:172.24.0.2 subnqn:nqn.2016-06.io.spdk:cnode1) NSID 1 with lcore 8
11: Associating RDMA (addr:172.24.0.2 subnqn:nqn.2016-06.io.spdk:cnode1) NSID 1 with lcore 9
11: Associating RDMA (addr:172.24.0.2 subnqn:nqn.2016-06.io.spdk:cnode1) NSID 1 with lcore 10
11: Associating RDMA (addr:172.24.0.2 subnqn:nqn.2016-06.io.spdk:cnode1) NSID 1 with lcore 11
11: Associating RDMA (addr:172.24.0.2 subnqn:nqn.2016-06.io.spdk:cnode1) NSID 1 with lcore 12
11: Associating RDMA (addr:172.24.0.2 subnqn:nqn.2016-06.io.spdk:cnode1) NSID 1 with lcore 13
11: Associating RDMA (addr:172.24.0.2 subnqn:nqn.2016-06.io.spdk:cnode1) NSID 1 with lcore 14
11: Associating RDMA (addr:172.24.0.2 subnqn:nqn.2016-06.io.spdk:cnode1) NSID 1 with lcore 15
11: Initialization complete. Launching workers.
11: IO qp on core 2 total time 16721.876 us (40132502 ticks), connect time 7221.340 us (17331216 ticks)
11: IO qp on core 1 total time 27146.539 us (65151694 ticks), connect time 17515.416 us (42036998 ticks)
11: IO qp on core 0 total time 35757.164 us (85817193 ticks), connect time 26654.778 us (63971466 ticks)
11: IO qp on core 5 total time 45601.092 us (109442622 ticks), connect time 36830.504 us (88393209 ticks)
11: IO qp on core 3 total time 56161.760 us (134788225 ticks), connect time 45993.702 us (110384884 ticks)
11: IO qp on core 10 total time 65425.400 us (157020960 ticks), connect time 54501.500 us (130803600 ticks)
11: IO qp on core 12 total time 75301.845 us (180724427 ticks), connect time 64374.881 us (154499714 ticks)
11: IO qp on core 4 total time 85482.987 us (205159169 ticks), connect time 74306.503 us (178335608 ticks)
11: IO qp on core 6 total time 95583.295 us (229399908 ticks), connect time 84212.439 us (202109853 ticks)
11: IO qp on core 11 total time 105598.900 us (253437360 ticks), connect time 94344.870 us (226427688 ticks)
11: IO qp on core 9 total time 115657.499 us (277577997 ticks), connect time 104292.206 us (250301295 ticks)
11: IO qp on core 15 total time 125910.280 us (302184672 ticks), connect time 113569.861 us (272567667 ticks)
11: IO qp on core 8 total time 135494.396 us (325186551 ticks), connect time 123060.208 us (295344498 ticks)
11: IO qp on core 14 total time 146706.960 us (352096703 ticks), connect time 134139.800 us (321935519 ticks)
11: IO qp on core 13 total time 155232.892 us (372558940 ticks), connect time 142473.202 us (341935684 ticks)
11: IO qp on core 7 total time 165646.890 us (397552536 ticks), connect time 152886.453 us (366927486 ticks)
11: ========================================================
11:                                                                                                                 Latency(us)
11: Device Information                                                          :       IOPS      MiB/s    Average        min        max
11: RDMA (addr:172.24.0.2 subnqn:nqn.2016-06.io.spdk:cnode1) NSID 1 from core  0:    4519.90      17.66     221.21      17.42    2678.16
11: RDMA (addr:172.24.0.2 subnqn:nqn.2016-06.io.spdk:cnode1) NSID 1 from core  1:    4524.20      17.67     220.98      15.05    2494.43
11: RDMA (addr:172.24.0.2 subnqn:nqn.2016-06.io.spdk:cnode1) NSID 1 from core  2:    4525.70      17.68     220.94      16.83    2622.13
11: RDMA (addr:172.24.0.2 subnqn:nqn.2016-06.io.spdk:cnode1) NSID 1 from core  3:    4521.30      17.66     221.14      21.37    3433.26
11: RDMA (addr:172.24.0.2 subnqn:nqn.2016-06.io.spdk:cnode1) NSID 1 from core  4:    4521.40      17.66     221.14      15.76    3625.38
11: RDMA (addr:172.24.0.2 subnqn:nqn.2016-06.io.spdk:cnode1) NSID 1 from core  5:    4523.30      17.67     221.02      10.82    3011.51
11: RDMA (addr:172.24.0.2 subnqn:nqn.2016-06.io.spdk:cnode1) NSID 1 from core  6:    4523.40      17.67     221.05      16.64    3037.58
11: RDMA (addr:172.24.0.2 subnqn:nqn.2016-06.io.spdk:cnode1) NSID 1 from core  7:    4521.70      17.66     221.13      15.86    3443.03
11: RDMA (addr:172.24.0.2 subnqn:nqn.2016-06.io.spdk:cnode1) NSID 1 from core  8:    4519.40      17.65     221.24      19.18    2675.75
11: RDMA (addr:172.24.0.2 subnqn:nqn.2016-06.io.spdk:cnode1) NSID 1 from core  9:    4518.50      17.65     221.26      10.48    3324.17
11: RDMA (addr:172.24.0.2 subnqn:nqn.2016-06.io.spdk:cnode1) NSID 1 from core 10:    4526.10      17.68     220.92      12.96    3244.57
11: RDMA (addr:172.24.0.2 subnqn:nqn.2016-06.io.spdk:cnode1) NSID 1 from core 11:    4516.90      17.64     221.35      11.12    2567.49
11: RDMA (addr:172.24.0.2 subnqn:nqn.2016-06.io.spdk:cnode1) NSID 1 from core 12:    4519.40      17.65     221.25      20.24    2672.47
11: RDMA (addr:172.24.0.2 subnqn:nqn.2016-06.io.spdk:cnode1) NSID 1 from core 13:    4514.90      17.64     221.44      11.98    3304.37
11: RDMA (addr:172.24.0.2 subnqn:nqn.2016-06.io.spdk:cnode1) NSID 1 from core 14:    4523.40      17.67     221.05      19.19    3056.65
11: RDMA (addr:172.24.0.2 subnqn:nqn.2016-06.io.spdk:cnode1) NSID 1 from core 15:    4525.30      17.68     220.95      13.03    2522.51
11: ========================================================
11: Total                                                                       :   72344.80     282.60     221.13      10.48    3625.38
11: 
19: Initializing NVMe Controllers
19: Attached to NVMe over Fabrics controller at 172.24.0.2:4420: nqn.2016-06.io.spdk:cnode1
19: Controller attach time is 20279.409 us (48670582 ticks)
19: Associating RDMA (addr:172.24.0.2 subnqn:nqn.2016-06.io.spdk:cnode1) NSID 1 with lcore 0
19: Associating RDMA (addr:172.24.0.2 subnqn:nqn.2016-06.io.spdk:cnode1) NSID 1 with lcore 1
19: Associating RDMA (addr:172.24.0.2 subnqn:nqn.2016-06.io.spdk:cnode1) NSID 1 with lcore 2
19: Associating RDMA (addr:172.24.0.2 subnqn:nqn.2016-06.io.spdk:cnode1) NSID 1 with lcore 3
19: Associating RDMA (addr:172.24.0.2 subnqn:nqn.2016-06.io.spdk:cnode1) NSID 1 with lcore 4
19: Associating RDMA (addr:172.24.0.2 subnqn:nqn.2016-06.io.spdk:cnode1) NSID 1 with lcore 5
19: Associating RDMA (addr:172.24.0.2 subnqn:nqn.2016-06.io.spdk:cnode1) NSID 1 with lcore 6
19: Associating RDMA (addr:172.24.0.2 subnqn:nqn.2016-06.io.spdk:cnode1) NSID 1 with lcore 7
19: Associating RDMA (addr:172.24.0.2 subnqn:nqn.2016-06.io.spdk:cnode1) NSID 1 with lcore 8
19: Associating RDMA (addr:172.24.0.2 subnqn:nqn.2016-06.io.spdk:cnode1) NSID 1 with lcore 9
19: Associating RDMA (addr:172.24.0.2 subnqn:nqn.2016-06.io.spdk:cnode1) NSID 1 with lcore 10
19: Associating RDMA (addr:172.24.0.2 subnqn:nqn.2016-06.io.spdk:cnode1) NSID 1 with lcore 11
19: Associating RDMA (addr:172.24.0.2 subnqn:nqn.2016-06.io.spdk:cnode1) NSID 1 with lcore 12
19: Associating RDMA (addr:172.24.0.2 subnqn:nqn.2016-06.io.spdk:cnode1) NSID 1 with lcore 13
19: Associating RDMA (addr:172.24.0.2 subnqn:nqn.2016-06.io.spdk:cnode1) NSID 1 with lcore 14
19: Associating RDMA (addr:172.24.0.2 subnqn:nqn.2016-06.io.spdk:cnode1) NSID 1 with lcore 15
19: Initialization complete. Launching workers.
19: IO qp on core 2 total time 16754.728 us (40211348 ticks), connect time 6789.739 us (16295373 ticks)
19: IO qp on core 1 total time 27040.783 us (64897880 ticks), connect time 16732.724 us (40158538 ticks)
19: IO qp on core 0 total time 35851.880 us (86044512 ticks), connect time 26282.025 us (63076860 ticks)
19: IO qp on core 5 total time 47394.807 us (113747536 ticks), connect time 38007.024 us (91216858 ticks)
19: IO qp on core 4 total time 55706.177 us (133694824 ticks), connect time 46284.921 us (111083811 ticks)
19: IO qp on core 13 total time 65882.015 us (158116836 ticks), connect time 56390.728 us (135337746 ticks)
19: IO qp on core 3 total time 76042.450 us (182501880 ticks), connect time 66183.491 us (158840379 ticks)
19: IO qp on core 6 total time 85713.857 us (205713258 ticks), connect time 75863.265 us (182071835 ticks)
19: IO qp on core 11 total time 96516.079 us (231638589 ticks), connect time 86451.264 us (207483033 ticks)
19: IO qp on core 7 total time 106526.617 us (255663882 ticks), connect time 96095.542 us (230629302 ticks)
19: IO qp on core 14 total time 115826.853 us (277984448 ticks), connect time 100329.433 us (240790640 ticks)
19: IO qp on core 15 total time 127303.863 us (305529270 ticks), connect time 111692.336 us (268061606 ticks)
19: IO qp on core 8 total time 135309.425 us (324742620 ticks), connect time 119635.666 us (287125598 ticks)
19: IO qp on core 9 total time 146299.905 us (351119771 ticks), connect time 130558.442 us (313340261 ticks)
19: IO qp on core 10 total time 156896.224 us (376550938 ticks), connect time 141015.877 us (338438104 ticks)
19: IO qp on core 12 total time 165242.992 us (396583180 ticks), connect time 149353.609 us (358448661 ticks)
19: ========================================================
19:                                                                                                                 Latency(us)
19: Device Information                                                          :       IOPS      MiB/s    Average        min        max
19: RDMA (addr:172.24.0.2 subnqn:nqn.2016-06.io.spdk:cnode1) NSID 1 from core  0:    4514.70      17.64     221.46      11.54    3188.47
19: RDMA (addr:172.24.0.2 subnqn:nqn.2016-06.io.spdk:cnode1) NSID 1 from core  1:    4507.70      17.61     221.81      11.60    2697.95
19: RDMA (addr:172.24.0.2 subnqn:nqn.2016-06.io.spdk:cnode1) NSID 1 from core  2:    4511.70      17.62     221.62      17.30    3153.02
19: RDMA (addr:172.24.0.2 subnqn:nqn.2016-06.io.spdk:cnode1) NSID 1 from core  3:    4506.00      17.60     221.88      16.67    2682.12
19: RDMA (addr:172.24.0.2 subnqn:nqn.2016-06.io.spdk:cnode1) NSID 1 from core  4:    4510.10      17.62     221.69      15.53    3589.60
19: RDMA (addr:172.24.0.2 subnqn:nqn.2016-06.io.spdk:cnode1) NSID 1 from core  5:    4510.80      17.62     221.63      11.45    2924.86
19: RDMA (addr:172.24.0.2 subnqn:nqn.2016-06.io.spdk:cnode1) NSID 1 from core  6:    4514.70      17.64     221.48      22.99    3208.43
19: RDMA (addr:172.24.0.2 subnqn:nqn.2016-06.io.spdk:cnode1) NSID 1 from core  7:    4515.60      17.64     221.40      12.44    3251.91
19: RDMA (addr:172.24.0.2 subnqn:nqn.2016-06.io.spdk:cnode1) NSID 1 from core  8:    4503.90      17.59     222.00      17.96    2587.70
19: RDMA (addr:172.24.0.2 subnqn:nqn.2016-06.io.spdk:cnode1) NSID 1 from core  9:    4507.80      17.61     221.80      13.84    3530.21
19: RDMA (addr:172.24.0.2 subnqn:nqn.2016-06.io.spdk:cnode1) NSID 1 from core 10:    4513.70      17.63     221.52      16.60    2584.11
19: RDMA (addr:172.24.0.2 subnqn:nqn.2016-06.io.spdk:cnode1) NSID 1 from core 11:    4505.60      17.60     221.89      17.67    3439.12
19: RDMA (addr:172.24.0.2 subnqn:nqn.2016-06.io.spdk:cnode1) NSID 1 from core 12:    4515.70      17.64     221.43      19.38    3252.26
19: RDMA (addr:172.24.0.2 subnqn:nqn.2016-06.io.spdk:cnode1) NSID 1 from core 13:    4511.00      17.62     221.65      19.97    2513.50
19: RDMA (addr:172.24.0.2 subnqn:nqn.2016-06.io.spdk:cnode1) NSID 1 from core 14:    4509.30      17.61     221.74      17.73    3610.07
19: RDMA (addr:172.24.0.2 subnqn:nqn.2016-06.io.spdk:cnode1) NSID 1 from core 15:    4508.80      17.61     221.73      17.60    3641.86
19: ========================================================
19: Total                                                                       :   72167.10     281.90     221.67      11.45    3641.86
19: 
 9: Initializing NVMe Controllers
 9: Attached to NVMe over Fabrics controller at 172.24.0.2:4420: nqn.2016-06.io.spdk:cnode1
 9: Controller attach time is 21552.603 us (51726246 ticks)
 9: Associating RDMA (addr:172.24.0.2 subnqn:nqn.2016-06.io.spdk:cnode1) NSID 1 with lcore 0
 9: Associating RDMA (addr:172.24.0.2 subnqn:nqn.2016-06.io.spdk:cnode1) NSID 1 with lcore 1
 9: Associating RDMA (addr:172.24.0.2 subnqn:nqn.2016-06.io.spdk:cnode1) NSID 1 with lcore 2
 9: Associating RDMA (addr:172.24.0.2 subnqn:nqn.2016-06.io.spdk:cnode1) NSID 1 with lcore 3
 9: Associating RDMA (addr:172.24.0.2 subnqn:nqn.2016-06.io.spdk:cnode1) NSID 1 with lcore 4
 9: Associating RDMA (addr:172.24.0.2 subnqn:nqn.2016-06.io.spdk:cnode1) NSID 1 with lcore 5
 9: Associating RDMA (addr:172.24.0.2 subnqn:nqn.2016-06.io.spdk:cnode1) NSID 1 with lcore 6
 9: Associating RDMA (addr:172.24.0.2 subnqn:nqn.2016-06.io.spdk:cnode1) NSID 1 with lcore 7
 9: Associating RDMA (addr:172.24.0.2 subnqn:nqn.2016-06.io.spdk:cnode1) NSID 1 with lcore 8
 9: Associating RDMA (addr:172.24.0.2 subnqn:nqn.2016-06.io.spdk:cnode1) NSID 1 with lcore 9
 9: Associating RDMA (addr:172.24.0.2 subnqn:nqn.2016-06.io.spdk:cnode1) NSID 1 with lcore 10
 9: Associating RDMA (addr:172.24.0.2 subnqn:nqn.2016-06.io.spdk:cnode1) NSID 1 with lcore 11
 9: Associating RDMA (addr:172.24.0.2 subnqn:nqn.2016-06.io.spdk:cnode1) NSID 1 with lcore 12
 9: Associating RDMA (addr:172.24.0.2 subnqn:nqn.2016-06.io.spdk:cnode1) NSID 1 with lcore 13
 9: Associating RDMA (addr:172.24.0.2 subnqn:nqn.2016-06.io.spdk:cnode1) NSID 1 with lcore 14
 9: Associating RDMA (addr:172.24.0.2 subnqn:nqn.2016-06.io.spdk:cnode1) NSID 1 with lcore 15
 9: Initialization complete. Launching workers.
 9: IO qp on core 3 total time 15650.681 us (37561635 ticks), connect time 7388.776 us (17733063 ticks)
 9: IO qp on core 0 total time 27141.676 us (65140023 ticks), connect time 17779.775 us (42671460 ticks)
 9: IO qp on core 5 total time 35127.348 us (84305634 ticks), connect time 25787.722 us (61890534 ticks)
 9: IO qp on core 2 total time 46481.649 us (111555958 ticks), connect time 36052.158 us (86525179 ticks)
 9: IO qp on core 1 total time 57774.893 us (138659742 ticks), connect time 47168.283 us (113203878 ticks)
 9: IO qp on core 6 total time 65064.195 us (156154068 ticks), connect time 55186.746 us (132448191 ticks)
 9: IO qp on core 4 total time 75390.917 us (180938200 ticks), connect time 64787.443 us (155489863 ticks)
 9: IO qp on core 12 total time 85215.905 us (204518171 ticks), connect time 74659.628 us (179183108 ticks)
 9: IO qp on core 11 total time 95135.238 us (228324570 ticks), connect time 84540.842 us (202898022 ticks)
 9: IO qp on core 15 total time 106799.745 us (256319388 ticks), connect time 96067.684 us (230562441 ticks)
 9: IO qp on core 13 total time 115187.878 us (276450906 ticks), connect time 104453.060 us (250687344 ticks)
 9: IO qp on core 14 total time 125296.795 us (300712308 ticks), connect time 113437.465 us (272249916 ticks)
 9: IO qp on core 7 total time 135267.665 us (324642396 ticks), connect time 123337.072 us (296008974 ticks)
 9: IO qp on core 10 total time 145153.342 us (348368021 ticks), connect time 133218.422 us (319724213 ticks)
 9: IO qp on core 9 total time 155785.286 us (373884687 ticks), connect time 143200.551 us (343681323 ticks)
 9: IO qp on core 8 total time 165437.920 us (397051009 ticks), connect time 152858.362 us (366860068 ticks)
 9: ========================================================
 9:                                                                                                                 Latency(us)
 9: Device Information                                                          :       IOPS      MiB/s    Average        min        max
 9: RDMA (addr:172.24.0.2 subnqn:nqn.2016-06.io.spdk:cnode1) NSID 1 from core  0:    4465.20      17.44     223.92      16.40    2676.62
 9: RDMA (addr:172.24.0.2 subnqn:nqn.2016-06.io.spdk:cnode1) NSID 1 from core  1:    4469.00      17.46     223.70      19.87    2924.77
 9: RDMA (addr:172.24.0.2 subnqn:nqn.2016-06.io.spdk:cnode1) NSID 1 from core  2:    4471.40      17.47     223.59      15.78    2587.74
 9: RDMA (addr:172.24.0.2 subnqn:nqn.2016-06.io.spdk:cnode1) NSID 1 from core  3:    4468.50      17.46     223.76      23.21    2395.66
 9: RDMA (addr:172.24.0.2 subnqn:nqn.2016-06.io.spdk:cnode1) NSID 1 from core  4:    4468.00      17.45     223.78      21.52    2493.54
 9: RDMA (addr:172.24.0.2 subnqn:nqn.2016-06.io.spdk:cnode1) NSID 1 from core  5:    4466.30      17.45     223.86      12.06    3033.72
 9: RDMA (addr:172.24.0.2 subnqn:nqn.2016-06.io.spdk:cnode1) NSID 1 from core  6:    4469.30      17.46     223.73      23.22    2522.80
 9: RDMA (addr:172.24.0.2 subnqn:nqn.2016-06.io.spdk:cnode1) NSID 1 from core  7:    4461.10      17.43     224.10      21.59    2720.54
 9: RDMA (addr:172.24.0.2 subnqn:nqn.2016-06.io.spdk:cnode1) NSID 1 from core  8:    4471.20      17.47     223.63      15.16    2582.93
 9: RDMA (addr:172.24.0.2 subnqn:nqn.2016-06.io.spdk:cnode1) NSID 1 from core  9:    4468.00      17.45     223.77      12.81    2447.93
 9: RDMA (addr:172.24.0.2 subnqn:nqn.2016-06.io.spdk:cnode1) NSID 1 from core 10:    4465.70      17.44     223.91      21.51    2928.19
 9: RDMA (addr:172.24.0.2 subnqn:nqn.2016-06.io.spdk:cnode1) NSID 1 from core 11:    4465.80      17.44     223.89      16.93    3046.10
 9: RDMA (addr:172.24.0.2 subnqn:nqn.2016-06.io.spdk:cnode1) NSID 1 from core 12:    4463.70      17.44     224.01      24.15    2611.29
 9: RDMA (addr:172.24.0.2 subnqn:nqn.2016-06.io.spdk:cnode1) NSID 1 from core 13:    4468.20      17.45     223.75      21.67    2444.12
 9: RDMA (addr:172.24.0.2 subnqn:nqn.2016-06.io.spdk:cnode1) NSID 1 from core 14:    4468.30      17.45     223.77      20.47    2380.29
 9: RDMA (addr:172.24.0.2 subnqn:nqn.2016-06.io.spdk:cnode1) NSID 1 from core 15:    4463.90      17.44     223.96      16.36    2910.14
 9: ========================================================
 9: Total                                                                       :   71473.60     279.19     223.82      12.06    3046.10
 9: 
 6: Initializing NVMe Controllers
 6: Attached to NVMe over Fabrics controller at 172.24.0.2:4420: nqn.2016-06.io.spdk:cnode1
 6: Controller attach time is 19647.171 us (47153210 ticks)
 6: Associating RDMA (addr:172.24.0.2 subnqn:nqn.2016-06.io.spdk:cnode1) NSID 1 with lcore 0
 6: Associating RDMA (addr:172.24.0.2 subnqn:nqn.2016-06.io.spdk:cnode1) NSID 1 with lcore 1
 6: Associating RDMA (addr:172.24.0.2 subnqn:nqn.2016-06.io.spdk:cnode1) NSID 1 with lcore 2
 6: Associating RDMA (addr:172.24.0.2 subnqn:nqn.2016-06.io.spdk:cnode1) NSID 1 with lcore 3
 6: Associating RDMA (addr:172.24.0.2 subnqn:nqn.2016-06.io.spdk:cnode1) NSID 1 with lcore 4
 6: Associating RDMA (addr:172.24.0.2 subnqn:nqn.2016-06.io.spdk:cnode1) NSID 1 with lcore 5
 6: Associating RDMA (addr:172.24.0.2 subnqn:nqn.2016-06.io.spdk:cnode1) NSID 1 with lcore 6
 6: Associating RDMA (addr:172.24.0.2 subnqn:nqn.2016-06.io.spdk:cnode1) NSID 1 with lcore 7
 6: Associating RDMA (addr:172.24.0.2 subnqn:nqn.2016-06.io.spdk:cnode1) NSID 1 with lcore 8
 6: Associating RDMA (addr:172.24.0.2 subnqn:nqn.2016-06.io.spdk:cnode1) NSID 1 with lcore 9
 6: Associating RDMA (addr:172.24.0.2 subnqn:nqn.2016-06.io.spdk:cnode1) NSID 1 with lcore 10
 6: Associating RDMA (addr:172.24.0.2 subnqn:nqn.2016-06.io.spdk:cnode1) NSID 1 with lcore 11
 6: Associating RDMA (addr:172.24.0.2 subnqn:nqn.2016-06.io.spdk:cnode1) NSID 1 with lcore 12
 6: Associating RDMA (addr:172.24.0.2 subnqn:nqn.2016-06.io.spdk:cnode1) NSID 1 with lcore 13
 6: Associating RDMA (addr:172.24.0.2 subnqn:nqn.2016-06.io.spdk:cnode1) NSID 1 with lcore 14
 6: Associating RDMA (addr:172.24.0.2 subnqn:nqn.2016-06.io.spdk:cnode1) NSID 1 with lcore 15
 6: Initialization complete. Launching workers.
 6: IO qp on core 2 total time 15663.463 us (37592311 ticks), connect time 6135.783 us (14725879 ticks)
 6: IO qp on core 8 total time 25480.147 us (61152352 ticks), connect time 16289.174 us (39094018 ticks)
 6: IO qp on core 4 total time 35618.905 us (85485373 ticks), connect time 26143.570 us (62744569 ticks)
 6: IO qp on core 3 total time 45864.692 us (110075262 ticks), connect time 35764.939 us (85835853 ticks)
 6: IO qp on core 5 total time 58001.933 us (139204639 ticks), connect time 47615.112 us (114276268 ticks)
 6: IO qp on core 6 total time 65273.749 us (156656998 ticks), connect time 54883.233 us (131719759 ticks)
 6: IO qp on core 9 total time 75851.141 us (182042738 ticks), connect time 64870.755 us (155689811 ticks)
 6: IO qp on core 7 total time 85972.900 us (206334961 ticks), connect time 74929.287 us (179830288 ticks)
 6: IO qp on core 10 total time 95671.437 us (229611449 ticks), connect time 82806.310 us (198735143 ticks)
 6: IO qp on core 12 total time 106121.393 us (254691342 ticks), connect time 93360.810 us (224065944 ticks)
 6: IO qp on core 11 total time 115700.787 us (277681889 ticks), connect time 102588.200 us (246211679 ticks)
 6: IO qp on core 15 total time 125323.035 us (300775283 ticks), connect time 111827.443 us (268385864 ticks)
 6: IO qp on core 13 total time 136038.305 us (326491931 ticks), connect time 122381.396 us (293715350 ticks)
 6: IO qp on core 0 total time 145515.629 us (349237510 ticks), connect time 131842.364 us (316421674 ticks)
 6: IO qp on core 1 total time 156948.659 us (376676782 ticks), connect time 142483.374 us (341960097 ticks)
 6: IO qp on core 14 total time 165596.567 us (397431760 ticks), connect time 151664.845 us (363995629 ticks)
 6: ========================================================
 6:                                                                                                                 Latency(us)
 6: Device Information                                                          :       IOPS      MiB/s    Average        min        max
 6: RDMA (addr:172.24.0.2 subnqn:nqn.2016-06.io.spdk:cnode1) NSID 1 from core  0:    4452.90      17.39     224.55      27.24    2373.86
 6: RDMA (addr:172.24.0.2 subnqn:nqn.2016-06.io.spdk:cnode1) NSID 1 from core  1:    4448.10      17.38     224.75      42.16    2506.74
 6: RDMA (addr:172.24.0.2 subnqn:nqn.2016-06.io.spdk:cnode1) NSID 1 from core  2:    4456.20      17.41     224.38      24.80    2354.37
 6: RDMA (addr:172.24.0.2 subnqn:nqn.2016-06.io.spdk:cnode1) NSID 1 from core  3:    4449.30      17.38     224.71      48.32    2587.52
 6: RDMA (addr:172.24.0.2 subnqn:nqn.2016-06.io.spdk:cnode1) NSID 1 from core  4:    4457.80      17.41     224.30      24.92    2680.07
 6: RDMA (addr:172.24.0.2 subnqn:nqn.2016-06.io.spdk:cnode1) NSID 1 from core  5:    4450.00      17.38     224.66      40.19    2916.60
 6: RDMA (addr:172.24.0.2 subnqn:nqn.2016-06.io.spdk:cnode1) NSID 1 from core  6:    4458.80      17.42     224.25      23.22    2473.93
 6: RDMA (addr:172.24.0.2 subnqn:nqn.2016-06.io.spdk:cnode1) NSID 1 from core  7:    4454.50      17.40     224.43      48.91    2586.16
 6: RDMA (addr:172.24.0.2 subnqn:nqn.2016-06.io.spdk:cnode1) NSID 1 from core  8:    4454.10      17.40     224.49      30.23    2363.29
 6: RDMA (addr:172.24.0.2 subnqn:nqn.2016-06.io.spdk:cnode1) NSID 1 from core  9:    4455.40      17.40     224.39      27.07    2477.74
 6: RDMA (addr:172.24.0.2 subnqn:nqn.2016-06.io.spdk:cnode1) NSID 1 from core 10:    4453.30      17.40     224.53      45.08    2586.48
 6: RDMA (addr:172.24.0.2 subnqn:nqn.2016-06.io.spdk:cnode1) NSID 1 from core 11:    4450.20      17.38     224.67      39.45    2753.41
 6: RDMA (addr:172.24.0.2 subnqn:nqn.2016-06.io.spdk:cnode1) NSID 1 from core 12:    4455.90      17.41     224.40      13.98    2452.98
 6: RDMA (addr:172.24.0.2 subnqn:nqn.2016-06.io.spdk:cnode1) NSID 1 from core 13:    4451.80      17.39     224.58      47.13    3027.70
 6: RDMA (addr:172.24.0.2 subnqn:nqn.2016-06.io.spdk:cnode1) NSID 1 from core 14:    4451.10      17.39     224.64      25.35    3207.32
 6: RDMA (addr:172.24.0.2 subnqn:nqn.2016-06.io.spdk:cnode1) NSID 1 from core 15:    4454.70      17.40     224.45      26.59    2369.24
 6: ========================================================
 6: Total                                                                       :   71254.10     278.34     224.51      13.98    3207.32
 6: 
14: Initializing NVMe Controllers
14: Attached to NVMe over Fabrics controller at 172.24.0.2:4420: nqn.2016-06.io.spdk:cnode1
14: Controller attach time is 21132.068 us (50716962 ticks)
14: Associating RDMA (addr:172.24.0.2 subnqn:nqn.2016-06.io.spdk:cnode1) NSID 1 with lcore 0
14: Associating RDMA (addr:172.24.0.2 subnqn:nqn.2016-06.io.spdk:cnode1) NSID 1 with lcore 1
14: Associating RDMA (addr:172.24.0.2 subnqn:nqn.2016-06.io.spdk:cnode1) NSID 1 with lcore 2
14: Associating RDMA (addr:172.24.0.2 subnqn:nqn.2016-06.io.spdk:cnode1) NSID 1 with lcore 3
14: Associating RDMA (addr:172.24.0.2 subnqn:nqn.2016-06.io.spdk:cnode1) NSID 1 with lcore 4
14: Associating RDMA (addr:172.24.0.2 subnqn:nqn.2016-06.io.spdk:cnode1) NSID 1 with lcore 5
14: Associating RDMA (addr:172.24.0.2 subnqn:nqn.2016-06.io.spdk:cnode1) NSID 1 with lcore 6
14: Associating RDMA (addr:172.24.0.2 subnqn:nqn.2016-06.io.spdk:cnode1) NSID 1 with lcore 7
14: Associating RDMA (addr:172.24.0.2 subnqn:nqn.2016-06.io.spdk:cnode1) NSID 1 with lcore 8
14: Associating RDMA (addr:172.24.0.2 subnqn:nqn.2016-06.io.spdk:cnode1) NSID 1 with lcore 9
14: Associating RDMA (addr:172.24.0.2 subnqn:nqn.2016-06.io.spdk:cnode1) NSID 1 with lcore 10
14: Associating RDMA (addr:172.24.0.2 subnqn:nqn.2016-06.io.spdk:cnode1) NSID 1 with lcore 11
14: Associating RDMA (addr:172.24.0.2 subnqn:nqn.2016-06.io.spdk:cnode1) NSID 1 with lcore 12
14: Associating RDMA (addr:172.24.0.2 subnqn:nqn.2016-06.io.spdk:cnode1) NSID 1 with lcore 13
14: Associating RDMA (addr:172.24.0.2 subnqn:nqn.2016-06.io.spdk:cnode1) NSID 1 with lcore 14
14: Associating RDMA (addr:172.24.0.2 subnqn:nqn.2016-06.io.spdk:cnode1) NSID 1 with lcore 15
14: Initialization complete. Launching workers.
14: IO qp on core 9 total time 24057.722 us (57738533 ticks), connect time 13587.356 us (32609654 ticks)
14: IO qp on core 1 total time 34619.462 us (83086708 ticks), connect time 22922.440 us (55013856 ticks)
14: IO qp on core 7 total time 43499.425 us (104398621 ticks), connect time 33025.787 us (79261888 ticks)
14: IO qp on core 0 total time 53904.700 us (129371280 ticks), connect time 42587.585 us (102210204 ticks)
14: IO qp on core 2 total time 64438.459 us (154652301 ticks), connect time 52531.804 us (126076329 ticks)
14: IO qp on core 4 total time 73479.098 us (176349834 ticks), connect time 62736.669 us (150568005 ticks)
14: IO qp on core 11 total time 83711.366 us (200907279 ticks), connect time 72674.541 us (174418899 ticks)
14: IO qp on core 10 total time 93936.723 us (225448134 ticks), connect time 81789.564 us (196294953 ticks)
14: IO qp on core 8 total time 104049.408 us (249718580 ticks), connect time 91646.875 us (219952499 ticks)
14: IO qp on core 13 total time 113539.481 us (272494754 ticks), connect time 101132.238 us (242717372 ticks)
14: IO qp on core 12 total time 123669.723 us (296807336 ticks), connect time 111262.208 us (267029300 ticks)
14: IO qp on core 14 total time 133688.785 us (320853084 ticks), connect time 120882.696 us (290118471 ticks)
14: IO qp on core 3 total time 144483.112 us (346759468 ticks), connect time 131043.187 us (314503648 ticks)
14: IO qp on core 6 total time 153877.575 us (369306180 ticks), connect time 140432.859 us (337038861 ticks)
14: IO qp on core 15 total time 163725.983 us (392942359 ticks), connect time 150205.339 us (360492814 ticks)
14: IO qp on core 5 total time 173714.884 us (416915721 ticks), connect time 159926.796 us (383824311 ticks)
14: ========================================================
14:                                                                                                                 Latency(us)
14: Device Information                                                          :       IOPS      MiB/s    Average        min        max
14: RDMA (addr:172.24.0.2 subnqn:nqn.2016-06.io.spdk:cnode1) NSID 1 from core  0:    4453.80      17.40     224.48      39.94    3479.30
14: RDMA (addr:172.24.0.2 subnqn:nqn.2016-06.io.spdk:cnode1) NSID 1 from core  1:    4448.40      17.38     224.77      39.00    3210.80
14: RDMA (addr:172.24.0.2 subnqn:nqn.2016-06.io.spdk:cnode1) NSID 1 from core  2:    4459.00      17.42     224.24      40.42    2351.57
14: RDMA (addr:172.24.0.2 subnqn:nqn.2016-06.io.spdk:cnode1) NSID 1 from core  3:    4451.20      17.39     224.60      47.28    2356.15
14: RDMA (addr:172.24.0.2 subnqn:nqn.2016-06.io.spdk:cnode1) NSID 1 from core  4:    4455.00      17.40     224.44      43.56    2613.65
14: RDMA (addr:172.24.0.2 subnqn:nqn.2016-06.io.spdk:cnode1) NSID 1 from core  5:    4452.70      17.39     224.52      48.50    3480.48
14: RDMA (addr:172.24.0.2 subnqn:nqn.2016-06.io.spdk:cnode1) NSID 1 from core  6:    4454.30      17.40     224.48      44.21    3480.12
14: RDMA (addr:172.24.0.2 subnqn:nqn.2016-06.io.spdk:cnode1) NSID 1 from core  7:    4448.10      17.38     224.78      29.82    2338.15
14: RDMA (addr:172.24.0.2 subnqn:nqn.2016-06.io.spdk:cnode1) NSID 1 from core  8:    4455.10      17.40     224.44      31.64    2673.83
14: RDMA (addr:172.24.0.2 subnqn:nqn.2016-06.io.spdk:cnode1) NSID 1 from core  9:    4453.10      17.39     224.51      49.67    2377.00
14: RDMA (addr:172.24.0.2 subnqn:nqn.2016-06.io.spdk:cnode1) NSID 1 from core 10:    4454.00      17.40     224.49      26.16    2928.08
14: RDMA (addr:172.24.0.2 subnqn:nqn.2016-06.io.spdk:cnode1) NSID 1 from core 11:    4450.90      17.39     224.62      29.57    2471.59
14: RDMA (addr:172.24.0.2 subnqn:nqn.2016-06.io.spdk:cnode1) NSID 1 from core 12:    4458.40      17.42     224.27      40.72    2375.26
14: RDMA (addr:172.24.0.2 subnqn:nqn.2016-06.io.spdk:cnode1) NSID 1 from core 13:    4454.50      17.40     224.45      42.91    3047.05
14: RDMA (addr:172.24.0.2 subnqn:nqn.2016-06.io.spdk:cnode1) NSID 1 from core 14:    4451.10      17.39     224.63      48.41    2478.19
14: RDMA (addr:172.24.0.2 subnqn:nqn.2016-06.io.spdk:cnode1) NSID 1 from core 15:    4457.60      17.41     224.30      28.20    2432.35
14: ========================================================
14: Total                                                                       :   71257.20     278.35     224.50      26.16    3480.48
14: 
 5: Initializing NVMe Controllers
 5: Attached to NVMe over Fabrics controller at 172.24.0.2:4420: nqn.2016-06.io.spdk:cnode1
 5: Controller attach time is 20689.723 us (49655336 ticks)
 5: Associating RDMA (addr:172.24.0.2 subnqn:nqn.2016-06.io.spdk:cnode1) NSID 1 with lcore 0
 5: Associating RDMA (addr:172.24.0.2 subnqn:nqn.2016-06.io.spdk:cnode1) NSID 1 with lcore 1
 5: Associating RDMA (addr:172.24.0.2 subnqn:nqn.2016-06.io.spdk:cnode1) NSID 1 with lcore 2
 5: Associating RDMA (addr:172.24.0.2 subnqn:nqn.2016-06.io.spdk:cnode1) NSID 1 with lcore 3
 5: Associating RDMA (addr:172.24.0.2 subnqn:nqn.2016-06.io.spdk:cnode1) NSID 1 with lcore 4
 5: Associating RDMA (addr:172.24.0.2 subnqn:nqn.2016-06.io.spdk:cnode1) NSID 1 with lcore 5
 5: Associating RDMA (addr:172.24.0.2 subnqn:nqn.2016-06.io.spdk:cnode1) NSID 1 with lcore 6
 5: Associating RDMA (addr:172.24.0.2 subnqn:nqn.2016-06.io.spdk:cnode1) NSID 1 with lcore 7
 5: Associating RDMA (addr:172.24.0.2 subnqn:nqn.2016-06.io.spdk:cnode1) NSID 1 with lcore 8
 5: Associating RDMA (addr:172.24.0.2 subnqn:nqn.2016-06.io.spdk:cnode1) NSID 1 with lcore 9
 5: Associating RDMA (addr:172.24.0.2 subnqn:nqn.2016-06.io.spdk:cnode1) NSID 1 with lcore 10
 5: Associating RDMA (addr:172.24.0.2 subnqn:nqn.2016-06.io.spdk:cnode1) NSID 1 with lcore 11
 5: Associating RDMA (addr:172.24.0.2 subnqn:nqn.2016-06.io.spdk:cnode1) NSID 1 with lcore 12
 5: Associating RDMA (addr:172.24.0.2 subnqn:nqn.2016-06.io.spdk:cnode1) NSID 1 with lcore 13
 5: Associating RDMA (addr:172.24.0.2 subnqn:nqn.2016-06.io.spdk:cnode1) NSID 1 with lcore 14
 5: Associating RDMA (addr:172.24.0.2 subnqn:nqn.2016-06.io.spdk:cnode1) NSID 1 with lcore 15
 5: Initialization complete. Launching workers.
 5: IO qp on core 4 total time 16783.575 us (40280581 ticks), connect time 7456.233 us (17894959 ticks)
 5: IO qp on core 14 total time 24987.834 us (59970802 ticks), connect time 16001.838 us (38404411 ticks)
 5: IO qp on core 8 total time 35349.044 us (84837705 ticks), connect time 26109.511 us (62662827 ticks)
 5: IO qp on core 2 total time 45650.970 us (109562329 ticks), connect time 36072.475 us (86573941 ticks)
 5: IO qp on core 7 total time 55835.043 us (134004102 ticks), connect time 45585.091 us (109404219 ticks)
 5: IO qp on core 6 total time 65440.005 us (157056012 ticks), connect time 54432.115 us (130637076 ticks)
 5: IO qp on core 9 total time 75959.527 us (182302866 ticks), connect time 64814.190 us (155554056 ticks)
 5: IO qp on core 5 total time 86136.247 us (206726994 ticks), connect time 74829.334 us (179590401 ticks)
 5: IO qp on core 1 total time 95611.423 us (229467414 ticks), connect time 83449.419 us (200278605 ticks)
 5: IO qp on core 10 total time 105553.848 us (253329234 ticks), connect time 93648.508 us (224756418 ticks)
 5: IO qp on core 12 total time 115301.021 us (276722451 ticks), connect time 103061.569 us (247347765 ticks)
 5: IO qp on core 11 total time 125720.379 us (301728909 ticks), connect time 113439.812 us (272255550 ticks)
 5: IO qp on core 0 total time 135669.171 us (325606011 ticks), connect time 123236.171 us (295766811 ticks)
 5: IO qp on core 13 total time 145900.895 us (350162148 ticks), connect time 133426.936 us (320224647 ticks)
 5: IO qp on core 3 total time 156052.265 us (374525436 ticks), connect time 142400.911 us (341762187 ticks)
 5: IO qp on core 15 total time 165356.948 us (396856674 ticks), connect time 151945.746 us (364669791 ticks)
 5: ========================================================
 5:                                                                                                                 Latency(us)
 5: Device Information                                                          :       IOPS      MiB/s    Average        min        max
 5: RDMA (addr:172.24.0.2 subnqn:nqn.2016-06.io.spdk:cnode1) NSID 1 from core  0:    4451.60      17.39     224.61      46.12    2334.20
 5: RDMA (addr:172.24.0.2 subnqn:nqn.2016-06.io.spdk:cnode1) NSID 1 from core  1:    4457.50      17.41     224.30      32.65    2633.08
 5: RDMA (addr:172.24.0.2 subnqn:nqn.2016-06.io.spdk:cnode1) NSID 1 from core  2:    4458.60      17.42     224.26      42.94    2697.97
 5: RDMA (addr:172.24.0.2 subnqn:nqn.2016-06.io.spdk:cnode1) NSID 1 from core  3:    4452.10      17.39     224.58      46.56    3254.78
 5: RDMA (addr:172.24.0.2 subnqn:nqn.2016-06.io.spdk:cnode1) NSID 1 from core  4:    4458.00      17.41     224.29      26.64    2157.54
 5: RDMA (addr:172.24.0.2 subnqn:nqn.2016-06.io.spdk:cnode1) NSID 1 from core  5:    4456.80      17.41     224.32      47.92    2537.32
 5: RDMA (addr:172.24.0.2 subnqn:nqn.2016-06.io.spdk:cnode1) NSID 1 from core  6:    4454.80      17.40     224.45      26.47    3480.94
 5: RDMA (addr:172.24.0.2 subnqn:nqn.2016-06.io.spdk:cnode1) NSID 1 from core  7:    4457.90      17.41     224.28      41.48    3028.90
 5: RDMA (addr:172.24.0.2 subnqn:nqn.2016-06.io.spdk:cnode1) NSID 1 from core  8:    4456.30      17.41     224.36      50.56    2520.08
 5: RDMA (addr:172.24.0.2 subnqn:nqn.2016-06.io.spdk:cnode1) NSID 1 from core  9:    4457.30      17.41     224.30      23.55    2616.26
 5: RDMA (addr:172.24.0.2 subnqn:nqn.2016-06.io.spdk:cnode1) NSID 1 from core 10:    4450.00      17.38     224.70      41.82    3082.13
 5: RDMA (addr:172.24.0.2 subnqn:nqn.2016-06.io.spdk:cnode1) NSID 1 from core 11:    4457.20      17.41     224.30      39.63    2674.61
 5: RDMA (addr:172.24.0.2 subnqn:nqn.2016-06.io.spdk:cnode1) NSID 1 from core 12:    4458.00      17.41     224.29      48.59    2356.34
 5: RDMA (addr:172.24.0.2 subnqn:nqn.2016-06.io.spdk:cnode1) NSID 1 from core 13:    4455.70      17.41     224.39      37.58    2740.36
 5: RDMA (addr:172.24.0.2 subnqn:nqn.2016-06.io.spdk:cnode1) NSID 1 from core 14:    4458.40      17.42     224.27      35.13    2536.66
 5: RDMA (addr:172.24.0.2 subnqn:nqn.2016-06.io.spdk:cnode1) NSID 1 from core 15:    4457.40      17.41     224.32      48.86    2167.49
 5: ========================================================
 5: Total                                                                       :   71297.60     278.51     224.38      23.55    3480.94
 5: 
15: Initializing NVMe Controllers
15: Attached to NVMe over Fabrics controller at 172.24.0.2:4420: nqn.2016-06.io.spdk:cnode1
15: Controller attach time is 23601.005 us (56642412 ticks)
15: Associating RDMA (addr:172.24.0.2 subnqn:nqn.2016-06.io.spdk:cnode1) NSID 1 with lcore 0
15: Associating RDMA (addr:172.24.0.2 subnqn:nqn.2016-06.io.spdk:cnode1) NSID 1 with lcore 1
15: Associating RDMA (addr:172.24.0.2 subnqn:nqn.2016-06.io.spdk:cnode1) NSID 1 with lcore 2
15: Associating RDMA (addr:172.24.0.2 subnqn:nqn.2016-06.io.spdk:cnode1) NSID 1 with lcore 3
15: Associating RDMA (addr:172.24.0.2 subnqn:nqn.2016-06.io.spdk:cnode1) NSID 1 with lcore 4
15: Associating RDMA (addr:172.24.0.2 subnqn:nqn.2016-06.io.spdk:cnode1) NSID 1 with lcore 5
15: Associating RDMA (addr:172.24.0.2 subnqn:nqn.2016-06.io.spdk:cnode1) NSID 1 with lcore 6
15: Associating RDMA (addr:172.24.0.2 subnqn:nqn.2016-06.io.spdk:cnode1) NSID 1 with lcore 7
15: Associating RDMA (addr:172.24.0.2 subnqn:nqn.2016-06.io.spdk:cnode1) NSID 1 with lcore 8
15: Associating RDMA (addr:172.24.0.2 subnqn:nqn.2016-06.io.spdk:cnode1) NSID 1 with lcore 9
15: Associating RDMA (addr:172.24.0.2 subnqn:nqn.2016-06.io.spdk:cnode1) NSID 1 with lcore 10
15: Associating RDMA (addr:172.24.0.2 subnqn:nqn.2016-06.io.spdk:cnode1) NSID 1 with lcore 11
15: Associating RDMA (addr:172.24.0.2 subnqn:nqn.2016-06.io.spdk:cnode1) NSID 1 with lcore 12
15: Associating RDMA (addr:172.24.0.2 subnqn:nqn.2016-06.io.spdk:cnode1) NSID 1 with lcore 13
15: Associating RDMA (addr:172.24.0.2 subnqn:nqn.2016-06.io.spdk:cnode1) NSID 1 with lcore 14
15: Associating RDMA (addr:172.24.0.2 subnqn:nqn.2016-06.io.spdk:cnode1) NSID 1 with lcore 15
15: Initialization complete. Launching workers.
15: IO qp on core 2 total time 24553.510 us (58928424 ticks), connect time 14993.558 us (35984538 ticks)
15: IO qp on core 1 total time 34246.095 us (82190628 ticks), connect time 24601.275 us (59043059 ticks)
15: IO qp on core 3 total time 44735.924 us (107366218 ticks), connect time 34985.895 us (83966147 ticks)
15: IO qp on core 0 total time 53558.731 us (128540954 ticks), connect time 43722.327 us (104933585 ticks)
15: IO qp on core 5 total time 63263.095 us (151831429 ticks), connect time 53635.727 us (128725744 ticks)
15: IO qp on core 4 total time 73281.319 us (175875165 ticks), connect time 63594.221 us (152626131 ticks)
15: IO qp on core 6 total time 83405.745 us (200173788 ticks), connect time 73317.231 us (175961355 ticks)
15: IO qp on core 8 total time 93115.231 us (223476555 ticks), connect time 82953.539 us (199088493 ticks)
15: IO qp on core 9 total time 103098.395 us (247436147 ticks), connect time 92802.560 us (222726143 ticks)
15: IO qp on core 7 total time 113381.978 us (272116747 ticks), connect time 102478.822 us (245949172 ticks)
15: IO qp on core 14 total time 122731.791 us (294556298 ticks), connect time 111239.793 us (266975504 ticks)
15: IO qp on core 10 total time 132719.445 us (318526667 ticks), connect time 121096.598 us (290631836 ticks)
15: IO qp on core 12 total time 142991.486 us (343179566 ticks), connect time 131095.928 us (314630228 ticks)
15: IO qp on core 13 total time 153018.978 us (367245546 ticks), connect time 140909.044 us (338181705 ticks)
15: IO qp on core 15 total time 163259.723 us (391823334 ticks), connect time 151145.505 us (362749212 ticks)
15: IO qp on core 11 total time 173077.132 us (415385116 ticks), connect time 160914.484 us (386194762 ticks)
15: ========================================================
15:                                                                                                                 Latency(us)
15: Device Information                                                          :       IOPS      MiB/s    Average        min        max
15: RDMA (addr:172.24.0.2 subnqn:nqn.2016-06.io.spdk:cnode1) NSID 1 from core  0:    4463.50      17.44     223.96      21.89    2495.16
15: RDMA (addr:172.24.0.2 subnqn:nqn.2016-06.io.spdk:cnode1) NSID 1 from core  1:    4469.40      17.46     223.69      27.72    2538.20
15: RDMA (addr:172.24.0.2 subnqn:nqn.2016-06.io.spdk:cnode1) NSID 1 from core  2:    4464.00      17.44     223.99      29.53    3230.42
15: RDMA (addr:172.24.0.2 subnqn:nqn.2016-06.io.spdk:cnode1) NSID 1 from core  3:    4465.30      17.44     223.91      51.27    2166.59
15: RDMA (addr:172.24.0.2 subnqn:nqn.2016-06.io.spdk:cnode1) NSID 1 from core  4:    4465.20      17.44     223.93      35.99    2734.55
15: RDMA (addr:172.24.0.2 subnqn:nqn.2016-06.io.spdk:cnode1) NSID 1 from core  5:    4464.50      17.44     223.92      53.86    2172.74
15: RDMA (addr:172.24.0.2 subnqn:nqn.2016-06.io.spdk:cnode1) NSID 1 from core  6:    4467.50      17.45     223.82      37.44    3254.44
15: RDMA (addr:172.24.0.2 subnqn:nqn.2016-06.io.spdk:cnode1) NSID 1 from core  7:    4464.50      17.44     223.94      24.32    3241.34
15: RDMA (addr:172.24.0.2 subnqn:nqn.2016-06.io.spdk:cnode1) NSID 1 from core  8:    4466.60      17.45     223.86      25.18    2729.11
15: RDMA (addr:172.24.0.2 subnqn:nqn.2016-06.io.spdk:cnode1) NSID 1 from core  9:    4467.70      17.45     223.79      35.06    3255.51
15: RDMA (addr:172.24.0.2 subnqn:nqn.2016-06.io.spdk:cnode1) NSID 1 from core 10:    4464.80      17.44     223.95      43.09    3238.22
15: RDMA (addr:172.24.0.2 subnqn:nqn.2016-06.io.spdk:cnode1) NSID 1 from core 11:    4467.10      17.45     223.83      27.60    2717.35
15: RDMA (addr:172.24.0.2 subnqn:nqn.2016-06.io.spdk:cnode1) NSID 1 from core 12:    4470.30      17.46     223.68      40.20    2173.22
15: RDMA (addr:172.24.0.2 subnqn:nqn.2016-06.io.spdk:cnode1) NSID 1 from core 13:    4462.90      17.43     224.04      49.41    2483.39
15: RDMA (addr:172.24.0.2 subnqn:nqn.2016-06.io.spdk:cnode1) NSID 1 from core 14:    4472.00      17.47     223.59      40.20    2503.89
15: RDMA (addr:172.24.0.2 subnqn:nqn.2016-06.io.spdk:cnode1) NSID 1 from core 15:    4469.30      17.46     223.69      33.08    2155.09
15: ========================================================
15: Total                                                                       :   71464.60     279.16     223.85      21.89    3255.51
15: 
 8: Initializing NVMe Controllers
 8: Attached to NVMe over Fabrics controller at 172.24.0.2:4420: nqn.2016-06.io.spdk:cnode1
 8: Controller attach time is 21577.439 us (51785853 ticks)
 8: Associating RDMA (addr:172.24.0.2 subnqn:nqn.2016-06.io.spdk:cnode1) NSID 1 with lcore 0
 8: Associating RDMA (addr:172.24.0.2 subnqn:nqn.2016-06.io.spdk:cnode1) NSID 1 with lcore 1
 8: Associating RDMA (addr:172.24.0.2 subnqn:nqn.2016-06.io.spdk:cnode1) NSID 1 with lcore 2
 8: Associating RDMA (addr:172.24.0.2 subnqn:nqn.2016-06.io.spdk:cnode1) NSID 1 with lcore 3
 8: Associating RDMA (addr:172.24.0.2 subnqn:nqn.2016-06.io.spdk:cnode1) NSID 1 with lcore 4
 8: Associating RDMA (addr:172.24.0.2 subnqn:nqn.2016-06.io.spdk:cnode1) NSID 1 with lcore 5
 8: Associating RDMA (addr:172.24.0.2 subnqn:nqn.2016-06.io.spdk:cnode1) NSID 1 with lcore 6
 8: Associating RDMA (addr:172.24.0.2 subnqn:nqn.2016-06.io.spdk:cnode1) NSID 1 with lcore 7
 8: Associating RDMA (addr:172.24.0.2 subnqn:nqn.2016-06.io.spdk:cnode1) NSID 1 with lcore 8
 8: Associating RDMA (addr:172.24.0.2 subnqn:nqn.2016-06.io.spdk:cnode1) NSID 1 with lcore 9
 8: Associating RDMA (addr:172.24.0.2 subnqn:nqn.2016-06.io.spdk:cnode1) NSID 1 with lcore 10
 8: Associating RDMA (addr:172.24.0.2 subnqn:nqn.2016-06.io.spdk:cnode1) NSID 1 with lcore 11
 8: Associating RDMA (addr:172.24.0.2 subnqn:nqn.2016-06.io.spdk:cnode1) NSID 1 with lcore 12
 8: Associating RDMA (addr:172.24.0.2 subnqn:nqn.2016-06.io.spdk:cnode1) NSID 1 with lcore 13
 8: Associating RDMA (addr:172.24.0.2 subnqn:nqn.2016-06.io.spdk:cnode1) NSID 1 with lcore 14
 8: Associating RDMA (addr:172.24.0.2 subnqn:nqn.2016-06.io.spdk:cnode1) NSID 1 with lcore 15
 8: Initialization complete. Launching workers.
 8: IO qp on core 2 total time 26187.664 us (62850394 ticks), connect time 16707.999 us (40099198 ticks)
 8: IO qp on core 1 total time 35487.097 us (85169032 ticks), connect time 26017.694 us (62442466 ticks)
 8: IO qp on core 4 total time 45209.464 us (108502713 ticks), connect time 35610.596 us (85465431 ticks)
 8: IO qp on core 3 total time 55495.757 us (133189816 ticks), connect time 45798.247 us (109915792 ticks)
 8: IO qp on core 5 total time 65853.258 us (158047820 ticks), connect time 55533.358 us (133280059 ticks)
 8: IO qp on core 7 total time 75525.314 us (181260754 ticks), connect time 64919.113 us (155805871 ticks)
 8: IO qp on core 6 total time 85326.423 us (204783414 ticks), connect time 74617.438 us (179081850 ticks)
 8: IO qp on core 8 total time 95471.136 us (229130726 ticks), connect time 84464.615 us (202715075 ticks)
 8: IO qp on core 9 total time 105355.122 us (252852292 ticks), connect time 94338.600 us (226412639 ticks)
 8: IO qp on core 10 total time 115066.541 us (276159699 ticks), connect time 103851.851 us (249244443 ticks)
 8: IO qp on core 11 total time 124575.900 us (298982161 ticks), connect time 113566.250 us (272559001 ticks)
 8: IO qp on core 0 total time 134781.765 us (323476235 ticks), connect time 123070.077 us (295368185 ticks)
 8: IO qp on core 13 total time 144708.331 us (347299995 ticks), connect time 133577.101 us (320585043 ticks)
 8: IO qp on core 12 total time 154282.815 us (370278757 ticks), connect time 142951.817 us (343084360 ticks)
 8: IO qp on core 14 total time 164229.523 us (394150856 ticks), connect time 152704.647 us (366491153 ticks)
 8: IO qp on core 15 total time 174524.658 us (418859178 ticks), connect time 162191.872 us (389260494 ticks)
 8: ========================================================
 8:                                                                                                                 Latency(us)
 8: Device Information                                                          :       IOPS      MiB/s    Average        min        max
 8: RDMA (addr:172.24.0.2 subnqn:nqn.2016-06.io.spdk:cnode1) NSID 1 from core  0:    4478.00      17.49     223.29      26.06    2902.91
 8: RDMA (addr:172.24.0.2 subnqn:nqn.2016-06.io.spdk:cnode1) NSID 1 from core  1:    4479.30      17.50     223.20      32.93    3369.02
 8: RDMA (addr:172.24.0.2 subnqn:nqn.2016-06.io.spdk:cnode1) NSID 1 from core  2:    4484.10      17.52     222.99      25.77    2071.07
12: Initializing NVMe Controllers
12: Attached to NVMe over Fabrics controller at 172.24.0.2:4420: nqn.2016-06.io.spdk:cnode1
12: Controller attach time is 20540.215 us (49296516 ticks)
12: Associating RDMA (addr:172.24.0.2 subnqn:nqn.2016-06.io.spdk:cnode1) NSID 1 with lcore 0
12: Associating RDMA (addr:172.24.0.2 subnqn:nqn.2016-06.io.spdk:cnode1) NSID 1 with lcore 1
12: Associating RDMA (addr:172.24.0.2 subnqn:nqn.2016-06.io.spdk:cnode1) NSID 1 with lcore 2
12: Associating RDMA (addr:172.24.0.2 subnqn:nqn.2016-06.io.spdk:cnode1) NSID 1 with lcore 3
12: Associating RDMA (addr:172.24.0.2 subnqn:nqn.2016-06.io.spdk:cnode1) NSID 1 with lcore 4
12: Associating RDMA (addr:172.24.0.2 subnqn:nqn.2016-06.io.spdk:cnode1) NSID 1 with lcore 5
12: Associating RDMA (addr:172.24.0.2 subnqn:nqn.2016-06.io.spdk:cnode1) NSID 1 with lcore 6
12: Associating RDMA (addr:172.24.0.2 subnqn:nqn.2016-06.io.spdk:cnode1) NSID 1 with lcore 7
12: Associating RDMA (addr:172.24.0.2 subnqn:nqn.2016-06.io.spdk:cnode1) NSID 1 with lcore 8
12: Associating RDMA (addr:172.24.0.2 subnqn:nqn.2016-06.io.spdk:cnode1) NSID 1 with lcore 9
12: Associating RDMA (addr:172.24.0.2 subnqn:nqn.2016-06.io.spdk:cnode1) NSID 1 with lcore 10
12: Associating RDMA (addr:172.24.0.2 subnqn:nqn.2016-06.io.spdk:cnode1) NSID 1 with lcore 11
12: Associating RDMA (addr:172.24.0.2 subnqn:nqn.2016-06.io.spdk:cnode1) NSID 1 with lcore 12
12: Associating RDMA (addr:172.24.0.2 subnqn:nqn.2016-06.io.spdk:cnode1) NSID 1 with lcore 13
12: Associating RDMA (addr:172.24.0.2 subnqn:nqn.2016-06.io.spdk:cnode1) NSID 1 with lcore 14
12: Associating RDMA (addr:172.24.0.2 subnqn:nqn.2016-06.io.spdk:cnode1) NSID 1 with lcore 15
12: Initialization complete. Launching workers.
12: IO qp on core 2 total time 16587.424 us (39809817 ticks), connect time 7345.015 us (17628036 ticks)
12: IO qp on core 3 total time 26313.857 us (63153256 ticks), connect time 17027.383 us (40865719 ticks)
12: IO qp on core 1 total time 36306.635 us (87135925 ticks), connect time 26761.298 us (64227114 ticks)
 3: Initializing NVMe Controllers
 3: Attached to NVMe over Fabrics controller at 172.24.0.2:4420: nqn.2016-06.io.spdk:cnode1
 3: Controller attach time is 21391.954 us (51340689 ticks)
 3: Associating RDMA (addr:172.24.0.2 subnqn:nqn.2016-06.io.spdk:cnode1) NSID 1 with lcore 0
 3: Associating RDMA (addr:172.24.0.2 subnqn:nqn.2016-06.io.spdk:cnode1) NSID 1 with lcore 1
 3: Associating RDMA (addr:172.24.0.2 subnqn:nqn.2016-06.io.spdk:cnode1) NSID 1 with lcore 2
 3: Associating RDMA (addr:172.24.0.2 subnqn:nqn.2016-06.io.spdk:cnode1) NSID 1 with lcore 3
 3: Associating RDMA (addr:172.24.0.2 subnqn:nqn.2016-06.io.spdk:cnode1) NSID 1 with lcore 4
 3: Associating RDMA (addr:172.24.0.2 subnqn:nqn.2016-06.io.spdk:cnode1) NSID 1 with lcore 5
 3: Associating RDMA (addr:172.24.0.2 subnqn:nqn.2016-06.io.spdk:cnode1) NSID 1 with lcore 6
 3: Associating RDMA (addr:172.24.0.2 subnqn:nqn.2016-06.io.spdk:cnode1) NSID 1 with lcore 7
 3: Associating RDMA (addr:172.24.0.2 subnqn:nqn.2016-06.io.spdk:cnode1) NSID 1 with lcore 8
 3: Associating RDMA (addr:172.24.0.2 subnqn:nqn.2016-06.io.spdk:cnode1) NSID 1 with lcore 9
 3: Associating RDMA (addr:172.24.0.2 subnqn:nqn.2016-06.io.spdk:cnode1) NSID 1 with lcore 10
 3: Associating RDMA (addr:172.24.0.2 subnqn:nqn.2016-06.io.spdk:cnode1) NSID 1 with lcore 11
 3: Associating RDMA (addr:172.24.0.2 subnqn:nqn.2016-06.io.spdk:cnode1) NSID 1 with lcore 12
 3: Associating RDMA (addr:172.24.0.2 subnqn:nqn.2016-06.io.spdk:cnode1) NSID 1 with lcore 13
 3: Associating RDMA (addr:172.24.0.2 subnqn:nqn.2016-06.io.spdk:cnode1) NSID 1 with lcore 14
 3: Associating RDMA (addr:172.24.0.2 subnqn:nqn.2016-06.io.spdk:cnode1) NSID 1 with lcore 15
 3: Initialization complete. Launching workers.
 3: IO qp on core 2 total time 26399.399 us (63358558 ticks), connect time 15294.800 us (36707521 ticks)
 3: IO qp on core 3 total time 36196.465 us (86871516 ticks), connect time 25141.310 us (60339144 ticks)
 3: IO qp on core 1 total time 45755.753 us (109813806 ticks), connect time 34494.659 us (82787181 ticks)
12: IO qp on core 4 total time 46664.905 us (111995772 ticks), connect time 37064.603 us (88955046 ticks)
12: IO qp on core 0 total time 55299.915 us (132719796 ticks), connect time 45962.496 us (110309991 ticks)
12: IO qp on core 5 total time 65660.237 us (157584568 ticks), connect time 56066.429 us (134559430 ticks)
12: IO qp on core 6 total time 74952.865 us (179886876 ticks), connect time 65029.839 us (156071613 ticks)
12: IO qp on core 10 total time 85424.770 us (205019447 ticks), connect time 75623.578 us (181496588 ticks)
12: IO qp on core 7 total time 95453.399 us (229088157 ticks), connect time 85496.671 us (205192011 ticks)
12: IO qp on core 11 total time 105578.215 us (253387716 ticks), connect time 94325.792 us (226381902 ticks)
12: IO qp on core 8 total time 114979.413 us (275950590 ticks), connect time 103724.436 us (248938647 ticks)
12: IO qp on core 13 total time 124754.267 us (299410240 ticks), connect time 112818.087 us (270763408 ticks)
12: IO qp on core 12 total time 134989.379 us (323974509 ticks), connect time 122719.122 us (294525894 ticks)
12: IO qp on core 14 total time 144943.433 us (347864239 ticks), connect time 132482.710 us (317958505 ticks)
12: IO qp on core 15 total time 155037.018 us (372088844 ticks), connect time 142291.426 us (341499422 ticks)
12: IO qp on core 9 total time 165030.562 us (396073348 ticks), connect time 152296.457 us (365511496 ticks)
12: ========================================================
12:                                                                                                                 Latency(us)
12: Device Information                                                          :       IOPS      MiB/s    Average        min        max
12: RDMA (addr:172.24.0.2 subnqn:nqn.2016-06.io.spdk:cnode1) NSID 1 from core  0:    4478.50      17.49     223.23      42.68    2466.57
12: RDMA (addr:172.24.0.2 subnqn:nqn.2016-06.io.spdk:cnode1) NSID 1 from core  1:    4479.10      17.50     223.21      41.19    2476.07
12: RDMA (addr:172.24.0.2 subnqn:nqn.2016-06.io.spdk:cnode1) NSID 1 from core  2:    4475.30      17.48     223.43      18.51    3207.47
 3: IO qp on core 5 total time 56205.181 us (134892435 ticks), connect time 45020.452 us (108049086 ticks)
 3: IO qp on core 0 total time 65554.000 us (157329601 ticks), connect time 54667.082 us (131200996 ticks)
 3: IO qp on core 4 total time 75994.830 us (182387591 ticks), connect time 64670.372 us (155208893 ticks)
 3: IO qp on core 6 total time 85775.262 us (205860630 ticks), connect time 74184.913 us (178043790 ticks)
 3: IO qp on core 9 total time 95354.634 us (228851121 ticks), connect time 84569.961 us (202967907 ticks)
 3: IO qp on core 7 total time 105273.393 us (252656143 ticks), connect time 94116.497 us (225879592 ticks)
 3: IO qp on core 14 total time 114811.389 us (275547334 ticks), connect time 103724.638 us (248939131 ticks)
 3: IO qp on core 11 total time 125057.559 us (300138141 ticks), connect time 113790.630 us (273097512 ticks)
 3: IO qp on core 13 total time 134745.276 us (323388662 ticks), connect time 122304.868 us (293531684 ticks)
 3: IO qp on core 8 total time 145107.600 us (348258240 ticks), connect time 132623.770 us (318297048 ticks)
 3: IO qp on core 10 total time 155075.377 us (372180905 ticks), connect time 142025.933 us (340862240 ticks)
 3: IO qp on core 15 total time 164897.210 us (395753303 ticks), connect time 151842.898 us (364422956 ticks)
 3: IO qp on core 12 total time 174905.745 us (419773788 ticks), connect time 161730.916 us (388154199 ticks)
 3: ========================================================
 3:                                                                                                                 Latency(us)
 3: Device Information                                                          :       IOPS      MiB/s    Average        min        max
 3: RDMA (addr:172.24.0.2 subnqn:nqn.2016-06.io.spdk:cnode1) NSID 1 from core  0:    4476.90      17.49     223.33      24.50    2193.73
 3: RDMA (addr:172.24.0.2 subnqn:nqn.2016-06.io.spdk:cnode1) NSID 1 from core  1:    4477.00      17.49     223.31      31.75    2206.39
 3: RDMA (addr:172.24.0.2 subnqn:nqn.2016-06.io.spdk:cnode1) NSID 1 from core  2:    4481.60      17.51     223.11      25.75    3255.56
 3: RDMA (addr:172.24.0.2 subnqn:nqn.2016-06.io.spdk:cnode1) NSID 1 from core  3:    4478.30      17.49     223.26      23.52    2749.90
 3: RDMA (addr:172.24.0.2 subnqn:nqn.2016-06.io.spdk:cnode1) NSID 1 from core  4:    4473.30      17.47     223.52      26.23    2166.30
 3: RDMA (addr:172.24.0.2 subnqn:nqn.2016-06.io.spdk:cnode1) NSID 1 from core  5:    4472.40      17.47     223.53      42.70    2008.01
 3: RDMA (addr:172.24.0.2 subnqn:nqn.2016-06.io.spdk:cnode1) NSID 1 from core  6:    4478.80      17.50     223.25      28.04    2261.99
 3: RDMA (addr:172.24.0.2 subnqn:nqn.2016-06.io.spdk:cnode1) NSID 1 from core  7:    4470.60      17.46     223.65      26.58    3127.78
 3: RDMA (addr:172.24.0.2 subnqn:nqn.2016-06.io.spdk:cnode1) NSID 1 from core  8:    4481.10      17.50     223.14      28.46    2463.06
 3: RDMA (addr:172.24.0.2 subnqn:nqn.2016-06.io.spdk:cnode1) NSID 1 from core  9:    4478.20      17.49     223.26      27.36    2751.64
 8: RDMA (addr:172.24.0.2 subnqn:nqn.2016-06.io.spdk:cnode1) NSID 1 from core  3:    4471.10      17.47     223.58      30.80    2106.22
 8: RDMA (addr:172.24.0.2 subnqn:nqn.2016-06.io.spdk:cnode1) NSID 1 from core  4:    4481.10      17.50     223.12      40.20    2314.44
 8: RDMA (addr:172.24.0.2 subnqn:nqn.2016-06.io.spdk:cnode1) NSID 1 from core  5:    4482.70      17.51     223.03      23.71    2069.88
 8: RDMA (addr:172.24.0.2 subnqn:nqn.2016-06.io.spdk:cnode1) NSID 1 from core  6:    4481.10      17.50     223.14      43.28    2448.30
 8: RDMA (addr:172.24.0.2 subnqn:nqn.2016-06.io.spdk:cnode1) NSID 1 from core  7:    4478.70      17.49     223.22      27.94    2729.21
 8: RDMA (addr:172.24.0.2 subnqn:nqn.2016-06.io.spdk:cnode1) NSID 1 from core  8:    4470.90      17.46     223.65      43.80    2481.84
 8: RDMA (addr:172.24.0.2 subnqn:nqn.2016-06.io.spdk:cnode1) NSID 1 from core  9:    4476.80      17.49     223.33      41.25    3369.96
12: RDMA (addr:172.24.0.2 subnqn:nqn.2016-06.io.spdk:cnode1) NSID 1 from core  3:    4473.30      17.47     223.50      25.58    2162.88
12: RDMA (addr:172.24.0.2 subnqn:nqn.2016-06.io.spdk:cnode1) NSID 1 from core  4:    4477.80      17.49     223.25      38.70    2734.36
12: RDMA (addr:172.24.0.2 subnqn:nqn.2016-06.io.spdk:cnode1) NSID 1 from core  5:    4475.20      17.48     223.42      26.32    3210.00
12: RDMA (addr:172.24.0.2 subnqn:nqn.2016-06.io.spdk:cnode1) NSID 1 from core  6:    4477.50      17.49     223.32      24.35    3374.12
12: RDMA (addr:172.24.0.2 subnqn:nqn.2016-06.io.spdk:cnode1) NSID 1 from core  7:    4477.70      17.49     223.27      26.46    2241.51
12: RDMA (addr:172.24.0.2 subnqn:nqn.2016-06.io.spdk:cnode1) NSID 1 from core  8:    4476.30      17.49     223.38      47.85    3293.55
12: RDMA (addr:172.24.0.2 subnqn:nqn.2016-06.io.spdk:cnode1) NSID 1 from core  9:    4483.10      17.51     223.03      27.47    2071.76
 3: RDMA (addr:172.24.0.2 subnqn:nqn.2016-06.io.spdk:cnode1) NSID 1 from core 10:    4469.20      17.46     223.73      40.77    2507.34
 3: RDMA (addr:172.24.0.2 subnqn:nqn.2016-06.io.spdk:cnode1) NSID 1 from core 11:    4479.70      17.50     223.20      23.77    3256.36
 3: RDMA (addr:172.24.0.2 subnqn:nqn.2016-06.io.spdk:cnode1) NSID 1 from core 12:    4478.30      17.49     223.28      26.62    2073.61
 3: RDMA (addr:172.24.0.2 subnqn:nqn.2016-06.io.spdk:cnode1) NSID 1 from core 13:    4473.80      17.48     223.47      22.76    3200.86
 3: RDMA (addr:172.24.0.2 subnqn:nqn.2016-06.io.spdk:cnode1) NSID 1 from core 14:    4480.10      17.50     223.18      30.11    2464.59
 3: RDMA (addr:172.24.0.2 subnqn:nqn.2016-06.io.spdk:cnode1) NSID 1 from core 15:    4478.80      17.50     223.21      25.76    2439.89
 3: ========================================================
 3: Total                                                                       :   71628.10     279.80     223.34      22.76    3256.36
 3: 
 8: RDMA (addr:172.24.0.2 subnqn:nqn.2016-06.io.spdk:cnode1) NSID 1 from core 10:    4470.00      17.46     223.69      41.21    2486.77
 8: RDMA (addr:172.24.0.2 subnqn:nqn.2016-06.io.spdk:cnode1) NSID 1 from core 11:    4478.90      17.50     223.24      26.16    2088.71
 8: RDMA (addr:172.24.0.2 subnqn:nqn.2016-06.io.spdk:cnode1) NSID 1 from core 12:    4475.30      17.48     223.43      31.25    3021.55
 8: RDMA (addr:172.24.0.2 subnqn:nqn.2016-06.io.spdk:cnode1) NSID 1 from core 13:    4480.40      17.50     223.16      25.96    2458.39
 8: RDMA (addr:172.24.0.2 subnqn:nqn.2016-06.io.spdk:cnode1) NSID 1 from core 14:    4473.40      17.47     223.52      29.07    2064.74
 8: RDMA (addr:172.24.0.2 subnqn:nqn.2016-06.io.spdk:cnode1) NSID 1 from core 15:    4480.50      17.50     223.16      28.73    3253.36
 8: ========================================================
 8: Total                                                                       :   71642.30     279.85     223.30      23.71    3369.96
 8: 
12: RDMA (addr:172.24.0.2 subnqn:nqn.2016-06.io.spdk:cnode1) NSID 1 from core 10:    4480.80      17.50     223.15      30.64    2468.04
12: RDMA (addr:172.24.0.2 subnqn:nqn.2016-06.io.spdk:cnode1) NSID 1 from core 11:    4478.40      17.49     223.25      37.67    3342.99
12: RDMA (addr:172.24.0.2 subnqn:nqn.2016-06.io.spdk:cnode1) NSID 1 from core 12:    4478.50      17.49     223.27      34.31    3474.68
12: RDMA (addr:172.24.0.2 subnqn:nqn.2016-06.io.spdk:cnode1) NSID 1 from core 13:    4472.50      17.47     223.55      27.13    2306.22
12: RDMA (addr:172.24.0.2 subnqn:nqn.2016-06.io.spdk:cnode1) NSID 1 from core 14:    4476.80      17.49     223.35      28.42    3356.95
12: RDMA (addr:172.24.0.2 subnqn:nqn.2016-06.io.spdk:cnode1) NSID 1 from core 15:    4477.60      17.49     223.27      26.87    2902.05
12: ========================================================
12: Total                                                                       :   71638.40     279.84     223.31      18.51    3474.68
12: 
 7: Initializing NVMe Controllers
 7: Attached to NVMe over Fabrics controller at 172.24.0.2:4420: nqn.2016-06.io.spdk:cnode1
 7: Controller attach time is 23579.879 us (56591710 ticks)
 7: Associating RDMA (addr:172.24.0.2 subnqn:nqn.2016-06.io.spdk:cnode1) NSID 1 with lcore 0
 7: Associating RDMA (addr:172.24.0.2 subnqn:nqn.2016-06.io.spdk:cnode1) NSID 1 with lcore 1
 7: Associating RDMA (addr:172.24.0.2 subnqn:nqn.2016-06.io.spdk:cnode1) NSID 1 with lcore 2
 7: Associating RDMA (addr:172.24.0.2 subnqn:nqn.2016-06.io.spdk:cnode1) NSID 1 with lcore 3
 7: Associating RDMA (addr:172.24.0.2 subnqn:nqn.2016-06.io.spdk:cnode1) NSID 1 with lcore 4
 7: Associating RDMA (addr:172.24.0.2 subnqn:nqn.2016-06.io.spdk:cnode1) NSID 1 with lcore 5
 7: Associating RDMA (addr:172.24.0.2 subnqn:nqn.2016-06.io.spdk:cnode1) NSID 1 with lcore 6
 7: Associating RDMA (addr:172.24.0.2 subnqn:nqn.2016-06.io.spdk:cnode1) NSID 1 with lcore 7
 7: Associating RDMA (addr:172.24.0.2 subnqn:nqn.2016-06.io.spdk:cnode1) NSID 1 with lcore 8
 7: Associating RDMA (addr:172.24.0.2 subnqn:nqn.2016-06.io.spdk:cnode1) NSID 1 with lcore 9
 7: Associating RDMA (addr:172.24.0.2 subnqn:nqn.2016-06.io.spdk:cnode1) NSID 1 with lcore 10
 7: Associating RDMA (addr:172.24.0.2 subnqn:nqn.2016-06.io.spdk:cnode1) NSID 1 with lcore 11
 7: Associating RDMA (addr:172.24.0.2 subnqn:nqn.2016-06.io.spdk:cnode1) NSID 1 with lcore 12
 7: Associating RDMA (addr:172.24.0.2 subnqn:nqn.2016-06.io.spdk:cnode1) NSID 1 with lcore 13
 7: Associating RDMA (addr:172.24.0.2 subnqn:nqn.2016-06.io.spdk:cnode1) NSID 1 with lcore 14
 7: Associating RDMA (addr:172.24.0.2 subnqn:nqn.2016-06.io.spdk:cnode1) NSID 1 with lcore 15
 7: Initialization complete. Launching workers.
 7: IO qp on core 2 total time 24034.397 us (57682552 ticks), connect time 15073.938 us (36177451 ticks)
 7: IO qp on core 3 total time 33300.967 us (79922322 ticks), connect time 24216.537 us (58119690 ticks)
 7: IO qp on core 0 total time 43256.776 us (103816263 ticks), connect time 34010.434 us (81625041 ticks)
 7: IO qp on core 1 total time 53850.653 us (129241568 ticks), connect time 43624.309 us (104698341 ticks)
 7: IO qp on core 5 total time 63690.332 us (152856798 ticks), connect time 53834.062 us (129201750 ticks)
 7: IO qp on core 4 total time 72313.464 us (173552314 ticks), connect time 62453.543 us (149888503 ticks)
 7: IO qp on core 6 total time 82413.185 us (197791643 ticks), connect time 72343.306 us (173623934 ticks)
 7: IO qp on core 7 total time 92703.794 us (222489106 ticks), connect time 82307.943 us (197539063 ticks)
 7: IO qp on core 9 total time 102482.400 us (245957760 ticks), connect time 91961.387 us (220707330 ticks)
 7: IO qp on core 13 total time 112711.238 us (270506972 ticks), connect time 102086.157 us (245006777 ticks)
 7: IO qp on core 15 total time 122277.498 us (293465996 ticks), connect time 111555.622 us (267733493 ticks)
 7: IO qp on core 10 total time 132362.685 us (317670444 ticks), connect time 120507.090 us (289217016 ticks)
 7: IO qp on core 12 total time 142234.594 us (341363025 ticks), connect time 130341.089 us (312818613 ticks)
 7: IO qp on core 8 total time 152354.973 us (365651934 ticks), connect time 140394.725 us (336947340 ticks)
 7: IO qp on core 14 total time 162293.688 us (389504850 ticks), connect time 148292.183 us (355901240 ticks)
 7: IO qp on core 11 total time 173141.030 us (415538472 ticks), connect time 159112.084 us (381869002 ticks)
 7: ========================================================
 7:                                                                                                                 Latency(us)
 7: Device Information                                                          :       IOPS      MiB/s    Average        min        max
 7: RDMA (addr:172.24.0.2 subnqn:nqn.2016-06.io.spdk:cnode1) NSID 1 from core  0:    4531.00      17.70     220.66      13.06    2189.25
 7: RDMA (addr:172.24.0.2 subnqn:nqn.2016-06.io.spdk:cnode1) NSID 1 from core  1:    4524.60      17.67     220.97      13.79    2274.98
 7: RDMA (addr:172.24.0.2 subnqn:nqn.2016-06.io.spdk:cnode1) NSID 1 from core  2:    4523.20      17.67     221.06      11.56    3123.32
 7: RDMA (addr:172.24.0.2 subnqn:nqn.2016-06.io.spdk:cnode1) NSID 1 from core  3:    4544.40      17.75     219.99       8.83    3372.57
 7: RDMA (addr:172.24.0.2 subnqn:nqn.2016-06.io.spdk:cnode1) NSID 1 from core  4:    4521.20      17.66     221.16       9.54    3400.43
 7: RDMA (addr:172.24.0.2 subnqn:nqn.2016-06.io.spdk:cnode1) NSID 1 from core  5:    4525.50      17.68     220.94      11.00    3564.09
 7: RDMA (addr:172.24.0.2 subnqn:nqn.2016-06.io.spdk:cnode1) NSID 1 from core  6:    4526.30      17.68     220.91      11.24    2780.53
 7: RDMA (addr:172.24.0.2 subnqn:nqn.2016-06.io.spdk:cnode1) NSID 1 from core  7:    4515.00      17.64     221.43      13.32    3220.67
 7: RDMA (addr:172.24.0.2 subnqn:nqn.2016-06.io.spdk:cnode1) NSID 1 from core  8:    4518.80      17.65     221.27      13.21    3394.80
 7: RDMA (addr:172.24.0.2 subnqn:nqn.2016-06.io.spdk:cnode1) NSID 1 from core  9:    4524.30      17.67     220.97      10.06    2058.99
 7: RDMA (addr:172.24.0.2 subnqn:nqn.2016-06.io.spdk:cnode1) NSID 1 from core 10:    4522.60      17.67     221.09      13.81    2023.51
 7: RDMA (addr:172.24.0.2 subnqn:nqn.2016-06.io.spdk:cnode1) NSID 1 from core 11:    4522.40      17.67     221.09      10.68    2020.23
 7: RDMA (addr:172.24.0.2 subnqn:nqn.2016-06.io.spdk:cnode1) NSID 1 from core 12:    4533.50      17.71     220.56      12.07    2211.22
 7: RDMA (addr:172.24.0.2 subnqn:nqn.2016-06.io.spdk:cnode1) NSID 1 from core 13:    4521.80      17.66     221.11      10.95    3525.12
 7: RDMA (addr:172.24.0.2 subnqn:nqn.2016-06.io.spdk:cnode1) NSID 1 from core 14:    4528.70      17.69     220.77       8.99    2471.58
 7: RDMA (addr:172.24.0.2 subnqn:nqn.2016-06.io.spdk:cnode1) NSID 1 from core 15:    4524.90      17.68     220.95      11.55    2298.70
 7: ========================================================
 7: Total                                                                       :   72408.20     282.84     220.93       8.83    3564.09
 7: 
10: Initializing NVMe Controllers
10: Attached to NVMe over Fabrics controller at 172.24.0.2:4420: nqn.2016-06.io.spdk:cnode1
10: Controller attach time is 22762.533 us (54630078 ticks)
10: Associating RDMA (addr:172.24.0.2 subnqn:nqn.2016-06.io.spdk:cnode1) NSID 1 with lcore 0
10: Associating RDMA (addr:172.24.0.2 subnqn:nqn.2016-06.io.spdk:cnode1) NSID 1 with lcore 1
10: Associating RDMA (addr:172.24.0.2 subnqn:nqn.2016-06.io.spdk:cnode1) NSID 1 with lcore 2
10: Associating RDMA (addr:172.24.0.2 subnqn:nqn.2016-06.io.spdk:cnode1) NSID 1 with lcore 3
10: Associating RDMA (addr:172.24.0.2 subnqn:nqn.2016-06.io.spdk:cnode1) NSID 1 with lcore 4
10: Associating RDMA (addr:172.24.0.2 subnqn:nqn.2016-06.io.spdk:cnode1) NSID 1 with lcore 5
10: Associating RDMA (addr:172.24.0.2 subnqn:nqn.2016-06.io.spdk:cnode1) NSID 1 with lcore 6
10: Associating RDMA (addr:172.24.0.2 subnqn:nqn.2016-06.io.spdk:cnode1) NSID 1 with lcore 7
10: Associating RDMA (addr:172.24.0.2 subnqn:nqn.2016-06.io.spdk:cnode1) NSID 1 with lcore 8
10: Associating RDMA (addr:172.24.0.2 subnqn:nqn.2016-06.io.spdk:cnode1) NSID 1 with lcore 9
10: Associating RDMA (addr:172.24.0.2 subnqn:nqn.2016-06.io.spdk:cnode1) NSID 1 with lcore 10
10: Associating RDMA (addr:172.24.0.2 subnqn:nqn.2016-06.io.spdk:cnode1) NSID 1 with lcore 11
10: Associating RDMA (addr:172.24.0.2 subnqn:nqn.2016-06.io.spdk:cnode1) NSID 1 with lcore 12
10: Associating RDMA (addr:172.24.0.2 subnqn:nqn.2016-06.io.spdk:cnode1) NSID 1 with lcore 13
10: Associating RDMA (addr:172.24.0.2 subnqn:nqn.2016-06.io.spdk:cnode1) NSID 1 with lcore 14
10: Associating RDMA (addr:172.24.0.2 subnqn:nqn.2016-06.io.spdk:cnode1) NSID 1 with lcore 15
10: Initialization complete. Launching workers.
10: IO qp on core 1 total time 25536.290 us (61287096 ticks), connect time 17648.887 us (42357328 ticks)
10: IO qp on core 2 total time 35173.064 us (84415354 ticks), connect time 27337.979 us (65611150 ticks)
10: IO qp on core 3 total time 44789.529 us (107494870 ticks), connect time 34239.412 us (82174590 ticks)
10: IO qp on core 4 total time 55092.102 us (132221045 ticks), connect time 43633.102 us (104719445 ticks)
10: IO qp on core 0 total time 64225.590 us (154141415 ticks), connect time 52941.171 us (127058810 ticks)
10: IO qp on core 5 total time 73951.574 us (177483777 ticks), connect time 62993.011 us (151183227 ticks)
10: IO qp on core 6 total time 83983.697 us (201560872 ticks), connect time 72625.495 us (174301189 ticks)
10: IO qp on core 7 total time 94133.984 us (225921562 ticks), connect time 82703.843 us (198489223 ticks)
10: IO qp on core 10 total time 103762.351 us (249029642 ticks), connect time 91576.061 us (219782546 ticks)
10: IO qp on core 8 total time 114003.572 us (273608573 ticks), connect time 101816.187 us (244358849 ticks)
10: IO qp on core 11 total time 123807.108 us (297137059 ticks), connect time 111493.579 us (267584590 ticks)
10: IO qp on core 12 total time 133823.771 us (321177051 ticks), connect time 120796.178 us (289910826 ticks)
10: IO qp on core 14 total time 143793.445 us (345104269 ticks), connect time 130758.018 us (313819243 ticks)
10: IO qp on core 15 total time 153567.720 us (368562529 ticks), connect time 140368.084 us (336883402 ticks)
10: IO qp on core 13 total time 164583.260 us (394999823 ticks), connect time 151378.310 us (363307943 ticks)
10: IO qp on core 9 total time 174904.064 us (419769753 ticks), connect time 161597.251 us (387833403 ticks)
10: ========================================================
10:                                                                                                                 Latency(us)
10: Device Information                                                          :       IOPS      MiB/s    Average        min        max
10: RDMA (addr:172.24.0.2 subnqn:nqn.2016-06.io.spdk:cnode1) NSID 1 from core  0:    4539.60      17.73     220.24      13.55    2274.30
10: RDMA (addr:172.24.0.2 subnqn:nqn.2016-06.io.spdk:cnode1) NSID 1 from core  1:    4553.20      17.79     219.56      11.16    3477.42
10: RDMA (addr:172.24.0.2 subnqn:nqn.2016-06.io.spdk:cnode1) NSID 1 from core  2:    4550.60      17.78     219.73      10.81    2755.53
10: RDMA (addr:172.24.0.2 subnqn:nqn.2016-06.io.spdk:cnode1) NSID 1 from core  3:    4544.80      17.75     219.98      13.59    3320.53
10: RDMA (addr:172.24.0.2 subnqn:nqn.2016-06.io.spdk:cnode1) NSID 1 from core  4:    4541.90      17.74     220.12      10.23    2748.67
10: RDMA (addr:172.24.0.2 subnqn:nqn.2016-06.io.spdk:cnode1) NSID 1 from core  5:    4542.20      17.74     220.11      14.26    2538.48
10: RDMA (addr:172.24.0.2 subnqn:nqn.2016-06.io.spdk:cnode1) NSID 1 from core  6:    4544.80      17.75     220.01      11.65    3133.41
10: RDMA (addr:172.24.0.2 subnqn:nqn.2016-06.io.spdk:cnode1) NSID 1 from core  7:    4536.20      17.72     220.42      12.16    2573.88
10: RDMA (addr:172.24.0.2 subnqn:nqn.2016-06.io.spdk:cnode1) NSID 1 from core  8:    4563.90      17.83     219.09      12.09    2234.14
10: RDMA (addr:172.24.0.2 subnqn:nqn.2016-06.io.spdk:cnode1) NSID 1 from core  9:    4540.80      17.74     220.20       9.54    2729.53
10: RDMA (addr:172.24.0.2 subnqn:nqn.2016-06.io.spdk:cnode1) NSID 1 from core 10:    4527.60      17.69     220.84      12.67    3245.91
10: RDMA (addr:172.24.0.2 subnqn:nqn.2016-06.io.spdk:cnode1) NSID 1 from core 11:    4545.60      17.76     219.95      10.52    3577.09
10: RDMA (addr:172.24.0.2 subnqn:nqn.2016-06.io.spdk:cnode1) NSID 1 from core 12:    4563.70      17.83     219.10      10.26    3377.76
10: RDMA (addr:172.24.0.2 subnqn:nqn.2016-06.io.spdk:cnode1) NSID 1 from core 13:    4540.10      17.73     220.21      10.80    2757.95
10: RDMA (addr:172.24.0.2 subnqn:nqn.2016-06.io.spdk:cnode1) NSID 1 from core 14:    4542.80      17.75     220.09      12.05    3129.74
10: RDMA (addr:172.24.0.2 subnqn:nqn.2016-06.io.spdk:cnode1) NSID 1 from core 15:    4554.30      17.79     219.54      10.19    3023.75
10: ========================================================
10: Total                                                                       :   72732.09     284.11     219.95       9.54    3577.09
10: 
18: Initializing NVMe Controllers
18: Attached to NVMe over Fabrics controller at 172.24.0.2:4420: nqn.2016-06.io.spdk:cnode1
18: Controller attach time is 22992.121 us (55181090 ticks)
18: Associating RDMA (addr:172.24.0.2 subnqn:nqn.2016-06.io.spdk:cnode1) NSID 1 with lcore 0
18: Associating RDMA (addr:172.24.0.2 subnqn:nqn.2016-06.io.spdk:cnode1) NSID 1 with lcore 1
18: Associating RDMA (addr:172.24.0.2 subnqn:nqn.2016-06.io.spdk:cnode1) NSID 1 with lcore 2
18: Associating RDMA (addr:172.24.0.2 subnqn:nqn.2016-06.io.spdk:cnode1) NSID 1 with lcore 3
18: Associating RDMA (addr:172.24.0.2 subnqn:nqn.2016-06.io.spdk:cnode1) NSID 1 with lcore 4
18: Associating RDMA (addr:172.24.0.2 subnqn:nqn.2016-06.io.spdk:cnode1) NSID 1 with lcore 5
18: Associating RDMA (addr:172.24.0.2 subnqn:nqn.2016-06.io.spdk:cnode1) NSID 1 with lcore 6
18: Associating RDMA (addr:172.24.0.2 subnqn:nqn.2016-06.io.spdk:cnode1) NSID 1 with lcore 7
18: Associating RDMA (addr:172.24.0.2 subnqn:nqn.2016-06.io.spdk:cnode1) NSID 1 with lcore 8
18: Associating RDMA (addr:172.24.0.2 subnqn:nqn.2016-06.io.spdk:cnode1) NSID 1 with lcore 9
18: Associating RDMA (addr:172.24.0.2 subnqn:nqn.2016-06.io.spdk:cnode1) NSID 1 with lcore 10
18: Associating RDMA (addr:172.24.0.2 subnqn:nqn.2016-06.io.spdk:cnode1) NSID 1 with lcore 11
18: Associating RDMA (addr:172.24.0.2 subnqn:nqn.2016-06.io.spdk:cnode1) NSID 1 with lcore 12
18: Associating RDMA (addr:172.24.0.2 subnqn:nqn.2016-06.io.spdk:cnode1) NSID 1 with lcore 13
18: Associating RDMA (addr:172.24.0.2 subnqn:nqn.2016-06.io.spdk:cnode1) NSID 1 with lcore 14
18: Associating RDMA (addr:172.24.0.2 subnqn:nqn.2016-06.io.spdk:cnode1) NSID 1 with lcore 15
18: Initialization complete. Launching workers.
18: IO qp on core 2 total time 24146.503 us (57951608 ticks), connect time 11785.765 us (28285835 ticks)
18: IO qp on core 1 total time 33719.665 us (80927196 ticks), connect time 21135.028 us (50724066 ticks)
18: IO qp on core 4 total time 46259.082 us (111021796 ticks), connect time 33685.397 us (80844952 ticks)
18: IO qp on core 5 total time 53272.274 us (127853457 ticks), connect time 40834.756 us (98003415 ticks)
18: IO qp on core 3 total time 63335.298 us (152004715 ticks), connect time 50398.025 us (120955261 ticks)
18: IO qp on core 7 total time 73078.318 us (175387963 ticks), connect time 59474.157 us (142737976 ticks)
18: IO qp on core 6 total time 82906.572 us (198975772 ticks), connect time 69239.464 us (166174714 ticks)
18: IO qp on core 8 total time 92921.359 us (223011261 ticks), connect time 79345.161 us (190428387 ticks)
18: IO qp on core 9 total time 103089.964 us (247415913 ticks), connect time 89395.064 us (214548153 ticks)
18: IO qp on core 10 total time 112877.351 us (270905642 ticks), connect time 99121.732 us (237892157 ticks)
18: IO qp on core 11 total time 123008.841 us (295221219 ticks), connect time 109291.829 us (262300389 ticks)
18: IO qp on core 12 total time 132791.346 us (318699231 ticks), connect time 119042.592 us (285702222 ticks)
18: IO qp on core 13 total time 142510.915 us (342026197 ticks), connect time 128608.405 us (308660173 ticks)
18: IO qp on core 14 total time 153320.370 us (367968889 ticks), connect time 139447.108 us (334673059 ticks)
18: IO qp on core 15 total time 162848.621 us (390836690 ticks), connect time 147901.780 us (354964271 ticks)
18: IO qp on core 0 total time 172358.760 us (413661023 ticks), connect time 157396.436 us (377751446 ticks)
18: ========================================================
18:                                                                                                                 Latency(us)
18: Device Information                                                          :       IOPS      MiB/s    Average        min        max
18: RDMA (addr:172.24.0.2 subnqn:nqn.2016-06.io.spdk:cnode1) NSID 1 from core  0:    4570.20      17.85     218.78       9.15    3549.81
18: RDMA (addr:172.24.0.2 subnqn:nqn.2016-06.io.spdk:cnode1) NSID 1 from core  1:    4582.00      17.90     218.22       7.04    3125.17
18: RDMA (addr:172.24.0.2 subnqn:nqn.2016-06.io.spdk:cnode1) NSID 1 from core  2:    4580.80      17.89     218.28      10.56    3309.09
18: RDMA (addr:172.24.0.2 subnqn:nqn.2016-06.io.spdk:cnode1) NSID 1 from core  3:    4556.60      17.80     219.43      10.46    3317.18
18: RDMA (addr:172.24.0.2 subnqn:nqn.2016-06.io.spdk:cnode1) NSID 1 from core  4:    4564.90      17.83     219.04       9.68    2577.68
18: RDMA (addr:172.24.0.2 subnqn:nqn.2016-06.io.spdk:cnode1) NSID 1 from core  5:    4573.70      17.87     218.58       8.67    2435.36
18: RDMA (addr:172.24.0.2 subnqn:nqn.2016-06.io.spdk:cnode1) NSID 1 from core  6:    4572.00      17.86     218.70      10.71    3309.13
18: RDMA (addr:172.24.0.2 subnqn:nqn.2016-06.io.spdk:cnode1) NSID 1 from core  7:    4613.50      18.02     216.69       6.16    2308.26
18: RDMA (addr:172.24.0.2 subnqn:nqn.2016-06.io.spdk:cnode1) NSID 1 from core  8:    4560.50      17.81     219.25       9.27    2498.65
18: RDMA (addr:172.24.0.2 subnqn:nqn.2016-06.io.spdk:cnode1) NSID 1 from core  9:    4586.70      17.92     217.98       7.29    3377.97
18: RDMA (addr:172.24.0.2 subnqn:nqn.2016-06.io.spdk:cnode1) NSID 1 from core 10:    4556.00      17.80     219.47      11.12    3299.30
18: RDMA (addr:172.24.0.2 subnqn:nqn.2016-06.io.spdk:cnode1) NSID 1 from core 11:    4571.50      17.86     218.69       6.77    3226.97
18: RDMA (addr:172.24.0.2 subnqn:nqn.2016-06.io.spdk:cnode1) NSID 1 from core 12:    4569.20      17.85     218.83       9.19    2434.02
18: RDMA (addr:172.24.0.2 subnqn:nqn.2016-06.io.spdk:cnode1) NSID 1 from core 13:    4558.80      17.81     219.30       9.59    2561.78
18: RDMA (addr:172.24.0.2 subnqn:nqn.2016-06.io.spdk:cnode1) NSID 1 from core 14:    4579.70      17.89     218.33       7.76    3577.30
18: RDMA (addr:172.24.0.2 subnqn:nqn.2016-06.io.spdk:cnode1) NSID 1 from core 15:    4557.50      17.80     219.38       7.92    3316.36
18: ========================================================
18: Total                                                                       :   73153.60     285.76     218.68       6.16    3577.30
18: 
 0: Initializing NVMe Controllers
 0: Attached to NVMe over Fabrics controller at 172.24.0.2:4420: nqn.2016-06.io.spdk:cnode1
 0: Controller attach time is 25275.549 us (60661317 ticks)
 0: Associating RDMA (addr:172.24.0.2 subnqn:nqn.2016-06.io.spdk:cnode1) NSID 1 with lcore 0
 0: Associating RDMA (addr:172.24.0.2 subnqn:nqn.2016-06.io.spdk:cnode1) NSID 1 with lcore 1
 0: Associating RDMA (addr:172.24.0.2 subnqn:nqn.2016-06.io.spdk:cnode1) NSID 1 with lcore 2
 0: Associating RDMA (addr:172.24.0.2 subnqn:nqn.2016-06.io.spdk:cnode1) NSID 1 with lcore 3
 0: Associating RDMA (addr:172.24.0.2 subnqn:nqn.2016-06.io.spdk:cnode1) NSID 1 with lcore 4
 0: Associating RDMA (addr:172.24.0.2 subnqn:nqn.2016-06.io.spdk:cnode1) NSID 1 with lcore 5
 0: Associating RDMA (addr:172.24.0.2 subnqn:nqn.2016-06.io.spdk:cnode1) NSID 1 with lcore 6
 0: Associating RDMA (addr:172.24.0.2 subnqn:nqn.2016-06.io.spdk:cnode1) NSID 1 with lcore 7
 0: Associating RDMA (addr:172.24.0.2 subnqn:nqn.2016-06.io.spdk:cnode1) NSID 1 with lcore 8
 0: Associating RDMA (addr:172.24.0.2 subnqn:nqn.2016-06.io.spdk:cnode1) NSID 1 with lcore 9
 0: Associating RDMA (addr:172.24.0.2 subnqn:nqn.2016-06.io.spdk:cnode1) NSID 1 with lcore 10
 0: Associating RDMA (addr:172.24.0.2 subnqn:nqn.2016-06.io.spdk:cnode1) NSID 1 with lcore 11
 0: Associating RDMA (addr:172.24.0.2 subnqn:nqn.2016-06.io.spdk:cnode1) NSID 1 with lcore 12
 0: Associating RDMA (addr:172.24.0.2 subnqn:nqn.2016-06.io.spdk:cnode1) NSID 1 with lcore 13
 0: Associating RDMA (addr:172.24.0.2 subnqn:nqn.2016-06.io.spdk:cnode1) NSID 1 with lcore 14
 0: Associating RDMA (addr:172.24.0.2 subnqn:nqn.2016-06.io.spdk:cnode1) NSID 1 with lcore 15
 0: Initialization complete. Launching workers.
 0: IO qp on core 2 total time 21404.804 us (51371529 ticks), connect time 11962.090 us (28709016 ticks)
 0: IO qp on core 4 total time 30789.443 us (73894664 ticks), connect time 21338.321 us (51211970 ticks)
 0: IO qp on core 3 total time 41076.553 us (98583728 ticks), connect time 31455.531 us (75493275 ticks)
 0: IO qp on core 1 total time 50841.542 us (122019700 ticks), connect time 41115.032 us (98676077 ticks)
 0: IO qp on core 6 total time 60557.875 us (145338900 ticks), connect time 50623.071 us (121495371 ticks)
 0: IO qp on core 5 total time 71102.673 us (170646414 ticks), connect time 60978.079 us (146347389 ticks)
 0: IO qp on core 11 total time 80067.914 us (192162993 ticks), connect time 69975.673 us (167941614 ticks)
 0: IO qp on core 0 total time 90453.231 us (217087754 ticks), connect time 79856.225 us (191654939 ticks)
 0: IO qp on core 9 total time 99958.815 us (239901156 ticks), connect time 89136.736 us (213928167 ticks)
 0: IO qp on core 7 total time 109716.081 us (263318594 ticks), connect time 97978.902 us (235149365 ticks)
 0: IO qp on core 10 total time 119933.905 us (287841373 ticks), connect time 107937.638 us (259050331 ticks)
 0: IO qp on core 14 total time 129801.005 us (311522413 ticks), connect time 117803.258 us (282727819 ticks)
 0: IO qp on core 15 total time 139718.598 us (335324636 ticks), connect time 126995.985 us (304790363 ticks)
 0: IO qp on core 12 total time 149817.545 us (359562109 ticks), connect time 137094.167 us (329026000 ticks)
 0: IO qp on core 8 total time 159710.376 us (383304903 ticks), connect time 146937.029 us (352648869 ticks)
 0: IO qp on core 13 total time 169831.995 us (407596788 ticks), connect time 156975.334 us (376740801 ticks)
 0: ========================================================
 0:                                                                                                                 Latency(us)
 0: Device Information                                                          :       IOPS      MiB/s    Average        min        max
 0: RDMA (addr:172.24.0.2 subnqn:nqn.2016-06.io.spdk:cnode1) NSID 1 from core  0:    5684.90      22.21     175.86       6.37    3217.32
 0: RDMA (addr:172.24.0.2 subnqn:nqn.2016-06.io.spdk:cnode1) NSID 1 from core  1:    5748.20      22.45     173.93       6.00    3480.43
 0: RDMA (addr:172.24.0.2 subnqn:nqn.2016-06.io.spdk:cnode1) NSID 1 from core  2:    5725.40      22.36     174.64       6.31    3542.12
 0: RDMA (addr:172.24.0.2 subnqn:nqn.2016-06.io.spdk:cnode1) NSID 1 from core  3:    5652.20      22.08     176.87       6.58    3939.90
 0: RDMA (addr:172.24.0.2 subnqn:nqn.2016-06.io.spdk:cnode1) NSID 1 from core  4:    5717.30      22.33     174.87       6.61    3378.93
 0: RDMA (addr:172.24.0.2 subnqn:nqn.2016-06.io.spdk:cnode1) NSID 1 from core  5:    5759.70      22.50     173.57       5.79    3501.63
 0: RDMA (addr:172.24.0.2 subnqn:nqn.2016-06.io.spdk:cnode1) NSID 1 from core  6:    5698.10      22.26     175.47       6.62    3349.84
 0: RDMA (addr:172.24.0.2 subnqn:nqn.2016-06.io.spdk:cnode1) NSID 1 from core  7:    5773.40      22.55     173.16       6.12    3133.09
 0: RDMA (addr:172.24.0.2 subnqn:nqn.2016-06.io.spdk:cnode1) NSID 1 from core  8:    5658.90      22.11     176.68       6.41    3168.08
 0: RDMA (addr:172.24.0.2 subnqn:nqn.2016-06.io.spdk:cnode1) NSID 1 from core  9:    5716.30      22.33     174.88       6.23    4161.26
 0: RDMA (addr:172.24.0.2 subnqn:nqn.2016-06.io.spdk:cnode1) NSID 1 from core 10:    5716.10      22.33     174.92       6.32    4636.74
 0: RDMA (addr:172.24.0.2 subnqn:nqn.2016-06.io.spdk:cnode1) NSID 1 from core 11:    5687.80      22.22     175.77       5.93    3734.02
 0: RDMA (addr:172.24.0.2 subnqn:nqn.2016-06.io.spdk:cnode1) NSID 1 from core 12:    5707.50      22.29     175.18       6.04    3576.37
 0: RDMA (addr:172.24.0.2 subnqn:nqn.2016-06.io.spdk:cnode1) NSID 1 from core 13:    5742.40      22.43     174.11       6.04    5194.90
 0: RDMA (addr:172.24.0.2 subnqn:nqn.2016-06.io.spdk:cnode1) NSID 1 from core 14:    5753.30      22.47     173.77       5.66    3537.85
 0: RDMA (addr:172.24.0.2 subnqn:nqn.2016-06.io.spdk:cnode1) NSID 1 from core 15:    5665.90      22.13     176.46       6.81    4204.20
 0: ========================================================
 0: Total                                                                       :   91407.40     357.06     175.00       5.66    5194.90
 0: 
== Servers stopping... 
srun -l -O --nodes 1 --ntasks 1 --nodelist=jazz02 --export=ALL ./stop_tgt.sh
0: == TGT Memory usage ==
0: Huge pages: 2726 MB, HWM: 1088.23
srun: error: jazz02: task 0: Exited with exit code 127
srun: launch/slurm: _step_signal: Terminating StepId=60002.0
jazz02: Error while connecting to /var/tmp/spdk.sock
jazz02: Is SPDK application running?
jazz02: Error details: [Errno -2] Name or service not known
pdsh@jazz02: jazz02: ssh exited with exit code 1
jazz06: Error while connecting to /var/tmp/spdk.sock
jazz06: Is SPDK application running?
jazz06: Error details: [Errno -2] Name or service not known
pdsh@jazz02: jazz06: ssh exited with exit code 1
jazz24: Error while connecting to /var/tmp/spdk.sock
jazz24: Is SPDK application running?
jazz24: Error details: [Errno -2] Name or service not known
jazz17: Error while connecting to /var/tmp/spdk.sock
jazz17: Is SPDK application running?
jazz17: Error details: [Errno -2] Name or service not known
pdsh@jazz02: jazz24: ssh exited with exit code 1
jazz13: Error while connecting to /var/tmp/spdk.sock
jazz13: Is SPDK application running?
jazz13: Error details: [Errno -2] Name or service not known
jazz21: Error while connecting to /var/tmp/spdk.sock
jazz21: Is SPDK application running?
jazz21: Error details: [Errno -2] Name or service not known
pdsh@jazz02: jazz17: ssh exited with exit code 1
pdsh@jazz02: jazz13: ssh exited with exit code 1
pdsh@jazz02: jazz21: ssh exited with exit code 1
jazz25: Error while connecting to /var/tmp/spdk.sock
jazz25: Is SPDK application running?
jazz25: Error details: [Errno -2] Name or service not known
jazz18: Error while connecting to /var/tmp/spdk.sock
jazz18: Is SPDK application running?
jazz18: Error details: [Errno -2] Name or service not known
jazz20: Error while connecting to /var/tmp/spdk.sock
jazz20: Is SPDK application running?
jazz20: Error details: [Errno -2] Name or service not known
pdsh@jazz02: jazz25: ssh exited with exit code 1
jazz30: Error while connecting to /var/tmp/spdk.sock
jazz30: Is SPDK application running?
jazz30: Error details: [Errno -2] Name or service not known
pdsh@jazz02: jazz18: ssh exited with exit code 1
pdsh@jazz02: jazz20: ssh exited with exit code 1
pdsh@jazz02: jazz30: ssh exited with exit code 1
jazz03: Error while connecting to /var/tmp/spdk.sock
jazz03: Is SPDK application running?
jazz03: Error details: [Errno -2] Name or service not known
jazz04: Error while connecting to /var/tmp/spdk.sock
jazz04: Is SPDK application running?
jazz04: Error details: [Errno -2] Name or service not known
pdsh@jazz02: jazz03: ssh exited with exit code 1
jazz05: Error while connecting to /var/tmp/spdk.sock
jazz05: Is SPDK application running?
jazz05: Error details: [Errno -2] Name or service not known
pdsh@jazz02: jazz04: ssh exited with exit code 1
pdsh@jazz02: jazz05: ssh exited with exit code 1
jazz19: Error while connecting to /var/tmp/spdk.sock
jazz19: Is SPDK application running?
jazz19: Error details: [Errno -2] Name or service not known
jazz22: Error while connecting to /var/tmp/spdk.sock
jazz22: Is SPDK application running?
jazz22: Error details: [Errno -2] Name or service not known
pdsh@jazz02: jazz19: ssh exited with exit code 1
pdsh@jazz02: jazz22: ssh exited with exit code 1
jazz27: Error while connecting to /var/tmp/spdk.sock
jazz27: Is SPDK application running?
jazz27: Error details: [Errno -2] Name or service not known
jazz26: Error while connecting to /var/tmp/spdk.sock
jazz26: Is SPDK application running?
jazz26: Error details: [Errno -2] Name or service not known
jazz28: Error while connecting to /var/tmp/spdk.sock
jazz28: Is SPDK application running?
jazz28: Error details: [Errno -2] Name or service not known
jazz23: Error while connecting to /var/tmp/spdk.sock
jazz23: Is SPDK application running?
jazz23: Error details: [Errno -2] Name or service not known
pdsh@jazz02: jazz27: ssh exited with exit code 1
pdsh@jazz02: jazz28: ssh exited with exit code 1
pdsh@jazz02: jazz26: ssh exited with exit code 1
pdsh@jazz02: jazz23: ssh exited with exit code 1
jazz07: Error while connecting to /var/tmp/spdk.sock
jazz07: Is SPDK application running?
jazz07: Error details: [Errno -2] Name or service not known
jazz16: Error while connecting to /var/tmp/spdk.sock
jazz16: Is SPDK application running?
jazz16: Error details: [Errno 111] Connection refused
pdsh@jazz02: jazz07: ssh exited with exit code 1
pdsh@jazz02: jazz16: ssh exited with exit code 1
