== Starting run at Mon Aug 16 12:37:51 IDT 2021
== Job ID: 60003
== Totally nodes: 
== Node list: jazz[02-07,13,16-28,30]
== Submit dir. : /hpc/local/work/denisn/dc/spdk/dc_testing
== Servers number: 1
== SPDK_DIR: /labhome/denisn/dc/spdk_release
== RDMA_CORE_DIR: /labhome/denisn/dc/rdma-core/build/lib
== TGT_MASK: 0x3FFFF
== PERF_MASK: 0xFFFF
== Server nodelist: jazz02
== Client nodelist: jazz03,jazz04,jazz05,jazz06,jazz07,jazz13,jazz16,jazz17,jazz18,jazz19,jazz20,jazz21,jazz22,jazz23,jazz24,jazz25,jazz26,jazz27,jazz28,jazz30
== Servers running...
srun -l -O --nodes 1 --ntasks 1 --nodelist=jazz02 --export=ALL ./server_run.sh &
== Clients running... 
srun -l --nodes 20 --ntasks 20 --nodelist=jazz03,jazz04,jazz05,jazz06,jazz07,jazz13,jazz16,jazz17,jazz18,jazz19,jazz20,jazz21,jazz22,jazz23,jazz24,jazz25,jazz26,jazz27,jazz28,jazz30 --export=ALL ./nvmeperf_run.sh
0: Server's Servers number: 1
 4: Initiator's Servers number: 1
 0: Initiator's Servers number: 1
 2: Initiator's Servers number: 1
 3: Initiator's Servers number: 1
 5: Initiator's Servers number: 1
 1: Initiator's Servers number: 1
 8: Initiator's Servers number: 1
 7: Initiator's Servers number: 1
 9: Initiator's Servers number: 1
11: Initiator's Servers number: 1
10: Initiator's Servers number: 1
13: Initiator's Servers number: 1
12: Initiator's Servers number: 1
17: Initiator's Servers number: 1
15: Initiator's Servers number: 1
18: Initiator's Servers number: 1
16: Initiator's Servers number: 1
 6: Initiator's Servers number: 1
14: Initiator's Servers number: 1
19: Initiator's Servers number: 1
0: Server's SPDK_DIR: /labhome/denisn/dc/spdk_release
0: Server's RDMA_CORE_DIR: /labhome/denisn/dc/rdma-core/build/lib
0: Server's TGT_MASK: 0x3FFFF
0: Server's PERF_MASK: 0xFFFF
 0: Initiator's SPDK_DIR: /labhome/denisn/dc/spdk_release
 0: Initiator's RDMA_CORE_DIR: /labhome/denisn/dc/rdma-core/build/lib
 0: Initiator's TGT_MASK: 0x3FFFF
 0: Initiator's PERF_MASK: 0xFFFF
 4: Initiator's SPDK_DIR: /labhome/denisn/dc/spdk_release
 4: Initiator's RDMA_CORE_DIR: /labhome/denisn/dc/rdma-core/build/lib
 4: Initiator's TGT_MASK: 0x3FFFF
 4: Initiator's PERF_MASK: 0xFFFF
 2: Initiator's SPDK_DIR: /labhome/denisn/dc/spdk_release
 5: Initiator's SPDK_DIR: /labhome/denisn/dc/spdk_release
 3: Initiator's SPDK_DIR: /labhome/denisn/dc/spdk_release
 2: Initiator's RDMA_CORE_DIR: /labhome/denisn/dc/rdma-core/build/lib
 5: Initiator's RDMA_CORE_DIR: /labhome/denisn/dc/rdma-core/build/lib
 3: Initiator's RDMA_CORE_DIR: /labhome/denisn/dc/rdma-core/build/lib
 2: Initiator's TGT_MASK: 0x3FFFF
 5: Initiator's TGT_MASK: 0x3FFFF
 3: Initiator's TGT_MASK: 0x3FFFF
 2: Initiator's PERF_MASK: 0xFFFF
 5: Initiator's PERF_MASK: 0xFFFF
 3: Initiator's PERF_MASK: 0xFFFF
 1: Initiator's SPDK_DIR: /labhome/denisn/dc/spdk_release
 1: Initiator's RDMA_CORE_DIR: /labhome/denisn/dc/rdma-core/build/lib
 1: Initiator's TGT_MASK: 0x3FFFF
 1: Initiator's PERF_MASK: 0xFFFF
 7: Initiator's SPDK_DIR: /labhome/denisn/dc/spdk_release
 8: Initiator's SPDK_DIR: /labhome/denisn/dc/spdk_release
 7: Initiator's RDMA_CORE_DIR: /labhome/denisn/dc/rdma-core/build/lib
 8: Initiator's RDMA_CORE_DIR: /labhome/denisn/dc/rdma-core/build/lib
 7: Initiator's TGT_MASK: 0x3FFFF
 8: Initiator's TGT_MASK: 0x3FFFF
 7: Initiator's PERF_MASK: 0xFFFF
 8: Initiator's PERF_MASK: 0xFFFF
 9: Initiator's SPDK_DIR: /labhome/denisn/dc/spdk_release
 9: Initiator's RDMA_CORE_DIR: /labhome/denisn/dc/rdma-core/build/lib
11: Initiator's SPDK_DIR: /labhome/denisn/dc/spdk_release
 9: Initiator's TGT_MASK: 0x3FFFF
11: Initiator's RDMA_CORE_DIR: /labhome/denisn/dc/rdma-core/build/lib
 9: Initiator's PERF_MASK: 0xFFFF
11: Initiator's TGT_MASK: 0x3FFFF
11: Initiator's PERF_MASK: 0xFFFF
12: Initiator's SPDK_DIR: /labhome/denisn/dc/spdk_release
10: Initiator's SPDK_DIR: /labhome/denisn/dc/spdk_release
12: Initiator's RDMA_CORE_DIR: /labhome/denisn/dc/rdma-core/build/lib
10: Initiator's RDMA_CORE_DIR: /labhome/denisn/dc/rdma-core/build/lib
12: Initiator's TGT_MASK: 0x3FFFF
10: Initiator's TGT_MASK: 0x3FFFF
12: Initiator's PERF_MASK: 0xFFFF
10: Initiator's PERF_MASK: 0xFFFF
13: Initiator's SPDK_DIR: /labhome/denisn/dc/spdk_release
17: Initiator's SPDK_DIR: /labhome/denisn/dc/spdk_release
13: Initiator's RDMA_CORE_DIR: /labhome/denisn/dc/rdma-core/build/lib
17: Initiator's RDMA_CORE_DIR: /labhome/denisn/dc/rdma-core/build/lib
13: Initiator's TGT_MASK: 0x3FFFF
17: Initiator's TGT_MASK: 0x3FFFF
13: Initiator's PERF_MASK: 0xFFFF
17: Initiator's PERF_MASK: 0xFFFF
18: Initiator's SPDK_DIR: /labhome/denisn/dc/spdk_release
15: Initiator's SPDK_DIR: /labhome/denisn/dc/spdk_release
18: Initiator's RDMA_CORE_DIR: /labhome/denisn/dc/rdma-core/build/lib
15: Initiator's RDMA_CORE_DIR: /labhome/denisn/dc/rdma-core/build/lib
18: Initiator's TGT_MASK: 0x3FFFF
15: Initiator's TGT_MASK: 0x3FFFF
18: Initiator's PERF_MASK: 0xFFFF
15: Initiator's PERF_MASK: 0xFFFF
14: Initiator's SPDK_DIR: /labhome/denisn/dc/spdk_release
 6: Initiator's SPDK_DIR: /labhome/denisn/dc/spdk_release
14: Initiator's RDMA_CORE_DIR: /labhome/denisn/dc/rdma-core/build/lib
 6: Initiator's RDMA_CORE_DIR: /labhome/denisn/dc/rdma-core/build/lib
16: Initiator's SPDK_DIR: /labhome/denisn/dc/spdk_release
14: Initiator's TGT_MASK: 0x3FFFF
 6: Initiator's TGT_MASK: 0x3FFFF
16: Initiator's RDMA_CORE_DIR: /labhome/denisn/dc/rdma-core/build/lib
14: Initiator's PERF_MASK: 0xFFFF
 6: Initiator's PERF_MASK: 0xFFFF
16: Initiator's TGT_MASK: 0x3FFFF
16: Initiator's PERF_MASK: 0xFFFF
19: Initiator's SPDK_DIR: /labhome/denisn/dc/spdk_release
19: Initiator's RDMA_CORE_DIR: /labhome/denisn/dc/rdma-core/build/lib
19: Initiator's TGT_MASK: 0x3FFFF
19: Initiator's PERF_MASK: 0xFFFF
0: Mounting hugetlbfs at /mnt/huge
 0: Mounting hugetlbfs at /mnt/huge
 1: Mounting hugetlbfs at /mnt/huge
12: Mounting hugetlbfs at /mnt/huge
 4: Mounting hugetlbfs at /mnt/huge
 5: Mounting hugetlbfs at /mnt/huge
 2: Mounting hugetlbfs at /mnt/huge
 6: Mounting hugetlbfs at /mnt/huge
 3: Mounting hugetlbfs at /mnt/huge
 9: Mounting hugetlbfs at /mnt/huge
 7: Mounting hugetlbfs at /mnt/huge
11: Mounting hugetlbfs at /mnt/huge
18: Mounting hugetlbfs at /mnt/huge
17: Mounting hugetlbfs at /mnt/huge
10: Mounting hugetlbfs at /mnt/huge
 8: Mounting hugetlbfs at /mnt/huge
14: Mounting hugetlbfs at /mnt/huge
13: Mounting hugetlbfs at /mnt/huge
15: Mounting hugetlbfs at /mnt/huge
16: Mounting hugetlbfs at /mnt/huge
19: Mounting hugetlbfs at /mnt/huge
 0: Waiting for 1 servers started... now there are 0 servers
 1: Waiting for 1 servers started... now there are 0 servers
 4: Waiting for 1 servers started... now there are 0 servers
12: Waiting for 1 servers started... now there are 0 servers
 2: Waiting for 1 servers started... now there are 0 servers
 5: Waiting for 1 servers started... now there are 0 servers
 9: Waiting for 1 servers started... now there are 0 servers
 7: Waiting for 1 servers started... now there are 0 servers
 3: Waiting for 1 servers started... now there are 0 servers
 6: Waiting for 1 servers started... now there are 0 servers
11: Waiting for 1 servers started... now there are 0 servers
18: Waiting for 1 servers started... now there are 0 servers
17: Waiting for 1 servers started... now there are 0 servers
14: Waiting for 1 servers started... now there are 0 servers
19: Waiting for 1 servers started... now there are 0 servers
16: Waiting for 1 servers started... now there are 0 servers
 8: Waiting for 1 servers started... now there are 0 servers
10: Waiting for 1 servers started... now there are 0 servers
15: Waiting for 1 servers started... now there are 0 servers
13: Waiting for 1 servers started... now there are 0 servers
0: sudo env LD_LIBRARY_PATH=/labhome/denisn/dc/rdma-core/build/lib /labhome/denisn/dc/spdk_release/install/bin/spdk_tgt -m 0x3FFFF 2>&1 | tee -a /hpc/local/work/denisn/dc/spdk/dc_testing/job.60003/spdk_tgt.0.log &
0: Waiting for 3s after spdk_tgt run ...
 0: Waiting for 1 servers started... now there are 0 servers
 1: Waiting for 1 servers started... now there are 0 servers
 4: Waiting for 1 servers started... now there are 0 servers
12: Waiting for 1 servers started... now there are 0 servers
 2: Waiting for 1 servers started... now there are 0 servers
 5: Waiting for 1 servers started... now there are 0 servers
 9: Waiting for 1 servers started... now there are 0 servers
 7: Waiting for 1 servers started... now there are 0 servers
 3: Waiting for 1 servers started... now there are 0 servers
 6: Waiting for 1 servers started... now there are 0 servers
11: Waiting for 1 servers started... now there are 0 servers
18: Waiting for 1 servers started... now there are 0 servers
17: Waiting for 1 servers started... now there are 0 servers
14: Waiting for 1 servers started... now there are 0 servers
0: [2021-08-16 12:37:52.624560] Starting SPDK v21.04 git sha1 8016710 / DPDK 21.05.0 initialization...
0: [2021-08-16 12:37:52.624662] [ DPDK EAL parameters: [2021-08-16 12:37:52.624676] spdk_tgt [2021-08-16 12:37:52.624681] --no-shconf [2021-08-16 12:37:52.624707] -c 0x3FFFF [2021-08-16 12:37:52.624714] --log-level=lib.eal:6 [2021-08-16 12:37:52.624719] --log-level=lib.cryptodev:5 [2021-08-16 12:37:52.624728] --log-level=user1:6 [2021-08-16 12:37:52.624734] --base-virtaddr=0x200000000000 [2021-08-16 12:37:52.624739] --match-allocations [2021-08-16 12:37:52.624745] --file-prefix=spdk_pid94081 [2021-08-16 12:37:52.624750] ]
 8: Waiting for 1 servers started... now there are 0 servers
19: Waiting for 1 servers started... now there are 0 servers
16: Waiting for 1 servers started... now there are 0 servers
10: Waiting for 1 servers started... now there are 0 servers
15: Waiting for 1 servers started... now there are 0 servers
13: Waiting for 1 servers started... now there are 0 servers
0: EAL: No available 1048576 kB hugepages reported
0: EAL: No free 2048 kB hugepages reported on node 1
0: TELEMETRY: No legacy callbacks, legacy socket not created
0: [2021-08-16 12:37:52.686815] app.c: 535:spdk_app_start: *NOTICE*: Total cores available: 18
0: [2021-08-16 12:37:52.854674] reactor.c: 929:reactor_run: *NOTICE*: Reactor started on core 1
0: [2021-08-16 12:37:52.854737] reactor.c: 929:reactor_run: *NOTICE*: Reactor started on core 2
0: [2021-08-16 12:37:52.854805] reactor.c: 929:reactor_run: *NOTICE*: Reactor started on core 3
0: [2021-08-16 12:37:52.854867] reactor.c: 929:reactor_run: *NOTICE*: Reactor started on core 5
0: [2021-08-16 12:37:52.854853] reactor.c: 929:reactor_run: *NOTICE*: Reactor started on core 4
0: [2021-08-16 12:37:52.854974] reactor.c: 929:reactor_run: *NOTICE*: Reactor started on core 8
0: [2021-08-16 12:37:52.855032] reactor.c: 929:reactor_run: *NOTICE*: Reactor started on core 10
0: [2021-08-16 12:37:52.854927] reactor.c: 929:reactor_run: *NOTICE*: Reactor started on core 7
0: [2021-08-16 12:37:52.854914] reactor.c: 929:reactor_run: *NOTICE*: Reactor started on core 6
0: [2021-08-16 12:37:52.854989] reactor.c: 929:reactor_run: *NOTICE*: Reactor started on core 9
0: [2021-08-16 12:37:52.855199] reactor.c: 929:reactor_run: *NOTICE*: Reactor started on core 16
0: [2021-08-16 12:37:52.855045] reactor.c: 929:reactor_run: *NOTICE*: Reactor started on core 11
0: [2021-08-16 12:37:52.855086] reactor.c: 929:reactor_run: *NOTICE*: Reactor started on core 12
0: [2021-08-16 12:37:52.855099] reactor.c: 929:reactor_run: *NOTICE*: Reactor started on core 13
0: [2021-08-16 12:37:52.855142] reactor.c: 929:reactor_run: *NOTICE*: Reactor started on core 14
0: [2021-08-16 12:37:52.855156] reactor.c: 929:reactor_run: *NOTICE*: Reactor started on core 15
0: [2021-08-16 12:37:52.855372] reactor.c: 929:reactor_run: *NOTICE*: Reactor started on core 17
0: [2021-08-16 12:37:52.855376] reactor.c: 929:reactor_run: *NOTICE*: Reactor started on core 0
0: [2021-08-16 12:37:52.855601] accel_engine.c: 852:spdk_accel_engine_initialize: *NOTICE*: Accel engine initialized to use software engine.
 0: Waiting for 1 servers started... now there are 0 servers
 1: Waiting for 1 servers started... now there are 0 servers
 4: Waiting for 1 servers started... now there are 0 servers
12: Waiting for 1 servers started... now there are 0 servers
 2: Waiting for 1 servers started... now there are 0 servers
 5: Waiting for 1 servers started... now there are 0 servers
 9: Waiting for 1 servers started... now there are 0 servers
 7: Waiting for 1 servers started... now there are 0 servers
 3: Waiting for 1 servers started... now there are 0 servers
 6: Waiting for 1 servers started... now there are 0 servers
11: Waiting for 1 servers started... now there are 0 servers
18: Waiting for 1 servers started... now there are 0 servers
17: Waiting for 1 servers started... now there are 0 servers
14: Waiting for 1 servers started... now there are 0 servers
 8: Waiting for 1 servers started... now there are 0 servers
19: Waiting for 1 servers started... now there are 0 servers
10: Waiting for 1 servers started... now there are 0 servers
16: Waiting for 1 servers started... now there are 0 servers
15: Waiting for 1 servers started... now there are 0 servers
13: Waiting for 1 servers started... now there are 0 servers
 0: Waiting for 1 servers started... now there are 0 servers
 1: Waiting for 1 servers started... now there are 0 servers
 4: Waiting for 1 servers started... now there are 0 servers
12: Waiting for 1 servers started... now there are 0 servers
 2: Waiting for 1 servers started... now there are 0 servers
 5: Waiting for 1 servers started... now there are 0 servers
 9: Waiting for 1 servers started... now there are 0 servers
 7: Waiting for 1 servers started... now there are 0 servers
 3: Waiting for 1 servers started... now there are 0 servers
 6: Waiting for 1 servers started... now there are 0 servers
11: Waiting for 1 servers started... now there are 0 servers
18: Waiting for 1 servers started... now there are 0 servers
17: Waiting for 1 servers started... now there are 0 servers
14: Waiting for 1 servers started... now there are 0 servers
 8: Waiting for 1 servers started... now there are 0 servers
19: Waiting for 1 servers started... now there are 0 servers
10: Waiting for 1 servers started... now there are 0 servers
16: Waiting for 1 servers started... now there are 0 servers
13: Waiting for 1 servers started... now there are 0 servers
15: Waiting for 1 servers started... now there are 0 servers
 0: Waiting for 1 servers started... now there are 0 servers
0: spdk_tgt pid: 94081
 1: Waiting for 1 servers started... now there are 0 servers
 4: Waiting for 1 servers started... now there are 0 servers
12: Waiting for 1 servers started... now there are 0 servers
 2: Waiting for 1 servers started... now there are 0 servers
 5: Waiting for 1 servers started... now there are 0 servers
 9: Waiting for 1 servers started... now there are 0 servers
 7: Waiting for 1 servers started... now there are 0 servers
 3: Waiting for 1 servers started... now there are 0 servers
 6: Waiting for 1 servers started... now there are 0 servers
11: Waiting for 1 servers started... now there are 0 servers
18: Waiting for 1 servers started... now there are 0 servers
17: Waiting for 1 servers started... now there are 0 servers
14: Waiting for 1 servers started... now there are 0 servers
 8: Waiting for 1 servers started... now there are 0 servers
19: Waiting for 1 servers started... now there are 0 servers
10: Waiting for 1 servers started... now there are 0 servers
16: Waiting for 1 servers started... now there are 0 servers
13: Waiting for 1 servers started... now there are 0 servers
15: Waiting for 1 servers started... now there are 0 servers
0: Null0
0: !!!! max_wqe_sz_sq:1024
0: !!!! max_wqe_sz_rq:512
0: !!!! max_wqe_sz_sq_dc:256
0: !!!! max_wqe_sz_sq:1024
0: !!!! max_wqe_sz_rq:512
0: !!!! max_wqe_sz_sq_dc:256
0: !!!! max_wqe_sz_sq:1024
0: !!!! max_wqe_sz_rq:512
0: !!!! max_wqe_sz_sq_dc:256
0: !!!! max_wqe_sz_sq:1024
0: !!!! max_wqe_sz_rq:512
0: !!!! max_wqe_sz_sq_dc:256
0: !!!! max_wqe_sz_sq:1024
0: !!!! max_wqe_sz_rq:512
0: !!!! max_wqe_sz_sq_dc:256
0: !!!! max_wqe_sz_sq:1024
0: !!!! max_wqe_sz_rq:512
0: !!!! max_wqe_sz_sq_dc:256
 0: Waiting for 1 servers started... now there are 0 servers
 1: Waiting for 1 servers started... now there are 0 servers
 4: Waiting for 1 servers started... now there are 0 servers
12: Waiting for 1 servers started... now there are 0 servers
 2: Waiting for 1 servers started... now there are 0 servers
 5: Waiting for 1 servers started... now there are 0 servers
 9: Waiting for 1 servers started... now there are 0 servers
 7: Waiting for 1 servers started... now there are 0 servers
 3: Waiting for 1 servers started... now there are 0 servers
 6: Waiting for 1 servers started... now there are 0 servers
11: Waiting for 1 servers started... now there are 0 servers
18: Waiting for 1 servers started... now there are 0 servers
17: Waiting for 1 servers started... now there are 0 servers
14: Waiting for 1 servers started... now there are 0 servers
 8: Waiting for 1 servers started... now there are 0 servers
10: Waiting for 1 servers started... now there are 0 servers
19: Waiting for 1 servers started... now there are 0 servers
16: Waiting for 1 servers started... now there are 0 servers
13: Waiting for 1 servers started... now there are 0 servers
15: Waiting for 1 servers started... now there are 0 servers
 0: Waiting for 1 servers started... now there are 0 servers
 1: Waiting for 1 servers started... now there are 0 servers
 4: Waiting for 1 servers started... now there are 0 servers
12: Waiting for 1 servers started... now there are 0 servers
 2: Waiting for 1 servers started... now there are 0 servers
 5: Waiting for 1 servers started... now there are 0 servers
 9: Waiting for 1 servers started... now there are 0 servers
 7: Waiting for 1 servers started... now there are 0 servers
 6: Waiting for 1 servers started... now there are 0 servers
 3: Waiting for 1 servers started... now there are 0 servers
11: Waiting for 1 servers started... now there are 0 servers
18: Waiting for 1 servers started... now there are 0 servers
17: Waiting for 1 servers started... now there are 0 servers
14: Waiting for 1 servers started... now there are 0 servers
 8: Waiting for 1 servers started... now there are 0 servers
10: Waiting for 1 servers started... now there are 0 servers
19: Waiting for 1 servers started... now there are 0 servers
16: Waiting for 1 servers started... now there are 0 servers
13: Waiting for 1 servers started... now there are 0 servers
15: Waiting for 1 servers started... now there are 0 servers
0: [2021-08-16 12:37:57.665137] rdma.c:2651:nvmf_rdma_listen: *NOTICE*: *** NVMe/RDMA Target Listening on 172.24.0.2 port 4420 ***
 0: Waiting for 1 servers started... now there are 0 servers
 1: Waiting for 1 servers started... now there are 0 servers
 4: Waiting for 1 servers started... now there are 0 servers
12: Waiting for 1 servers started... now there are 0 servers
 2: Waiting for 1 servers started... now there are 0 servers
 5: Waiting for 1 servers started... now there are 0 servers
 9: Waiting for 1 servers started... now there are 0 servers
 7: Waiting for 1 servers started... now there are 0 servers
 3: Waiting for 1 servers started... now there are 0 servers
 6: Waiting for 1 servers started... now there are 0 servers
11: Waiting for 1 servers started... now there are 0 servers
18: Waiting for 1 servers started... now there are 0 servers
17: Waiting for 1 servers started... now there are 0 servers
14: Waiting for 1 servers started... now there are 0 servers
 8: Waiting for 1 servers started... now there are 0 servers
10: Waiting for 1 servers started... now there are 0 servers
19: Waiting for 1 servers started... now there are 0 servers
16: Waiting for 1 servers started... now there are 0 servers
13: Waiting for 1 servers started... now there are 0 servers
15: Waiting for 1 servers started... now there are 0 servers
0: /hpc/local/work/denisn/dc/spdk/dc_testing/./server_run.sh: line 38: wait: pid 94081 is not a child of this shell
 0: 
 0: Got servers list: 172.24.0.2
 0: sudo env LD_LIBRARY_PATH=/labhome/denisn/dc/rdma-core/build/lib /labhome/denisn/dc/spdk_release/install/bin/spdk_nvme_perf 	 --srq-depth 128 -r "trtype:rdma adrfam:ipv4 traddr:172.24.0.2 trsvcid:4420" 	 -c 0xFFFF -q 1 -o 4096 -w randread -t 10 	  2>&1 | tee -a /hpc/local/work/denisn/dc/spdk/dc_testing/job.60003/perf.0.log
 1: 
 1: Got servers list: 172.24.0.2
 1: sudo env LD_LIBRARY_PATH=/labhome/denisn/dc/rdma-core/build/lib /labhome/denisn/dc/spdk_release/install/bin/spdk_nvme_perf 	 --srq-depth 128 -r "trtype:rdma adrfam:ipv4 traddr:172.24.0.2 trsvcid:4420" 	 -c 0xFFFF -q 1 -o 4096 -w randread -t 10 	  2>&1 | tee -a /hpc/local/work/denisn/dc/spdk/dc_testing/job.60003/perf.1.log
 4: 
12: 
 4: Got servers list: 172.24.0.2
 4: sudo env LD_LIBRARY_PATH=/labhome/denisn/dc/rdma-core/build/lib /labhome/denisn/dc/spdk_release/install/bin/spdk_nvme_perf 	 --srq-depth 128 -r "trtype:rdma adrfam:ipv4 traddr:172.24.0.2 trsvcid:4420" 	 -c 0xFFFF -q 1 -o 4096 -w randread -t 10 	  2>&1 | tee -a /hpc/local/work/denisn/dc/spdk/dc_testing/job.60003/perf.4.log
 2: 
 2: Got servers list: 172.24.0.2
 2: sudo env LD_LIBRARY_PATH=/labhome/denisn/dc/rdma-core/build/lib /labhome/denisn/dc/spdk_release/install/bin/spdk_nvme_perf 	 --srq-depth 128 -r "trtype:rdma adrfam:ipv4 traddr:172.24.0.2 trsvcid:4420" 	 -c 0xFFFF -q 1 -o 4096 -w randread -t 10 	  2>&1 | tee -a /hpc/local/work/denisn/dc/spdk/dc_testing/job.60003/perf.2.log
 3: 
 6: 
 3: Got servers list: 172.24.0.2
 6: Got servers list: 172.24.0.2
11: 
 3: sudo env LD_LIBRARY_PATH=/labhome/denisn/dc/rdma-core/build/lib /labhome/denisn/dc/spdk_release/install/bin/spdk_nvme_perf 	 --srq-depth 128 -r "trtype:rdma adrfam:ipv4 traddr:172.24.0.2 trsvcid:4420" 	 -c 0xFFFF -q 1 -o 4096 -w randread -t 10 	  2>&1 | tee -a /hpc/local/work/denisn/dc/spdk/dc_testing/job.60003/perf.3.log
 6: sudo env LD_LIBRARY_PATH=/labhome/denisn/dc/rdma-core/build/lib /labhome/denisn/dc/spdk_release/install/bin/spdk_nvme_perf 	 --srq-depth 128 -r "trtype:rdma adrfam:ipv4 traddr:172.24.0.2 trsvcid:4420" 	 -c 0xFFFF -q 1 -o 4096 -w randread -t 10 	  2>&1 | tee -a /hpc/local/work/denisn/dc/spdk/dc_testing/job.60003/perf.6.log
18: 
17: 
14: 
18: Got servers list: 172.24.0.2
17: Got servers list: 172.24.0.2
18: sudo env LD_LIBRARY_PATH=/labhome/denisn/dc/rdma-core/build/lib /labhome/denisn/dc/spdk_release/install/bin/spdk_nvme_perf 	 --srq-depth 128 -r "trtype:rdma adrfam:ipv4 traddr:172.24.0.2 trsvcid:4420" 	 -c 0xFFFF -q 1 -o 4096 -w randread -t 10 	  2>&1 | tee -a /hpc/local/work/denisn/dc/spdk/dc_testing/job.60003/perf.18.log
14: Got servers list: 172.24.0.2
17: sudo env LD_LIBRARY_PATH=/labhome/denisn/dc/rdma-core/build/lib /labhome/denisn/dc/spdk_release/install/bin/spdk_nvme_perf 	 --srq-depth 128 -r "trtype:rdma adrfam:ipv4 traddr:172.24.0.2 trsvcid:4420" 	 -c 0xFFFF -q 1 -o 4096 -w randread -t 10 	  2>&1 | tee -a /hpc/local/work/denisn/dc/spdk/dc_testing/job.60003/perf.17.log
 8: 
14: sudo env LD_LIBRARY_PATH=/labhome/denisn/dc/rdma-core/build/lib /labhome/denisn/dc/spdk_release/install/bin/spdk_nvme_perf 	 --srq-depth 128 -r "trtype:rdma adrfam:ipv4 traddr:172.24.0.2 trsvcid:4420" 	 -c 0xFFFF -q 1 -o 4096 -w randread -t 10 	  2>&1 | tee -a /hpc/local/work/denisn/dc/spdk/dc_testing/job.60003/perf.14.log
10: 
16: 
15: 
 8: Got servers list: 172.24.0.2
10: Got servers list: 172.24.0.2
 8: sudo env LD_LIBRARY_PATH=/labhome/denisn/dc/rdma-core/build/lib /labhome/denisn/dc/spdk_release/install/bin/spdk_nvme_perf 	 --srq-depth 128 -r "trtype:rdma adrfam:ipv4 traddr:172.24.0.2 trsvcid:4420" 	 -c 0xFFFF -q 1 -o 4096 -w randread -t 10 	  2>&1 | tee -a /hpc/local/work/denisn/dc/spdk/dc_testing/job.60003/perf.8.log
16: Got servers list: 172.24.0.2
10: sudo env LD_LIBRARY_PATH=/labhome/denisn/dc/rdma-core/build/lib /labhome/denisn/dc/spdk_release/install/bin/spdk_nvme_perf 	 --srq-depth 128 -r "trtype:rdma adrfam:ipv4 traddr:172.24.0.2 trsvcid:4420" 	 -c 0xFFFF -q 1 -o 4096 -w randread -t 10 	  2>&1 | tee -a /hpc/local/work/denisn/dc/spdk/dc_testing/job.60003/perf.10.log
16: sudo env LD_LIBRARY_PATH=/labhome/denisn/dc/rdma-core/build/lib /labhome/denisn/dc/spdk_release/install/bin/spdk_nvme_perf 	 --srq-depth 128 -r "trtype:rdma adrfam:ipv4 traddr:172.24.0.2 trsvcid:4420" 	 -c 0xFFFF -q 1 -o 4096 -w randread -t 10 	  2>&1 | tee -a /hpc/local/work/denisn/dc/spdk/dc_testing/job.60003/perf.16.log
15: Got servers list: 172.24.0.2
15: sudo env LD_LIBRARY_PATH=/labhome/denisn/dc/rdma-core/build/lib /labhome/denisn/dc/spdk_release/install/bin/spdk_nvme_perf 	 --srq-depth 128 -r "trtype:rdma adrfam:ipv4 traddr:172.24.0.2 trsvcid:4420" 	 -c 0xFFFF -q 1 -o 4096 -w randread -t 10 	  2>&1 | tee -a /hpc/local/work/denisn/dc/spdk/dc_testing/job.60003/perf.15.log
 4: [2021-08-16 12:37:59.735509] Starting SPDK v21.04 git sha1 8016710 / DPDK 21.05.0 initialization...
 4: [2021-08-16 12:37:59.735568] [ DPDK EAL parameters: [2021-08-16 12:37:59.735579] perf [2021-08-16 12:37:59.735586] --no-shconf [2021-08-16 12:37:59.735592] -c 0xFFFF [2021-08-16 12:37:59.735598] --no-pci [2021-08-16 12:37:59.735605] --log-level=lib.eal:6 [2021-08-16 12:37:59.735611] --log-level=lib.cryptodev:5 [2021-08-16 12:37:59.735617] --log-level=user1:6 [2021-08-16 12:37:59.735623] --base-virtaddr=0x200000000000 [2021-08-16 12:37:59.735630] --match-allocations [2021-08-16 12:37:59.735636] --file-prefix=spdk_pid45519 [2021-08-16 12:37:59.735643] ]
 4: EAL: No available 1048576 kB hugepages reported
 4: EAL: No free 2048 kB hugepages reported on node 1
 4: TELEMETRY: No legacy callbacks, legacy socket not created
 4: !!!! max_wqe_sz_sq:1024
 4: !!!! max_wqe_sz_rq:512
 4: !!!! max_wqe_sz_sq_dc:256
 4: !!!! max_wqe_sz_sq:1024
 4: !!!! max_wqe_sz_rq:512
 4: !!!! max_wqe_sz_sq_dc:256
 4: !!!! max_wqe_sz_sq:1024
 4: !!!! max_wqe_sz_rq:512
 4: !!!! max_wqe_sz_sq_dc:256
 4: !!!! max_wqe_sz_sq:1024
 4: !!!! max_wqe_sz_rq:512
 4: !!!! max_wqe_sz_sq_dc:256
12: Got servers list: 172.24.0.2
12: sudo env LD_LIBRARY_PATH=/labhome/denisn/dc/rdma-core/build/lib /labhome/denisn/dc/spdk_release/install/bin/spdk_nvme_perf 	 --srq-depth 128 -r "trtype:rdma adrfam:ipv4 traddr:172.24.0.2 trsvcid:4420" 	 -c 0xFFFF -q 1 -o 4096 -w randread -t 10 	  2>&1 | tee -a /hpc/local/work/denisn/dc/spdk/dc_testing/job.60003/perf.12.log
 4: !!!! max_wqe_sz_sq:1024
 4: !!!! max_wqe_sz_rq:512
 4: !!!! max_wqe_sz_sq_dc:256
 4: !!!! max_wqe_sz_sq:1024
 4: !!!! max_wqe_sz_rq:512
 4: !!!! max_wqe_sz_sq_dc:256
 5: 
 5: Got servers list: 172.24.0.2
 5: sudo env LD_LIBRARY_PATH=/labhome/denisn/dc/rdma-core/build/lib /labhome/denisn/dc/spdk_release/install/bin/spdk_nvme_perf 	 --srq-depth 128 -r "trtype:rdma adrfam:ipv4 traddr:172.24.0.2 trsvcid:4420" 	 -c 0xFFFF -q 1 -o 4096 -w randread -t 10 	  2>&1 | tee -a /hpc/local/work/denisn/dc/spdk/dc_testing/job.60003/perf.5.log
 9: 
 9: Got servers list: 172.24.0.2
 9: sudo env LD_LIBRARY_PATH=/labhome/denisn/dc/rdma-core/build/lib /labhome/denisn/dc/spdk_release/install/bin/spdk_nvme_perf 	 --srq-depth 128 -r "trtype:rdma adrfam:ipv4 traddr:172.24.0.2 trsvcid:4420" 	 -c 0xFFFF -q 1 -o 4096 -w randread -t 10 	  2>&1 | tee -a /hpc/local/work/denisn/dc/spdk/dc_testing/job.60003/perf.9.log
11: Got servers list: 172.24.0.2
11: sudo env LD_LIBRARY_PATH=/labhome/denisn/dc/rdma-core/build/lib /labhome/denisn/dc/spdk_release/install/bin/spdk_nvme_perf 	 --srq-depth 128 -r "trtype:rdma adrfam:ipv4 traddr:172.24.0.2 trsvcid:4420" 	 -c 0xFFFF -q 1 -o 4096 -w randread -t 10 	  2>&1 | tee -a /hpc/local/work/denisn/dc/spdk/dc_testing/job.60003/perf.11.log
13: 
13: Got servers list: 172.24.0.2
13: sudo env LD_LIBRARY_PATH=/labhome/denisn/dc/rdma-core/build/lib /labhome/denisn/dc/spdk_release/install/bin/spdk_nvme_perf 	 --srq-depth 128 -r "trtype:rdma adrfam:ipv4 traddr:172.24.0.2 trsvcid:4420" 	 -c 0xFFFF -q 1 -o 4096 -w randread -t 10 	  2>&1 | tee -a /hpc/local/work/denisn/dc/spdk/dc_testing/job.60003/perf.13.log
 7: 
19: 
19: Got servers list: 172.24.0.2
19: sudo env LD_LIBRARY_PATH=/labhome/denisn/dc/rdma-core/build/lib /labhome/denisn/dc/spdk_release/install/bin/spdk_nvme_perf 	 --srq-depth 128 -r "trtype:rdma adrfam:ipv4 traddr:172.24.0.2 trsvcid:4420" 	 -c 0xFFFF -q 1 -o 4096 -w randread -t 10 	  2>&1 | tee -a /hpc/local/work/denisn/dc/spdk/dc_testing/job.60003/perf.19.log
 8: [2021-08-16 12:38:00.056421] Starting SPDK v21.04 git sha1 8016710 / DPDK 21.05.0 initialization...
 8: [2021-08-16 12:38:00.056494] [ DPDK EAL parameters: [2021-08-16 12:38:00.056501] perf [2021-08-16 12:38:00.056523] --no-shconf [2021-08-16 12:38:00.056527] -c 0xFFFF [2021-08-16 12:38:00.056538] --no-pci [2021-08-16 12:38:00.056545] --log-level=lib.eal:6 [2021-08-16 12:38:00.056549] --log-level=lib.cryptodev:5 [2021-08-16 12:38:00.056555] --log-level=user1:6 [2021-08-16 12:38:00.056559] --base-virtaddr=0x200000000000 [2021-08-16 12:38:00.056565] --match-allocations [2021-08-16 12:38:00.056569] --file-prefix=spdk_pid114185 [2021-08-16 12:38:00.056575] ]
 8: EAL: No available 1048576 kB hugepages reported
 8: EAL: No free 2048 kB hugepages reported on node 1
18: [2021-08-16 12:38:00.078784] Starting SPDK v21.04 git sha1 8016710 / DPDK 21.05.0 initialization...
18: [2021-08-16 12:38:00.078858] [ DPDK EAL parameters: [2021-08-16 12:38:00.078865] perf [2021-08-16 12:38:00.078870] --no-shconf [2021-08-16 12:38:00.078874] -c 0xFFFF [2021-08-16 12:38:00.078903] --no-pci [2021-08-16 12:38:00.078925] --log-level=lib.eal:6 [2021-08-16 12:38:00.078930] --log-level=lib.cryptodev:5 [2021-08-16 12:38:00.078954] --log-level=user1:6 [2021-08-16 12:38:00.078960] --base-virtaddr=0x200000000000 [2021-08-16 12:38:00.078965] --match-allocations [2021-08-16 12:38:00.078974] --file-prefix=spdk_pid76320 [2021-08-16 12:38:00.078979] ]
 8: TELEMETRY: No legacy callbacks, legacy socket not created
16: [2021-08-16 12:38:00.084357] Starting SPDK v21.04 git sha1 8016710 / DPDK 21.05.0 initialization...
16: [2021-08-16 12:38:00.084446] [ DPDK EAL parameters: [2021-08-16 12:38:00.084454] perf [2021-08-16 12:38:00.084459] --no-shconf [2021-08-16 12:38:00.084463] -c 0xFFFF [2021-08-16 12:38:00.084468] --no-pci [2021-08-16 12:38:00.084472] --log-level=lib.eal:6 [2021-08-16 12:38:00.084477] --log-level=lib.cryptodev:5 [2021-08-16 12:38:00.084482] --log-level=user1:6 [2021-08-16 12:38:00.084486] --base-virtaddr=0x200000000000 [2021-08-16 12:38:00.084491] --match-allocations [2021-08-16 12:38:00.084496] --file-prefix=spdk_pid91564 [2021-08-16 12:38:00.084501] ]
15: [2021-08-16 12:38:00.086421] Starting SPDK v21.04 git sha1 8016710 / DPDK 21.05.0 initialization...
15: [2021-08-16 12:38:00.086481] [ DPDK EAL parameters: [2021-08-16 12:38:00.086506] perf [2021-08-16 12:38:00.086513] --no-shconf [2021-08-16 12:38:00.086519] -c 0xFFFF [2021-08-16 12:38:00.086523] --no-pci [2021-08-16 12:38:00.086529] --log-level=lib.eal:6 [2021-08-16 12:38:00.086534] --log-level=lib.cryptodev:5 [2021-08-16 12:38:00.086540] --log-level=user1:6 [2021-08-16 12:38:00.086546] --base-virtaddr=0x200000000000 [2021-08-16 12:38:00.086553] --match-allocations [2021-08-16 12:38:00.086559] --file-prefix=spdk_pid145590 [2021-08-16 12:38:00.086564] ]
18: EAL: No available 1048576 kB hugepages reported
18: EAL: No free 2048 kB hugepages reported on node 1
16: EAL: No available 1048576 kB hugepages reported
16: EAL: No free 2048 kB hugepages reported on node 1
15: EAL: No available 1048576 kB hugepages reported
15: EAL: No free 2048 kB hugepages reported on node 1
18: TELEMETRY: No legacy callbacks, legacy socket not created
16: TELEMETRY: No legacy callbacks, legacy socket not created
15: TELEMETRY: No legacy callbacks, legacy socket not created
 8: !!!! max_wqe_sz_sq:1024
 8: !!!! max_wqe_sz_rq:512
 8: !!!! max_wqe_sz_sq_dc:256
 8: !!!! max_wqe_sz_sq:1024
 8: !!!! max_wqe_sz_rq:512
 8: !!!! max_wqe_sz_sq_dc:256
 8: !!!! max_wqe_sz_sq:1024
 8: !!!! max_wqe_sz_rq:512
 8: !!!! max_wqe_sz_sq_dc:256
 8: !!!! max_wqe_sz_sq:1024
 8: !!!! max_wqe_sz_rq:512
 8: !!!! max_wqe_sz_sq_dc:256
 8: !!!! max_wqe_sz_sq:1024
 8: !!!! max_wqe_sz_rq:512
 8: !!!! max_wqe_sz_sq_dc:256
 8: !!!! max_wqe_sz_sq:1024
 8: !!!! max_wqe_sz_rq:512
 8: !!!! max_wqe_sz_sq_dc:256
 1: [2021-08-16 12:38:00.203118] Starting SPDK v21.04 git sha1 8016710 / DPDK 21.05.0 initialization...
 1: [2021-08-16 12:38:00.203196] [ DPDK EAL parameters: [2021-08-16 12:38:00.203204] perf [2021-08-16 12:38:00.203209] --no-shconf [2021-08-16 12:38:00.203238] -c 0xFFFF [2021-08-16 12:38:00.203245] --no-pci [2021-08-16 12:38:00.203250] --log-level=lib.eal:6 [2021-08-16 12:38:00.203256] --log-level=lib.cryptodev:5 [2021-08-16 12:38:00.203261] --log-level=user1:6 [2021-08-16 12:38:00.203267] --base-virtaddr=0x200000000000 [2021-08-16 12:38:00.203272] --match-allocations [2021-08-16 12:38:00.203278] --file-prefix=spdk_pid12685 [2021-08-16 12:38:00.203284] ]
 1: EAL: No available 1048576 kB hugepages reported
 1: EAL: No free 2048 kB hugepages reported on node 1
 1: TELEMETRY: No legacy callbacks, legacy socket not created
 7: Got servers list: 172.24.0.2
 7: sudo env LD_LIBRARY_PATH=/labhome/denisn/dc/rdma-core/build/lib /labhome/denisn/dc/spdk_release/install/bin/spdk_nvme_perf 	 --srq-depth 128 -r "trtype:rdma adrfam:ipv4 traddr:172.24.0.2 trsvcid:4420" 	 -c 0xFFFF -q 1 -o 4096 -w randread -t 10 	  2>&1 | tee -a /hpc/local/work/denisn/dc/spdk/dc_testing/job.60003/perf.7.log
 2: [2021-08-16 12:38:00.267523] Starting SPDK v21.04 git sha1 8016710 / DPDK 21.05.0 initialization...
 2: [2021-08-16 12:38:00.267597] [ DPDK EAL parameters: [2021-08-16 12:38:00.267604] perf [2021-08-16 12:38:00.267626] --no-shconf [2021-08-16 12:38:00.267638] -c 0xFFFF [2021-08-16 12:38:00.267645] --no-pci [2021-08-16 12:38:00.267650] --log-level=lib.eal:6 [2021-08-16 12:38:00.267656] --log-level=lib.cryptodev:5 [2021-08-16 12:38:00.267661] --log-level=user1:6 [2021-08-16 12:38:00.267667] --base-virtaddr=0x200000000000 [2021-08-16 12:38:00.267672] --match-allocations [2021-08-16 12:38:00.267678] --file-prefix=spdk_pid178102 [2021-08-16 12:38:00.267695] ]
 9: [2021-08-16 12:38:00.270244] Starting SPDK v21.04 git sha1 8016710 / DPDK 21.05.0 initialization...
 9: [2021-08-16 12:38:00.270317] [ DPDK EAL parameters: [2021-08-16 12:38:00.270324] perf [2021-08-16 12:38:00.270346] --no-shconf [2021-08-16 12:38:00.270359] -c 0xFFFF [2021-08-16 12:38:00.270369] --no-pci [2021-08-16 12:38:00.270375] --log-level=lib.eal:6 [2021-08-16 12:38:00.270380] --log-level=lib.cryptodev:5 [2021-08-16 12:38:00.270385] --log-level=user1:6 [2021-08-16 12:38:00.270389] --base-virtaddr=0x200000000000 [2021-08-16 12:38:00.270395] --match-allocations [2021-08-16 12:38:00.270400] --file-prefix=spdk_pid40699 [2021-08-16 12:38:00.270406] ]
 3: [2021-08-16 12:38:00.274362] Starting SPDK v21.04 git sha1 8016710 / DPDK 21.05.0 initialization...
 3: [2021-08-16 12:38:00.274443] [ DPDK EAL parameters: [2021-08-16 12:38:00.274452] perf [2021-08-16 12:38:00.274473] --no-shconf [2021-08-16 12:38:00.274479] -c 0xFFFF [2021-08-16 12:38:00.274484] --no-pci [2021-08-16 12:38:00.274490] --log-level=lib.eal:6 [2021-08-16 12:38:00.274495] --log-level=lib.cryptodev:5 [2021-08-16 12:38:00.274506] --log-level=user1:6 [2021-08-16 12:38:00.274511] --base-virtaddr=0x200000000000 [2021-08-16 12:38:00.274517] --match-allocations [2021-08-16 12:38:00.274522] --file-prefix=spdk_pid117281 [2021-08-16 12:38:00.274529] ]
 9: EAL: No available 1048576 kB hugepages reported
 9: EAL: No free 2048 kB hugepages reported on node 1
10: [2021-08-16 12:38:00.285040] Starting SPDK v21.04 git sha1 8016710 / DPDK 21.05.0 initialization...
10: [2021-08-16 12:38:00.285122] [ DPDK EAL parameters: [2021-08-16 12:38:00.285129] perf [2021-08-16 12:38:00.285135] --no-shconf [2021-08-16 12:38:00.285140] -c 0xFFFF [2021-08-16 12:38:00.285147] --no-pci [2021-08-16 12:38:00.285153] --log-level=lib.eal:6 [2021-08-16 12:38:00.285160] --log-level=lib.cryptodev:5 [2021-08-16 12:38:00.285167] --log-level=user1:6 [2021-08-16 12:38:00.285173] --base-virtaddr=0x200000000000 [2021-08-16 12:38:00.285180] --match-allocations [2021-08-16 12:38:00.285185] --file-prefix=spdk_pid83205 [2021-08-16 12:38:00.285191] ]
 3: EAL: No available 1048576 kB hugepages reported
 3: EAL: No free 2048 kB hugepages reported on node 1
11: [2021-08-16 12:38:00.288590] Starting SPDK v21.04 git sha1 8016710 / DPDK 21.05.0 initialization...
11: [2021-08-16 12:38:00.288670] [ DPDK EAL parameters: [2021-08-16 12:38:00.288677] perf [2021-08-16 12:38:00.288699] --no-shconf [2021-08-16 12:38:00.288704] -c 0xFFFF [2021-08-16 12:38:00.288710] --no-pci [2021-08-16 12:38:00.288717] --log-level=lib.eal:6 [2021-08-16 12:38:00.288721] --log-level=lib.cryptodev:5 [2021-08-16 12:38:00.288728] --log-level=user1:6 [2021-08-16 12:38:00.288733] --base-virtaddr=0x200000000000 [2021-08-16 12:38:00.288739] --match-allocations [2021-08-16 12:38:00.288744] --file-prefix=spdk_pid163669 [2021-08-16 12:38:00.288749] ]
 9: TELEMETRY: No legacy callbacks, legacy socket not created
10: EAL: No available 1048576 kB hugepages reported
10: EAL: No free 2048 kB hugepages reported on node 1
11: EAL: No available 1048576 kB hugepages reported
11: EAL: No free 2048 kB hugepages reported on node 1
 3: TELEMETRY: No legacy callbacks, legacy socket not created
10: TELEMETRY: No legacy callbacks, legacy socket not created
11: TELEMETRY: No legacy callbacks, legacy socket not created
19: [2021-08-16 12:38:00.376982] Starting SPDK v21.04 git sha1 8016710 / DPDK 21.05.0 initialization...
19: [2021-08-16 12:38:00.377055] [ DPDK EAL parameters: [2021-08-16 12:38:00.377062] perf [2021-08-16 12:38:00.377110] --no-shconf [2021-08-16 12:38:00.377117] -c 0xFFFF [2021-08-16 12:38:00.377124] --no-pci [2021-08-16 12:38:00.377129] --log-level=lib.eal:6 [2021-08-16 12:38:00.377135] --log-level=lib.cryptodev:5 [2021-08-16 12:38:00.377140] --log-level=user1:6 [2021-08-16 12:38:00.377146] --base-virtaddr=0x200000000000 [2021-08-16 12:38:00.377151] --match-allocations [2021-08-16 12:38:00.377157] --file-prefix=spdk_pid129770 [2021-08-16 12:38:00.377162] ]
19: EAL: No available 1048576 kB hugepages reported
19: EAL: No free 2048 kB hugepages reported on node 1
19: TELEMETRY: No legacy callbacks, legacy socket not created
 0: [2021-08-16 12:38:00.428928] Starting SPDK v21.04 git sha1 8016710 / DPDK 21.05.0 initialization...
 0: [2021-08-16 12:38:00.428989] [ DPDK EAL parameters: [2021-08-16 12:38:00.428998] perf [2021-08-16 12:38:00.429003] --no-shconf [2021-08-16 12:38:00.429009] -c 0xFFFF [2021-08-16 12:38:00.429014] --no-pci [2021-08-16 12:38:00.429020] --log-level=lib.eal:6 [2021-08-16 12:38:00.429027] --log-level=lib.cryptodev:5 [2021-08-16 12:38:00.429034] --log-level=user1:6 [2021-08-16 12:38:00.429041] --base-virtaddr=0x200000000000 [2021-08-16 12:38:00.429047] --match-allocations [2021-08-16 12:38:00.429053] --file-prefix=spdk_pid137106 [2021-08-16 12:38:00.429058] ]
 0: EAL: No available 1048576 kB hugepages reported
 0: EAL: No free 2048 kB hugepages reported on node 1
 0: TELEMETRY: No legacy callbacks, legacy socket not created
 3: !!!! max_wqe_sz_sq:1024
 3: !!!! max_wqe_sz_rq:512
 3: !!!! max_wqe_sz_sq_dc:256
 3: !!!! max_wqe_sz_sq:1024
 3: !!!! max_wqe_sz_rq:512
 3: !!!! max_wqe_sz_sq_dc:256
 3: !!!! max_wqe_sz_sq:1024
 3: !!!! max_wqe_sz_rq:512
 3: !!!! max_wqe_sz_sq_dc:256
 3: !!!! max_wqe_sz_sq:1024
 3: !!!! max_wqe_sz_rq:512
 3: !!!! max_wqe_sz_sq_dc:256
 3: !!!! max_wqe_sz_sq:1024
 3: !!!! max_wqe_sz_rq:512
 3: !!!! max_wqe_sz_sq_dc:256
 3: !!!! max_wqe_sz_sq:1024
 3: !!!! max_wqe_sz_rq:512
 3: !!!! max_wqe_sz_sq_dc:256
11: !!!! max_wqe_sz_sq:1024
11: !!!! max_wqe_sz_rq:512
11: !!!! max_wqe_sz_sq_dc:256
 5: [2021-08-16 12:38:00.475741] Starting SPDK v21.04 git sha1 8016710 / DPDK 21.05.0 initialization...
 5: [2021-08-16 12:38:00.475824] [ DPDK EAL parameters: [2021-08-16 12:38:00.475832] perf [2021-08-16 12:38:00.475853] --no-shconf [2021-08-16 12:38:00.475860] -c 0xFFFF [2021-08-16 12:38:00.475865] --no-pci [2021-08-16 12:38:00.475871] --log-level=lib.eal:6 [2021-08-16 12:38:00.475876] --log-level=lib.cryptodev:5 [2021-08-16 12:38:00.475882] --log-level=user1:6 [2021-08-16 12:38:00.475887] --base-virtaddr=0x200000000000 [2021-08-16 12:38:00.475893] --match-allocations [2021-08-16 12:38:00.475897] --file-prefix=spdk_pid195552 [2021-08-16 12:38:00.475904] ]
11: !!!! max_wqe_sz_sq:1024
11: !!!! max_wqe_sz_rq:512
11: !!!! max_wqe_sz_sq_dc:256
12: [2021-08-16 12:38:00.481217] Starting SPDK v21.04 git sha1 8016710 / DPDK 21.05.0 initialization...
12: [2021-08-16 12:38:00.481297] [ DPDK EAL parameters: [2021-08-16 12:38:00.481304] perf [2021-08-16 12:38:00.481309] --no-shconf [2021-08-16 12:38:00.481317] -c 0xFFFF [2021-08-16 12:38:00.481324] --no-pci [2021-08-16 12:38:00.481329] --log-level=lib.eal:6 [2021-08-16 12:38:00.481344] --log-level=lib.cryptodev:5 [2021-08-16 12:38:00.481351] --log-level=user1:6 [2021-08-16 12:38:00.481355] --base-virtaddr=0x200000000000 [2021-08-16 12:38:00.481364] --match-allocations [2021-08-16 12:38:00.481368] --file-prefix=spdk_pid17542 [2021-08-16 12:38:00.481375] ]
11: !!!! max_wqe_sz_sq:1024
11: !!!! max_wqe_sz_rq:512
11: !!!! max_wqe_sz_sq_dc:256
 5: EAL: No available 1048576 kB hugepages reported
 5: EAL: No free 2048 kB hugepages reported on node 1
11: !!!! max_wqe_sz_sq:1024
11: !!!! max_wqe_sz_rq:512
11: !!!! max_wqe_sz_sq_dc:256
12: EAL: No available 1048576 kB hugepages reported
12: EAL: No free 2048 kB hugepages reported on node 1
11: !!!! max_wqe_sz_sq:1024
11: !!!! max_wqe_sz_rq:512
11: !!!! max_wqe_sz_sq_dc:256
11: !!!! max_wqe_sz_sq:1024
11: !!!! max_wqe_sz_rq:512
11: !!!! max_wqe_sz_sq_dc:256
 5: TELEMETRY: No legacy callbacks, legacy socket not created
12: TELEMETRY: No legacy callbacks, legacy socket not created
 6: [2021-08-16 12:38:00.508184] Starting SPDK v21.04 git sha1 8016710 / DPDK 21.05.0 initialization...
 6: [2021-08-16 12:38:00.508264] [ DPDK EAL parameters: [2021-08-16 12:38:00.508272] perf [2021-08-16 12:38:00.508293] --no-shconf [2021-08-16 12:38:00.508305] -c 0xFFFF [2021-08-16 12:38:00.508310] --no-pci [2021-08-16 12:38:00.508316] --log-level=lib.eal:6 [2021-08-16 12:38:00.508322] --log-level=lib.cryptodev:5 [2021-08-16 12:38:00.508327] --log-level=user1:6 [2021-08-16 12:38:00.508333] --base-virtaddr=0x200000000000 [2021-08-16 12:38:00.508338] --match-allocations [2021-08-16 12:38:00.508347] --file-prefix=spdk_pid28520 [2021-08-16 12:38:00.508354] ]
 2: EAL: No available 1048576 kB hugepages reported
 2: EAL: No free 2048 kB hugepages reported on node 1
 6: EAL: No available 1048576 kB hugepages reported
 6: EAL: No free 2048 kB hugepages reported on node 1
 2: TELEMETRY: No legacy callbacks, legacy socket not created
 6: TELEMETRY: No legacy callbacks, legacy socket not created
14: [2021-08-16 12:38:00.559350] Starting SPDK v21.04 git sha1 8016710 / DPDK 21.05.0 initialization...
14: [2021-08-16 12:38:00.559425] [ DPDK EAL parameters: [2021-08-16 12:38:00.559450] perf [2021-08-16 12:38:00.559455] --no-shconf [2021-08-16 12:38:00.559464] -c 0xFFFF [2021-08-16 12:38:00.559473] --no-pci [2021-08-16 12:38:00.559482] --log-level=lib.eal:6 [2021-08-16 12:38:00.559491] --log-level=lib.cryptodev:5 [2021-08-16 12:38:00.559496] --log-level=user1:6 [2021-08-16 12:38:00.559500] --base-virtaddr=0x200000000000 [2021-08-16 12:38:00.559507] --match-allocations [2021-08-16 12:38:00.559514] --file-prefix=spdk_pid169803 [2021-08-16 12:38:00.559520] ]
 0: !!!! max_wqe_sz_sq:1024
 0: !!!! max_wqe_sz_rq:512
 0: !!!! max_wqe_sz_sq_dc:256
 0: !!!! max_wqe_sz_sq:1024
 0: !!!! max_wqe_sz_rq:512
 0: !!!! max_wqe_sz_sq_dc:256
14: EAL: No available 1048576 kB hugepages reported
14: EAL: No free 2048 kB hugepages reported on node 1
19: !!!! max_wqe_sz_sq:1024
19: !!!! max_wqe_sz_rq:512
19: !!!! max_wqe_sz_sq_dc:256
 0: !!!! max_wqe_sz_sq:1024
 0: !!!! max_wqe_sz_rq:512
 0: !!!! max_wqe_sz_sq_dc:256
19: !!!! max_wqe_sz_sq:1024
19: !!!! max_wqe_sz_rq:512
19: !!!! max_wqe_sz_sq_dc:256
 0: !!!! max_wqe_sz_sq:1024
 0: !!!! max_wqe_sz_rq:512
 0: !!!! max_wqe_sz_sq_dc:256
 0: !!!! max_wqe_sz_sq:1024
 0: !!!! max_wqe_sz_rq:512
 0: !!!! max_wqe_sz_sq_dc:256
14: TELEMETRY: No legacy callbacks, legacy socket not created
19: !!!! max_wqe_sz_sq:1024
19: !!!! max_wqe_sz_rq:512
19: !!!! max_wqe_sz_sq_dc:256
 0: !!!! max_wqe_sz_sq:1024
 0: !!!! max_wqe_sz_rq:512
 0: !!!! max_wqe_sz_sq_dc:256
19: !!!! max_wqe_sz_sq:1024
19: !!!! max_wqe_sz_rq:512
19: !!!! max_wqe_sz_sq_dc:256
19: !!!! max_wqe_sz_sq:1024
19: !!!! max_wqe_sz_rq:512
19: !!!! max_wqe_sz_sq_dc:256
19: !!!! max_wqe_sz_sq:1024
19: !!!! max_wqe_sz_rq:512
19: !!!! max_wqe_sz_sq_dc:256
 7: [2021-08-16 12:38:00.618896] Starting SPDK v21.04 git sha1 8016710 / DPDK 21.05.0 initialization...
 7: [2021-08-16 12:38:00.618952] [ DPDK EAL parameters: [2021-08-16 12:38:00.618959] perf [2021-08-16 12:38:00.618963] --no-shconf [2021-08-16 12:38:00.618967] -c 0xFFFF [2021-08-16 12:38:00.618971] --no-pci [2021-08-16 12:38:00.618975] --log-level=lib.eal:6 [2021-08-16 12:38:00.618979] --log-level=lib.cryptodev:5 [2021-08-16 12:38:00.618983] --log-level=user1:6 [2021-08-16 12:38:00.618986] --base-virtaddr=0x200000000000 [2021-08-16 12:38:00.618990] --match-allocations [2021-08-16 12:38:00.619012] --file-prefix=spdk_pid196120 [2021-08-16 12:38:00.619025] ]
 7: EAL: No available 1048576 kB hugepages reported
 7: EAL: No free 2048 kB hugepages reported on node 1
12: !!!! max_wqe_sz_sq:1024
12: !!!! max_wqe_sz_rq:512
12: !!!! max_wqe_sz_sq_dc:256
12: !!!! max_wqe_sz_sq:1024
12: !!!! max_wqe_sz_rq:512
12: !!!! max_wqe_sz_sq_dc:256
12: !!!! max_wqe_sz_sq:1024
12: !!!! max_wqe_sz_rq:512
12: !!!! max_wqe_sz_sq_dc:256
 7: TELEMETRY: No legacy callbacks, legacy socket not created
12: !!!! max_wqe_sz_sq:1024
12: !!!! max_wqe_sz_rq:512
12: !!!! max_wqe_sz_sq_dc:256
12: !!!! max_wqe_sz_sq:1024
12: !!!! max_wqe_sz_rq:512
12: !!!! max_wqe_sz_sq_dc:256
12: !!!! max_wqe_sz_sq:1024
12: !!!! max_wqe_sz_rq:512
12: !!!! max_wqe_sz_sq_dc:256
 9: !!!! max_wqe_sz_sq:1024
 9: !!!! max_wqe_sz_rq:512
 9: !!!! max_wqe_sz_sq_dc:256
 9: !!!! max_wqe_sz_sq:1024
 9: !!!! max_wqe_sz_rq:512
 9: !!!! max_wqe_sz_sq_dc:256
 6: !!!! max_wqe_sz_sq:1024
 6: !!!! max_wqe_sz_rq:512
 6: !!!! max_wqe_sz_sq_dc:256
 6: !!!! max_wqe_sz_sq:1024
 6: !!!! max_wqe_sz_rq:512
 6: !!!! max_wqe_sz_sq_dc:256
 9: !!!! max_wqe_sz_sq:1024
 9: !!!! max_wqe_sz_rq:512
 9: !!!! max_wqe_sz_sq_dc:256
 9: !!!! max_wqe_sz_sq:1024
 9: !!!! max_wqe_sz_rq:512
 9: !!!! max_wqe_sz_sq_dc:256
 6: !!!! max_wqe_sz_sq:1024
 6: !!!! max_wqe_sz_rq:512
 6: !!!! max_wqe_sz_sq_dc:256
 9: !!!! max_wqe_sz_sq:1024
 9: !!!! max_wqe_sz_rq:512
 9: !!!! max_wqe_sz_sq_dc:256
18: !!!! max_wqe_sz_sq:1024
18: !!!! max_wqe_sz_rq:512
18: !!!! max_wqe_sz_sq_dc:256
 9: !!!! max_wqe_sz_sq:1024
 9: !!!! max_wqe_sz_rq:512
 9: !!!! max_wqe_sz_sq_dc:256
 2: !!!! max_wqe_sz_sq:1024
 2: !!!! max_wqe_sz_rq:512
 2: !!!! max_wqe_sz_sq_dc:256
 6: !!!! max_wqe_sz_sq:1024
 6: !!!! max_wqe_sz_rq:512
 6: !!!! max_wqe_sz_sq_dc:256
18: !!!! max_wqe_sz_sq:1024
18: !!!! max_wqe_sz_rq:512
18: !!!! max_wqe_sz_sq_dc:256
 2: !!!! max_wqe_sz_sq:1024
 2: !!!! max_wqe_sz_rq:512
 2: !!!! max_wqe_sz_sq_dc:256
 6: !!!! max_wqe_sz_sq:1024
 6: !!!! max_wqe_sz_rq:512
 6: !!!! max_wqe_sz_sq_dc:256
 6: !!!! max_wqe_sz_sq:1024
 6: !!!! max_wqe_sz_rq:512
 6: !!!! max_wqe_sz_sq_dc:256
18: !!!! max_wqe_sz_sq:1024
18: !!!! max_wqe_sz_rq:512
18: !!!! max_wqe_sz_sq_dc:256
 2: !!!! max_wqe_sz_sq:1024
 2: !!!! max_wqe_sz_rq:512
 2: !!!! max_wqe_sz_sq_dc:256
18: !!!! max_wqe_sz_sq:1024
18: !!!! max_wqe_sz_rq:512
18: !!!! max_wqe_sz_sq_dc:256
 2: !!!! max_wqe_sz_sq:1024
 2: !!!! max_wqe_sz_rq:512
 2: !!!! max_wqe_sz_sq_dc:256
18: !!!! max_wqe_sz_sq:1024
18: !!!! max_wqe_sz_rq:512
18: !!!! max_wqe_sz_sq_dc:256
 2: !!!! max_wqe_sz_sq:1024
 2: !!!! max_wqe_sz_rq:512
 2: !!!! max_wqe_sz_sq_dc:256
18: !!!! max_wqe_sz_sq:1024
18: !!!! max_wqe_sz_rq:512
18: !!!! max_wqe_sz_sq_dc:256
 2: !!!! max_wqe_sz_sq:1024
 2: !!!! max_wqe_sz_rq:512
 2: !!!! max_wqe_sz_sq_dc:256
17: [2021-08-16 12:38:00.741771] Starting SPDK v21.04 git sha1 8016710 / DPDK 21.05.0 initialization...
17: [2021-08-16 12:38:00.741843] [ DPDK EAL parameters: [2021-08-16 12:38:00.741852] perf [2021-08-16 12:38:00.741873] --no-shconf [2021-08-16 12:38:00.741878] -c 0xFFFF [2021-08-16 12:38:00.741883] --no-pci [2021-08-16 12:38:00.741889] --log-level=lib.eal:6 [2021-08-16 12:38:00.741893] --log-level=lib.cryptodev:5 [2021-08-16 12:38:00.741899] --log-level=user1:6 [2021-08-16 12:38:00.741904] --base-virtaddr=0x200000000000 [2021-08-16 12:38:00.741909] --match-allocations [2021-08-16 12:38:00.741914] --file-prefix=spdk_pid132890 [2021-08-16 12:38:00.741920] ]
16: !!!! max_wqe_sz_sq:1024
16: !!!! max_wqe_sz_rq:512
16: !!!! max_wqe_sz_sq_dc:256
16: !!!! max_wqe_sz_sq:1024
16: !!!! max_wqe_sz_rq:512
16: !!!! max_wqe_sz_sq_dc:256
17: EAL: No available 1048576 kB hugepages reported
17: EAL: No free 2048 kB hugepages reported on node 1
16: !!!! max_wqe_sz_sq:1024
16: !!!! max_wqe_sz_rq:512
16: !!!! max_wqe_sz_sq_dc:256
13: [2021-08-16 12:38:00.760960] Starting SPDK v21.04 git sha1 8016710 / DPDK 21.05.0 initialization...
13: [2021-08-16 12:38:00.761039] [ DPDK EAL parameters: [2021-08-16 12:38:00.761063] perf [2021-08-16 12:38:00.761078] --no-shconf [2021-08-16 12:38:00.761083] -c 0xFFFF [2021-08-16 12:38:00.761105] --no-pci [2021-08-16 12:38:00.761109] --log-level=lib.eal:6 [2021-08-16 12:38:00.761114] --log-level=lib.cryptodev:5 [2021-08-16 12:38:00.761119] --log-level=user1:6 [2021-08-16 12:38:00.761123] --base-virtaddr=0x200000000000 [2021-08-16 12:38:00.761135] --match-allocations [2021-08-16 12:38:00.761140] --file-prefix=spdk_pid21596 [2021-08-16 12:38:00.761147] ]
16: !!!! max_wqe_sz_sq:1024
16: !!!! max_wqe_sz_rq:512
16: !!!! max_wqe_sz_sq_dc:256
16: !!!! max_wqe_sz_sq:1024
16: !!!! max_wqe_sz_rq:512
16: !!!! max_wqe_sz_sq_dc:256
17: TELEMETRY: No legacy callbacks, legacy socket not created
16: !!!! max_wqe_sz_sq:1024
16: !!!! max_wqe_sz_rq:512
16: !!!! max_wqe_sz_sq_dc:256
13: EAL: No available 1048576 kB hugepages reported
13: EAL: No free 2048 kB hugepages reported on node 1
13: TELEMETRY: No legacy callbacks, legacy socket not created
17: !!!! max_wqe_sz_sq:1024
17: !!!! max_wqe_sz_rq:512
17: !!!! max_wqe_sz_sq_dc:256
17: !!!! max_wqe_sz_sq:1024
17: !!!! max_wqe_sz_rq:512
17: !!!! max_wqe_sz_sq_dc:256
17: !!!! max_wqe_sz_sq:1024
17: !!!! max_wqe_sz_rq:512
17: !!!! max_wqe_sz_sq_dc:256
17: !!!! max_wqe_sz_sq:1024
17: !!!! max_wqe_sz_rq:512
17: !!!! max_wqe_sz_sq_dc:256
17: !!!! max_wqe_sz_sq:1024
17: !!!! max_wqe_sz_rq:512
17: !!!! max_wqe_sz_sq_dc:256
17: !!!! max_wqe_sz_sq:1024
17: !!!! max_wqe_sz_rq:512
17: !!!! max_wqe_sz_sq_dc:256
15: !!!! max_wqe_sz_sq:1024
15: !!!! max_wqe_sz_rq:512
15: !!!! max_wqe_sz_sq_dc:256
15: !!!! max_wqe_sz_sq:1024
15: !!!! max_wqe_sz_rq:512
15: !!!! max_wqe_sz_sq_dc:256
15: !!!! max_wqe_sz_sq:1024
15: !!!! max_wqe_sz_rq:512
15: !!!! max_wqe_sz_sq_dc:256
15: !!!! max_wqe_sz_sq:1024
15: !!!! max_wqe_sz_rq:512
15: !!!! max_wqe_sz_sq_dc:256
15: !!!! max_wqe_sz_sq:1024
15: !!!! max_wqe_sz_rq:512
15: !!!! max_wqe_sz_sq_dc:256
15: !!!! max_wqe_sz_sq:1024
15: !!!! max_wqe_sz_rq:512
15: !!!! max_wqe_sz_sq_dc:256
13: !!!! max_wqe_sz_sq:1024
13: !!!! max_wqe_sz_rq:512
13: !!!! max_wqe_sz_sq_dc:256
13: !!!! max_wqe_sz_sq:1024
13: !!!! max_wqe_sz_rq:512
13: !!!! max_wqe_sz_sq_dc:256
13: !!!! max_wqe_sz_sq:1024
13: !!!! max_wqe_sz_rq:512
13: !!!! max_wqe_sz_sq_dc:256
13: !!!! max_wqe_sz_sq:1024
13: !!!! max_wqe_sz_rq:512
13: !!!! max_wqe_sz_sq_dc:256
13: !!!! max_wqe_sz_sq:1024
13: !!!! max_wqe_sz_rq:512
13: !!!! max_wqe_sz_sq_dc:256
13: !!!! max_wqe_sz_sq:1024
13: !!!! max_wqe_sz_rq:512
13: !!!! max_wqe_sz_sq_dc:256
 5: !!!! max_wqe_sz_sq:1024
 5: !!!! max_wqe_sz_rq:512
 5: !!!! max_wqe_sz_sq_dc:256
 5: !!!! max_wqe_sz_sq:1024
 5: !!!! max_wqe_sz_rq:512
 5: !!!! max_wqe_sz_sq_dc:256
 1: !!!! max_wqe_sz_sq:1024
 1: !!!! max_wqe_sz_rq:512
 1: !!!! max_wqe_sz_sq_dc:256
 1: !!!! max_wqe_sz_sq:1024
 1: !!!! max_wqe_sz_rq:512
 1: !!!! max_wqe_sz_sq_dc:256
 5: !!!! max_wqe_sz_sq:1024
 5: !!!! max_wqe_sz_rq:512
 5: !!!! max_wqe_sz_sq_dc:256
 5: !!!! max_wqe_sz_sq:1024
 5: !!!! max_wqe_sz_rq:512
 5: !!!! max_wqe_sz_sq_dc:256
 1: !!!! max_wqe_sz_sq:1024
 1: !!!! max_wqe_sz_rq:512
 1: !!!! max_wqe_sz_sq_dc:256
 5: !!!! max_wqe_sz_sq:1024
 5: !!!! max_wqe_sz_rq:512
 5: !!!! max_wqe_sz_sq_dc:256
 5: !!!! max_wqe_sz_sq:1024
 5: !!!! max_wqe_sz_rq:512
 5: !!!! max_wqe_sz_sq_dc:256
 1: !!!! max_wqe_sz_sq:1024
 1: !!!! max_wqe_sz_rq:512
 1: !!!! max_wqe_sz_sq_dc:256
 1: !!!! max_wqe_sz_sq:1024
 1: !!!! max_wqe_sz_rq:512
 1: !!!! max_wqe_sz_sq_dc:256
 1: !!!! max_wqe_sz_sq:1024
 1: !!!! max_wqe_sz_rq:512
 1: !!!! max_wqe_sz_sq_dc:256
14: !!!! max_wqe_sz_sq:1024
14: !!!! max_wqe_sz_rq:512
14: !!!! max_wqe_sz_sq_dc:256
14: !!!! max_wqe_sz_sq:1024
14: !!!! max_wqe_sz_rq:512
14: !!!! max_wqe_sz_sq_dc:256
14: !!!! max_wqe_sz_sq:1024
14: !!!! max_wqe_sz_rq:512
14: !!!! max_wqe_sz_sq_dc:256
14: !!!! max_wqe_sz_sq:1024
14: !!!! max_wqe_sz_rq:512
14: !!!! max_wqe_sz_sq_dc:256
14: !!!! max_wqe_sz_sq:1024
14: !!!! max_wqe_sz_rq:512
14: !!!! max_wqe_sz_sq_dc:256
14: !!!! max_wqe_sz_sq:1024
14: !!!! max_wqe_sz_rq:512
14: !!!! max_wqe_sz_sq_dc:256
 7: !!!! max_wqe_sz_sq:1024
 7: !!!! max_wqe_sz_rq:512
 7: !!!! max_wqe_sz_sq_dc:256
 7: !!!! max_wqe_sz_sq:1024
 7: !!!! max_wqe_sz_rq:512
 7: !!!! max_wqe_sz_sq_dc:256
 7: !!!! max_wqe_sz_sq:1024
 7: !!!! max_wqe_sz_rq:512
 7: !!!! max_wqe_sz_sq_dc:256
 7: !!!! max_wqe_sz_sq:1024
 7: !!!! max_wqe_sz_rq:512
 7: !!!! max_wqe_sz_sq_dc:256
 7: !!!! max_wqe_sz_sq:1024
 7: !!!! max_wqe_sz_rq:512
 7: !!!! max_wqe_sz_sq_dc:256
 7: !!!! max_wqe_sz_sq:1024
 7: !!!! max_wqe_sz_rq:512
 7: !!!! max_wqe_sz_sq_dc:256
10: !!!! max_wqe_sz_sq:1024
10: !!!! max_wqe_sz_rq:512
10: !!!! max_wqe_sz_sq_dc:256
10: !!!! max_wqe_sz_sq:1024
10: !!!! max_wqe_sz_rq:512
10: !!!! max_wqe_sz_sq_dc:256
10: !!!! max_wqe_sz_sq:1024
10: !!!! max_wqe_sz_rq:512
10: !!!! max_wqe_sz_sq_dc:256
10: !!!! max_wqe_sz_sq:1024
10: !!!! max_wqe_sz_rq:512
10: !!!! max_wqe_sz_sq_dc:256
10: !!!! max_wqe_sz_sq:1024
10: !!!! max_wqe_sz_rq:512
10: !!!! max_wqe_sz_sq_dc:256
10: !!!! max_wqe_sz_sq:1024
10: !!!! max_wqe_sz_rq:512
10: !!!! max_wqe_sz_sq_dc:256
 4: Initializing NVMe Controllers
 4: Attached to NVMe over Fabrics controller at 172.24.0.2:4420: nqn.2016-06.io.spdk:cnode1
 4: Controller attach time is 23235.110 us (55764264 ticks)
 4: Associating RDMA (addr:172.24.0.2 subnqn:nqn.2016-06.io.spdk:cnode1) NSID 1 with lcore 0
 4: Associating RDMA (addr:172.24.0.2 subnqn:nqn.2016-06.io.spdk:cnode1) NSID 1 with lcore 1
 4: Associating RDMA (addr:172.24.0.2 subnqn:nqn.2016-06.io.spdk:cnode1) NSID 1 with lcore 2
 4: Associating RDMA (addr:172.24.0.2 subnqn:nqn.2016-06.io.spdk:cnode1) NSID 1 with lcore 3
 4: Associating RDMA (addr:172.24.0.2 subnqn:nqn.2016-06.io.spdk:cnode1) NSID 1 with lcore 4
 4: Associating RDMA (addr:172.24.0.2 subnqn:nqn.2016-06.io.spdk:cnode1) NSID 1 with lcore 5
 4: Associating RDMA (addr:172.24.0.2 subnqn:nqn.2016-06.io.spdk:cnode1) NSID 1 with lcore 6
 4: Associating RDMA (addr:172.24.0.2 subnqn:nqn.2016-06.io.spdk:cnode1) NSID 1 with lcore 7
 4: Associating RDMA (addr:172.24.0.2 subnqn:nqn.2016-06.io.spdk:cnode1) NSID 1 with lcore 8
 4: Associating RDMA (addr:172.24.0.2 subnqn:nqn.2016-06.io.spdk:cnode1) NSID 1 with lcore 9
 4: Associating RDMA (addr:172.24.0.2 subnqn:nqn.2016-06.io.spdk:cnode1) NSID 1 with lcore 10
 4: Associating RDMA (addr:172.24.0.2 subnqn:nqn.2016-06.io.spdk:cnode1) NSID 1 with lcore 11
 4: Associating RDMA (addr:172.24.0.2 subnqn:nqn.2016-06.io.spdk:cnode1) NSID 1 with lcore 12
 4: Associating RDMA (addr:172.24.0.2 subnqn:nqn.2016-06.io.spdk:cnode1) NSID 1 with lcore 13
 4: Associating RDMA (addr:172.24.0.2 subnqn:nqn.2016-06.io.spdk:cnode1) NSID 1 with lcore 14
 4: Associating RDMA (addr:172.24.0.2 subnqn:nqn.2016-06.io.spdk:cnode1) NSID 1 with lcore 15
 4: Initialization complete. Launching workers.
 4: IO qp on core 2 total time 20782.300 us (49877521 ticks), connect time 9879.999 us (23711998 ticks)
 4: IO qp on core 4 total time 27982.182 us (67157238 ticks), connect time 17164.181 us (41194035 ticks)
 4: IO qp on core 7 total time 39246.202 us (94190886 ticks), connect time 28536.606 us (68487854 ticks)
 4: IO qp on core 8 total time 47947.695 us (115074469 ticks), connect time 37101.602 us (89043844 ticks)
 4: IO qp on core 6 total time 57990.788 us (139177892 ticks), connect time 46815.996 us (112358390 ticks)
 4: IO qp on core 5 total time 69019.028 us (165645667 ticks), connect time 57759.201 us (138622083 ticks)
 4: IO qp on core 3 total time 78333.117 us (187999481 ticks), connect time 67075.273 us (160980654 ticks)
 4: IO qp on core 1 total time 88767.132 us (213041116 ticks), connect time 77229.141 us (185349938 ticks)
 4: IO qp on core 9 total time 97947.997 us (235075193 ticks), connect time 86592.945 us (207823067 ticks)
 4: IO qp on core 11 total time 107685.673 us (258445614 ticks), connect time 96360.990 us (231266376 ticks)
 4: IO qp on core 10 total time 118568.252 us (284563804 ticks), connect time 107224.069 us (257337766 ticks)
 4: IO qp on core 12 total time 127578.289 us (306187894 ticks), connect time 116169.900 us (278807761 ticks)
 4: IO qp on core 13 total time 137465.566 us (329917359 ticks), connect time 126083.253 us (302599806 ticks)
 4: IO qp on core 0 total time 147175.862 us (353222069 ticks), connect time 135124.606 us (324299054 ticks)
 4: IO qp on core 15 total time 157111.357 us (377067257 ticks), connect time 143760.001 us (345024002 ticks)
 4: IO qp on core 14 total time 168328.205 us (403987691 ticks), connect time 154965.420 us (371917008 ticks)
 4: ========================================================
 4:                                                                                                                 Latency(us)
 4: Device Information                                                          :       IOPS      MiB/s    Average        min        max
 4: RDMA (addr:172.24.0.2 subnqn:nqn.2016-06.io.spdk:cnode1) NSID 1 from core  0:    8827.70      34.48     113.24       5.84    3454.28
 4: RDMA (addr:172.24.0.2 subnqn:nqn.2016-06.io.spdk:cnode1) NSID 1 from core  1:    9113.30      35.60     109.70       6.25    3418.70
 4: RDMA (addr:172.24.0.2 subnqn:nqn.2016-06.io.spdk:cnode1) NSID 1 from core  2:    9014.60      35.21     110.91       6.11    3685.28
 4: RDMA (addr:172.24.0.2 subnqn:nqn.2016-06.io.spdk:cnode1) NSID 1 from core  3:    8964.90      35.02     111.52       6.48    2407.54
 4: RDMA (addr:172.24.0.2 subnqn:nqn.2016-06.io.spdk:cnode1) NSID 1 from core  4:    9086.60      35.49     110.03       6.26    3703.88
 4: RDMA (addr:172.24.0.2 subnqn:nqn.2016-06.io.spdk:cnode1) NSID 1 from core  5:    9206.50      35.96     108.58       5.88    3113.11
 4: RDMA (addr:172.24.0.2 subnqn:nqn.2016-06.io.spdk:cnode1) NSID 1 from core  6:    8954.70      34.98     111.65       6.55    5875.40
 4: RDMA (addr:172.24.0.2 subnqn:nqn.2016-06.io.spdk:cnode1) NSID 1 from core  7:    8997.10      35.14     111.11       6.18    5217.55
 4: RDMA (addr:172.24.0.2 subnqn:nqn.2016-06.io.spdk:cnode1) NSID 1 from core  8:    8997.50      35.15     111.10       6.26    2353.95
 4: RDMA (addr:172.24.0.2 subnqn:nqn.2016-06.io.spdk:cnode1) NSID 1 from core  9:    9033.30      35.29     110.67       6.33    2714.48
 4: RDMA (addr:172.24.0.2 subnqn:nqn.2016-06.io.spdk:cnode1) NSID 1 from core 10:    8902.20      34.77     112.31       6.58    3468.46
 4: RDMA (addr:172.24.0.2 subnqn:nqn.2016-06.io.spdk:cnode1) NSID 1 from core 11:    9112.00      35.59     109.71       6.21    3014.25
 4: RDMA (addr:172.24.0.2 subnqn:nqn.2016-06.io.spdk:cnode1) NSID 1 from core 12:    9035.10      35.29     110.66       5.90    2719.44
 4: RDMA (addr:172.24.0.2 subnqn:nqn.2016-06.io.spdk:cnode1) NSID 1 from core 13:    9043.00      35.32     110.55       6.40    2671.01
 4: RDMA (addr:172.24.0.2 subnqn:nqn.2016-06.io.spdk:cnode1) NSID 1 from core 14:    9180.80      35.86     108.90       5.91    3445.25
 4: RDMA (addr:172.24.0.2 subnqn:nqn.2016-06.io.spdk:cnode1) NSID 1 from core 15:    9119.00      35.62     109.63       6.12    3661.60
 4: ========================================================
 4: Total                                                                       :  144588.30     564.80     110.63       5.84    5875.40
 4: 
 8: Initializing NVMe Controllers
 8: Attached to NVMe over Fabrics controller at 172.24.0.2:4420: nqn.2016-06.io.spdk:cnode1
 8: Controller attach time is 17814.287 us (42754290 ticks)
 8: Associating RDMA (addr:172.24.0.2 subnqn:nqn.2016-06.io.spdk:cnode1) NSID 1 with lcore 0
 8: Associating RDMA (addr:172.24.0.2 subnqn:nqn.2016-06.io.spdk:cnode1) NSID 1 with lcore 1
 8: Associating RDMA (addr:172.24.0.2 subnqn:nqn.2016-06.io.spdk:cnode1) NSID 1 with lcore 2
 8: Associating RDMA (addr:172.24.0.2 subnqn:nqn.2016-06.io.spdk:cnode1) NSID 1 with lcore 3
 8: Associating RDMA (addr:172.24.0.2 subnqn:nqn.2016-06.io.spdk:cnode1) NSID 1 with lcore 4
 8: Associating RDMA (addr:172.24.0.2 subnqn:nqn.2016-06.io.spdk:cnode1) NSID 1 with lcore 5
 8: Associating RDMA (addr:172.24.0.2 subnqn:nqn.2016-06.io.spdk:cnode1) NSID 1 with lcore 6
 8: Associating RDMA (addr:172.24.0.2 subnqn:nqn.2016-06.io.spdk:cnode1) NSID 1 with lcore 7
 8: Associating RDMA (addr:172.24.0.2 subnqn:nqn.2016-06.io.spdk:cnode1) NSID 1 with lcore 8
 8: Associating RDMA (addr:172.24.0.2 subnqn:nqn.2016-06.io.spdk:cnode1) NSID 1 with lcore 9
 8: Associating RDMA (addr:172.24.0.2 subnqn:nqn.2016-06.io.spdk:cnode1) NSID 1 with lcore 10
 8: Associating RDMA (addr:172.24.0.2 subnqn:nqn.2016-06.io.spdk:cnode1) NSID 1 with lcore 11
 8: Associating RDMA (addr:172.24.0.2 subnqn:nqn.2016-06.io.spdk:cnode1) NSID 1 with lcore 12
 8: Associating RDMA (addr:172.24.0.2 subnqn:nqn.2016-06.io.spdk:cnode1) NSID 1 with lcore 13
 8: Associating RDMA (addr:172.24.0.2 subnqn:nqn.2016-06.io.spdk:cnode1) NSID 1 with lcore 14
 8: Associating RDMA (addr:172.24.0.2 subnqn:nqn.2016-06.io.spdk:cnode1) NSID 1 with lcore 15
 8: Initialization complete. Launching workers.
 8: IO qp on core 3 total time 18821.268 us (45171044 ticks), connect time 9493.700 us (22784881 ticks)
 8: IO qp on core 1 total time 26994.673 us (64787214 ticks), connect time 17644.026 us (42345662 ticks)
 8: IO qp on core 2 total time 36854.535 us (88450884 ticks), connect time 26749.309 us (64198341 ticks)
 8: IO qp on core 4 total time 47489.899 us (113975757 ticks), connect time 37395.725 us (89749740 ticks)
 8: IO qp on core 5 total time 56811.632 us (136347918 ticks), connect time 46559.393 us (111742542 ticks)
 8: IO qp on core 6 total time 66898.151 us (160555562 ticks), connect time 56532.110 us (135677063 ticks)
 8: IO qp on core 7 total time 77775.973 us (186662336 ticks), connect time 67341.826 us (161620382 ticks)
 8: IO qp on core 0 total time 86239.753 us (206975408 ticks), connect time 75805.798 us (181933916 ticks)
 8: IO qp on core 9 total time 95909.288 us (230182290 ticks), connect time 86006.894 us (206416545 ticks)
 8: IO qp on core 11 total time 105958.684 us (254300841 ticks), connect time 95795.795 us (229909908 ticks)
 8: IO qp on core 10 total time 115484.767 us (277163441 ticks), connect time 105098.208 us (252235700 ticks)
 8: IO qp on core 12 total time 125993.374 us (302384098 ticks), connect time 115317.190 us (276761257 ticks)
 8: IO qp on core 14 total time 135700.035 us (325680083 ticks), connect time 124300.363 us (298320872 ticks)
 8: IO qp on core 13 total time 145986.989 us (350368773 ticks), connect time 134584.212 us (323002110 ticks)
 8: IO qp on core 15 total time 155807.551 us (373938123 ticks), connect time 144372.695 us (346494468 ticks)
 8: IO qp on core 8 total time 165417.530 us (397002071 ticks), connect time 153885.883 us (369326120 ticks)
 8: ========================================================
 8:                                                                                                                 Latency(us)
 8: Device Information                                                          :       IOPS      MiB/s    Average        min        max
 8: RDMA (addr:172.24.0.2 subnqn:nqn.2016-06.io.spdk:cnode1) NSID 1 from core  0:    6061.90      23.68     164.91       6.95    3097.23
 8: RDMA (addr:172.24.0.2 subnqn:nqn.2016-06.io.spdk:cnode1) NSID 1 from core  1:    6380.00      24.92     156.70       6.02    2392.60
 8: RDMA (addr:172.24.0.2 subnqn:nqn.2016-06.io.spdk:cnode1) NSID 1 from core  2:    6201.90      24.23     161.21       6.27    3699.18
 8: RDMA (addr:172.24.0.2 subnqn:nqn.2016-06.io.spdk:cnode1) NSID 1 from core  3:    6320.20      24.69     158.20       6.22    2429.22
 8: RDMA (addr:172.24.0.2 subnqn:nqn.2016-06.io.spdk:cnode1) NSID 1 from core  4:    6232.70      24.35     160.37       6.54    3701.37
 8: RDMA (addr:172.24.0.2 subnqn:nqn.2016-06.io.spdk:cnode1) NSID 1 from core  5:    6189.40      24.18     161.52       6.39    2674.79
 8: RDMA (addr:172.24.0.2 subnqn:nqn.2016-06.io.spdk:cnode1) NSID 1 from core  6:    6287.40      24.56     159.02       6.16    2372.22
 8: RDMA (addr:172.24.0.2 subnqn:nqn.2016-06.io.spdk:cnode1) NSID 1 from core  7:    6202.70      24.23     161.19       6.49    5895.34
 8: RDMA (addr:172.24.0.2 subnqn:nqn.2016-06.io.spdk:cnode1) NSID 1 from core  8:    6305.30      24.63     158.56       6.11    3453.63
 8: RDMA (addr:172.24.0.2 subnqn:nqn.2016-06.io.spdk:cnode1) NSID 1 from core  9:    6284.40      24.55     159.08       6.03    2403.12
 8: RDMA (addr:172.24.0.2 subnqn:nqn.2016-06.io.spdk:cnode1) NSID 1 from core 10:    6167.80      24.09     162.11       6.68    2713.59
 8: RDMA (addr:172.24.0.2 subnqn:nqn.2016-06.io.spdk:cnode1) NSID 1 from core 11:    6338.00      24.76     157.73       6.05    3422.46
 8: RDMA (addr:172.24.0.2 subnqn:nqn.2016-06.io.spdk:cnode1) NSID 1 from core 12:    6262.40      24.46     159.66       6.00    3021.80
 8: RDMA (addr:172.24.0.2 subnqn:nqn.2016-06.io.spdk:cnode1) NSID 1 from core 13:    6268.70      24.49     159.47       6.14    2719.10
 8: RDMA (addr:172.24.0.2 subnqn:nqn.2016-06.io.spdk:cnode1) NSID 1 from core 14:    6147.50      24.01     162.63       6.70    3468.32
 8: RDMA (addr:172.24.0.2 subnqn:nqn.2016-06.io.spdk:cnode1) NSID 1 from core 15:    6251.10      24.42     159.92       6.36    2669.17
 8: ========================================================
 8: Total                                                                       :   99901.40     390.24     160.12       6.00    5895.34
 8: 
11: Initializing NVMe Controllers
11: Attached to NVMe over Fabrics controller at 172.24.0.2:4420: nqn.2016-06.io.spdk:cnode1
11: Controller attach time is 26755.962 us (64214308 ticks)
11: Associating RDMA (addr:172.24.0.2 subnqn:nqn.2016-06.io.spdk:cnode1) NSID 1 with lcore 0
11: Associating RDMA (addr:172.24.0.2 subnqn:nqn.2016-06.io.spdk:cnode1) NSID 1 with lcore 1
11: Associating RDMA (addr:172.24.0.2 subnqn:nqn.2016-06.io.spdk:cnode1) NSID 1 with lcore 2
11: Associating RDMA (addr:172.24.0.2 subnqn:nqn.2016-06.io.spdk:cnode1) NSID 1 with lcore 3
11: Associating RDMA (addr:172.24.0.2 subnqn:nqn.2016-06.io.spdk:cnode1) NSID 1 with lcore 4
11: Associating RDMA (addr:172.24.0.2 subnqn:nqn.2016-06.io.spdk:cnode1) NSID 1 with lcore 5
11: Associating RDMA (addr:172.24.0.2 subnqn:nqn.2016-06.io.spdk:cnode1) NSID 1 with lcore 6
11: Associating RDMA (addr:172.24.0.2 subnqn:nqn.2016-06.io.spdk:cnode1) NSID 1 with lcore 7
11: Associating RDMA (addr:172.24.0.2 subnqn:nqn.2016-06.io.spdk:cnode1) NSID 1 with lcore 8
11: Associating RDMA (addr:172.24.0.2 subnqn:nqn.2016-06.io.spdk:cnode1) NSID 1 with lcore 9
11: Associating RDMA (addr:172.24.0.2 subnqn:nqn.2016-06.io.spdk:cnode1) NSID 1 with lcore 10
11: Associating RDMA (addr:172.24.0.2 subnqn:nqn.2016-06.io.spdk:cnode1) NSID 1 with lcore 11
11: Associating RDMA (addr:172.24.0.2 subnqn:nqn.2016-06.io.spdk:cnode1) NSID 1 with lcore 12
11: Associating RDMA (addr:172.24.0.2 subnqn:nqn.2016-06.io.spdk:cnode1) NSID 1 with lcore 13
11: Associating RDMA (addr:172.24.0.2 subnqn:nqn.2016-06.io.spdk:cnode1) NSID 1 with lcore 14
11: Associating RDMA (addr:172.24.0.2 subnqn:nqn.2016-06.io.spdk:cnode1) NSID 1 with lcore 15
11: Initialization complete. Launching workers.
11: IO qp on core 2 total time 29574.569 us (70978966 ticks), connect time 17246.374 us (41391298 ticks)
11: IO qp on core 4 total time 36079.272 us (86590252 ticks), connect time 24926.099 us (59822638 ticks)
11: IO qp on core 6 total time 46205.882 us (110894118 ticks), connect time 35052.882 us (84126918 ticks)
11: IO qp on core 3 total time 56317.340 us (135161616 ticks), connect time 44907.985 us (107779164 ticks)
11: IO qp on core 0 total time 66804.410 us (160330583 ticks), connect time 54844.377 us (131626505 ticks)
11: IO qp on core 1 total time 78111.695 us (187468069 ticks), connect time 65375.006 us (156900015 ticks)
11: IO qp on core 7 total time 86906.064 us (208574553 ticks), connect time 75464.717 us (181115322 ticks)
11: IO qp on core 5 total time 96472.404 us (231533769 ticks), connect time 84802.613 us (203526270 ticks)
11: IO qp on core 15 total time 106180.010 us (254832024 ticks), connect time 94459.837 us (226703610 ticks)
11: IO qp on core 11 total time 116160.367 us (278784882 ticks), connect time 104382.035 us (250516884 ticks)
11: IO qp on core 9 total time 127353.034 us (305647281 ticks), connect time 115479.254 us (277150209 ticks)
11: IO qp on core 12 total time 136333.168 us (327199602 ticks), connect time 124329.562 us (298390950 ticks)
11: IO qp on core 8 total time 146497.159 us (351593182 ticks), connect time 134351.735 us (322444165 ticks)
11: IO qp on core 10 total time 156048.215 us (374515717 ticks), connect time 143604.564 us (344650954 ticks)
11: IO qp on core 13 total time 166350.401 us (399240963 ticks), connect time 153919.987 us (369407970 ticks)
11: IO qp on core 14 total time 176026.486 us (422463566 ticks), connect time 163298.686 us (391916846 ticks)
11: ========================================================
11:                                                                                                                 Latency(us)
11: Device Information                                                          :       IOPS      MiB/s    Average        min        max
11: RDMA (addr:172.24.0.2 subnqn:nqn.2016-06.io.spdk:cnode1) NSID 1 from core  0:    4800.60      18.75     208.27       8.59    3698.12
11: RDMA (addr:172.24.0.2 subnqn:nqn.2016-06.io.spdk:cnode1) NSID 1 from core  1:    4816.60      18.81     207.55       7.25    3682.95
11: RDMA (addr:172.24.0.2 subnqn:nqn.2016-06.io.spdk:cnode1) NSID 1 from core  2:    4823.70      18.84     207.29       8.27    2664.23
11: RDMA (addr:172.24.0.2 subnqn:nqn.2016-06.io.spdk:cnode1) NSID 1 from core  3:    4839.20      18.90     206.60       6.23    2419.42
11: RDMA (addr:172.24.0.2 subnqn:nqn.2016-06.io.spdk:cnode1) NSID 1 from core  4:    4831.40      18.87     206.95       7.05    3434.61
11: RDMA (addr:172.24.0.2 subnqn:nqn.2016-06.io.spdk:cnode1) NSID 1 from core  5:    4839.80      18.91     206.58       6.33    2366.45
11: RDMA (addr:172.24.0.2 subnqn:nqn.2016-06.io.spdk:cnode1) NSID 1 from core  6:    4837.30      18.90     206.71       7.46    2449.91
11: RDMA (addr:172.24.0.2 subnqn:nqn.2016-06.io.spdk:cnode1) NSID 1 from core  7:    4835.00      18.89     206.79       6.60    2688.54
11: RDMA (addr:172.24.0.2 subnqn:nqn.2016-06.io.spdk:cnode1) NSID 1 from core  8:    4811.30      18.79     207.82       7.79    3698.02
11: RDMA (addr:172.24.0.2 subnqn:nqn.2016-06.io.spdk:cnode1) NSID 1 from core  9:    4845.80      18.93     206.33       6.80    3554.54
11: RDMA (addr:172.24.0.2 subnqn:nqn.2016-06.io.spdk:cnode1) NSID 1 from core 10:    4817.40      18.82     207.56       7.60    3666.60
11: RDMA (addr:172.24.0.2 subnqn:nqn.2016-06.io.spdk:cnode1) NSID 1 from core 11:    4845.90      18.93     206.30       6.49    3416.99
11: RDMA (addr:172.24.0.2 subnqn:nqn.2016-06.io.spdk:cnode1) NSID 1 from core 12:    4824.40      18.85     207.26       7.05    3437.22
11: RDMA (addr:172.24.0.2 subnqn:nqn.2016-06.io.spdk:cnode1) NSID 1 from core 13:    4833.90      18.88     206.83       7.67    3747.83
11: RDMA (addr:172.24.0.2 subnqn:nqn.2016-06.io.spdk:cnode1) NSID 1 from core 14:    4850.90      18.95     206.13       6.80    3035.12
11: RDMA (addr:172.24.0.2 subnqn:nqn.2016-06.io.spdk:cnode1) NSID 1 from core 15:    4843.20      18.92     206.43       6.58    3097.28
11: ========================================================
11: Total                                                                       :   77296.40     301.94     206.96       6.23    3747.83
11: 
 0: Initializing NVMe Controllers
 0: Attached to NVMe over Fabrics controller at 172.24.0.2:4420: nqn.2016-06.io.spdk:cnode1
 0: Controller attach time is 20522.671 us (49254411 ticks)
 0: Associating RDMA (addr:172.24.0.2 subnqn:nqn.2016-06.io.spdk:cnode1) NSID 1 with lcore 0
 0: Associating RDMA (addr:172.24.0.2 subnqn:nqn.2016-06.io.spdk:cnode1) NSID 1 with lcore 1
 0: Associating RDMA (addr:172.24.0.2 subnqn:nqn.2016-06.io.spdk:cnode1) NSID 1 with lcore 2
 0: Associating RDMA (addr:172.24.0.2 subnqn:nqn.2016-06.io.spdk:cnode1) NSID 1 with lcore 3
 0: Associating RDMA (addr:172.24.0.2 subnqn:nqn.2016-06.io.spdk:cnode1) NSID 1 with lcore 4
 0: Associating RDMA (addr:172.24.0.2 subnqn:nqn.2016-06.io.spdk:cnode1) NSID 1 with lcore 5
 0: Associating RDMA (addr:172.24.0.2 subnqn:nqn.2016-06.io.spdk:cnode1) NSID 1 with lcore 6
 0: Associating RDMA (addr:172.24.0.2 subnqn:nqn.2016-06.io.spdk:cnode1) NSID 1 with lcore 7
 0: Associating RDMA (addr:172.24.0.2 subnqn:nqn.2016-06.io.spdk:cnode1) NSID 1 with lcore 8
 0: Associating RDMA (addr:172.24.0.2 subnqn:nqn.2016-06.io.spdk:cnode1) NSID 1 with lcore 9
 0: Associating RDMA (addr:172.24.0.2 subnqn:nqn.2016-06.io.spdk:cnode1) NSID 1 with lcore 10
 0: Associating RDMA (addr:172.24.0.2 subnqn:nqn.2016-06.io.spdk:cnode1) NSID 1 with lcore 11
 0: Associating RDMA (addr:172.24.0.2 subnqn:nqn.2016-06.io.spdk:cnode1) NSID 1 with lcore 12
 0: Associating RDMA (addr:172.24.0.2 subnqn:nqn.2016-06.io.spdk:cnode1) NSID 1 with lcore 13
 0: Associating RDMA (addr:172.24.0.2 subnqn:nqn.2016-06.io.spdk:cnode1) NSID 1 with lcore 14
 0: Associating RDMA (addr:172.24.0.2 subnqn:nqn.2016-06.io.spdk:cnode1) NSID 1 with lcore 15
 0: Initialization complete. Launching workers.
 0: IO qp on core 2 total time 17971.646 us (43131951 ticks), connect time 8442.378 us (20261706 ticks)
 0: IO qp on core 3 total time 26423.006 us (63415215 ticks), connect time 17886.053 us (42926526 ticks)
 0: IO qp on core 0 total time 36617.976 us (87883143 ticks), connect time 26739.944 us (64175865 ticks)
 0: IO qp on core 5 total time 46183.400 us (110840160 ticks), connect time 36809.145 us (88341948 ticks)
 0: IO qp on core 4 total time 55993.509 us (134384422 ticks), connect time 46328.082 us (111187396 ticks)
 0: IO qp on core 9 total time 66755.294 us (160212705 ticks), connect time 56965.375 us (136716900 ticks)
 0: IO qp on core 1 total time 77663.618 us (186392684 ticks), connect time 66607.262 us (159857428 ticks)
 0: IO qp on core 7 total time 86322.011 us (207172827 ticks), connect time 76362.075 us (183268980 ticks)
 0: IO qp on core 6 total time 96388.570 us (231332569 ticks), connect time 86121.830 us (206692393 ticks)
 0: IO qp on core 13 total time 106290.970 us (255098327 ticks), connect time 94736.803 us (227368328 ticks)
 0: IO qp on core 15 total time 116576.625 us (279783900 ticks), connect time 104636.622 us (251127894 ticks)
 0: IO qp on core 8 total time 126257.702 us (303018485 ticks), connect time 114092.422 us (273821813 ticks)
 0: IO qp on core 10 total time 136296.383 us (327111320 ticks), connect time 124090.708 us (297817700 ticks)
 0: IO qp on core 11 total time 146287.490 us (351089976 ticks), connect time 133205.658 us (319693578 ticks)
 0: IO qp on core 14 total time 156570.438 us (375769051 ticks), connect time 143479.097 us (344349832 ticks)
 0: IO qp on core 12 total time 166738.098 us (400171434 ticks), connect time 153540.182 us (368496438 ticks)
 0: ========================================================
 0:                                                                                                                 Latency(us)
 0: Device Information                                                          :       IOPS      MiB/s    Average        min        max
 0: RDMA (addr:172.24.0.2 subnqn:nqn.2016-06.io.spdk:cnode1) NSID 1 from core  0:    4650.80      18.17     214.99      14.13    2651.48
 0: RDMA (addr:172.24.0.2 subnqn:nqn.2016-06.io.spdk:cnode1) NSID 1 from core  1:    4665.30      18.22     214.30      13.63    2675.63
 0: RDMA (addr:172.24.0.2 subnqn:nqn.2016-06.io.spdk:cnode1) NSID 1 from core  2:    4664.00      18.22     214.39      18.59    3612.16
 0: RDMA (addr:172.24.0.2 subnqn:nqn.2016-06.io.spdk:cnode1) NSID 1 from core  3:    4648.20      18.16     215.11      10.54    2418.03
 0: RDMA (addr:172.24.0.2 subnqn:nqn.2016-06.io.spdk:cnode1) NSID 1 from core  4:    4663.70      18.22     214.39      12.16    2672.37
 0: RDMA (addr:172.24.0.2 subnqn:nqn.2016-06.io.spdk:cnode1) NSID 1 from core  5:    4660.60      18.21     214.51      11.22    2791.36
 0: RDMA (addr:172.24.0.2 subnqn:nqn.2016-06.io.spdk:cnode1) NSID 1 from core  6:    4657.40      18.19     214.69      13.23    2669.20
 0: RDMA (addr:172.24.0.2 subnqn:nqn.2016-06.io.spdk:cnode1) NSID 1 from core  7:    4649.40      18.16     215.02      11.28    2399.18
 0: RDMA (addr:172.24.0.2 subnqn:nqn.2016-06.io.spdk:cnode1) NSID 1 from core  8:    4662.30      18.21     214.46      14.74    2657.14
 0: RDMA (addr:172.24.0.2 subnqn:nqn.2016-06.io.spdk:cnode1) NSID 1 from core  9:    4665.40      18.22     214.31      15.23    2423.94
 0: RDMA (addr:172.24.0.2 subnqn:nqn.2016-06.io.spdk:cnode1) NSID 1 from core 10:    4673.40      18.26     213.96      13.19    2370.01
 0: RDMA (addr:172.24.0.2 subnqn:nqn.2016-06.io.spdk:cnode1) NSID 1 from core 11:    4661.80      18.21     214.46       9.79    3425.79
 0: RDMA (addr:172.24.0.2 subnqn:nqn.2016-06.io.spdk:cnode1) NSID 1 from core 12:    4669.20      18.24     214.15       9.54    2416.88
 0: RDMA (addr:172.24.0.2 subnqn:nqn.2016-06.io.spdk:cnode1) NSID 1 from core 13:    4660.40      18.20     214.52      11.26    3360.82
 0: RDMA (addr:172.24.0.2 subnqn:nqn.2016-06.io.spdk:cnode1) NSID 1 from core 14:    4660.20      18.20     214.56      12.51    2720.80
 0: RDMA (addr:172.24.0.2 subnqn:nqn.2016-06.io.spdk:cnode1) NSID 1 from core 15:    4666.10      18.23     214.26      12.04    3430.23
 0: ========================================================
 0: Total                                                                       :   74578.20     291.32     214.50       9.54    3612.16
 0: 
19: Initializing NVMe Controllers
19: Attached to NVMe over Fabrics controller at 172.24.0.2:4420: nqn.2016-06.io.spdk:cnode1
19: Controller attach time is 19089.926 us (45815822 ticks)
19: Associating RDMA (addr:172.24.0.2 subnqn:nqn.2016-06.io.spdk:cnode1) NSID 1 with lcore 0
19: Associating RDMA (addr:172.24.0.2 subnqn:nqn.2016-06.io.spdk:cnode1) NSID 1 with lcore 1
19: Associating RDMA (addr:172.24.0.2 subnqn:nqn.2016-06.io.spdk:cnode1) NSID 1 with lcore 2
19: Associating RDMA (addr:172.24.0.2 subnqn:nqn.2016-06.io.spdk:cnode1) NSID 1 with lcore 3
19: Associating RDMA (addr:172.24.0.2 subnqn:nqn.2016-06.io.spdk:cnode1) NSID 1 with lcore 4
19: Associating RDMA (addr:172.24.0.2 subnqn:nqn.2016-06.io.spdk:cnode1) NSID 1 with lcore 5
19: Associating RDMA (addr:172.24.0.2 subnqn:nqn.2016-06.io.spdk:cnode1) NSID 1 with lcore 6
19: Associating RDMA (addr:172.24.0.2 subnqn:nqn.2016-06.io.spdk:cnode1) NSID 1 with lcore 7
19: Associating RDMA (addr:172.24.0.2 subnqn:nqn.2016-06.io.spdk:cnode1) NSID 1 with lcore 8
19: Associating RDMA (addr:172.24.0.2 subnqn:nqn.2016-06.io.spdk:cnode1) NSID 1 with lcore 9
19: Associating RDMA (addr:172.24.0.2 subnqn:nqn.2016-06.io.spdk:cnode1) NSID 1 with lcore 10
19: Associating RDMA (addr:172.24.0.2 subnqn:nqn.2016-06.io.spdk:cnode1) NSID 1 with lcore 11
19: Associating RDMA (addr:172.24.0.2 subnqn:nqn.2016-06.io.spdk:cnode1) NSID 1 with lcore 12
19: Associating RDMA (addr:172.24.0.2 subnqn:nqn.2016-06.io.spdk:cnode1) NSID 1 with lcore 13
19: Associating RDMA (addr:172.24.0.2 subnqn:nqn.2016-06.io.spdk:cnode1) NSID 1 with lcore 14
19: Associating RDMA (addr:172.24.0.2 subnqn:nqn.2016-06.io.spdk:cnode1) NSID 1 with lcore 15
19: Initialization complete. Launching workers.
19: IO qp on core 12 total time 17892.658 us (42942378 ticks), connect time 9113.490 us (21872376 ticks)
19: IO qp on core 2 total time 27914.493 us (66994783 ticks), connect time 18737.074 us (44968978 ticks)
19: IO qp on core 15 total time 38009.454 us (91222689 ticks), connect time 29157.654 us (69978369 ticks)
19: IO qp on core 5 total time 48671.475 us (116811539 ticks), connect time 38227.230 us (91745352 ticks)
19: IO qp on core 4 total time 58001.001 us (139202403 ticks), connect time 47298.387 us (113516130 ticks)
19: IO qp on core 6 total time 68139.068 us (163533763 ticks), connect time 57389.110 us (137733865 ticks)
19: IO qp on core 7 total time 78027.816 us (187266759 ticks), connect time 67257.554 us (161418129 ticks)
19: IO qp on core 8 total time 87923.145 us (211015548 ticks), connect time 76700.071 us (184080171 ticks)
19: IO qp on core 9 total time 98291.202 us (235898886 ticks), connect time 86882.863 us (208518870 ticks)
19: IO qp on core 11 total time 107964.038 us (259113690 ticks), connect time 96326.900 us (231184560 ticks)
19: IO qp on core 10 total time 118091.763 us (283420231 ticks), connect time 106418.814 us (255405154 ticks)
19: IO qp on core 1 total time 128738.370 us (308972088 ticks), connect time 115688.199 us (277651677 ticks)
19: IO qp on core 13 total time 138446.874 us (332272497 ticks), connect time 125630.209 us (301512501 ticks)
19: IO qp on core 0 total time 148169.630 us (355607111 ticks), connect time 135177.640 us (324426335 ticks)
19: IO qp on core 14 total time 157785.690 us (378685656 ticks), connect time 144657.789 us (347178693 ticks)
19: IO qp on core 3 total time 168724.583 us (404939000 ticks), connect time 155177.396 us (372425751 ticks)
19: ========================================================
19:                                                                                                                 Latency(us)
19: Device Information                                                          :       IOPS      MiB/s    Average        min        max
19: RDMA (addr:172.24.0.2 subnqn:nqn.2016-06.io.spdk:cnode1) NSID 1 from core  0:    4628.30      18.08     216.02      13.72    2355.20
19: RDMA (addr:172.24.0.2 subnqn:nqn.2016-06.io.spdk:cnode1) NSID 1 from core  1:    4623.00      18.06     216.26      15.70    2670.43
19: RDMA (addr:172.24.0.2 subnqn:nqn.2016-06.io.spdk:cnode1) NSID 1 from core  2:    4627.00      18.07     216.10      13.96    2653.15
19: RDMA (addr:172.24.0.2 subnqn:nqn.2016-06.io.spdk:cnode1) NSID 1 from core  3:    4629.10      18.08     216.00      12.38    3361.00
19: RDMA (addr:172.24.0.2 subnqn:nqn.2016-06.io.spdk:cnode1) NSID 1 from core  4:    4629.30      18.08     215.99      20.11    2371.46
19: RDMA (addr:172.24.0.2 subnqn:nqn.2016-06.io.spdk:cnode1) NSID 1 from core  5:    4634.30      18.10     215.73      14.75    2363.06
19: RDMA (addr:172.24.0.2 subnqn:nqn.2016-06.io.spdk:cnode1) NSID 1 from core  6:    4631.00      18.09     215.91      13.74    2974.31
19: RDMA (addr:172.24.0.2 subnqn:nqn.2016-06.io.spdk:cnode1) NSID 1 from core  7:    4623.80      18.06     216.22      17.10    3555.83
19: RDMA (addr:172.24.0.2 subnqn:nqn.2016-06.io.spdk:cnode1) NSID 1 from core  8:    4635.10      18.11     215.70      11.63    2669.18
19: RDMA (addr:172.24.0.2 subnqn:nqn.2016-06.io.spdk:cnode1) NSID 1 from core  9:    4632.90      18.10     215.79      10.82    2372.41
19: RDMA (addr:172.24.0.2 subnqn:nqn.2016-06.io.spdk:cnode1) NSID 1 from core 10:    4633.40      18.10     215.80      18.47    3620.10
19: RDMA (addr:172.24.0.2 subnqn:nqn.2016-06.io.spdk:cnode1) NSID 1 from core 11:    4627.00      18.07     216.09      20.58    2676.58
19: RDMA (addr:172.24.0.2 subnqn:nqn.2016-06.io.spdk:cnode1) NSID 1 from core 12:    4627.10      18.07     216.10      15.83    3013.52
19: RDMA (addr:172.24.0.2 subnqn:nqn.2016-06.io.spdk:cnode1) NSID 1 from core 13:    4630.50      18.09     215.91      14.24    2719.95
19: RDMA (addr:172.24.0.2 subnqn:nqn.2016-06.io.spdk:cnode1) NSID 1 from core 14:    4629.80      18.09     215.96      13.99    2976.87
19: RDMA (addr:172.24.0.2 subnqn:nqn.2016-06.io.spdk:cnode1) NSID 1 from core 15:    4625.30      18.07     216.16      15.93    3454.73
19: ========================================================
19: Total                                                                       :   74066.90     289.32     215.98      10.82    3620.10
19: 
12: Initializing NVMe Controllers
12: Attached to NVMe over Fabrics controller at 172.24.0.2:4420: nqn.2016-06.io.spdk:cnode1
12: Controller attach time is 20294.161 us (48705986 ticks)
12: Associating RDMA (addr:172.24.0.2 subnqn:nqn.2016-06.io.spdk:cnode1) NSID 1 with lcore 0
12: Associating RDMA (addr:172.24.0.2 subnqn:nqn.2016-06.io.spdk:cnode1) NSID 1 with lcore 1
12: Associating RDMA (addr:172.24.0.2 subnqn:nqn.2016-06.io.spdk:cnode1) NSID 1 with lcore 2
12: Associating RDMA (addr:172.24.0.2 subnqn:nqn.2016-06.io.spdk:cnode1) NSID 1 with lcore 3
12: Associating RDMA (addr:172.24.0.2 subnqn:nqn.2016-06.io.spdk:cnode1) NSID 1 with lcore 4
12: Associating RDMA (addr:172.24.0.2 subnqn:nqn.2016-06.io.spdk:cnode1) NSID 1 with lcore 5
12: Associating RDMA (addr:172.24.0.2 subnqn:nqn.2016-06.io.spdk:cnode1) NSID 1 with lcore 6
12: Associating RDMA (addr:172.24.0.2 subnqn:nqn.2016-06.io.spdk:cnode1) NSID 1 with lcore 7
12: Associating RDMA (addr:172.24.0.2 subnqn:nqn.2016-06.io.spdk:cnode1) NSID 1 with lcore 8
12: Associating RDMA (addr:172.24.0.2 subnqn:nqn.2016-06.io.spdk:cnode1) NSID 1 with lcore 9
12: Associating RDMA (addr:172.24.0.2 subnqn:nqn.2016-06.io.spdk:cnode1) NSID 1 with lcore 10
12: Associating RDMA (addr:172.24.0.2 subnqn:nqn.2016-06.io.spdk:cnode1) NSID 1 with lcore 11
12: Associating RDMA (addr:172.24.0.2 subnqn:nqn.2016-06.io.spdk:cnode1) NSID 1 with lcore 12
12: Associating RDMA (addr:172.24.0.2 subnqn:nqn.2016-06.io.spdk:cnode1) NSID 1 with lcore 13
12: Associating RDMA (addr:172.24.0.2 subnqn:nqn.2016-06.io.spdk:cnode1) NSID 1 with lcore 14
12: Associating RDMA (addr:172.24.0.2 subnqn:nqn.2016-06.io.spdk:cnode1) NSID 1 with lcore 15
12: Initialization complete. Launching workers.
12: IO qp on core 3 total time 17140.906 us (41138175 ticks), connect time 7322.946 us (17575071 ticks)
12: IO qp on core 5 total time 26753.118 us (64207482 ticks), connect time 16771.228 us (40250946 ticks)
12: IO qp on core 0 total time 36834.780 us (88403472 ticks), connect time 26395.713 us (63349710 ticks)
12: IO qp on core 4 total time 46776.953 us (112264688 ticks), connect time 36177.848 us (86826835 ticks)
12: IO qp on core 6 total time 56460.800 us (135505920 ticks), connect time 45810.638 us (109945531 ticks)
12: IO qp on core 2 total time 66576.742 us (159784180 ticks), connect time 55932.294 us (134237505 ticks)
12: IO qp on core 1 total time 78426.409 us (188223382 ticks), connect time 66108.820 us (158661168 ticks)
12: IO qp on core 11 total time 86913.652 us (208592766 ticks), connect time 75893.167 us (182143602 ticks)
12: IO qp on core 15 total time 96870.633 us (232489518 ticks), connect time 85410.845 us (204986028 ticks)
12: IO qp on core 8 total time 106343.640 us (255224736 ticks), connect time 94903.137 us (227767530 ticks)
12: IO qp on core 9 total time 117036.901 us (280888563 ticks), connect time 105562.738 us (253350570 ticks)
12: IO qp on core 13 total time 126640.411 us (303936987 ticks), connect time 114840.075 us (275616180 ticks)
12: IO qp on core 12 total time 136526.885 us (327664524 ticks), connect time 124678.060 us (299227345 ticks)
12: IO qp on core 10 total time 146548.364 us (351716074 ticks), connect time 134502.139 us (322805134 ticks)
12: IO qp on core 7 total time 156556.594 us (375735825 ticks), connect time 144494.647 us (346787154 ticks)
12: IO qp on core 14 total time 166681.879 us (400036510 ticks), connect time 154632.471 us (371117930 ticks)
12: ========================================================
12:                                                                                                                 Latency(us)
12: Device Information                                                          :       IOPS      MiB/s    Average        min        max
12: RDMA (addr:172.24.0.2 subnqn:nqn.2016-06.io.spdk:cnode1) NSID 1 from core  0:    4565.40      17.83     219.01      23.37    2671.29
12: RDMA (addr:172.24.0.2 subnqn:nqn.2016-06.io.spdk:cnode1) NSID 1 from core  1:    4565.40      17.83     218.97      17.97    3014.24
12: RDMA (addr:172.24.0.2 subnqn:nqn.2016-06.io.spdk:cnode1) NSID 1 from core  2:    4570.70      17.85     218.76      17.39    2974.13
12: RDMA (addr:172.24.0.2 subnqn:nqn.2016-06.io.spdk:cnode1) NSID 1 from core  3:    4567.70      17.84     218.90      19.48    3421.40
12: RDMA (addr:172.24.0.2 subnqn:nqn.2016-06.io.spdk:cnode1) NSID 1 from core  4:    4567.80      17.84     218.87      21.77    2408.27
12: RDMA (addr:172.24.0.2 subnqn:nqn.2016-06.io.spdk:cnode1) NSID 1 from core  5:    4568.20      17.84     218.85      10.74    2792.04
12: RDMA (addr:172.24.0.2 subnqn:nqn.2016-06.io.spdk:cnode1) NSID 1 from core  6:    4565.90      17.84     218.99      17.12    2416.00
12: RDMA (addr:172.24.0.2 subnqn:nqn.2016-06.io.spdk:cnode1) NSID 1 from core  7:    4568.00      17.84     218.86      20.13    2353.63
12: RDMA (addr:172.24.0.2 subnqn:nqn.2016-06.io.spdk:cnode1) NSID 1 from core  8:    4557.10      17.80     219.41      15.34    2401.62
12: RDMA (addr:172.24.0.2 subnqn:nqn.2016-06.io.spdk:cnode1) NSID 1 from core  9:    4562.00      17.82     219.16      15.40    2637.65
12: RDMA (addr:172.24.0.2 subnqn:nqn.2016-06.io.spdk:cnode1) NSID 1 from core 10:    4577.20      17.88     218.45      11.57    3317.80
12: RDMA (addr:172.24.0.2 subnqn:nqn.2016-06.io.spdk:cnode1) NSID 1 from core 11:    4567.80      17.84     218.88      14.60    3354.47
12: RDMA (addr:172.24.0.2 subnqn:nqn.2016-06.io.spdk:cnode1) NSID 1 from core 12:    4569.10      17.85     218.84      16.41    3487.03
12: RDMA (addr:172.24.0.2 subnqn:nqn.2016-06.io.spdk:cnode1) NSID 1 from core 13:    4570.20      17.85     218.77      14.19    2373.71
12: RDMA (addr:172.24.0.2 subnqn:nqn.2016-06.io.spdk:cnode1) NSID 1 from core 14:    4576.70      17.88     218.47      15.11    3317.86
12: RDMA (addr:172.24.0.2 subnqn:nqn.2016-06.io.spdk:cnode1) NSID 1 from core 15:    4565.60      17.83     218.97      14.26    2350.96
12: ========================================================
12: Total                                                                       :   73084.80     285.49     218.88      10.74    3487.03
12: 
 3: Initializing NVMe Controllers
 3: Attached to NVMe over Fabrics controller at 172.24.0.2:4420: nqn.2016-06.io.spdk:cnode1
 3: Controller attach time is 20429.525 us (49030860 ticks)
 3: Associating RDMA (addr:172.24.0.2 subnqn:nqn.2016-06.io.spdk:cnode1) NSID 1 with lcore 0
 3: Associating RDMA (addr:172.24.0.2 subnqn:nqn.2016-06.io.spdk:cnode1) NSID 1 with lcore 1
 3: Associating RDMA (addr:172.24.0.2 subnqn:nqn.2016-06.io.spdk:cnode1) NSID 1 with lcore 2
 3: Associating RDMA (addr:172.24.0.2 subnqn:nqn.2016-06.io.spdk:cnode1) NSID 1 with lcore 3
 3: Associating RDMA (addr:172.24.0.2 subnqn:nqn.2016-06.io.spdk:cnode1) NSID 1 with lcore 4
 3: Associating RDMA (addr:172.24.0.2 subnqn:nqn.2016-06.io.spdk:cnode1) NSID 1 with lcore 5
 3: Associating RDMA (addr:172.24.0.2 subnqn:nqn.2016-06.io.spdk:cnode1) NSID 1 with lcore 6
 3: Associating RDMA (addr:172.24.0.2 subnqn:nqn.2016-06.io.spdk:cnode1) NSID 1 with lcore 7
 3: Associating RDMA (addr:172.24.0.2 subnqn:nqn.2016-06.io.spdk:cnode1) NSID 1 with lcore 8
 3: Associating RDMA (addr:172.24.0.2 subnqn:nqn.2016-06.io.spdk:cnode1) NSID 1 with lcore 9
 3: Associating RDMA (addr:172.24.0.2 subnqn:nqn.2016-06.io.spdk:cnode1) NSID 1 with lcore 10
 3: Associating RDMA (addr:172.24.0.2 subnqn:nqn.2016-06.io.spdk:cnode1) NSID 1 with lcore 11
 3: Associating RDMA (addr:172.24.0.2 subnqn:nqn.2016-06.io.spdk:cnode1) NSID 1 with lcore 12
 3: Associating RDMA (addr:172.24.0.2 subnqn:nqn.2016-06.io.spdk:cnode1) NSID 1 with lcore 13
 3: Associating RDMA (addr:172.24.0.2 subnqn:nqn.2016-06.io.spdk:cnode1) NSID 1 with lcore 14
 3: Associating RDMA (addr:172.24.0.2 subnqn:nqn.2016-06.io.spdk:cnode1) NSID 1 with lcore 15
 3: Initialization complete. Launching workers.
 3: IO qp on core 0 total time 17119.490 us (41086777 ticks), connect time 7232.868 us (17358883 ticks)
 3: IO qp on core 2 total time 27332.543 us (65598104 ticks), connect time 16781.011 us (40274426 ticks)
 3: IO qp on core 10 total time 37315.533 us (89557278 ticks), connect time 27329.951 us (65591883 ticks)
 3: IO qp on core 3 total time 48321.836 us (115972406 ticks), connect time 37772.823 us (90654776 ticks)
 3: IO qp on core 1 total time 57550.224 us (138120538 ticks), connect time 45815.700 us (109957680 ticks)
 3: IO qp on core 5 total time 67066.403 us (160959368 ticks), connect time 56374.678 us (135299228 ticks)
 3: IO qp on core 4 total time 76660.789 us (183985893 ticks), connect time 65873.860 us (158097264 ticks)
 3: IO qp on core 6 total time 86464.476 us (207514742 ticks), connect time 75677.927 us (181627025 ticks)
 3: IO qp on core 8 total time 96560.610 us (231745464 ticks), connect time 85818.355 us (205964052 ticks)
 3: IO qp on core 9 total time 106504.136 us (255609927 ticks), connect time 95490.174 us (229176417 ticks)
 3: IO qp on core 13 total time 117423.418 us (281816204 ticks), connect time 106410.132 us (255384317 ticks)
 3: IO qp on core 14 total time 126484.449 us (303562678 ticks), connect time 114369.934 us (274487842 ticks)
 3: IO qp on core 11 total time 136695.156 us (328068375 ticks), connect time 124274.800 us (298259520 ticks)
 3: IO qp on core 12 total time 146872.272 us (352493452 ticks), connect time 134445.915 us (322670197 ticks)
 3: IO qp on core 15 total time 156481.824 us (375556377 ticks), connect time 144043.535 us (345704484 ticks)
 3: IO qp on core 7 total time 167700.912 us (402482188 ticks), connect time 155278.685 us (372668845 ticks)
 3: ========================================================
 3:                                                                                                                 Latency(us)
 3: Device Information                                                          :       IOPS      MiB/s    Average        min        max
 3: RDMA (addr:172.24.0.2 subnqn:nqn.2016-06.io.spdk:cnode1) NSID 1 from core  0:    4524.30      17.67     221.00      21.75    2399.80
 3: RDMA (addr:172.24.0.2 subnqn:nqn.2016-06.io.spdk:cnode1) NSID 1 from core  1:    4522.80      17.67     221.04      15.94    3031.97
 3: RDMA (addr:172.24.0.2 subnqn:nqn.2016-06.io.spdk:cnode1) NSID 1 from core  2:    4513.90      17.63     221.51      28.28    3554.71
 3: RDMA (addr:172.24.0.2 subnqn:nqn.2016-06.io.spdk:cnode1) NSID 1 from core  3:    4525.80      17.68     220.90      24.27    2401.87
 3: RDMA (addr:172.24.0.2 subnqn:nqn.2016-06.io.spdk:cnode1) NSID 1 from core  4:    4524.70      17.67     220.98      17.37    2400.29
 3: RDMA (addr:172.24.0.2 subnqn:nqn.2016-06.io.spdk:cnode1) NSID 1 from core  5:    4516.60      17.64     221.35      20.90    2512.14
 3: RDMA (addr:172.24.0.2 subnqn:nqn.2016-06.io.spdk:cnode1) NSID 1 from core  6:    4522.00      17.66     221.12      20.41    2303.99
 3: RDMA (addr:172.24.0.2 subnqn:nqn.2016-06.io.spdk:cnode1) NSID 1 from core  7:    4521.40      17.66     221.15      10.29    2740.29
 3: RDMA (addr:172.24.0.2 subnqn:nqn.2016-06.io.spdk:cnode1) NSID 1 from core  8:    4525.30      17.68     220.96      13.88    2514.56
 3: RDMA (addr:172.24.0.2 subnqn:nqn.2016-06.io.spdk:cnode1) NSID 1 from core  9:    4519.00      17.65     221.25      25.55    2675.83
 3: RDMA (addr:172.24.0.2 subnqn:nqn.2016-06.io.spdk:cnode1) NSID 1 from core 10:    4519.30      17.65     221.25      42.40    2295.93
 3: RDMA (addr:172.24.0.2 subnqn:nqn.2016-06.io.spdk:cnode1) NSID 1 from core 11:    4525.20      17.68     220.93      13.99    2399.01
 3: RDMA (addr:172.24.0.2 subnqn:nqn.2016-06.io.spdk:cnode1) NSID 1 from core 12:    4517.90      17.65     221.32      26.36    2381.35
 3: RDMA (addr:172.24.0.2 subnqn:nqn.2016-06.io.spdk:cnode1) NSID 1 from core 13:    4524.00      17.67     220.99      19.94    2513.79
 3: RDMA (addr:172.24.0.2 subnqn:nqn.2016-06.io.spdk:cnode1) NSID 1 from core 14:    4522.00      17.66     221.10      25.75    2372.66
 3: RDMA (addr:172.24.0.2 subnqn:nqn.2016-06.io.spdk:cnode1) NSID 1 from core 15:    4520.80      17.66     221.17      24.42    2394.73
 3: ========================================================
 3: Total                                                                       :   72345.00     282.60     221.13      10.29    3554.71
 3: 
 6: Initializing NVMe Controllers
 6: Attached to NVMe over Fabrics controller at 172.24.0.2:4420: nqn.2016-06.io.spdk:cnode1
 6: Controller attach time is 17881.444 us (42915465 ticks)
 6: Associating RDMA (addr:172.24.0.2 subnqn:nqn.2016-06.io.spdk:cnode1) NSID 1 with lcore 0
 6: Associating RDMA (addr:172.24.0.2 subnqn:nqn.2016-06.io.spdk:cnode1) NSID 1 with lcore 1
 6: Associating RDMA (addr:172.24.0.2 subnqn:nqn.2016-06.io.spdk:cnode1) NSID 1 with lcore 2
 6: Associating RDMA (addr:172.24.0.2 subnqn:nqn.2016-06.io.spdk:cnode1) NSID 1 with lcore 3
 6: Associating RDMA (addr:172.24.0.2 subnqn:nqn.2016-06.io.spdk:cnode1) NSID 1 with lcore 4
 6: Associating RDMA (addr:172.24.0.2 subnqn:nqn.2016-06.io.spdk:cnode1) NSID 1 with lcore 5
 6: Associating RDMA (addr:172.24.0.2 subnqn:nqn.2016-06.io.spdk:cnode1) NSID 1 with lcore 6
 6: Associating RDMA (addr:172.24.0.2 subnqn:nqn.2016-06.io.spdk:cnode1) NSID 1 with lcore 7
 6: Associating RDMA (addr:172.24.0.2 subnqn:nqn.2016-06.io.spdk:cnode1) NSID 1 with lcore 8
 6: Associating RDMA (addr:172.24.0.2 subnqn:nqn.2016-06.io.spdk:cnode1) NSID 1 with lcore 9
 6: Associating RDMA (addr:172.24.0.2 subnqn:nqn.2016-06.io.spdk:cnode1) NSID 1 with lcore 10
 6: Associating RDMA (addr:172.24.0.2 subnqn:nqn.2016-06.io.spdk:cnode1) NSID 1 with lcore 11
 6: Associating RDMA (addr:172.24.0.2 subnqn:nqn.2016-06.io.spdk:cnode1) NSID 1 with lcore 12
 6: Associating RDMA (addr:172.24.0.2 subnqn:nqn.2016-06.io.spdk:cnode1) NSID 1 with lcore 13
 6: Associating RDMA (addr:172.24.0.2 subnqn:nqn.2016-06.io.spdk:cnode1) NSID 1 with lcore 14
 6: Associating RDMA (addr:172.24.0.2 subnqn:nqn.2016-06.io.spdk:cnode1) NSID 1 with lcore 15
 6: Initialization complete. Launching workers.
 6: IO qp on core 2 total time 18606.028 us (44654466 ticks), connect time 8539.465 us (20494716 ticks)
 6: IO qp on core 3 total time 28450.379 us (68280909 ticks), connect time 18303.380 us (43928112 ticks)
 6: IO qp on core 4 total time 37803.958 us (90729500 ticks), connect time 27569.320 us (66166367 ticks)
 6: IO qp on core 5 total time 48390.562 us (116137348 ticks), connect time 37975.713 us (91141711 ticks)
 6: IO qp on core 1 total time 58526.713 us (140464110 ticks), connect time 47903.276 us (114967863 ticks)
 6: IO qp on core 6 total time 67991.772 us (163180253 ticks), connect time 57255.476 us (137413142 ticks)
 6: IO qp on core 7 total time 78365.999 us (188078397 ticks), connect time 66784.719 us (160283325 ticks)
 6: IO qp on core 0 total time 87394.353 us (209746448 ticks), connect time 75986.705 us (182368091 ticks)
 6: IO qp on core 11 total time 97509.609 us (234023061 ticks), connect time 86268.710 us (207044904 ticks)
 6: IO qp on core 9 total time 106982.271 us (256757451 ticks), connect time 95445.688 us (229069650 ticks)
 6: IO qp on core 12 total time 117072.239 us (280973373 ticks), connect time 105417.364 us (253001673 ticks)
 6: IO qp on core 10 total time 127619.561 us (306286946 ticks), connect time 115769.131 us (277845914 ticks)
 6: IO qp on core 14 total time 137167.195 us (329201267 ticks), connect time 125271.120 us (300650687 ticks)
 6: IO qp on core 8 total time 146873.069 us (352495366 ticks), connect time 134931.638 us (323835931 ticks)
 6: IO qp on core 13 total time 157314.800 us (377555520 ticks), connect time 145236.992 us (348568782 ticks)
 6: IO qp on core 15 total time 166995.651 us (400789563 ticks), connect time 154789.177 us (371494026 ticks)
 6: ========================================================
 6:                                                                                                                 Latency(us)
 6: Device Information                                                          :       IOPS      MiB/s    Average        min        max
 6: RDMA (addr:172.24.0.2 subnqn:nqn.2016-06.io.spdk:cnode1) NSID 1 from core  0:    4510.00      17.62     221.67      50.80    2403.91
 6: RDMA (addr:172.24.0.2 subnqn:nqn.2016-06.io.spdk:cnode1) NSID 1 from core  1:    4509.60      17.62     221.69      44.84    2401.65
 6: RDMA (addr:172.24.0.2 subnqn:nqn.2016-06.io.spdk:cnode1) NSID 1 from core  2:    4513.80      17.63     221.52      34.77    3435.30
 9: Initializing NVMe Controllers
 9: Attached to NVMe over Fabrics controller at 172.24.0.2:4420: nqn.2016-06.io.spdk:cnode1
 9: Controller attach time is 19888.084 us (47731402 ticks)
 9: Associating RDMA (addr:172.24.0.2 subnqn:nqn.2016-06.io.spdk:cnode1) NSID 1 with lcore 0
 9: Associating RDMA (addr:172.24.0.2 subnqn:nqn.2016-06.io.spdk:cnode1) NSID 1 with lcore 1
 9: Associating RDMA (addr:172.24.0.2 subnqn:nqn.2016-06.io.spdk:cnode1) NSID 1 with lcore 2
 9: Associating RDMA (addr:172.24.0.2 subnqn:nqn.2016-06.io.spdk:cnode1) NSID 1 with lcore 3
 9: Associating RDMA (addr:172.24.0.2 subnqn:nqn.2016-06.io.spdk:cnode1) NSID 1 with lcore 4
 9: Associating RDMA (addr:172.24.0.2 subnqn:nqn.2016-06.io.spdk:cnode1) NSID 1 with lcore 5
 9: Associating RDMA (addr:172.24.0.2 subnqn:nqn.2016-06.io.spdk:cnode1) NSID 1 with lcore 6
 9: Associating RDMA (addr:172.24.0.2 subnqn:nqn.2016-06.io.spdk:cnode1) NSID 1 with lcore 7
 9: Associating RDMA (addr:172.24.0.2 subnqn:nqn.2016-06.io.spdk:cnode1) NSID 1 with lcore 8
 9: Associating RDMA (addr:172.24.0.2 subnqn:nqn.2016-06.io.spdk:cnode1) NSID 1 with lcore 9
 9: Associating RDMA (addr:172.24.0.2 subnqn:nqn.2016-06.io.spdk:cnode1) NSID 1 with lcore 10
 9: Associating RDMA (addr:172.24.0.2 subnqn:nqn.2016-06.io.spdk:cnode1) NSID 1 with lcore 11
 9: Associating RDMA (addr:172.24.0.2 subnqn:nqn.2016-06.io.spdk:cnode1) NSID 1 with lcore 12
 9: Associating RDMA (addr:172.24.0.2 subnqn:nqn.2016-06.io.spdk:cnode1) NSID 1 with lcore 13
 9: Associating RDMA (addr:172.24.0.2 subnqn:nqn.2016-06.io.spdk:cnode1) NSID 1 with lcore 14
 9: Associating RDMA (addr:172.24.0.2 subnqn:nqn.2016-06.io.spdk:cnode1) NSID 1 with lcore 15
 9: Initialization complete. Launching workers.
 9: IO qp on core 1 total time 18646.244 us (44750986 ticks), connect time 9748.571 us (23396571 ticks)
 9: IO qp on core 2 total time 28435.087 us (68244208 ticks), connect time 19277.240 us (46265375 ticks)
 9: IO qp on core 0 total time 37298.703 us (89516888 ticks), connect time 28640.440 us (68737056 ticks)
 9: IO qp on core 5 total time 47560.499 us (114145197 ticks), connect time 39183.050 us (94039320 ticks)
 9: IO qp on core 3 total time 57262.097 us (137429033 ticks), connect time 48375.786 us (116101886 ticks)
 9: IO qp on core 6 total time 66956.312 us (160695148 ticks), connect time 57957.924 us (139099017 ticks)
 9: IO qp on core 7 total time 77300.236 us (185520567 ticks), connect time 68186.116 us (163646679 ticks)
 9: IO qp on core 4 total time 86688.182 us (208051638 ticks), connect time 77405.400 us (185772959 ticks)
 9: IO qp on core 11 total time 97103.247 us (233047794 ticks), connect time 87819.519 us (210766845 ticks)
 9: IO qp on core 13 total time 107006.724 us (256816138 ticks), connect time 96747.547 us (232194112 ticks)
 9: IO qp on core 15 total time 116975.511 us (280741227 ticks), connect time 106596.756 us (255832215 ticks)
 9: IO qp on core 8 total time 127718.383 us (306524119 ticks), connect time 116663.268 us (279991843 ticks)
 9: IO qp on core 10 total time 136560.475 us (327745140 ticks), connect time 125466.521 us (301119651 ticks)
 9: IO qp on core 12 total time 146740.522 us (352177254 ticks), connect time 135318.802 us (324765126 ticks)
 9: IO qp on core 14 total time 156768.332 us (376243998 ticks), connect time 145342.164 us (348821193 ticks)
 9: IO qp on core 9 total time 166779.969 us (400271926 ticks), connect time 155219.782 us (372527476 ticks)
 9: ========================================================
 9:                                                                                                                 Latency(us)
 9: Device Information                                                          :       IOPS      MiB/s    Average        min        max
 9: RDMA (addr:172.24.0.2 subnqn:nqn.2016-06.io.spdk:cnode1) NSID 1 from core  0:    4509.30      17.61     221.72      51.23    2600.28
 9: RDMA (addr:172.24.0.2 subnqn:nqn.2016-06.io.spdk:cnode1) NSID 1 from core  1:    4509.70      17.62     221.70      46.14    2508.70
 9: RDMA (addr:172.24.0.2 subnqn:nqn.2016-06.io.spdk:cnode1) NSID 1 from core  2:    4506.00      17.60     221.90      34.08    2648.82
 6: RDMA (addr:172.24.0.2 subnqn:nqn.2016-06.io.spdk:cnode1) NSID 1 from core  3:    4507.60      17.61     221.79      36.66    2677.82
 6: RDMA (addr:172.24.0.2 subnqn:nqn.2016-06.io.spdk:cnode1) NSID 1 from core  4:    4510.40      17.62     221.66      49.80    2304.61
 6: RDMA (addr:172.24.0.2 subnqn:nqn.2016-06.io.spdk:cnode1) NSID 1 from core  5:    4513.10      17.63     221.50      33.35    2508.95
 6: RDMA (addr:172.24.0.2 subnqn:nqn.2016-06.io.spdk:cnode1) NSID 1 from core  6:    4505.50      17.60     221.93      54.43    2523.72
 6: RDMA (addr:172.24.0.2 subnqn:nqn.2016-06.io.spdk:cnode1) NSID 1 from core  7:    4505.50      17.60     221.90      48.22    2418.44
 6: RDMA (addr:172.24.0.2 subnqn:nqn.2016-06.io.spdk:cnode1) NSID 1 from core  8:    4510.00      17.62     221.71      41.33    2307.24
 6: RDMA (addr:172.24.0.2 subnqn:nqn.2016-06.io.spdk:cnode1) NSID 1 from core  9:    4505.80      17.60     221.90      28.50    2446.16
 6: RDMA (addr:172.24.0.2 subnqn:nqn.2016-06.io.spdk:cnode1) NSID 1 from core 10:    4507.80      17.61     221.82      44.37    3355.12
 6: RDMA (addr:172.24.0.2 subnqn:nqn.2016-06.io.spdk:cnode1) NSID 1 from core 11:    4508.10      17.61     221.77      39.17    3036.03
 6: RDMA (addr:172.24.0.2 subnqn:nqn.2016-06.io.spdk:cnode1) NSID 1 from core 12:    4510.10      17.62     221.70      47.45    2403.65
 6: RDMA (addr:172.24.0.2 subnqn:nqn.2016-06.io.spdk:cnode1) NSID 1 from core 13:    4506.10      17.60     221.88      43.27    3356.66
 6: RDMA (addr:172.24.0.2 subnqn:nqn.2016-06.io.spdk:cnode1) NSID 1 from core 14:    4509.00      17.61     221.74      44.30    2674.34
 6: RDMA (addr:172.24.0.2 subnqn:nqn.2016-06.io.spdk:cnode1) NSID 1 from core 15:    4510.60      17.62     221.67      29.61    2395.17
 6: ========================================================
 6: Total                                                                       :   72143.00     281.81     221.74      28.50    3435.30
 6: 
 9: RDMA (addr:172.24.0.2 subnqn:nqn.2016-06.io.spdk:cnode1) NSID 1 from core  3:    4503.40      17.59     222.00      51.19    2976.94
 9: RDMA (addr:172.24.0.2 subnqn:nqn.2016-06.io.spdk:cnode1) NSID 1 from core  4:    4504.50      17.60     221.97      50.95    2974.27
 9: RDMA (addr:172.24.0.2 subnqn:nqn.2016-06.io.spdk:cnode1) NSID 1 from core  5:    4513.30      17.63     221.50      32.97    3313.89
 9: RDMA (addr:172.24.0.2 subnqn:nqn.2016-06.io.spdk:cnode1) NSID 1 from core  6:    4505.50      17.60     221.93      45.76    3439.11
 9: RDMA (addr:172.24.0.2 subnqn:nqn.2016-06.io.spdk:cnode1) NSID 1 from core  7:    4509.80      17.62     221.71      41.59    2396.04
 9: RDMA (addr:172.24.0.2 subnqn:nqn.2016-06.io.spdk:cnode1) NSID 1 from core  8:    4511.10      17.62     221.65      38.80    2297.25
 9: RDMA (addr:172.24.0.2 subnqn:nqn.2016-06.io.spdk:cnode1) NSID 1 from core  9:    4510.40      17.62     221.69      41.38    2381.35
 9: RDMA (addr:172.24.0.2 subnqn:nqn.2016-06.io.spdk:cnode1) NSID 1 from core 10:    4509.70      17.62     221.72      43.89    2351.15
 9: RDMA (addr:172.24.0.2 subnqn:nqn.2016-06.io.spdk:cnode1) NSID 1 from core 11:    4510.30      17.62     221.67      39.94    2316.39
 9: RDMA (addr:172.24.0.2 subnqn:nqn.2016-06.io.spdk:cnode1) NSID 1 from core 12:    4509.70      17.62     221.72      39.71    3036.64
 9: RDMA (addr:172.24.0.2 subnqn:nqn.2016-06.io.spdk:cnode1) NSID 1 from core 13:    4508.80      17.61     221.73      45.37    2383.95
 9: RDMA (addr:172.24.0.2 subnqn:nqn.2016-06.io.spdk:cnode1) NSID 1 from core 14:    4510.80      17.62     221.67      42.86    2310.82
 9: RDMA (addr:172.24.0.2 subnqn:nqn.2016-06.io.spdk:cnode1) NSID 1 from core 15:    4502.90      17.59     222.02      48.03    2972.41
 9: ========================================================
 9: Total                                                                       :   72135.20     281.78     221.77      32.97    3439.11
 9: 
18: Initializing NVMe Controllers
18: Attached to NVMe over Fabrics controller at 172.24.0.2:4420: nqn.2016-06.io.spdk:cnode1
18: Controller attach time is 20152.513 us (48366032 ticks)
18: Associating RDMA (addr:172.24.0.2 subnqn:nqn.2016-06.io.spdk:cnode1) NSID 1 with lcore 0
18: Associating RDMA (addr:172.24.0.2 subnqn:nqn.2016-06.io.spdk:cnode1) NSID 1 with lcore 1
18: Associating RDMA (addr:172.24.0.2 subnqn:nqn.2016-06.io.spdk:cnode1) NSID 1 with lcore 2
18: Associating RDMA (addr:172.24.0.2 subnqn:nqn.2016-06.io.spdk:cnode1) NSID 1 with lcore 3
18: Associating RDMA (addr:172.24.0.2 subnqn:nqn.2016-06.io.spdk:cnode1) NSID 1 with lcore 4
18: Associating RDMA (addr:172.24.0.2 subnqn:nqn.2016-06.io.spdk:cnode1) NSID 1 with lcore 5
18: Associating RDMA (addr:172.24.0.2 subnqn:nqn.2016-06.io.spdk:cnode1) NSID 1 with lcore 6
18: Associating RDMA (addr:172.24.0.2 subnqn:nqn.2016-06.io.spdk:cnode1) NSID 1 with lcore 7
18: Associating RDMA (addr:172.24.0.2 subnqn:nqn.2016-06.io.spdk:cnode1) NSID 1 with lcore 8
18: Associating RDMA (addr:172.24.0.2 subnqn:nqn.2016-06.io.spdk:cnode1) NSID 1 with lcore 9
18: Associating RDMA (addr:172.24.0.2 subnqn:nqn.2016-06.io.spdk:cnode1) NSID 1 with lcore 10
18: Associating RDMA (addr:172.24.0.2 subnqn:nqn.2016-06.io.spdk:cnode1) NSID 1 with lcore 11
18: Associating RDMA (addr:172.24.0.2 subnqn:nqn.2016-06.io.spdk:cnode1) NSID 1 with lcore 12
18: Associating RDMA (addr:172.24.0.2 subnqn:nqn.2016-06.io.spdk:cnode1) NSID 1 with lcore 13
18: Associating RDMA (addr:172.24.0.2 subnqn:nqn.2016-06.io.spdk:cnode1) NSID 1 with lcore 14
18: Associating RDMA (addr:172.24.0.2 subnqn:nqn.2016-06.io.spdk:cnode1) NSID 1 with lcore 15
18: Initialization complete. Launching workers.
18: IO qp on core 3 total time 17212.886 us (41310927 ticks), connect time 9254.266 us (22210239 ticks)
18: IO qp on core 2 total time 28105.352 us (67452844 ticks), connect time 19086.425 us (45807419 ticks)
18: IO qp on core 0 total time 37222.402 us (89333766 ticks), connect time 28677.911 us (68826987 ticks)
 2: Initializing NVMe Controllers
 2: Attached to NVMe over Fabrics controller at 172.24.0.2:4420: nqn.2016-06.io.spdk:cnode1
 2: Controller attach time is 19996.476 us (47991543 ticks)
 2: Associating RDMA (addr:172.24.0.2 subnqn:nqn.2016-06.io.spdk:cnode1) NSID 1 with lcore 0
 2: Associating RDMA (addr:172.24.0.2 subnqn:nqn.2016-06.io.spdk:cnode1) NSID 1 with lcore 1
 2: Associating RDMA (addr:172.24.0.2 subnqn:nqn.2016-06.io.spdk:cnode1) NSID 1 with lcore 2
 2: Associating RDMA (addr:172.24.0.2 subnqn:nqn.2016-06.io.spdk:cnode1) NSID 1 with lcore 3
 2: Associating RDMA (addr:172.24.0.2 subnqn:nqn.2016-06.io.spdk:cnode1) NSID 1 with lcore 4
 2: Associating RDMA (addr:172.24.0.2 subnqn:nqn.2016-06.io.spdk:cnode1) NSID 1 with lcore 5
 2: Associating RDMA (addr:172.24.0.2 subnqn:nqn.2016-06.io.spdk:cnode1) NSID 1 with lcore 6
 2: Associating RDMA (addr:172.24.0.2 subnqn:nqn.2016-06.io.spdk:cnode1) NSID 1 with lcore 7
 2: Associating RDMA (addr:172.24.0.2 subnqn:nqn.2016-06.io.spdk:cnode1) NSID 1 with lcore 8
 2: Associating RDMA (addr:172.24.0.2 subnqn:nqn.2016-06.io.spdk:cnode1) NSID 1 with lcore 9
 2: Associating RDMA (addr:172.24.0.2 subnqn:nqn.2016-06.io.spdk:cnode1) NSID 1 with lcore 10
 2: Associating RDMA (addr:172.24.0.2 subnqn:nqn.2016-06.io.spdk:cnode1) NSID 1 with lcore 11
 2: Associating RDMA (addr:172.24.0.2 subnqn:nqn.2016-06.io.spdk:cnode1) NSID 1 with lcore 12
 2: Associating RDMA (addr:172.24.0.2 subnqn:nqn.2016-06.io.spdk:cnode1) NSID 1 with lcore 13
 2: Associating RDMA (addr:172.24.0.2 subnqn:nqn.2016-06.io.spdk:cnode1) NSID 1 with lcore 14
 2: Associating RDMA (addr:172.24.0.2 subnqn:nqn.2016-06.io.spdk:cnode1) NSID 1 with lcore 15
 2: Initialization complete. Launching workers.
 2: IO qp on core 1 total time 17992.825 us (43182780 ticks), connect time 8664.770 us (20795448 ticks)
 2: IO qp on core 2 total time 27982.870 us (67158888 ticks), connect time 18669.710 us (44807304 ticks)
 2: IO qp on core 3 total time 37880.630 us (90913513 ticks), connect time 28349.644 us (68039146 ticks)
18: IO qp on core 1 total time 47985.675 us (115165619 ticks), connect time 38379.845 us (92111628 ticks)
18: IO qp on core 5 total time 57100.941 us (137042259 ticks), connect time 48609.595 us (116663028 ticks)
18: IO qp on core 6 total time 66757.501 us (160218002 ticks), connect time 57306.428 us (137535428 ticks)
18: IO qp on core 4 total time 77113.833 us (185073198 ticks), connect time 67654.936 us (162371847 ticks)
18: IO qp on core 9 total time 87649.404 us (210358569 ticks), connect time 78139.426 us (187534623 ticks)
18: IO qp on core 7 total time 97027.495 us (232865988 ticks), connect time 86642.471 us (207941931 ticks)
18: IO qp on core 15 total time 107504.852 us (258011646 ticks), connect time 97189.479 us (233254749 ticks)
18: IO qp on core 13 total time 117182.869 us (281238885 ticks), connect time 106789.155 us (256293972 ticks)
18: IO qp on core 8 total time 126841.267 us (304419041 ticks), connect time 115962.535 us (278310083 ticks)
18: IO qp on core 14 total time 138203.440 us (331688255 ticks), connect time 127156.037 us (305174489 ticks)
18: IO qp on core 11 total time 146633.186 us (351919647 ticks), connect time 134770.698 us (323449674 ticks)
18: IO qp on core 10 total time 157021.030 us (376850471 ticks), connect time 144560.852 us (346946045 ticks)
18: IO qp on core 12 total time 167064.536 us (400954887 ticks), connect time 154598.316 us (371035959 ticks)
18: ========================================================
18:                                                                                                                 Latency(us)
18: Device Information                                                          :       IOPS      MiB/s    Average        min        max
18: RDMA (addr:172.24.0.2 subnqn:nqn.2016-06.io.spdk:cnode1) NSID 1 from core  0:    4500.20      17.58     222.18      49.08    2418.15
18: RDMA (addr:172.24.0.2 subnqn:nqn.2016-06.io.spdk:cnode1) NSID 1 from core  1:    4504.50      17.60     221.94      42.00    2294.73
18: RDMA (addr:172.24.0.2 subnqn:nqn.2016-06.io.spdk:cnode1) NSID 1 from core  2:    4503.90      17.59     222.01      32.73    2370.28
 2: IO qp on core 4 total time 47704.476 us (114490743 ticks), connect time 38009.514 us (91222833 ticks)
 2: IO qp on core 0 total time 57564.043 us (138153702 ticks), connect time 48043.600 us (115304640 ticks)
 2: IO qp on core 6 total time 66588.520 us (159812447 ticks), connect time 57275.541 us (137461298 ticks)
 2: IO qp on core 5 total time 77244.832 us (185387597 ticks), connect time 66900.628 us (160561508 ticks)
 2: IO qp on core 8 total time 86798.327 us (208315986 ticks), connect time 76606.872 us (183856494 ticks)
 2: IO qp on core 7 total time 97153.580 us (233168592 ticks), connect time 86776.850 us (208264440 ticks)
 2: IO qp on core 13 total time 107372.642 us (257694341 ticks), connect time 96995.378 us (232788908 ticks)
 2: IO qp on core 11 total time 116866.626 us (280479903 ticks), connect time 105609.964 us (253463913 ticks)
 2: IO qp on core 12 total time 126784.727 us (304283346 ticks), connect time 115525.173 us (277260414 ticks)
 2: IO qp on core 10 total time 137520.471 us (330049130 ticks), connect time 126020.337 us (302448809 ticks)
 2: IO qp on core 15 total time 146632.883 us (351918918 ticks), connect time 133719.763 us (320927430 ticks)
 2: IO qp on core 14 total time 157292.680 us (377502433 ticks), connect time 143901.424 us (345363418 ticks)
 2: IO qp on core 9 total time 166826.980 us (400384751 ticks), connect time 153376.455 us (368103491 ticks)
 2: ========================================================
 2:                                                                                                                 Latency(us)
 2: Device Information                                                          :       IOPS      MiB/s    Average        min        max
 2: RDMA (addr:172.24.0.2 subnqn:nqn.2016-06.io.spdk:cnode1) NSID 1 from core  0:    4500.10      17.58     222.18      28.73    2650.08
 2: RDMA (addr:172.24.0.2 subnqn:nqn.2016-06.io.spdk:cnode1) NSID 1 from core  1:    4504.40      17.60     221.94      42.69    2312.35
 2: RDMA (addr:172.24.0.2 subnqn:nqn.2016-06.io.spdk:cnode1) NSID 1 from core  2:    4499.40      17.58     222.23      51.51    3356.82
18: RDMA (addr:172.24.0.2 subnqn:nqn.2016-06.io.spdk:cnode1) NSID 1 from core  3:    4505.00      17.60     221.95      45.35    2676.70
18: RDMA (addr:172.24.0.2 subnqn:nqn.2016-06.io.spdk:cnode1) NSID 1 from core  4:    4504.30      17.59     221.98      54.74    2384.18
18: RDMA (addr:172.24.0.2 subnqn:nqn.2016-06.io.spdk:cnode1) NSID 1 from core  5:    4499.00      17.57     222.23      58.81    3325.72
18: RDMA (addr:172.24.0.2 subnqn:nqn.2016-06.io.spdk:cnode1) NSID 1 from core  6:    4507.70      17.61     221.82      31.63    2358.83
18: RDMA (addr:172.24.0.2 subnqn:nqn.2016-06.io.spdk:cnode1) NSID 1 from core  7:    4503.70      17.59     222.00      36.66    3014.49
18: RDMA (addr:172.24.0.2 subnqn:nqn.2016-06.io.spdk:cnode1) NSID 1 from core  8:    4506.40      17.60     221.88      52.07    2384.48
18: RDMA (addr:172.24.0.2 subnqn:nqn.2016-06.io.spdk:cnode1) NSID 1 from core  9:    4503.30      17.59     222.02      39.64    2395.44
 2: RDMA (addr:172.24.0.2 subnqn:nqn.2016-06.io.spdk:cnode1) NSID 1 from core  3:    4498.70      17.57     222.23      42.02    2698.59
 2: RDMA (addr:172.24.0.2 subnqn:nqn.2016-06.io.spdk:cnode1) NSID 1 from core  4:    4504.20      17.59     221.94      38.17    3010.04
 2: RDMA (addr:172.24.0.2 subnqn:nqn.2016-06.io.spdk:cnode1) NSID 1 from core  5:    4502.40      17.59     222.07      57.74    2384.06
 2: RDMA (addr:172.24.0.2 subnqn:nqn.2016-06.io.spdk:cnode1) NSID 1 from core  6:    4506.30      17.60     221.88      55.23    2600.36
 2: RDMA (addr:172.24.0.2 subnqn:nqn.2016-06.io.spdk:cnode1) NSID 1 from core  7:    4505.90      17.60     221.89      54.35    2369.81
 2: RDMA (addr:172.24.0.2 subnqn:nqn.2016-06.io.spdk:cnode1) NSID 1 from core  8:    4499.80      17.58     222.19      39.51    2676.97
 2: RDMA (addr:172.24.0.2 subnqn:nqn.2016-06.io.spdk:cnode1) NSID 1 from core  9:    4505.60      17.60     221.91      50.47    2290.57
18: RDMA (addr:172.24.0.2 subnqn:nqn.2016-06.io.spdk:cnode1) NSID 1 from core 10:    4500.10      17.58     222.20      52.12    2761.90
18: RDMA (addr:172.24.0.2 subnqn:nqn.2016-06.io.spdk:cnode1) NSID 1 from core 11:    4502.40      17.59     222.04      28.21    2371.31
18: RDMA (addr:172.24.0.2 subnqn:nqn.2016-06.io.spdk:cnode1) NSID 1 from core 12:    4505.40      17.60     221.93      52.03    2680.13
18: RDMA (addr:172.24.0.2 subnqn:nqn.2016-06.io.spdk:cnode1) NSID 1 from core 13:    4499.00      17.57     222.21      51.67    2385.08
18: RDMA (addr:172.24.0.2 subnqn:nqn.2016-06.io.spdk:cnode1) NSID 1 from core 14:    4508.60      17.61     221.78      39.09    3315.11
18: RDMA (addr:172.24.0.2 subnqn:nqn.2016-06.io.spdk:cnode1) NSID 1 from core 15:    4504.40      17.60     221.96      42.08    2661.98
18: ========================================================
18: Total                                                                       :   72057.90     281.48     222.01      28.21    3325.72
18: 
 2: RDMA (addr:172.24.0.2 subnqn:nqn.2016-06.io.spdk:cnode1) NSID 1 from core 10:    4504.20      17.59     221.99      58.60    2382.58
 2: RDMA (addr:172.24.0.2 subnqn:nqn.2016-06.io.spdk:cnode1) NSID 1 from core 11:    4499.30      17.58     222.20      52.81    3342.23
 2: RDMA (addr:172.24.0.2 subnqn:nqn.2016-06.io.spdk:cnode1) NSID 1 from core 12:    4504.60      17.60     221.97      51.63    2391.04
 2: RDMA (addr:172.24.0.2 subnqn:nqn.2016-06.io.spdk:cnode1) NSID 1 from core 13:    4506.60      17.60     221.85      51.59    2530.71
 2: RDMA (addr:172.24.0.2 subnqn:nqn.2016-06.io.spdk:cnode1) NSID 1 from core 14:    4504.70      17.60     221.96      52.04    2386.80
 2: RDMA (addr:172.24.0.2 subnqn:nqn.2016-06.io.spdk:cnode1) NSID 1 from core 15:    4499.60      17.58     222.19      52.84    2394.73
 2: ========================================================
 2: Total                                                                       :   72045.80     281.43     222.04      28.73    3356.82
 2: 
16: Initializing NVMe Controllers
16: Attached to NVMe over Fabrics controller at 172.24.0.2:4420: nqn.2016-06.io.spdk:cnode1
16: Controller attach time is 21307.014 us (51136834 ticks)
16: Associating RDMA (addr:172.24.0.2 subnqn:nqn.2016-06.io.spdk:cnode1) NSID 1 with lcore 0
16: Associating RDMA (addr:172.24.0.2 subnqn:nqn.2016-06.io.spdk:cnode1) NSID 1 with lcore 1
16: Associating RDMA (addr:172.24.0.2 subnqn:nqn.2016-06.io.spdk:cnode1) NSID 1 with lcore 2
16: Associating RDMA (addr:172.24.0.2 subnqn:nqn.2016-06.io.spdk:cnode1) NSID 1 with lcore 3
16: Associating RDMA (addr:172.24.0.2 subnqn:nqn.2016-06.io.spdk:cnode1) NSID 1 with lcore 4
16: Associating RDMA (addr:172.24.0.2 subnqn:nqn.2016-06.io.spdk:cnode1) NSID 1 with lcore 5
16: Associating RDMA (addr:172.24.0.2 subnqn:nqn.2016-06.io.spdk:cnode1) NSID 1 with lcore 6
16: Associating RDMA (addr:172.24.0.2 subnqn:nqn.2016-06.io.spdk:cnode1) NSID 1 with lcore 7
16: Associating RDMA (addr:172.24.0.2 subnqn:nqn.2016-06.io.spdk:cnode1) NSID 1 with lcore 8
16: Associating RDMA (addr:172.24.0.2 subnqn:nqn.2016-06.io.spdk:cnode1) NSID 1 with lcore 9
16: Associating RDMA (addr:172.24.0.2 subnqn:nqn.2016-06.io.spdk:cnode1) NSID 1 with lcore 10
16: Associating RDMA (addr:172.24.0.2 subnqn:nqn.2016-06.io.spdk:cnode1) NSID 1 with lcore 11
16: Associating RDMA (addr:172.24.0.2 subnqn:nqn.2016-06.io.spdk:cnode1) NSID 1 with lcore 12
16: Associating RDMA (addr:172.24.0.2 subnqn:nqn.2016-06.io.spdk:cnode1) NSID 1 with lcore 13
16: Associating RDMA (addr:172.24.0.2 subnqn:nqn.2016-06.io.spdk:cnode1) NSID 1 with lcore 14
16: Associating RDMA (addr:172.24.0.2 subnqn:nqn.2016-06.io.spdk:cnode1) NSID 1 with lcore 15
16: Initialization complete. Launching workers.
16: IO qp on core 3 total time 27936.312 us (67047148 ticks), connect time 19102.858 us (45846860 ticks)
16: IO qp on core 0 total time 36332.131 us (87197115 ticks), connect time 26457.697 us (63498474 ticks)
16: IO qp on core 1 total time 47431.590 us (113835816 ticks), connect time 36803.386 us (88328127 ticks)
16: IO qp on core 2 total time 57243.784 us (137385081 ticks), connect time 46657.241 us (111977379 ticks)
16: IO qp on core 13 total time 65953.038 us (158287290 ticks), connect time 56000.698 us (134401674 ticks)
16: IO qp on core 4 total time 77470.915 us (185930197 ticks), connect time 66089.977 us (158615944 ticks)
16: IO qp on core 12 total time 85431.560 us (205035744 ticks), connect time 75229.864 us (180551673 ticks)
16: IO qp on core 10 total time 95594.096 us (229425830 ticks), connect time 85354.558 us (204850940 ticks)
16: IO qp on core 5 total time 107160.902 us (257186166 ticks), connect time 95466.566 us (229119759 ticks)
16: IO qp on core 6 total time 116649.576 us (279958983 ticks), connect time 104961.460 us (251907504 ticks)
16: IO qp on core 8 total time 125901.142 us (302162740 ticks), connect time 112300.089 us (269520214 ticks)
16: IO qp on core 7 total time 135538.463 us (325292311 ticks), connect time 121851.730 us (292444153 ticks)
16: IO qp on core 11 total time 145876.315 us (350103156 ticks), connect time 132057.794 us (316938705 ticks)
16: IO qp on core 9 total time 156757.610 us (376218264 ticks), connect time 142588.181 us (342211635 ticks)
16: IO qp on core 14 total time 165596.483 us (397431558 ticks), connect time 151231.417 us (362955400 ticks)
16: IO qp on core 15 total time 175677.605 us (421626252 ticks), connect time 161220.698 us (386929674 ticks)
16: ========================================================
16:                                                                                                                 Latency(us)
16: Device Information                                                          :       IOPS      MiB/s    Average        min        max
16: RDMA (addr:172.24.0.2 subnqn:nqn.2016-06.io.spdk:cnode1) NSID 1 from core  0:    4507.60      17.61     221.82      31.13    3353.84
16: RDMA (addr:172.24.0.2 subnqn:nqn.2016-06.io.spdk:cnode1) NSID 1 from core  1:    4507.50      17.61     221.82      13.40    2676.26
16: RDMA (addr:172.24.0.2 subnqn:nqn.2016-06.io.spdk:cnode1) NSID 1 from core  2:    4510.70      17.62     221.61      15.22    2443.52
16: RDMA (addr:172.24.0.2 subnqn:nqn.2016-06.io.spdk:cnode1) NSID 1 from core  3:    4507.40      17.61     221.81      11.64    2519.53
16: RDMA (addr:172.24.0.2 subnqn:nqn.2016-06.io.spdk:cnode1) NSID 1 from core  4:    4512.80      17.63     221.57      13.83    3488.16
16: RDMA (addr:172.24.0.2 subnqn:nqn.2016-06.io.spdk:cnode1) NSID 1 from core  5:    4513.60      17.63     221.52      10.70    3337.40
16: RDMA (addr:172.24.0.2 subnqn:nqn.2016-06.io.spdk:cnode1) NSID 1 from core  6:    4503.70      17.59     222.02      24.09    2447.13
16: RDMA (addr:172.24.0.2 subnqn:nqn.2016-06.io.spdk:cnode1) NSID 1 from core  7:    4509.30      17.61     221.72      18.20    2814.71
16: RDMA (addr:172.24.0.2 subnqn:nqn.2016-06.io.spdk:cnode1) NSID 1 from core  8:    4506.50      17.60     221.84      27.13    3482.09
16: RDMA (addr:172.24.0.2 subnqn:nqn.2016-06.io.spdk:cnode1) NSID 1 from core  9:    4510.30      17.62     221.67      22.31    2366.56
16: RDMA (addr:172.24.0.2 subnqn:nqn.2016-06.io.spdk:cnode1) NSID 1 from core 10:    4508.10      17.61     221.80      42.38    2547.82
16: RDMA (addr:172.24.0.2 subnqn:nqn.2016-06.io.spdk:cnode1) NSID 1 from core 11:    4512.70      17.63     221.54      10.86    3340.80
16: RDMA (addr:172.24.0.2 subnqn:nqn.2016-06.io.spdk:cnode1) NSID 1 from core 12:    4503.80      17.59     222.01      10.34    2452.36
16: RDMA (addr:172.24.0.2 subnqn:nqn.2016-06.io.spdk:cnode1) NSID 1 from core 13:    4507.20      17.61     221.83      29.74    3353.00
16: RDMA (addr:172.24.0.2 subnqn:nqn.2016-06.io.spdk:cnode1) NSID 1 from core 14:    4505.50      17.60     221.91      16.68    2618.72
16: RDMA (addr:172.24.0.2 subnqn:nqn.2016-06.io.spdk:cnode1) NSID 1 from core 15:    4507.70      17.61     221.82      18.30    3336.36
16: ========================================================
16: Total                                                                       :   72134.40     281.77     221.77      10.34    3488.16
16: 
17: Initializing NVMe Controllers
17: Attached to NVMe over Fabrics controller at 172.24.0.2:4420: nqn.2016-06.io.spdk:cnode1
17: Controller attach time is 22256.675 us (53416020 ticks)
17: Associating RDMA (addr:172.24.0.2 subnqn:nqn.2016-06.io.spdk:cnode1) NSID 1 with lcore 0
17: Associating RDMA (addr:172.24.0.2 subnqn:nqn.2016-06.io.spdk:cnode1) NSID 1 with lcore 1
17: Associating RDMA (addr:172.24.0.2 subnqn:nqn.2016-06.io.spdk:cnode1) NSID 1 with lcore 2
17: Associating RDMA (addr:172.24.0.2 subnqn:nqn.2016-06.io.spdk:cnode1) NSID 1 with lcore 3
17: Associating RDMA (addr:172.24.0.2 subnqn:nqn.2016-06.io.spdk:cnode1) NSID 1 with lcore 4
17: Associating RDMA (addr:172.24.0.2 subnqn:nqn.2016-06.io.spdk:cnode1) NSID 1 with lcore 5
17: Associating RDMA (addr:172.24.0.2 subnqn:nqn.2016-06.io.spdk:cnode1) NSID 1 with lcore 6
17: Associating RDMA (addr:172.24.0.2 subnqn:nqn.2016-06.io.spdk:cnode1) NSID 1 with lcore 7
17: Associating RDMA (addr:172.24.0.2 subnqn:nqn.2016-06.io.spdk:cnode1) NSID 1 with lcore 8
17: Associating RDMA (addr:172.24.0.2 subnqn:nqn.2016-06.io.spdk:cnode1) NSID 1 with lcore 9
17: Associating RDMA (addr:172.24.0.2 subnqn:nqn.2016-06.io.spdk:cnode1) NSID 1 with lcore 10
17: Associating RDMA (addr:172.24.0.2 subnqn:nqn.2016-06.io.spdk:cnode1) NSID 1 with lcore 11
17: Associating RDMA (addr:172.24.0.2 subnqn:nqn.2016-06.io.spdk:cnode1) NSID 1 with lcore 12
17: Associating RDMA (addr:172.24.0.2 subnqn:nqn.2016-06.io.spdk:cnode1) NSID 1 with lcore 13
17: Associating RDMA (addr:172.24.0.2 subnqn:nqn.2016-06.io.spdk:cnode1) NSID 1 with lcore 14
17: Associating RDMA (addr:172.24.0.2 subnqn:nqn.2016-06.io.spdk:cnode1) NSID 1 with lcore 15
17: Initialization complete. Launching workers.
17: IO qp on core 2 total time 26243.687 us (62984849 ticks), connect time 16461.318 us (39507164 ticks)
17: IO qp on core 3 total time 35575.181 us (85380434 ticks), connect time 25628.326 us (61507982 ticks)
17: IO qp on core 1 total time 46182.338 us (110837610 ticks), connect time 36157.555 us (86778131 ticks)
17: IO qp on core 4 total time 55509.518 us (133222844 ticks), connect time 45281.716 us (108676118 ticks)
17: IO qp on core 5 total time 66057.709 us (158538502 ticks), connect time 55568.700 us (133364879 ticks)
17: IO qp on core 6 total time 75633.495 us (181520387 ticks), connect time 64982.556 us (155958134 ticks)
17: IO qp on core 7 total time 85724.377 us (205738504 ticks), connect time 74100.314 us (177840754 ticks)
17: IO qp on core 11 total time 94636.025 us (227126459 ticks), connect time 84101.927 us (201844625 ticks)
17: IO qp on core 0 total time 105445.786 us (253069887 ticks), connect time 93939.725 us (225455340 ticks)
17: IO qp on core 13 total time 114741.280 us (275379072 ticks), connect time 103451.770 us (248284248 ticks)
17: IO qp on core 10 total time 124086.002 us (297806405 ticks), connect time 112787.526 us (270690062 ticks)
17: IO qp on core 14 total time 134368.954 us (322485489 ticks), connect time 122960.051 us (295104123 ticks)
17: IO qp on core 8 total time 144383.992 us (346521582 ticks), connect time 132821.941 us (318772659 ticks)
17: IO qp on core 9 total time 154507.844 us (370818826 ticks), connect time 142949.422 us (343078612 ticks)
17: IO qp on core 12 total time 164672.404 us (395213770 ticks), connect time 152973.287 us (367135888 ticks)
17: IO qp on core 15 total time 174568.644 us (418964745 ticks), connect time 162801.066 us (390722559 ticks)
17: ========================================================
17:                                                                                                                 Latency(us)
17: Device Information                                                          :       IOPS      MiB/s    Average        min        max
17: RDMA (addr:172.24.0.2 subnqn:nqn.2016-06.io.spdk:cnode1) NSID 1 from core  0:    4529.70      17.69     220.73      24.55    3343.16
17: RDMA (addr:172.24.0.2 subnqn:nqn.2016-06.io.spdk:cnode1) NSID 1 from core  1:    4544.90      17.75     219.99      17.67    3340.82
17: RDMA (addr:172.24.0.2 subnqn:nqn.2016-06.io.spdk:cnode1) NSID 1 from core  2:    4536.40      17.72     220.42      24.10    2677.46
17: RDMA (addr:172.24.0.2 subnqn:nqn.2016-06.io.spdk:cnode1) NSID 1 from core  3:    4528.80      17.69     220.77      24.19    2680.37
17: RDMA (addr:172.24.0.2 subnqn:nqn.2016-06.io.spdk:cnode1) NSID 1 from core  4:    4528.70      17.69     220.74      24.24    2923.18
17: RDMA (addr:172.24.0.2 subnqn:nqn.2016-06.io.spdk:cnode1) NSID 1 from core  5:    4538.80      17.73     220.27      20.47    3487.25
17: RDMA (addr:172.24.0.2 subnqn:nqn.2016-06.io.spdk:cnode1) NSID 1 from core  6:    4527.60      17.69     220.85      23.17    2699.33
17: RDMA (addr:172.24.0.2 subnqn:nqn.2016-06.io.spdk:cnode1) NSID 1 from core  7:    4534.80      17.71     220.49      19.30    3025.64
17: RDMA (addr:172.24.0.2 subnqn:nqn.2016-06.io.spdk:cnode1) NSID 1 from core  8:    4540.80      17.74     220.20      17.86    3473.09
17: RDMA (addr:172.24.0.2 subnqn:nqn.2016-06.io.spdk:cnode1) NSID 1 from core  9:    4528.10      17.69     220.78      20.39    2737.97
17: RDMA (addr:172.24.0.2 subnqn:nqn.2016-06.io.spdk:cnode1) NSID 1 from core 10:    4526.10      17.68     220.92      22.55    3479.70
17: RDMA (addr:172.24.0.2 subnqn:nqn.2016-06.io.spdk:cnode1) NSID 1 from core 11:    4534.50      17.71     220.47      23.51    2479.88
17: RDMA (addr:172.24.0.2 subnqn:nqn.2016-06.io.spdk:cnode1) NSID 1 from core 12:    4519.50      17.65     221.24      30.36    3108.22
17: RDMA (addr:172.24.0.2 subnqn:nqn.2016-06.io.spdk:cnode1) NSID 1 from core 13:    4529.20      17.69     220.74      15.46    2648.63
17: RDMA (addr:172.24.0.2 subnqn:nqn.2016-06.io.spdk:cnode1) NSID 1 from core 14:    4528.50      17.69     220.80      23.67    2932.49
17: RDMA (addr:172.24.0.2 subnqn:nqn.2016-06.io.spdk:cnode1) NSID 1 from core 15:    4540.60      17.74     220.21      13.14    3463.01
17: ========================================================
17: Total                                                                       :   72517.00     283.27     220.60      13.14    3487.25
17: 
15: Initializing NVMe Controllers
15: Attached to NVMe over Fabrics controller at 172.24.0.2:4420: nqn.2016-06.io.spdk:cnode1
15: Controller attach time is 23036.923 us (55288614 ticks)
15: Associating RDMA (addr:172.24.0.2 subnqn:nqn.2016-06.io.spdk:cnode1) NSID 1 with lcore 0
15: Associating RDMA (addr:172.24.0.2 subnqn:nqn.2016-06.io.spdk:cnode1) NSID 1 with lcore 1
15: Associating RDMA (addr:172.24.0.2 subnqn:nqn.2016-06.io.spdk:cnode1) NSID 1 with lcore 2
15: Associating RDMA (addr:172.24.0.2 subnqn:nqn.2016-06.io.spdk:cnode1) NSID 1 with lcore 3
15: Associating RDMA (addr:172.24.0.2 subnqn:nqn.2016-06.io.spdk:cnode1) NSID 1 with lcore 4
15: Associating RDMA (addr:172.24.0.2 subnqn:nqn.2016-06.io.spdk:cnode1) NSID 1 with lcore 5
15: Associating RDMA (addr:172.24.0.2 subnqn:nqn.2016-06.io.spdk:cnode1) NSID 1 with lcore 6
15: Associating RDMA (addr:172.24.0.2 subnqn:nqn.2016-06.io.spdk:cnode1) NSID 1 with lcore 7
15: Associating RDMA (addr:172.24.0.2 subnqn:nqn.2016-06.io.spdk:cnode1) NSID 1 with lcore 8
15: Associating RDMA (addr:172.24.0.2 subnqn:nqn.2016-06.io.spdk:cnode1) NSID 1 with lcore 9
15: Associating RDMA (addr:172.24.0.2 subnqn:nqn.2016-06.io.spdk:cnode1) NSID 1 with lcore 10
15: Associating RDMA (addr:172.24.0.2 subnqn:nqn.2016-06.io.spdk:cnode1) NSID 1 with lcore 11
15: Associating RDMA (addr:172.24.0.2 subnqn:nqn.2016-06.io.spdk:cnode1) NSID 1 with lcore 12
15: Associating RDMA (addr:172.24.0.2 subnqn:nqn.2016-06.io.spdk:cnode1) NSID 1 with lcore 13
15: Associating RDMA (addr:172.24.0.2 subnqn:nqn.2016-06.io.spdk:cnode1) NSID 1 with lcore 14
15: Associating RDMA (addr:172.24.0.2 subnqn:nqn.2016-06.io.spdk:cnode1) NSID 1 with lcore 15
15: Initialization complete. Launching workers.
15: IO qp on core 3 total time 25668.299 us (61603918 ticks), connect time 14599.538 us (35038892 ticks)
15: IO qp on core 4 total time 35390.957 us (84938296 ticks), connect time 24351.099 us (58442638 ticks)
15: IO qp on core 0 total time 43807.632 us (105138318 ticks), connect time 33198.073 us (79675374 ticks)
15: IO qp on core 2 total time 54576.493 us (130983582 ticks), connect time 43231.457 us (103755498 ticks)
15: IO qp on core 5 total time 63521.707 us (152452097 ticks), connect time 53174.040 us (127617695 ticks)
15: IO qp on core 6 total time 73412.158 us (176189179 ticks), connect time 63065.404 us (151356970 ticks)
15: IO qp on core 7 total time 83899.109 us (201357861 ticks), connect time 73410.577 us (176185386 ticks)
15: IO qp on core 1 total time 94922.580 us (227814192 ticks), connect time 83157.816 us (199578758 ticks)
15: IO qp on core 11 total time 103119.901 us (247487763 ticks), connect time 91670.562 us (220009350 ticks)
15: IO qp on core 9 total time 113286.570 us (271887769 ticks), connect time 101656.548 us (243975715 ticks)
15: IO qp on core 8 total time 123703.217 us (296887721 ticks), connect time 112007.787 us (268818689 ticks)
15: IO qp on core 10 total time 133029.992 us (319271982 ticks), connect time 120801.235 us (289922964 ticks)
15: IO qp on core 15 total time 143575.717 us (344581721 ticks), connect time 131305.742 us (315133781 ticks)
15: IO qp on core 14 total time 153262.103 us (367829046 ticks), connect time 140915.670 us (338197608 ticks)
15: IO qp on core 13 total time 163502.721 us (392406530 ticks), connect time 150138.782 us (360333077 ticks)
15: IO qp on core 12 total time 173101.508 us (415443619 ticks), connect time 159735.550 us (383365321 ticks)
15: ========================================================
15:                                                                                                                 Latency(us)
15: Device Information                                                          :       IOPS      MiB/s    Average        min        max
15: RDMA (addr:172.24.0.2 subnqn:nqn.2016-06.io.spdk:cnode1) NSID 1 from core  0:    4548.70      17.77     219.82      14.55    3318.65
15: RDMA (addr:172.24.0.2 subnqn:nqn.2016-06.io.spdk:cnode1) NSID 1 from core  1:    4535.80      17.72     220.41      23.96    3494.61
15: RDMA (addr:172.24.0.2 subnqn:nqn.2016-06.io.spdk:cnode1) NSID 1 from core  2:    4538.30      17.73     220.32      22.78    2577.28
15: RDMA (addr:172.24.0.2 subnqn:nqn.2016-06.io.spdk:cnode1) NSID 1 from core  3:    4553.00      17.79     219.61      18.77    2659.03
15: RDMA (addr:172.24.0.2 subnqn:nqn.2016-06.io.spdk:cnode1) NSID 1 from core  4:    4538.00      17.73     220.35      20.01    3968.14
15: RDMA (addr:172.24.0.2 subnqn:nqn.2016-06.io.spdk:cnode1) NSID 1 from core  5:    4552.00      17.78     219.62      16.90    2560.82
15: RDMA (addr:172.24.0.2 subnqn:nqn.2016-06.io.spdk:cnode1) NSID 1 from core  6:    4531.10      17.70     220.67      13.71    3109.49
15: RDMA (addr:172.24.0.2 subnqn:nqn.2016-06.io.spdk:cnode1) NSID 1 from core  7:    4546.20      17.76     219.93      20.73    3485.37
15: RDMA (addr:172.24.0.2 subnqn:nqn.2016-06.io.spdk:cnode1) NSID 1 from core  8:    4541.30      17.74     220.18      22.44    2487.32
15: RDMA (addr:172.24.0.2 subnqn:nqn.2016-06.io.spdk:cnode1) NSID 1 from core  9:    4549.90      17.77     219.74      21.47    2507.51
15: RDMA (addr:172.24.0.2 subnqn:nqn.2016-06.io.spdk:cnode1) NSID 1 from core 10:    4540.80      17.74     220.20      18.34    3108.07
15: RDMA (addr:172.24.0.2 subnqn:nqn.2016-06.io.spdk:cnode1) NSID 1 from core 11:    4539.40      17.73     220.23      17.82    2760.61
15: RDMA (addr:172.24.0.2 subnqn:nqn.2016-06.io.spdk:cnode1) NSID 1 from core 12:    4552.80      17.78     219.62      20.18    3327.38
15: RDMA (addr:172.24.0.2 subnqn:nqn.2016-06.io.spdk:cnode1) NSID 1 from core 13:    4537.80      17.73     220.33      14.44    2759.53
15: RDMA (addr:172.24.0.2 subnqn:nqn.2016-06.io.spdk:cnode1) NSID 1 from core 14:    4540.50      17.74     220.20      19.88    2497.77
15: RDMA (addr:172.24.0.2 subnqn:nqn.2016-06.io.spdk:cnode1) NSID 1 from core 15:    4533.70      17.71     220.52      25.57    3031.34
15: ========================================================
15: Total                                                                       :   72679.30     283.90     220.11      13.71    3968.14
15: 
13: Initializing NVMe Controllers
13: Attached to NVMe over Fabrics controller at 172.24.0.2:4420: nqn.2016-06.io.spdk:cnode1
13: Controller attach time is 21065.574 us (50557378 ticks)
13: Associating RDMA (addr:172.24.0.2 subnqn:nqn.2016-06.io.spdk:cnode1) NSID 1 with lcore 0
13: Associating RDMA (addr:172.24.0.2 subnqn:nqn.2016-06.io.spdk:cnode1) NSID 1 with lcore 1
13: Associating RDMA (addr:172.24.0.2 subnqn:nqn.2016-06.io.spdk:cnode1) NSID 1 with lcore 2
13: Associating RDMA (addr:172.24.0.2 subnqn:nqn.2016-06.io.spdk:cnode1) NSID 1 with lcore 3
13: Associating RDMA (addr:172.24.0.2 subnqn:nqn.2016-06.io.spdk:cnode1) NSID 1 with lcore 4
13: Associating RDMA (addr:172.24.0.2 subnqn:nqn.2016-06.io.spdk:cnode1) NSID 1 with lcore 5
13: Associating RDMA (addr:172.24.0.2 subnqn:nqn.2016-06.io.spdk:cnode1) NSID 1 with lcore 6
13: Associating RDMA (addr:172.24.0.2 subnqn:nqn.2016-06.io.spdk:cnode1) NSID 1 with lcore 7
13: Associating RDMA (addr:172.24.0.2 subnqn:nqn.2016-06.io.spdk:cnode1) NSID 1 with lcore 8
13: Associating RDMA (addr:172.24.0.2 subnqn:nqn.2016-06.io.spdk:cnode1) NSID 1 with lcore 9
13: Associating RDMA (addr:172.24.0.2 subnqn:nqn.2016-06.io.spdk:cnode1) NSID 1 with lcore 10
13: Associating RDMA (addr:172.24.0.2 subnqn:nqn.2016-06.io.spdk:cnode1) NSID 1 with lcore 11
13: Associating RDMA (addr:172.24.0.2 subnqn:nqn.2016-06.io.spdk:cnode1) NSID 1 with lcore 12
13: Associating RDMA (addr:172.24.0.2 subnqn:nqn.2016-06.io.spdk:cnode1) NSID 1 with lcore 13
13: Associating RDMA (addr:172.24.0.2 subnqn:nqn.2016-06.io.spdk:cnode1) NSID 1 with lcore 14
13: Associating RDMA (addr:172.24.0.2 subnqn:nqn.2016-06.io.spdk:cnode1) NSID 1 with lcore 15
13: Initialization complete. Launching workers.
13: IO qp on core 2 total time 26129.132 us (62709916 ticks), connect time 17086.758 us (41008220 ticks)
13: IO qp on core 4 total time 35224.863 us (84539671 ticks), connect time 26253.244 us (63007786 ticks)
13: IO qp on core 3 total time 45654.646 us (109571151 ticks), connect time 36550.321 us (87720771 ticks)
13: IO qp on core 1 total time 56001.824 us (134404378 ticks), connect time 46804.659 us (112331181 ticks)
13: IO qp on core 5 total time 64828.299 us (155587917 ticks), connect time 54088.162 us (129811590 ticks)
13: IO qp on core 0 total time 74574.045 us (178977708 ticks), connect time 63219.253 us (151726206 ticks)
13: IO qp on core 6 total time 84718.392 us (203324141 ticks), connect time 73586.535 us (176607683 ticks)
13: IO qp on core 13 total time 94881.789 us (227716293 ticks), connect time 83323.920 us (199977408 ticks)
13: IO qp on core 10 total time 104222.727 us (250134544 ticks), connect time 92492.424 us (221981818 ticks)
13: IO qp on core 11 total time 114761.316 us (275427159 ticks), connect time 100683.845 us (241641228 ticks)
13: IO qp on core 14 total time 124443.141 us (298663538 ticks), connect time 110361.636 us (264867926 ticks)
13: IO qp on core 12 total time 134692.057 us (323260936 ticks), connect time 120317.303 us (288761527 ticks)
13: IO qp on core 9 total time 144290.032 us (346296077 ticks), connect time 129768.402 us (311444165 ticks)
13: IO qp on core 15 total time 154702.931 us (371287035 ticks), connect time 140137.203 us (336329286 ticks)
13: IO qp on core 7 total time 164511.655 us (394827971 ticks), connect time 149764.991 us (359435978 ticks)
13: IO qp on core 8 total time 174683.499 us (419240398 ticks), connect time 159942.352 us (383861644 ticks)
13: ========================================================
13:                                                                                                                 Latency(us)
13: Device Information                                                          :       IOPS      MiB/s    Average        min        max
13: RDMA (addr:172.24.0.2 subnqn:nqn.2016-06.io.spdk:cnode1) NSID 1 from core  0:    4579.10      17.89     218.34      14.67    3324.64
13: RDMA (addr:172.24.0.2 subnqn:nqn.2016-06.io.spdk:cnode1) NSID 1 from core  1:    4564.60      17.83     219.05      17.47    3968.40
13: RDMA (addr:172.24.0.2 subnqn:nqn.2016-06.io.spdk:cnode1) NSID 1 from core  2:    4562.90      17.82     219.14      19.47    2492.24
13: RDMA (addr:172.24.0.2 subnqn:nqn.2016-06.io.spdk:cnode1) NSID 1 from core  3:    4565.60      17.83     218.97      19.83    3029.97
13: RDMA (addr:172.24.0.2 subnqn:nqn.2016-06.io.spdk:cnode1) NSID 1 from core  4:    4563.10      17.82     219.12      19.14    2737.90
13: RDMA (addr:172.24.0.2 subnqn:nqn.2016-06.io.spdk:cnode1) NSID 1 from core  5:    4561.60      17.82     219.16      18.36    2699.57
13: RDMA (addr:172.24.0.2 subnqn:nqn.2016-06.io.spdk:cnode1) NSID 1 from core  6:    4556.90      17.80     219.42      17.38    3109.97
13: RDMA (addr:172.24.0.2 subnqn:nqn.2016-06.io.spdk:cnode1) NSID 1 from core  7:    4559.20      17.81     219.29      15.02    2701.69
13: RDMA (addr:172.24.0.2 subnqn:nqn.2016-06.io.spdk:cnode1) NSID 1 from core  8:    4562.80      17.82     219.13      23.39    3017.84
13: RDMA (addr:172.24.0.2 subnqn:nqn.2016-06.io.spdk:cnode1) NSID 1 from core  9:    4565.90      17.84     218.97      24.71    3170.78
13: RDMA (addr:172.24.0.2 subnqn:nqn.2016-06.io.spdk:cnode1) NSID 1 from core 10:    4579.50      17.89     218.34      21.12    3347.74
13: RDMA (addr:172.24.0.2 subnqn:nqn.2016-06.io.spdk:cnode1) NSID 1 from core 11:    4565.90      17.84     218.96      24.65    3170.08
13: RDMA (addr:172.24.0.2 subnqn:nqn.2016-06.io.spdk:cnode1) NSID 1 from core 12:    4565.90      17.84     218.99      13.66    3102.99
13: RDMA (addr:172.24.0.2 subnqn:nqn.2016-06.io.spdk:cnode1) NSID 1 from core 13:    4562.60      17.82     219.14      23.66    3488.17
13: RDMA (addr:172.24.0.2 subnqn:nqn.2016-06.io.spdk:cnode1) NSID 1 from core 14:    4559.30      17.81     219.30      15.95    2696.07
13: RDMA (addr:172.24.0.2 subnqn:nqn.2016-06.io.spdk:cnode1) NSID 1 from core 15:    4559.10      17.81     219.30      18.29    2493.39
13: ========================================================
13: Total                                                                       :   73034.00     285.29     219.04      13.66    3968.40
13: 
 5: Initializing NVMe Controllers
 5: Attached to NVMe over Fabrics controller at 172.24.0.2:4420: nqn.2016-06.io.spdk:cnode1
 5: Controller attach time is 21845.495 us (52429188 ticks)
 5: Associating RDMA (addr:172.24.0.2 subnqn:nqn.2016-06.io.spdk:cnode1) NSID 1 with lcore 0
 5: Associating RDMA (addr:172.24.0.2 subnqn:nqn.2016-06.io.spdk:cnode1) NSID 1 with lcore 1
 5: Associating RDMA (addr:172.24.0.2 subnqn:nqn.2016-06.io.spdk:cnode1) NSID 1 with lcore 2
 5: Associating RDMA (addr:172.24.0.2 subnqn:nqn.2016-06.io.spdk:cnode1) NSID 1 with lcore 3
 5: Associating RDMA (addr:172.24.0.2 subnqn:nqn.2016-06.io.spdk:cnode1) NSID 1 with lcore 4
 5: Associating RDMA (addr:172.24.0.2 subnqn:nqn.2016-06.io.spdk:cnode1) NSID 1 with lcore 5
 5: Associating RDMA (addr:172.24.0.2 subnqn:nqn.2016-06.io.spdk:cnode1) NSID 1 with lcore 6
 5: Associating RDMA (addr:172.24.0.2 subnqn:nqn.2016-06.io.spdk:cnode1) NSID 1 with lcore 7
 5: Associating RDMA (addr:172.24.0.2 subnqn:nqn.2016-06.io.spdk:cnode1) NSID 1 with lcore 8
 5: Associating RDMA (addr:172.24.0.2 subnqn:nqn.2016-06.io.spdk:cnode1) NSID 1 with lcore 9
 5: Associating RDMA (addr:172.24.0.2 subnqn:nqn.2016-06.io.spdk:cnode1) NSID 1 with lcore 10
 5: Associating RDMA (addr:172.24.0.2 subnqn:nqn.2016-06.io.spdk:cnode1) NSID 1 with lcore 11
 5: Associating RDMA (addr:172.24.0.2 subnqn:nqn.2016-06.io.spdk:cnode1) NSID 1 with lcore 12
 5: Associating RDMA (addr:172.24.0.2 subnqn:nqn.2016-06.io.spdk:cnode1) NSID 1 with lcore 13
 5: Associating RDMA (addr:172.24.0.2 subnqn:nqn.2016-06.io.spdk:cnode1) NSID 1 with lcore 14
 5: Associating RDMA (addr:172.24.0.2 subnqn:nqn.2016-06.io.spdk:cnode1) NSID 1 with lcore 15
 5: Initialization complete. Launching workers.
 5: IO qp on core 2 total time 25766.056 us (61838534 ticks), connect time 15450.353 us (37080848 ticks)
 5: IO qp on core 0 total time 34498.542 us (82796500 ticks), connect time 24809.412 us (59542590 ticks)
 5: IO qp on core 1 total time 45459.125 us (109101900 ticks), connect time 35037.931 us (84091034 ticks)
 5: IO qp on core 3 total time 54062.439 us (129749854 ticks), connect time 44581.600 us (106995841 ticks)
 5: IO qp on core 4 total time 63939.382 us (153454517 ticks), connect time 54444.156 us (130665974 ticks)
 5: IO qp on core 5 total time 74635.183 us (179124439 ticks), connect time 64949.933 us (155879839 ticks)
 5: IO qp on core 6 total time 83837.900 us (201210960 ticks), connect time 74159.315 us (177982355 ticks)
 5: IO qp on core 7 total time 93895.928 us (225350226 ticks), connect time 83572.250 us (200573400 ticks)
 5: IO qp on core 15 total time 103951.462 us (249483510 ticks), connect time 93580.148 us (224592354 ticks)
 5: IO qp on core 9 total time 114212.481 us (274109955 ticks), connect time 102491.645 us (245979948 ticks)
 5: IO qp on core 11 total time 124258.425 us (298220219 ticks), connect time 112536.436 us (270087446 ticks)
 5: IO qp on core 8 total time 133739.983 us (320975959 ticks), connect time 121634.262 us (291922228 ticks)
 5: IO qp on core 10 total time 143550.673 us (344521615 ticks), connect time 131405.732 us (315373756 ticks)
 5: IO qp on core 14 total time 153880.351 us (369312842 ticks), connect time 141544.225 us (339706139 ticks)
 5: IO qp on core 13 total time 163702.245 us (392885388 ticks), connect time 151365.090 us (363276216 ticks)
 5: IO qp on core 12 total time 173978.347 us (417548032 ticks), connect time 161513.460 us (387632305 ticks)
 5: ========================================================
 5:                                                                                                                 Latency(us)
 5: Device Information                                                          :       IOPS      MiB/s    Average        min        max
 5: RDMA (addr:172.24.0.2 subnqn:nqn.2016-06.io.spdk:cnode1) NSID 1 from core  0:    4585.30      17.91     218.04      17.75    3613.76
 5: RDMA (addr:172.24.0.2 subnqn:nqn.2016-06.io.spdk:cnode1) NSID 1 from core  1:    4586.20      17.91     217.98      22.66    2490.40
 5: RDMA (addr:172.24.0.2 subnqn:nqn.2016-06.io.spdk:cnode1) NSID 1 from core  2:    4585.90      17.91     218.04      14.80    3506.22
 5: RDMA (addr:172.24.0.2 subnqn:nqn.2016-06.io.spdk:cnode1) NSID 1 from core  3:    4589.30      17.93     217.83      18.05    3109.30
 5: RDMA (addr:172.24.0.2 subnqn:nqn.2016-06.io.spdk:cnode1) NSID 1 from core  4:    4587.50      17.92     217.95      18.84    3447.18
 5: RDMA (addr:172.24.0.2 subnqn:nqn.2016-06.io.spdk:cnode1) NSID 1 from core  5:    4589.10      17.93     217.85      19.55    2642.36
 5: RDMA (addr:172.24.0.2 subnqn:nqn.2016-06.io.spdk:cnode1) NSID 1 from core  6:    4581.30      17.90     218.25      23.09    3480.90
 5: RDMA (addr:172.24.0.2 subnqn:nqn.2016-06.io.spdk:cnode1) NSID 1 from core  7:    4582.30      17.90     218.20      23.89    3969.51
 5: RDMA (addr:172.24.0.2 subnqn:nqn.2016-06.io.spdk:cnode1) NSID 1 from core  8:    4580.90      17.89     218.27      10.50    3617.75
 5: RDMA (addr:172.24.0.2 subnqn:nqn.2016-06.io.spdk:cnode1) NSID 1 from core  9:    4591.00      17.93     217.78      19.92    2654.71
 5: RDMA (addr:172.24.0.2 subnqn:nqn.2016-06.io.spdk:cnode1) NSID 1 from core 10:    4585.20      17.91     218.07      18.43    2652.78
 5: RDMA (addr:172.24.0.2 subnqn:nqn.2016-06.io.spdk:cnode1) NSID 1 from core 11:    4581.10      17.89     218.25      21.02    3024.25
 5: RDMA (addr:172.24.0.2 subnqn:nqn.2016-06.io.spdk:cnode1) NSID 1 from core 12:    4582.50      17.90     218.20      24.00    3443.09
 5: RDMA (addr:172.24.0.2 subnqn:nqn.2016-06.io.spdk:cnode1) NSID 1 from core 13:    4577.70      17.88     218.40      23.37    3195.92
 5: RDMA (addr:172.24.0.2 subnqn:nqn.2016-06.io.spdk:cnode1) NSID 1 from core 14:    4582.30      17.90     218.20      11.21    2762.72
 5: RDMA (addr:172.24.0.2 subnqn:nqn.2016-06.io.spdk:cnode1) NSID 1 from core 15:    4587.60      17.92     217.93      17.08    2648.35
 5: ========================================================
 5: Total                                                                       :   73355.20     286.54     218.08      10.50    3969.51
 5: 
 1: Initializing NVMe Controllers
 1: Attached to NVMe over Fabrics controller at 172.24.0.2:4420: nqn.2016-06.io.spdk:cnode1
 1: Controller attach time is 22133.177 us (53119624 ticks)
 1: Associating RDMA (addr:172.24.0.2 subnqn:nqn.2016-06.io.spdk:cnode1) NSID 1 with lcore 0
 1: Associating RDMA (addr:172.24.0.2 subnqn:nqn.2016-06.io.spdk:cnode1) NSID 1 with lcore 1
 1: Associating RDMA (addr:172.24.0.2 subnqn:nqn.2016-06.io.spdk:cnode1) NSID 1 with lcore 2
 1: Associating RDMA (addr:172.24.0.2 subnqn:nqn.2016-06.io.spdk:cnode1) NSID 1 with lcore 3
 1: Associating RDMA (addr:172.24.0.2 subnqn:nqn.2016-06.io.spdk:cnode1) NSID 1 with lcore 4
 1: Associating RDMA (addr:172.24.0.2 subnqn:nqn.2016-06.io.spdk:cnode1) NSID 1 with lcore 5
 1: Associating RDMA (addr:172.24.0.2 subnqn:nqn.2016-06.io.spdk:cnode1) NSID 1 with lcore 6
 1: Associating RDMA (addr:172.24.0.2 subnqn:nqn.2016-06.io.spdk:cnode1) NSID 1 with lcore 7
 1: Associating RDMA (addr:172.24.0.2 subnqn:nqn.2016-06.io.spdk:cnode1) NSID 1 with lcore 8
 1: Associating RDMA (addr:172.24.0.2 subnqn:nqn.2016-06.io.spdk:cnode1) NSID 1 with lcore 9
 1: Associating RDMA (addr:172.24.0.2 subnqn:nqn.2016-06.io.spdk:cnode1) NSID 1 with lcore 10
 1: Associating RDMA (addr:172.24.0.2 subnqn:nqn.2016-06.io.spdk:cnode1) NSID 1 with lcore 11
 1: Associating RDMA (addr:172.24.0.2 subnqn:nqn.2016-06.io.spdk:cnode1) NSID 1 with lcore 12
 1: Associating RDMA (addr:172.24.0.2 subnqn:nqn.2016-06.io.spdk:cnode1) NSID 1 with lcore 13
 1: Associating RDMA (addr:172.24.0.2 subnqn:nqn.2016-06.io.spdk:cnode1) NSID 1 with lcore 14
 1: Associating RDMA (addr:172.24.0.2 subnqn:nqn.2016-06.io.spdk:cnode1) NSID 1 with lcore 15
 1: Initialization complete. Launching workers.
 1: IO qp on core 2 total time 25976.990 us (62344776 ticks), connect time 15982.921 us (38359011 ticks)
 1: IO qp on core 3 total time 35102.415 us (84245795 ticks), connect time 25153.068 us (60367364 ticks)
 1: IO qp on core 1 total time 44708.346 us (107300030 ticks), connect time 34564.003 us (82953607 ticks)
 1: IO qp on core 4 total time 54587.371 us (131009690 ticks), connect time 44331.752 us (106396205 ticks)
 1: IO qp on core 0 total time 64033.113 us (153679472 ticks), connect time 53948.196 us (129475670 ticks)
 1: IO qp on core 5 total time 74115.292 us (177876702 ticks), connect time 64403.973 us (154569534 ticks)
 1: IO qp on core 6 total time 84009.449 us (201622678 ticks), connect time 73215.424 us (175717018 ticks)
 1: IO qp on core 11 total time 93821.538 us (225171692 ticks), connect time 83146.670 us (199552007 ticks)
 1: IO qp on core 7 total time 104158.945 us (249981467 ticks), connect time 93210.648 us (223705556 ticks)
 1: IO qp on core 10 total time 113692.811 us (272862746 ticks), connect time 102817.726 us (246762542 ticks)
 1: IO qp on core 13 total time 123957.394 us (297497746 ticks), connect time 112743.904 us (270585370 ticks)
 1: IO qp on core 9 total time 133606.707 us (320656098 ticks), connect time 122079.666 us (292991199 ticks)
 1: IO qp on core 12 total time 143790.038 us (345096092 ticks), connect time 132144.175 us (317146019 ticks)
 1: IO qp on core 15 total time 153610.827 us (368665985 ticks), connect time 141621.392 us (339891341 ticks)
 1: IO qp on core 8 total time 163572.768 us (392574643 ticks), connect time 151579.093 us (363789823 ticks)
 1: IO qp on core 14 total time 173620.225 us (416688539 ticks), connect time 161505.887 us (387614129 ticks)
 1: ========================================================
 1:                                                                                                                 Latency(us)
 1: Device Information                                                          :       IOPS      MiB/s    Average        min        max
 1: RDMA (addr:172.24.0.2 subnqn:nqn.2016-06.io.spdk:cnode1) NSID 1 from core  0:    4609.60      18.01     216.90      14.10    3594.87
 1: RDMA (addr:172.24.0.2 subnqn:nqn.2016-06.io.spdk:cnode1) NSID 1 from core  1:    4614.20      18.02     216.67      14.81    2559.04
 1: RDMA (addr:172.24.0.2 subnqn:nqn.2016-06.io.spdk:cnode1) NSID 1 from core  2:    4618.30      18.04     216.51      17.48    2928.08
 1: RDMA (addr:172.24.0.2 subnqn:nqn.2016-06.io.spdk:cnode1) NSID 1 from core  3:    4604.20      17.99     217.16      13.90    3025.20
 1: RDMA (addr:172.24.0.2 subnqn:nqn.2016-06.io.spdk:cnode1) NSID 1 from core  4:    4601.20      17.97     217.28      18.93    3968.36
 1: RDMA (addr:172.24.0.2 subnqn:nqn.2016-06.io.spdk:cnode1) NSID 1 from core  5:    4607.90      18.00     216.96      14.35    2546.84
 1: RDMA (addr:172.24.0.2 subnqn:nqn.2016-06.io.spdk:cnode1) NSID 1 from core  6:    4598.80      17.96     217.43      20.52    3446.28
 1: RDMA (addr:172.24.0.2 subnqn:nqn.2016-06.io.spdk:cnode1) NSID 1 from core  7:    4600.40      17.97     217.32      16.88    3105.76
 1: RDMA (addr:172.24.0.2 subnqn:nqn.2016-06.io.spdk:cnode1) NSID 1 from core  8:    4603.70      17.98     217.19      19.29    3487.08
 1: RDMA (addr:172.24.0.2 subnqn:nqn.2016-06.io.spdk:cnode1) NSID 1 from core  9:    4594.80      17.95     217.59      20.03    3105.20
 1: RDMA (addr:172.24.0.2 subnqn:nqn.2016-06.io.spdk:cnode1) NSID 1 from core 10:    4594.90      17.95     217.61      18.89    3190.97
 1: RDMA (addr:172.24.0.2 subnqn:nqn.2016-06.io.spdk:cnode1) NSID 1 from core 11:    4598.40      17.96     217.40      16.89    3405.28
 1: RDMA (addr:172.24.0.2 subnqn:nqn.2016-06.io.spdk:cnode1) NSID 1 from core 12:    4594.40      17.95     217.63      22.76    3482.38
 1: RDMA (addr:172.24.0.2 subnqn:nqn.2016-06.io.spdk:cnode1) NSID 1 from core 13:    4598.20      17.96     217.44      15.09    3446.54
 1: RDMA (addr:172.24.0.2 subnqn:nqn.2016-06.io.spdk:cnode1) NSID 1 from core 14:    4601.70      17.98     217.28      17.82    2650.82
 1: RDMA (addr:172.24.0.2 subnqn:nqn.2016-06.io.spdk:cnode1) NSID 1 from core 15:    4602.90      17.98     217.21      13.45    3170.28
 1: ========================================================
 1: Total                                                                       :   73643.60     287.67     217.22      13.45    3968.36
 1: 
14: Initializing NVMe Controllers
14: Attached to NVMe over Fabrics controller at 172.24.0.2:4420: nqn.2016-06.io.spdk:cnode1
14: Controller attach time is 23715.982 us (56918358 ticks)
14: Associating RDMA (addr:172.24.0.2 subnqn:nqn.2016-06.io.spdk:cnode1) NSID 1 with lcore 0
14: Associating RDMA (addr:172.24.0.2 subnqn:nqn.2016-06.io.spdk:cnode1) NSID 1 with lcore 1
14: Associating RDMA (addr:172.24.0.2 subnqn:nqn.2016-06.io.spdk:cnode1) NSID 1 with lcore 2
14: Associating RDMA (addr:172.24.0.2 subnqn:nqn.2016-06.io.spdk:cnode1) NSID 1 with lcore 3
14: Associating RDMA (addr:172.24.0.2 subnqn:nqn.2016-06.io.spdk:cnode1) NSID 1 with lcore 4
14: Associating RDMA (addr:172.24.0.2 subnqn:nqn.2016-06.io.spdk:cnode1) NSID 1 with lcore 5
14: Associating RDMA (addr:172.24.0.2 subnqn:nqn.2016-06.io.spdk:cnode1) NSID 1 with lcore 6
14: Associating RDMA (addr:172.24.0.2 subnqn:nqn.2016-06.io.spdk:cnode1) NSID 1 with lcore 7
14: Associating RDMA (addr:172.24.0.2 subnqn:nqn.2016-06.io.spdk:cnode1) NSID 1 with lcore 8
14: Associating RDMA (addr:172.24.0.2 subnqn:nqn.2016-06.io.spdk:cnode1) NSID 1 with lcore 9
14: Associating RDMA (addr:172.24.0.2 subnqn:nqn.2016-06.io.spdk:cnode1) NSID 1 with lcore 10
14: Associating RDMA (addr:172.24.0.2 subnqn:nqn.2016-06.io.spdk:cnode1) NSID 1 with lcore 11
14: Associating RDMA (addr:172.24.0.2 subnqn:nqn.2016-06.io.spdk:cnode1) NSID 1 with lcore 12
14: Associating RDMA (addr:172.24.0.2 subnqn:nqn.2016-06.io.spdk:cnode1) NSID 1 with lcore 13
14: Associating RDMA (addr:172.24.0.2 subnqn:nqn.2016-06.io.spdk:cnode1) NSID 1 with lcore 14
14: Associating RDMA (addr:172.24.0.2 subnqn:nqn.2016-06.io.spdk:cnode1) NSID 1 with lcore 15
14: Initialization complete. Launching workers.
14: IO qp on core 1 total time 24522.690 us (58854456 ticks), connect time 15842.909 us (38022981 ticks)
14: IO qp on core 2 total time 33720.783 us (80929878 ticks), connect time 24565.790 us (58957896 ticks)
14: IO qp on core 3 total time 43670.697 us (104809672 ticks), connect time 34184.169 us (82042005 ticks)
14: IO qp on core 4 total time 53948.810 us (129477144 ticks), connect time 43472.400 us (104333760 ticks)
14: IO qp on core 5 total time 63953.426 us (153488223 ticks), connect time 53028.375 us (127268100 ticks)
14: IO qp on core 0 total time 73537.492 us (176489980 ticks), connect time 62787.317 us (150689560 ticks)
14: IO qp on core 6 total time 83516.555 us (200439731 ticks), connect time 72225.268 us (173340644 ticks)
14: IO qp on core 7 total time 92712.615 us (222510277 ticks), connect time 81835.692 us (196405660 ticks)
14: IO qp on core 9 total time 102522.530 us (246054073 ticks), connect time 91605.590 us (219853417 ticks)
14: IO qp on core 10 total time 112588.544 us (270212505 ticks), connect time 100858.098 us (242059434 ticks)
14: IO qp on core 12 total time 122558.730 us (294140952 ticks), connect time 110828.739 us (265988973 ticks)
14: IO qp on core 11 total time 132837.337 us (318809609 ticks), connect time 119960.056 us (287904134 ticks)
14: IO qp on core 8 total time 142405.483 us (341773158 ticks), connect time 129182.116 us (310037079 ticks)
14: IO qp on core 14 total time 152533.724 us (366080937 ticks), connect time 124440.251 us (298656603 ticks)
14: IO qp on core 13 total time 162898.716 us (390956918 ticks), connect time 134208.020 us (322099247 ticks)
14: IO qp on core 15 total time 172907.610 us (414978263 ticks), connect time 144232.487 us (346157969 ticks)
14: ========================================================
14:                                                                                                                 Latency(us)
14: Device Information                                                          :       IOPS      MiB/s    Average        min        max
14: RDMA (addr:172.24.0.2 subnqn:nqn.2016-06.io.spdk:cnode1) NSID 1 from core  0:    4649.50      18.16     215.04      15.96    3478.68
14: RDMA (addr:172.24.0.2 subnqn:nqn.2016-06.io.spdk:cnode1) NSID 1 from core  1:    4684.00      18.30     213.46       9.86    3013.11
14: RDMA (addr:172.24.0.2 subnqn:nqn.2016-06.io.spdk:cnode1) NSID 1 from core  2:    4669.20      18.24     214.14      10.13    2696.59
14: RDMA (addr:172.24.0.2 subnqn:nqn.2016-06.io.spdk:cnode1) NSID 1 from core  3:    4683.20      18.29     213.48       8.51    3023.34
14: RDMA (addr:172.24.0.2 subnqn:nqn.2016-06.io.spdk:cnode1) NSID 1 from core  4:    4669.80      18.24     214.06      10.48    2893.15
14: RDMA (addr:172.24.0.2 subnqn:nqn.2016-06.io.spdk:cnode1) NSID 1 from core  5:    4689.00      18.32     213.22      10.76    3591.25
14: RDMA (addr:172.24.0.2 subnqn:nqn.2016-06.io.spdk:cnode1) NSID 1 from core  6:    4670.80      18.25     214.07      11.03    2994.90
14: RDMA (addr:172.24.0.2 subnqn:nqn.2016-06.io.spdk:cnode1) NSID 1 from core  7:    4684.40      18.30     213.42      12.39    3490.42
14: RDMA (addr:172.24.0.2 subnqn:nqn.2016-06.io.spdk:cnode1) NSID 1 from core  8:    4659.30      18.20     214.60      10.68    2702.06
14: RDMA (addr:172.24.0.2 subnqn:nqn.2016-06.io.spdk:cnode1) NSID 1 from core  9:    4666.20      18.23     214.27      11.15    3406.87
14: RDMA (addr:172.24.0.2 subnqn:nqn.2016-06.io.spdk:cnode1) NSID 1 from core 10:    4681.90      18.29     213.57       9.56    3097.91
14: RDMA (addr:172.24.0.2 subnqn:nqn.2016-06.io.spdk:cnode1) NSID 1 from core 11:    4667.20      18.23     214.20       9.71    3356.77
14: RDMA (addr:172.24.0.2 subnqn:nqn.2016-06.io.spdk:cnode1) NSID 1 from core 12:    4666.40      18.23     214.27      10.58    2974.95
14: RDMA (addr:172.24.0.2 subnqn:nqn.2016-06.io.spdk:cnode1) NSID 1 from core 13:    4669.70      18.24     214.11      10.25    2762.51
14: RDMA (addr:172.24.0.2 subnqn:nqn.2016-06.io.spdk:cnode1) NSID 1 from core 14:    4678.70      18.28     213.71       8.27    3110.86
14: RDMA (addr:172.24.0.2 subnqn:nqn.2016-06.io.spdk:cnode1) NSID 1 from core 15:    4669.20      18.24     214.14       9.67    3435.22
14: ========================================================
14: Total                                                                       :   74758.50     292.03     213.98       8.27    3591.25
14: 
 7: Initializing NVMe Controllers
 7: Attached to NVMe over Fabrics controller at 172.24.0.2:4420: nqn.2016-06.io.spdk:cnode1
 7: Controller attach time is 25741.582 us (61779796 ticks)
 7: Associating RDMA (addr:172.24.0.2 subnqn:nqn.2016-06.io.spdk:cnode1) NSID 1 with lcore 0
 7: Associating RDMA (addr:172.24.0.2 subnqn:nqn.2016-06.io.spdk:cnode1) NSID 1 with lcore 1
 7: Associating RDMA (addr:172.24.0.2 subnqn:nqn.2016-06.io.spdk:cnode1) NSID 1 with lcore 2
 7: Associating RDMA (addr:172.24.0.2 subnqn:nqn.2016-06.io.spdk:cnode1) NSID 1 with lcore 3
 7: Associating RDMA (addr:172.24.0.2 subnqn:nqn.2016-06.io.spdk:cnode1) NSID 1 with lcore 4
 7: Associating RDMA (addr:172.24.0.2 subnqn:nqn.2016-06.io.spdk:cnode1) NSID 1 with lcore 5
 7: Associating RDMA (addr:172.24.0.2 subnqn:nqn.2016-06.io.spdk:cnode1) NSID 1 with lcore 6
 7: Associating RDMA (addr:172.24.0.2 subnqn:nqn.2016-06.io.spdk:cnode1) NSID 1 with lcore 7
 7: Associating RDMA (addr:172.24.0.2 subnqn:nqn.2016-06.io.spdk:cnode1) NSID 1 with lcore 8
 7: Associating RDMA (addr:172.24.0.2 subnqn:nqn.2016-06.io.spdk:cnode1) NSID 1 with lcore 9
 7: Associating RDMA (addr:172.24.0.2 subnqn:nqn.2016-06.io.spdk:cnode1) NSID 1 with lcore 10
 7: Associating RDMA (addr:172.24.0.2 subnqn:nqn.2016-06.io.spdk:cnode1) NSID 1 with lcore 11
 7: Associating RDMA (addr:172.24.0.2 subnqn:nqn.2016-06.io.spdk:cnode1) NSID 1 with lcore 12
 7: Associating RDMA (addr:172.24.0.2 subnqn:nqn.2016-06.io.spdk:cnode1) NSID 1 with lcore 13
 7: Associating RDMA (addr:172.24.0.2 subnqn:nqn.2016-06.io.spdk:cnode1) NSID 1 with lcore 14
 7: Associating RDMA (addr:172.24.0.2 subnqn:nqn.2016-06.io.spdk:cnode1) NSID 1 with lcore 15
 7: Initialization complete. Launching workers.
 7: IO qp on core 3 total time 22210.774 us (53305857 ticks), connect time 13373.917 us (32097402 ticks)
 7: IO qp on core 1 total time 31832.697 us (76398472 ticks), connect time 21875.300 us (52500720 ticks)
 7: IO qp on core 2 total time 41637.971 us (99931130 ticks), connect time 31754.493 us (76210784 ticks)
 7: IO qp on core 5 total time 50715.561 us (121717347 ticks), connect time 41407.415 us (99377796 ticks)
 7: IO qp on core 0 total time 60870.173 us (146088414 ticks), connect time 51014.416 us (122434599 ticks)
 7: IO qp on core 6 total time 70735.980 us (169766352 ticks), connect time 60529.027 us (145269666 ticks)
 7: IO qp on core 4 total time 80665.336 us (193596807 ticks), connect time 70297.035 us (168712884 ticks)
 7: IO qp on core 9 total time 90923.470 us (218216328 ticks), connect time 80057.784 us (192138681 ticks)
 7: IO qp on core 8 total time 100412.341 us (240989619 ticks), connect time 89415.617 us (214597482 ticks)
 7: IO qp on core 13 total time 111807.471 us (268337931 ticks), connect time 100622.464 us (241493913 ticks)
 7: IO qp on core 14 total time 121181.701 us (290836083 ticks), connect time 109995.425 us (263989020 ticks)
 7: IO qp on core 10 total time 130700.614 us (313681473 ticks), connect time 119077.997 us (285787194 ticks)
 7: IO qp on core 11 total time 140696.234 us (337670961 ticks), connect time 128933.410 us (309440184 ticks)
 7: IO qp on core 15 total time 150898.965 us (362157516 ticks), connect time 138507.777 us (332418666 ticks)
 7: IO qp on core 12 total time 160326.621 us (384783891 ticks), connect time 147777.121 us (354665091 ticks)
 7: IO qp on core 7 total time 170913.585 us (410192604 ticks), connect time 145421.043 us (349010502 ticks)
 7: ========================================================
 7:                                                                                                                 Latency(us)
 7: Device Information                                                          :       IOPS      MiB/s    Average        min        max
 7: RDMA (addr:172.24.0.2 subnqn:nqn.2016-06.io.spdk:cnode1) NSID 1 from core  0:    4895.40      19.12     204.24       8.28    3061.30
 7: RDMA (addr:172.24.0.2 subnqn:nqn.2016-06.io.spdk:cnode1) NSID 1 from core  1:    4968.70      19.41     201.21       7.13    2637.46
 7: RDMA (addr:172.24.0.2 subnqn:nqn.2016-06.io.spdk:cnode1) NSID 1 from core  2:    4926.10      19.24     202.97       7.38    3349.36
 7: RDMA (addr:172.24.0.2 subnqn:nqn.2016-06.io.spdk:cnode1) NSID 1 from core  3:    4897.80      19.13     204.14       7.99    3968.33
 7: RDMA (addr:172.24.0.2 subnqn:nqn.2016-06.io.spdk:cnode1) NSID 1 from core  4:    4951.40      19.34     201.93       7.88    2652.49
 7: RDMA (addr:172.24.0.2 subnqn:nqn.2016-06.io.spdk:cnode1) NSID 1 from core  5:    4899.00      19.14     204.06       7.91    3971.70
 7: RDMA (addr:172.24.0.2 subnqn:nqn.2016-06.io.spdk:cnode1) NSID 1 from core  6:    4946.70      19.32     202.13       7.22    3407.43
 7: RDMA (addr:172.24.0.2 subnqn:nqn.2016-06.io.spdk:cnode1) NSID 1 from core  7:    4945.80      19.32     202.13       6.62    4058.45
 7: RDMA (addr:172.24.0.2 subnqn:nqn.2016-06.io.spdk:cnode1) NSID 1 from core  8:    4892.80      19.11     204.35       7.14    3590.43
 7: RDMA (addr:172.24.0.2 subnqn:nqn.2016-06.io.spdk:cnode1) NSID 1 from core  9:    4945.90      19.32     202.14       6.77    3110.31
 7: RDMA (addr:172.24.0.2 subnqn:nqn.2016-06.io.spdk:cnode1) NSID 1 from core 10:    4910.90      19.18     203.61       7.19    3110.32
 7: RDMA (addr:172.24.0.2 subnqn:nqn.2016-06.io.spdk:cnode1) NSID 1 from core 11:    4923.80      19.23     203.05       7.33    2958.69
 7: RDMA (addr:172.24.0.2 subnqn:nqn.2016-06.io.spdk:cnode1) NSID 1 from core 12:    4946.00      19.32     202.16       6.58    3685.48
 7: RDMA (addr:172.24.0.2 subnqn:nqn.2016-06.io.spdk:cnode1) NSID 1 from core 13:    4933.80      19.27     202.63       6.43    3208.37
 7: RDMA (addr:172.24.0.2 subnqn:nqn.2016-06.io.spdk:cnode1) NSID 1 from core 14:    4914.00      19.20     203.47       7.00    3177.86
 7: RDMA (addr:172.24.0.2 subnqn:nqn.2016-06.io.spdk:cnode1) NSID 1 from core 15:    4933.70      19.27     202.65       7.38    3445.21
 7: ========================================================
 7: Total                                                                       :   78831.80     307.94     202.93       6.43    4058.45
 7: 
10: Initializing NVMe Controllers
10: Attached to NVMe over Fabrics controller at 172.24.0.2:4420: nqn.2016-06.io.spdk:cnode1
10: Controller attach time is 26642.833 us (63942798 ticks)
10: Associating RDMA (addr:172.24.0.2 subnqn:nqn.2016-06.io.spdk:cnode1) NSID 1 with lcore 0
10: Associating RDMA (addr:172.24.0.2 subnqn:nqn.2016-06.io.spdk:cnode1) NSID 1 with lcore 1
10: Associating RDMA (addr:172.24.0.2 subnqn:nqn.2016-06.io.spdk:cnode1) NSID 1 with lcore 2
10: Associating RDMA (addr:172.24.0.2 subnqn:nqn.2016-06.io.spdk:cnode1) NSID 1 with lcore 3
10: Associating RDMA (addr:172.24.0.2 subnqn:nqn.2016-06.io.spdk:cnode1) NSID 1 with lcore 4
10: Associating RDMA (addr:172.24.0.2 subnqn:nqn.2016-06.io.spdk:cnode1) NSID 1 with lcore 5
10: Associating RDMA (addr:172.24.0.2 subnqn:nqn.2016-06.io.spdk:cnode1) NSID 1 with lcore 6
10: Associating RDMA (addr:172.24.0.2 subnqn:nqn.2016-06.io.spdk:cnode1) NSID 1 with lcore 7
10: Associating RDMA (addr:172.24.0.2 subnqn:nqn.2016-06.io.spdk:cnode1) NSID 1 with lcore 8
10: Associating RDMA (addr:172.24.0.2 subnqn:nqn.2016-06.io.spdk:cnode1) NSID 1 with lcore 9
10: Associating RDMA (addr:172.24.0.2 subnqn:nqn.2016-06.io.spdk:cnode1) NSID 1 with lcore 10
10: Associating RDMA (addr:172.24.0.2 subnqn:nqn.2016-06.io.spdk:cnode1) NSID 1 with lcore 11
10: Associating RDMA (addr:172.24.0.2 subnqn:nqn.2016-06.io.spdk:cnode1) NSID 1 with lcore 12
10: Associating RDMA (addr:172.24.0.2 subnqn:nqn.2016-06.io.spdk:cnode1) NSID 1 with lcore 13
10: Associating RDMA (addr:172.24.0.2 subnqn:nqn.2016-06.io.spdk:cnode1) NSID 1 with lcore 14
10: Associating RDMA (addr:172.24.0.2 subnqn:nqn.2016-06.io.spdk:cnode1) NSID 1 with lcore 15
10: Initialization complete. Launching workers.
10: IO qp on core 2 total time 20742.302 us (49781524 ticks), connect time 11025.198 us (26460476 ticks)
10: IO qp on core 3 total time 30467.691 us (73122459 ticks), connect time 20833.290 us (49999896 ticks)
10: IO qp on core 1 total time 40193.613 us (96464672 ticks), connect time 30222.751 us (72534603 ticks)
10: IO qp on core 4 total time 50253.876 us (120609303 ticks), connect time 40034.900 us (96083760 ticks)
10: IO qp on core 0 total time 60333.041 us (144799299 ticks), connect time 50541.206 us (121298895 ticks)
10: IO qp on core 5 total time 69544.205 us (166906092 ticks), connect time 59803.747 us (143528994 ticks)
10: IO qp on core 6 total time 79410.920 us (190586208 ticks), connect time 69578.486 us (166988367 ticks)
10: IO qp on core 15 total time 89031.584 us (213675801 ticks), connect time 79114.280 us (189874272 ticks)
10: IO qp on core 7 total time 99331.581 us (238395795 ticks), connect time 88171.508 us (211611618 ticks)
10: IO qp on core 12 total time 109485.245 us (262764587 ticks), connect time 98425.008 us (236220020 ticks)
10: IO qp on core 8 total time 119346.234 us (286430961 ticks), connect time 108083.309 us (259399941 ticks)
10: IO qp on core 11 total time 129640.878 us (311138106 ticks), connect time 118375.742 us (284101782 ticks)
10: IO qp on core 10 total time 139081.367 us (333795280 ticks), connect time 127389.779 us (305735470 ticks)
10: IO qp on core 13 total time 149388.703 us (358532886 ticks), connect time 137571.775 us (330172260 ticks)
10: IO qp on core 9 total time 159874.355 us (383698452 ticks), connect time 147379.742 us (353711382 ticks)
10: IO qp on core 14 total time 169316.450 us (406359481 ticks), connect time 156842.680 us (376422432 ticks)
10: ========================================================
10:                                                                                                                 Latency(us)
10: Device Information                                                          :       IOPS      MiB/s    Average        min        max
10: RDMA (addr:172.24.0.2 subnqn:nqn.2016-06.io.spdk:cnode1) NSID 1 from core  0:    5767.90      22.53     173.31       7.27    3697.96
10: RDMA (addr:172.24.0.2 subnqn:nqn.2016-06.io.spdk:cnode1) NSID 1 from core  1:    5855.60      22.87     170.74       6.41    3056.05
10: RDMA (addr:172.24.0.2 subnqn:nqn.2016-06.io.spdk:cnode1) NSID 1 from core  2:    5788.10      22.61     172.74       6.67    3970.06
10: RDMA (addr:172.24.0.2 subnqn:nqn.2016-06.io.spdk:cnode1) NSID 1 from core  3:    5834.80      22.79     171.34       6.36    3489.52
10: RDMA (addr:172.24.0.2 subnqn:nqn.2016-06.io.spdk:cnode1) NSID 1 from core  4:    5862.20      22.90     170.52       6.45    3433.43
10: RDMA (addr:172.24.0.2 subnqn:nqn.2016-06.io.spdk:cnode1) NSID 1 from core  5:    5833.20      22.79     171.39       6.51    3026.61
10: RDMA (addr:172.24.0.2 subnqn:nqn.2016-06.io.spdk:cnode1) NSID 1 from core  6:    5824.50      22.75     171.67       7.03    2661.01
10: RDMA (addr:172.24.0.2 subnqn:nqn.2016-06.io.spdk:cnode1) NSID 1 from core  7:    5808.40      22.69     172.11       6.74    3109.36
10: RDMA (addr:172.24.0.2 subnqn:nqn.2016-06.io.spdk:cnode1) NSID 1 from core  8:    5799.50      22.65     172.39       6.62    3356.38
10: RDMA (addr:172.24.0.2 subnqn:nqn.2016-06.io.spdk:cnode1) NSID 1 from core  9:    5828.30      22.77     171.53       5.86    2963.05
10: RDMA (addr:172.24.0.2 subnqn:nqn.2016-06.io.spdk:cnode1) NSID 1 from core 10:    5810.80      22.70     172.07       6.84    3218.47
10: RDMA (addr:172.24.0.2 subnqn:nqn.2016-06.io.spdk:cnode1) NSID 1 from core 11:    5832.20      22.78     171.41       5.94    3207.71
10: RDMA (addr:172.24.0.2 subnqn:nqn.2016-06.io.spdk:cnode1) NSID 1 from core 12:    5809.30      22.69     172.11       7.00    3586.89
10: RDMA (addr:172.24.0.2 subnqn:nqn.2016-06.io.spdk:cnode1) NSID 1 from core 13:    5828.90      22.77     171.52       6.21    3111.36
10: RDMA (addr:172.24.0.2 subnqn:nqn.2016-06.io.spdk:cnode1) NSID 1 from core 14:    5788.40      22.61     172.73       6.42    3987.31
10: RDMA (addr:172.24.0.2 subnqn:nqn.2016-06.io.spdk:cnode1) NSID 1 from core 15:    5865.40      22.91     170.44       5.88    2975.25
10: ========================================================
10: Total                                                                       :   93137.50     363.82     171.75       5.86    3987.31
10: 
== Servers stopping... 
srun -l -O --nodes 1 --ntasks 1 --nodelist=jazz02 --export=ALL ./stop_tgt.sh
0: == TGT Memory usage ==
0: Huge pages: 2840 MB, HWM: 1142.4
srun: error: jazz02: task 0: Exited with exit code 127
srun: launch/slurm: _step_signal: Terminating StepId=60003.0
jazz02: Error while connecting to /var/tmp/spdk.sock
jazz02: Is SPDK application running?
jazz02: Error details: [Errno -2] Name or service not known
pdsh@jazz02: jazz02: ssh exited with exit code 1
jazz06: Error while connecting to /var/tmp/spdk.sock
jazz06: Is SPDK application running?
jazz06: Error details: [Errno -2] Name or service not known
jazz18: Error while connecting to /var/tmp/spdk.sock
jazz18: Is SPDK application running?
jazz18: Error details: [Errno -2] Name or service not known
pdsh@jazz02: jazz06: ssh exited with exit code 1
jazz03: Error while connecting to /var/tmp/spdk.sock
jazz03: Is SPDK application running?
jazz03: Error details: [Errno -2] Name or service not known
jazz21: Error while connecting to /var/tmp/spdk.sock
jazz21: Is SPDK application running?
jazz21: Error details: [Errno -2] Name or service not known
jazz24: Error while connecting to /var/tmp/spdk.sock
jazz24: Is SPDK application running?
jazz24: Error details: [Errno -2] Name or service not known
pdsh@jazz02: jazz18: ssh exited with exit code 1
pdsh@jazz02: jazz03: ssh exited with exit code 1
jazz17: Error while connecting to /var/tmp/spdk.sock
jazz17: Is SPDK application running?
jazz17: Error details: [Errno -2] Name or service not known
pdsh@jazz02: jazz21: ssh exited with exit code 1
pdsh@jazz02: jazz24: ssh exited with exit code 1
jazz23: Error while connecting to /var/tmp/spdk.sock
jazz23: Is SPDK application running?
jazz23: Error details: [Errno -2] Name or service not known
pdsh@jazz02: jazz17: ssh exited with exit code 1
pdsh@jazz02: jazz23: ssh exited with exit code 1
jazz27: Error while connecting to /var/tmp/spdk.sock
jazz27: Is SPDK application running?
jazz27: Error details: [Errno -2] Name or service not known
jazz20: Error while connecting to /var/tmp/spdk.sock
jazz20: Is SPDK application running?
jazz28: Error while connecting to /var/tmp/spdk.sock
jazz20: Error details: [Errno -2] Name or service not known
jazz28: Is SPDK application running?
jazz28: Error details: [Errno -2] Name or service not known
jazz30: Error while connecting to /var/tmp/spdk.sock
jazz30: Is SPDK application running?
jazz30: Error details: [Errno -2] Name or service not known
pdsh@jazz02: jazz27: ssh exited with exit code 1
pdsh@jazz02: jazz20: ssh exited with exit code 1
pdsh@jazz02: jazz28: ssh exited with exit code 1
jazz26: Error while connecting to /var/tmp/spdk.sock
jazz26: Is SPDK application running?
jazz26: Error details: [Errno -2] Name or service not known
pdsh@jazz02: jazz30: ssh exited with exit code 1
pdsh@jazz02: jazz26: ssh exited with exit code 1
jazz04: Error while connecting to /var/tmp/spdk.sock
jazz04: Is SPDK application running?
jazz04: Error details: [Errno -2] Name or service not known
pdsh@jazz02: jazz04: ssh exited with exit code 1
jazz25: Error while connecting to /var/tmp/spdk.sock
jazz25: Is SPDK application running?
jazz25: Error details: [Errno -2] Name or service not known
pdsh@jazz02: jazz25: ssh exited with exit code 1
jazz05: Error while connecting to /var/tmp/spdk.sock
jazz05: Is SPDK application running?
jazz05: Error details: [Errno -2] Name or service not known
jazz13: Error while connecting to /var/tmp/spdk.sock
jazz13: Is SPDK application running?
jazz13: Error details: [Errno -2] Name or service not known
jazz07: Error while connecting to /var/tmp/spdk.sock
jazz07: Is SPDK application running?
jazz07: Error details: [Errno -2] Name or service not known
pdsh@jazz02: jazz05: ssh exited with exit code 1
pdsh@jazz02: jazz13: ssh exited with exit code 1
pdsh@jazz02: jazz07: ssh exited with exit code 1
jazz22: Error while connecting to /var/tmp/spdk.sock
jazz22: Is SPDK application running?
jazz22: Error details: [Errno -2] Name or service not known
pdsh@jazz02: jazz22: ssh exited with exit code 1
jazz19: Error while connecting to /var/tmp/spdk.sock
jazz19: Is SPDK application running?
jazz19: Error details: [Errno -2] Name or service not known
jazz16: Error while connecting to /var/tmp/spdk.sock
jazz16: Is SPDK application running?
jazz16: Error details: [Errno 111] Connection refused
pdsh@jazz02: jazz19: ssh exited with exit code 1
pdsh@jazz02: jazz16: ssh exited with exit code 1
