== Starting run at Mon Aug 16 12:45:30 IDT 2021
== Job ID: 60007
== Totally nodes: 
== Node list: jazz[02-07,13,16-28,30]
== Submit dir. : /hpc/local/work/denisn/dc/spdk/dc_testing
== Servers number: 1
== SPDK_DIR: /labhome/denisn/dc/spdk_release
== RDMA_CORE_DIR: /labhome/denisn/dc/rdma-core/build/lib
== TGT_MASK: 0x3FFFFF
== PERF_MASK: 0xFFFF
== Server nodelist: jazz02
== Client nodelist: jazz03,jazz04,jazz05,jazz06,jazz07,jazz13,jazz16,jazz17,jazz18,jazz19,jazz20,jazz21,jazz22,jazz23,jazz24,jazz25,jazz26,jazz27,jazz28,jazz30
== Servers running...
srun -l -O --nodes 1 --ntasks 1 --nodelist=jazz02 --export=ALL ./server_run.sh &
== Clients running... 
srun -l --nodes 20 --ntasks 20 --nodelist=jazz03,jazz04,jazz05,jazz06,jazz07,jazz13,jazz16,jazz17,jazz18,jazz19,jazz20,jazz21,jazz22,jazz23,jazz24,jazz25,jazz26,jazz27,jazz28,jazz30 --export=ALL ./nvmeperf_run.sh
0: Server's Servers number: 1
 4: Initiator's Servers number: 1
 7: Initiator's Servers number: 1
 1: Initiator's Servers number: 1
 8: Initiator's Servers number: 1
 2: Initiator's Servers number: 1
 4: Initiator's SPDK_DIR: /labhome/denisn/dc/spdk_release
 5: Initiator's Servers number: 1
 7: Initiator's SPDK_DIR: /labhome/denisn/dc/spdk_release
 1: Initiator's SPDK_DIR: /labhome/denisn/dc/spdk_release
10: Initiator's Servers number: 1
13: Initiator's Servers number: 1
 6: Initiator's Servers number: 1
 0: Initiator's Servers number: 1
 8: Initiator's SPDK_DIR: /labhome/denisn/dc/spdk_release
11: Initiator's Servers number: 1
 4: Initiator's RDMA_CORE_DIR: /labhome/denisn/dc/rdma-core/build/lib
 2: Initiator's SPDK_DIR: /labhome/denisn/dc/spdk_release
 7: Initiator's RDMA_CORE_DIR: /labhome/denisn/dc/rdma-core/build/lib
 9: Initiator's Servers number: 1
16: Initiator's Servers number: 1
14: Initiator's Servers number: 1
 5: Initiator's SPDK_DIR: /labhome/denisn/dc/spdk_release
18: Initiator's Servers number: 1
 8: Initiator's RDMA_CORE_DIR: /labhome/denisn/dc/rdma-core/build/lib
17: Initiator's Servers number: 1
 1: Initiator's RDMA_CORE_DIR: /labhome/denisn/dc/rdma-core/build/lib
 4: Initiator's TGT_MASK: 0x3FFFFF
10: Initiator's SPDK_DIR: /labhome/denisn/dc/spdk_release
 6: Initiator's SPDK_DIR: /labhome/denisn/dc/spdk_release
13: Initiator's SPDK_DIR: /labhome/denisn/dc/spdk_release
11: Initiator's SPDK_DIR: /labhome/denisn/dc/spdk_release
 0: Initiator's SPDK_DIR: /labhome/denisn/dc/spdk_release
12: Initiator's Servers number: 1
19: Initiator's Servers number: 1
 2: Initiator's RDMA_CORE_DIR: /labhome/denisn/dc/rdma-core/build/lib
 9: Initiator's SPDK_DIR: /labhome/denisn/dc/spdk_release
 7: Initiator's TGT_MASK: 0x3FFFFF
 8: Initiator's TGT_MASK: 0x3FFFFF
 4: Initiator's PERF_MASK: 0xFFFF
16: Initiator's SPDK_DIR: /labhome/denisn/dc/spdk_release
 5: Initiator's RDMA_CORE_DIR: /labhome/denisn/dc/rdma-core/build/lib
14: Initiator's SPDK_DIR: /labhome/denisn/dc/spdk_release
17: Initiator's SPDK_DIR: /labhome/denisn/dc/spdk_release
 1: Initiator's TGT_MASK: 0x3FFFFF
 6: Initiator's RDMA_CORE_DIR: /labhome/denisn/dc/rdma-core/build/lib
11: Initiator's RDMA_CORE_DIR: /labhome/denisn/dc/rdma-core/build/lib
18: Initiator's SPDK_DIR: /labhome/denisn/dc/spdk_release
13: Initiator's RDMA_CORE_DIR: /labhome/denisn/dc/rdma-core/build/lib
10: Initiator's RDMA_CORE_DIR: /labhome/denisn/dc/rdma-core/build/lib
 0: Initiator's RDMA_CORE_DIR: /labhome/denisn/dc/rdma-core/build/lib
 9: Initiator's RDMA_CORE_DIR: /labhome/denisn/dc/rdma-core/build/lib
12: Initiator's SPDK_DIR: /labhome/denisn/dc/spdk_release
 8: Initiator's PERF_MASK: 0xFFFF
19: Initiator's SPDK_DIR: /labhome/denisn/dc/spdk_release
 2: Initiator's TGT_MASK: 0x3FFFFF
 7: Initiator's PERF_MASK: 0xFFFF
 1: Initiator's PERF_MASK: 0xFFFF
 5: Initiator's TGT_MASK: 0x3FFFFF
14: Initiator's RDMA_CORE_DIR: /labhome/denisn/dc/rdma-core/build/lib
 6: Initiator's TGT_MASK: 0x3FFFFF
16: Initiator's RDMA_CORE_DIR: /labhome/denisn/dc/rdma-core/build/lib
17: Initiator's RDMA_CORE_DIR: /labhome/denisn/dc/rdma-core/build/lib
18: Initiator's RDMA_CORE_DIR: /labhome/denisn/dc/rdma-core/build/lib
13: Initiator's TGT_MASK: 0x3FFFFF
11: Initiator's TGT_MASK: 0x3FFFFF
10: Initiator's TGT_MASK: 0x3FFFFF
 2: Initiator's PERF_MASK: 0xFFFF
 9: Initiator's TGT_MASK: 0x3FFFFF
 0: Initiator's TGT_MASK: 0x3FFFFF
19: Initiator's RDMA_CORE_DIR: /labhome/denisn/dc/rdma-core/build/lib
12: Initiator's RDMA_CORE_DIR: /labhome/denisn/dc/rdma-core/build/lib
14: Initiator's TGT_MASK: 0x3FFFFF
16: Initiator's TGT_MASK: 0x3FFFFF
 5: Initiator's PERF_MASK: 0xFFFF
 6: Initiator's PERF_MASK: 0xFFFF
13: Initiator's PERF_MASK: 0xFFFF
17: Initiator's TGT_MASK: 0x3FFFFF
18: Initiator's TGT_MASK: 0x3FFFFF
10: Initiator's PERF_MASK: 0xFFFF
11: Initiator's PERF_MASK: 0xFFFF
12: Initiator's TGT_MASK: 0x3FFFFF
 9: Initiator's PERF_MASK: 0xFFFF
 0: Initiator's PERF_MASK: 0xFFFF
19: Initiator's TGT_MASK: 0x3FFFFF
17: Initiator's PERF_MASK: 0xFFFF
14: Initiator's PERF_MASK: 0xFFFF
18: Initiator's PERF_MASK: 0xFFFF
16: Initiator's PERF_MASK: 0xFFFF
12: Initiator's PERF_MASK: 0xFFFF
19: Initiator's PERF_MASK: 0xFFFF
0: Server's SPDK_DIR: /labhome/denisn/dc/spdk_release
0: Server's RDMA_CORE_DIR: /labhome/denisn/dc/rdma-core/build/lib
0: Server's TGT_MASK: 0x3FFFFF
0: Server's PERF_MASK: 0xFFFF
15: Initiator's Servers number: 1
15: Initiator's SPDK_DIR: /labhome/denisn/dc/spdk_release
15: Initiator's RDMA_CORE_DIR: /labhome/denisn/dc/rdma-core/build/lib
15: Initiator's TGT_MASK: 0x3FFFFF
15: Initiator's PERF_MASK: 0xFFFF
 3: Initiator's Servers number: 1
 3: Initiator's SPDK_DIR: /labhome/denisn/dc/spdk_release
 3: Initiator's RDMA_CORE_DIR: /labhome/denisn/dc/rdma-core/build/lib
 3: Initiator's TGT_MASK: 0x3FFFFF
 3: Initiator's PERF_MASK: 0xFFFF
0: Mounting hugetlbfs at /mnt/huge
 4: Mounting hugetlbfs at /mnt/huge
 7: Mounting hugetlbfs at /mnt/huge
13: Mounting hugetlbfs at /mnt/huge
 0: Mounting hugetlbfs at /mnt/huge
 1: Mounting hugetlbfs at /mnt/huge
 8: Mounting hugetlbfs at /mnt/huge
14: Mounting hugetlbfs at /mnt/huge
17: Mounting hugetlbfs at /mnt/huge
 6: Mounting hugetlbfs at /mnt/huge
16: Mounting hugetlbfs at /mnt/huge
10: Mounting hugetlbfs at /mnt/huge
 2: Mounting hugetlbfs at /mnt/huge
11: Mounting hugetlbfs at /mnt/huge
12: Mounting hugetlbfs at /mnt/huge
18: Mounting hugetlbfs at /mnt/huge
 5: Mounting hugetlbfs at /mnt/huge
19: Mounting hugetlbfs at /mnt/huge
 9: Mounting hugetlbfs at /mnt/huge
15: Mounting hugetlbfs at /mnt/huge
 3: Mounting hugetlbfs at /mnt/huge
 4: Waiting for 1 servers started... now there are 0 servers
 7: Waiting for 1 servers started... now there are 0 servers
13: Waiting for 1 servers started... now there are 0 servers
 1: Waiting for 1 servers started... now there are 0 servers
 0: Waiting for 1 servers started... now there are 0 servers
 8: Waiting for 1 servers started... now there are 0 servers
 6: Waiting for 1 servers started... now there are 0 servers
16: Waiting for 1 servers started... now there are 0 servers
 5: Waiting for 1 servers started... now there are 0 servers
17: Waiting for 1 servers started... now there are 0 servers
14: Waiting for 1 servers started... now there are 0 servers
10: Waiting for 1 servers started... now there are 0 servers
11: Waiting for 1 servers started... now there are 0 servers
 2: Waiting for 1 servers started... now there are 0 servers
19: Waiting for 1 servers started... now there are 0 servers
12: Waiting for 1 servers started... now there are 0 servers
18: Waiting for 1 servers started... now there are 0 servers
15: Waiting for 1 servers started... now there are 0 servers
 9: Waiting for 1 servers started... now there are 0 servers
 3: Waiting for 1 servers started... now there are 0 servers
0: sudo env LD_LIBRARY_PATH=/labhome/denisn/dc/rdma-core/build/lib /labhome/denisn/dc/spdk_release/install/bin/spdk_tgt -m 0x3FFFFF 2>&1 | tee -a /hpc/local/work/denisn/dc/spdk/dc_testing/job.60007/spdk_tgt.0.log &
0: Waiting for 3s after spdk_tgt run ...
 4: Waiting for 1 servers started... now there are 0 servers
 7: Waiting for 1 servers started... now there are 0 servers
13: Waiting for 1 servers started... now there are 0 servers
 1: Waiting for 1 servers started... now there are 0 servers
 0: Waiting for 1 servers started... now there are 0 servers
 8: Waiting for 1 servers started... now there are 0 servers
 6: Waiting for 1 servers started... now there are 0 servers
16: Waiting for 1 servers started... now there are 0 servers
 5: Waiting for 1 servers started... now there are 0 servers
17: Waiting for 1 servers started... now there are 0 servers
11: Waiting for 1 servers started... now there are 0 servers
14: Waiting for 1 servers started... now there are 0 servers
10: Waiting for 1 servers started... now there are 0 servers
 2: Waiting for 1 servers started... now there are 0 servers
19: Waiting for 1 servers started... now there are 0 servers
12: Waiting for 1 servers started... now there are 0 servers
18: Waiting for 1 servers started... now there are 0 servers
15: Waiting for 1 servers started... now there are 0 servers
 9: Waiting for 1 servers started... now there are 0 servers
0: [2021-08-16 12:45:31.707157] Starting SPDK v21.04 git sha1 8016710 / DPDK 21.05.0 initialization...
0: [2021-08-16 12:45:31.707233] [ DPDK EAL parameters: [2021-08-16 12:45:31.707242] spdk_tgt [2021-08-16 12:45:31.707246] --no-shconf [2021-08-16 12:45:31.707252] -c 0x3FFFFF [2021-08-16 12:45:31.707257] --log-level=lib.eal:6 [2021-08-16 12:45:31.707294] --log-level=lib.cryptodev:5 [2021-08-16 12:45:31.707302] --log-level=user1:6 [2021-08-16 12:45:31.707307] --base-virtaddr=0x200000000000 [2021-08-16 12:45:31.707312] --match-allocations [2021-08-16 12:45:31.707317] --file-prefix=spdk_pid108967 [2021-08-16 12:45:31.707321] ]
 3: Waiting for 1 servers started... now there are 0 servers
0: EAL: No available 1048576 kB hugepages reported
0: EAL: No free 2048 kB hugepages reported on node 1
0: TELEMETRY: No legacy callbacks, legacy socket not created
0: [2021-08-16 12:45:31.766351] app.c: 535:spdk_app_start: *NOTICE*: Total cores available: 22
0: [2021-08-16 12:45:31.937694] reactor.c: 929:reactor_run: *NOTICE*: Reactor started on core 1
0: [2021-08-16 12:45:31.937759] reactor.c: 929:reactor_run: *NOTICE*: Reactor started on core 2
0: [2021-08-16 12:45:31.937838] reactor.c: 929:reactor_run: *NOTICE*: Reactor started on core 3
0: [2021-08-16 12:45:31.937890] reactor.c: 929:reactor_run: *NOTICE*: Reactor started on core 4
0: [2021-08-16 12:45:31.937936] reactor.c: 929:reactor_run: *NOTICE*: Reactor started on core 5
0: [2021-08-16 12:45:31.938046] reactor.c: 929:reactor_run: *NOTICE*: Reactor started on core 8
0: [2021-08-16 12:45:31.938101] reactor.c: 929:reactor_run: *NOTICE*: Reactor started on core 9
0: [2021-08-16 12:45:31.937990] reactor.c: 929:reactor_run: *NOTICE*: Reactor started on core 6
0: [2021-08-16 12:45:31.938030] reactor.c: 929:reactor_run: *NOTICE*: Reactor started on core 7
0: [2021-08-16 12:45:31.938118] reactor.c: 929:reactor_run: *NOTICE*: Reactor started on core 10
0: [2021-08-16 12:45:31.938269] reactor.c: 929:reactor_run: *NOTICE*: Reactor started on core 15
0: [2021-08-16 12:45:31.938159] reactor.c: 929:reactor_run: *NOTICE*: Reactor started on core 11
0: [2021-08-16 12:45:31.938172] reactor.c: 929:reactor_run: *NOTICE*: Reactor started on core 12
0: [2021-08-16 12:45:31.938214] reactor.c: 929:reactor_run: *NOTICE*: Reactor started on core 13
0: [2021-08-16 12:45:31.938230] reactor.c: 929:reactor_run: *NOTICE*: Reactor started on core 14
0: [2021-08-16 12:45:31.938283] reactor.c: 929:reactor_run: *NOTICE*: Reactor started on core 16
0: [2021-08-16 12:45:31.938297] reactor.c: 929:reactor_run: *NOTICE*: Reactor started on core 17
0: [2021-08-16 12:45:31.938341] reactor.c: 929:reactor_run: *NOTICE*: Reactor started on core 18
0: [2021-08-16 12:45:31.938534] reactor.c: 929:reactor_run: *NOTICE*: Reactor started on core 19
0: [2021-08-16 12:45:31.938598] reactor.c: 929:reactor_run: *NOTICE*: Reactor started on core 20
0: [2021-08-16 12:45:31.938612] reactor.c: 929:reactor_run: *NOTICE*: Reactor started on core 21
0: [2021-08-16 12:45:31.938615] reactor.c: 929:reactor_run: *NOTICE*: Reactor started on core 0
0: [2021-08-16 12:45:31.939003] accel_engine.c: 852:spdk_accel_engine_initialize: *NOTICE*: Accel engine initialized to use software engine.
 4: Waiting for 1 servers started... now there are 0 servers
 7: Waiting for 1 servers started... now there are 0 servers
 1: Waiting for 1 servers started... now there are 0 servers
13: Waiting for 1 servers started... now there are 0 servers
 0: Waiting for 1 servers started... now there are 0 servers
 8: Waiting for 1 servers started... now there are 0 servers
 6: Waiting for 1 servers started... now there are 0 servers
16: Waiting for 1 servers started... now there are 0 servers
 5: Waiting for 1 servers started... now there are 0 servers
17: Waiting for 1 servers started... now there are 0 servers
11: Waiting for 1 servers started... now there are 0 servers
14: Waiting for 1 servers started... now there are 0 servers
10: Waiting for 1 servers started... now there are 0 servers
19: Waiting for 1 servers started... now there are 0 servers
 2: Waiting for 1 servers started... now there are 0 servers
12: Waiting for 1 servers started... now there are 0 servers
18: Waiting for 1 servers started... now there are 0 servers
15: Waiting for 1 servers started... now there are 0 servers
 9: Waiting for 1 servers started... now there are 0 servers
 3: Waiting for 1 servers started... now there are 0 servers
 4: Waiting for 1 servers started... now there are 0 servers
 7: Waiting for 1 servers started... now there are 0 servers
 1: Waiting for 1 servers started... now there are 0 servers
13: Waiting for 1 servers started... now there are 0 servers
 0: Waiting for 1 servers started... now there are 0 servers
 8: Waiting for 1 servers started... now there are 0 servers
 6: Waiting for 1 servers started... now there are 0 servers
16: Waiting for 1 servers started... now there are 0 servers
 5: Waiting for 1 servers started... now there are 0 servers
17: Waiting for 1 servers started... now there are 0 servers
11: Waiting for 1 servers started... now there are 0 servers
14: Waiting for 1 servers started... now there are 0 servers
10: Waiting for 1 servers started... now there are 0 servers
 2: Waiting for 1 servers started... now there are 0 servers
19: Waiting for 1 servers started... now there are 0 servers
12: Waiting for 1 servers started... now there are 0 servers
18: Waiting for 1 servers started... now there are 0 servers
15: Waiting for 1 servers started... now there are 0 servers
 9: Waiting for 1 servers started... now there are 0 servers
 3: Waiting for 1 servers started... now there are 0 servers
0: spdk_tgt pid: 108967
 4: Waiting for 1 servers started... now there are 0 servers
 7: Waiting for 1 servers started... now there are 0 servers
 1: Waiting for 1 servers started... now there are 0 servers
13: Waiting for 1 servers started... now there are 0 servers
 0: Waiting for 1 servers started... now there are 0 servers
 8: Waiting for 1 servers started... now there are 0 servers
 6: Waiting for 1 servers started... now there are 0 servers
16: Waiting for 1 servers started... now there are 0 servers
 5: Waiting for 1 servers started... now there are 0 servers
17: Waiting for 1 servers started... now there are 0 servers
11: Waiting for 1 servers started... now there are 0 servers
14: Waiting for 1 servers started... now there are 0 servers
10: Waiting for 1 servers started... now there are 0 servers
19: Waiting for 1 servers started... now there are 0 servers
 2: Waiting for 1 servers started... now there are 0 servers
12: Waiting for 1 servers started... now there are 0 servers
18: Waiting for 1 servers started... now there are 0 servers
15: Waiting for 1 servers started... now there are 0 servers
 9: Waiting for 1 servers started... now there are 0 servers
 3: Waiting for 1 servers started... now there are 0 servers
0: Null0
0: !!!! max_wqe_sz_sq:1024
0: !!!! max_wqe_sz_rq:512
0: !!!! max_wqe_sz_sq_dc:256
0: !!!! max_wqe_sz_sq:1024
0: !!!! max_wqe_sz_rq:512
0: !!!! max_wqe_sz_sq_dc:256
0: !!!! max_wqe_sz_sq:1024
0: !!!! max_wqe_sz_rq:512
0: !!!! max_wqe_sz_sq_dc:256
0: !!!! max_wqe_sz_sq:1024
0: !!!! max_wqe_sz_rq:512
0: !!!! max_wqe_sz_sq_dc:256
0: !!!! max_wqe_sz_sq:1024
0: !!!! max_wqe_sz_rq:512
0: !!!! max_wqe_sz_sq_dc:256
0: !!!! max_wqe_sz_sq:1024
0: !!!! max_wqe_sz_rq:512
0: !!!! max_wqe_sz_sq_dc:256
 4: Waiting for 1 servers started... now there are 0 servers
 7: Waiting for 1 servers started... now there are 0 servers
 1: Waiting for 1 servers started... now there are 0 servers
13: Waiting for 1 servers started... now there are 0 servers
 0: Waiting for 1 servers started... now there are 0 servers
 8: Waiting for 1 servers started... now there are 0 servers
 6: Waiting for 1 servers started... now there are 0 servers
16: Waiting for 1 servers started... now there are 0 servers
 5: Waiting for 1 servers started... now there are 0 servers
17: Waiting for 1 servers started... now there are 0 servers
11: Waiting for 1 servers started... now there are 0 servers
14: Waiting for 1 servers started... now there are 0 servers
10: Waiting for 1 servers started... now there are 0 servers
19: Waiting for 1 servers started... now there are 0 servers
 2: Waiting for 1 servers started... now there are 0 servers
12: Waiting for 1 servers started... now there are 0 servers
18: Waiting for 1 servers started... now there are 0 servers
15: Waiting for 1 servers started... now there are 0 servers
 9: Waiting for 1 servers started... now there are 0 servers
 3: Waiting for 1 servers started... now there are 0 servers
 4: Waiting for 1 servers started... now there are 0 servers
 7: Waiting for 1 servers started... now there are 0 servers
 1: Waiting for 1 servers started... now there are 0 servers
13: Waiting for 1 servers started... now there are 0 servers
 0: Waiting for 1 servers started... now there are 0 servers
 8: Waiting for 1 servers started... now there are 0 servers
 6: Waiting for 1 servers started... now there are 0 servers
16: Waiting for 1 servers started... now there are 0 servers
 5: Waiting for 1 servers started... now there are 0 servers
17: Waiting for 1 servers started... now there are 0 servers
11: Waiting for 1 servers started... now there are 0 servers
14: Waiting for 1 servers started... now there are 0 servers
10: Waiting for 1 servers started... now there are 0 servers
19: Waiting for 1 servers started... now there are 0 servers
 2: Waiting for 1 servers started... now there are 0 servers
12: Waiting for 1 servers started... now there are 0 servers
18: Waiting for 1 servers started... now there are 0 servers
15: Waiting for 1 servers started... now there are 0 servers
 9: Waiting for 1 servers started... now there are 0 servers
 3: Waiting for 1 servers started... now there are 0 servers
0: [2021-08-16 12:45:37.003983] rdma.c:2651:nvmf_rdma_listen: *NOTICE*: *** NVMe/RDMA Target Listening on 172.24.0.2 port 4420 ***
 4: Waiting for 1 servers started... now there are 0 servers
 7: Waiting for 1 servers started... now there are 0 servers
 1: Waiting for 1 servers started... now there are 0 servers
13: Waiting for 1 servers started... now there are 0 servers
 0: Waiting for 1 servers started... now there are 0 servers
 8: Waiting for 1 servers started... now there are 0 servers
 6: Waiting for 1 servers started... now there are 0 servers
16: Waiting for 1 servers started... now there are 0 servers
 5: Waiting for 1 servers started... now there are 0 servers
17: Waiting for 1 servers started... now there are 0 servers
11: Waiting for 1 servers started... now there are 0 servers
10: Waiting for 1 servers started... now there are 0 servers
14: Waiting for 1 servers started... now there are 0 servers
19: Waiting for 1 servers started... now there are 0 servers
 2: Waiting for 1 servers started... now there are 0 servers
12: Waiting for 1 servers started... now there are 0 servers
18: Waiting for 1 servers started... now there are 0 servers
15: Waiting for 1 servers started... now there are 0 servers
 9: Waiting for 1 servers started... now there are 0 servers
 3: Waiting for 1 servers started... now there are 0 servers
0: /hpc/local/work/denisn/dc/spdk/dc_testing/./server_run.sh: line 38: wait: pid 108967 is not a child of this shell
 4: 
 4: Got servers list: 172.24.0.2
 4: sudo env LD_LIBRARY_PATH=/labhome/denisn/dc/rdma-core/build/lib /labhome/denisn/dc/spdk_release/install/bin/spdk_nvme_perf 	 --srq-depth 128 -r "trtype:rdma adrfam:ipv4 traddr:172.24.0.2 trsvcid:4420" 	 -c 0xFFFF -q 1 -o 4096 -w randread -t 10 	  2>&1 | tee -a /hpc/local/work/denisn/dc/spdk/dc_testing/job.60007/perf.4.log
13: 
 1: 
 7: 
 0: 
13: Got servers list: 172.24.0.2
 1: Got servers list: 172.24.0.2
 7: Got servers list: 172.24.0.2
 8: 
13: sudo env LD_LIBRARY_PATH=/labhome/denisn/dc/rdma-core/build/lib /labhome/denisn/dc/spdk_release/install/bin/spdk_nvme_perf 	 --srq-depth 128 -r "trtype:rdma adrfam:ipv4 traddr:172.24.0.2 trsvcid:4420" 	 -c 0xFFFF -q 1 -o 4096 -w randread -t 10 	  2>&1 | tee -a /hpc/local/work/denisn/dc/spdk/dc_testing/job.60007/perf.13.log
 1: sudo env LD_LIBRARY_PATH=/labhome/denisn/dc/rdma-core/build/lib /labhome/denisn/dc/spdk_release/install/bin/spdk_nvme_perf 	 --srq-depth 128 -r "trtype:rdma adrfam:ipv4 traddr:172.24.0.2 trsvcid:4420" 	 -c 0xFFFF -q 1 -o 4096 -w randread -t 10 	  2>&1 | tee -a /hpc/local/work/denisn/dc/spdk/dc_testing/job.60007/perf.1.log
 7: sudo env LD_LIBRARY_PATH=/labhome/denisn/dc/rdma-core/build/lib /labhome/denisn/dc/spdk_release/install/bin/spdk_nvme_perf 	 --srq-depth 128 -r "trtype:rdma adrfam:ipv4 traddr:172.24.0.2 trsvcid:4420" 	 -c 0xFFFF -q 1 -o 4096 -w randread -t 10 	  2>&1 | tee -a /hpc/local/work/denisn/dc/spdk/dc_testing/job.60007/perf.7.log
 8: Got servers list: 172.24.0.2
 0: Got servers list: 172.24.0.2
 8: sudo env LD_LIBRARY_PATH=/labhome/denisn/dc/rdma-core/build/lib /labhome/denisn/dc/spdk_release/install/bin/spdk_nvme_perf 	 --srq-depth 128 -r "trtype:rdma adrfam:ipv4 traddr:172.24.0.2 trsvcid:4420" 	 -c 0xFFFF -q 1 -o 4096 -w randread -t 10 	  2>&1 | tee -a /hpc/local/work/denisn/dc/spdk/dc_testing/job.60007/perf.8.log
 0: sudo env LD_LIBRARY_PATH=/labhome/denisn/dc/rdma-core/build/lib /labhome/denisn/dc/spdk_release/install/bin/spdk_nvme_perf 	 --srq-depth 128 -r "trtype:rdma adrfam:ipv4 traddr:172.24.0.2 trsvcid:4420" 	 -c 0xFFFF -q 1 -o 4096 -w randread -t 10 	  2>&1 | tee -a /hpc/local/work/denisn/dc/spdk/dc_testing/job.60007/perf.0.log
16: 
 6: 
 5: 
 6: Got servers list: 172.24.0.2
16: Got servers list: 172.24.0.2
19: 
16: sudo env LD_LIBRARY_PATH=/labhome/denisn/dc/rdma-core/build/lib /labhome/denisn/dc/spdk_release/install/bin/spdk_nvme_perf 	 --srq-depth 128 -r "trtype:rdma adrfam:ipv4 traddr:172.24.0.2 trsvcid:4420" 	 -c 0xFFFF -q 1 -o 4096 -w randread -t 10 	  2>&1 | tee -a /hpc/local/work/denisn/dc/spdk/dc_testing/job.60007/perf.16.log
 6: sudo env LD_LIBRARY_PATH=/labhome/denisn/dc/rdma-core/build/lib /labhome/denisn/dc/spdk_release/install/bin/spdk_nvme_perf 	 --srq-depth 128 -r "trtype:rdma adrfam:ipv4 traddr:172.24.0.2 trsvcid:4420" 	 -c 0xFFFF -q 1 -o 4096 -w randread -t 10 	  2>&1 | tee -a /hpc/local/work/denisn/dc/spdk/dc_testing/job.60007/perf.6.log
12: 
18: 
 5: Got servers list: 172.24.0.2
 5: sudo env LD_LIBRARY_PATH=/labhome/denisn/dc/rdma-core/build/lib /labhome/denisn/dc/spdk_release/install/bin/spdk_nvme_perf 	 --srq-depth 128 -r "trtype:rdma adrfam:ipv4 traddr:172.24.0.2 trsvcid:4420" 	 -c 0xFFFF -q 1 -o 4096 -w randread -t 10 	  2>&1 | tee -a /hpc/local/work/denisn/dc/spdk/dc_testing/job.60007/perf.5.log
15: 
19: Got servers list: 172.24.0.2
 9: 
19: sudo env LD_LIBRARY_PATH=/labhome/denisn/dc/rdma-core/build/lib /labhome/denisn/dc/spdk_release/install/bin/spdk_nvme_perf 	 --srq-depth 128 -r "trtype:rdma adrfam:ipv4 traddr:172.24.0.2 trsvcid:4420" 	 -c 0xFFFF -q 1 -o 4096 -w randread -t 10 	  2>&1 | tee -a /hpc/local/work/denisn/dc/spdk/dc_testing/job.60007/perf.19.log
 3: 
18: Got servers list: 172.24.0.2
18: sudo env LD_LIBRARY_PATH=/labhome/denisn/dc/rdma-core/build/lib /labhome/denisn/dc/spdk_release/install/bin/spdk_nvme_perf 	 --srq-depth 128 -r "trtype:rdma adrfam:ipv4 traddr:172.24.0.2 trsvcid:4420" 	 -c 0xFFFF -q 1 -o 4096 -w randread -t 10 	  2>&1 | tee -a /hpc/local/work/denisn/dc/spdk/dc_testing/job.60007/perf.18.log
15: Got servers list: 172.24.0.2
15: sudo env LD_LIBRARY_PATH=/labhome/denisn/dc/rdma-core/build/lib /labhome/denisn/dc/spdk_release/install/bin/spdk_nvme_perf 	 --srq-depth 128 -r "trtype:rdma adrfam:ipv4 traddr:172.24.0.2 trsvcid:4420" 	 -c 0xFFFF -q 1 -o 4096 -w randread -t 10 	  2>&1 | tee -a /hpc/local/work/denisn/dc/spdk/dc_testing/job.60007/perf.15.log
 3: Got servers list: 172.24.0.2
 3: sudo env LD_LIBRARY_PATH=/labhome/denisn/dc/rdma-core/build/lib /labhome/denisn/dc/spdk_release/install/bin/spdk_nvme_perf 	 --srq-depth 128 -r "trtype:rdma adrfam:ipv4 traddr:172.24.0.2 trsvcid:4420" 	 -c 0xFFFF -q 1 -o 4096 -w randread -t 10 	  2>&1 | tee -a /hpc/local/work/denisn/dc/spdk/dc_testing/job.60007/perf.3.log
 3: [2021-08-16 12:45:38.810843] Starting SPDK v21.04 git sha1 8016710 / DPDK 21.05.0 initialization...
 3: [2021-08-16 12:45:38.810906] [ DPDK EAL parameters: [2021-08-16 12:45:38.810915] perf [2021-08-16 12:45:38.810920] --no-shconf [2021-08-16 12:45:38.810926] -c 0xFFFF [2021-08-16 12:45:38.810930] --no-pci [2021-08-16 12:45:38.810935] --log-level=lib.eal:6 [2021-08-16 12:45:38.810942] --log-level=lib.cryptodev:5 [2021-08-16 12:45:38.810949] --log-level=user1:6 [2021-08-16 12:45:38.810955] --base-virtaddr=0x200000000000 [2021-08-16 12:45:38.810961] --match-allocations [2021-08-16 12:45:38.810966] --file-prefix=spdk_pid130485 [2021-08-16 12:45:38.810972] ]
 3: EAL: No available 1048576 kB hugepages reported
 3: EAL: No free 2048 kB hugepages reported on node 1
 3: TELEMETRY: No legacy callbacks, legacy socket not created
 3: !!!! max_wqe_sz_sq:1024
 3: !!!! max_wqe_sz_rq:512
 3: !!!! max_wqe_sz_sq_dc:256
 3: !!!! max_wqe_sz_sq:1024
 3: !!!! max_wqe_sz_rq:512
 3: !!!! max_wqe_sz_sq_dc:256
 3: !!!! max_wqe_sz_sq:1024
 3: !!!! max_wqe_sz_rq:512
 3: !!!! max_wqe_sz_sq_dc:256
 3: !!!! max_wqe_sz_sq:1024
 3: !!!! max_wqe_sz_rq:512
 3: !!!! max_wqe_sz_sq_dc:256
 3: !!!! max_wqe_sz_sq:1024
 3: !!!! max_wqe_sz_rq:512
 3: !!!! max_wqe_sz_sq_dc:256
 3: !!!! max_wqe_sz_sq:1024
 3: !!!! max_wqe_sz_rq:512
 3: !!!! max_wqe_sz_sq_dc:256
17: 
14: 
11: 
17: Got servers list: 172.24.0.2
17: sudo env LD_LIBRARY_PATH=/labhome/denisn/dc/rdma-core/build/lib /labhome/denisn/dc/spdk_release/install/bin/spdk_nvme_perf 	 --srq-depth 128 -r "trtype:rdma adrfam:ipv4 traddr:172.24.0.2 trsvcid:4420" 	 -c 0xFFFF -q 1 -o 4096 -w randread -t 10 	  2>&1 | tee -a /hpc/local/work/denisn/dc/spdk/dc_testing/job.60007/perf.17.log
14: Got servers list: 172.24.0.2
14: sudo env LD_LIBRARY_PATH=/labhome/denisn/dc/rdma-core/build/lib /labhome/denisn/dc/spdk_release/install/bin/spdk_nvme_perf 	 --srq-depth 128 -r "trtype:rdma adrfam:ipv4 traddr:172.24.0.2 trsvcid:4420" 	 -c 0xFFFF -q 1 -o 4096 -w randread -t 10 	  2>&1 | tee -a /hpc/local/work/denisn/dc/spdk/dc_testing/job.60007/perf.14.log
11: Got servers list: 172.24.0.2
11: sudo env LD_LIBRARY_PATH=/labhome/denisn/dc/rdma-core/build/lib /labhome/denisn/dc/spdk_release/install/bin/spdk_nvme_perf 	 --srq-depth 128 -r "trtype:rdma adrfam:ipv4 traddr:172.24.0.2 trsvcid:4420" 	 -c 0xFFFF -q 1 -o 4096 -w randread -t 10 	  2>&1 | tee -a /hpc/local/work/denisn/dc/spdk/dc_testing/job.60007/perf.11.log
12: Got servers list: 172.24.0.2
12: sudo env LD_LIBRARY_PATH=/labhome/denisn/dc/rdma-core/build/lib /labhome/denisn/dc/spdk_release/install/bin/spdk_nvme_perf 	 --srq-depth 128 -r "trtype:rdma adrfam:ipv4 traddr:172.24.0.2 trsvcid:4420" 	 -c 0xFFFF -q 1 -o 4096 -w randread -t 10 	  2>&1 | tee -a /hpc/local/work/denisn/dc/spdk/dc_testing/job.60007/perf.12.log
10: 
 2: 
 9: Got servers list: 172.24.0.2
 9: sudo env LD_LIBRARY_PATH=/labhome/denisn/dc/rdma-core/build/lib /labhome/denisn/dc/spdk_release/install/bin/spdk_nvme_perf 	 --srq-depth 128 -r "trtype:rdma adrfam:ipv4 traddr:172.24.0.2 trsvcid:4420" 	 -c 0xFFFF -q 1 -o 4096 -w randread -t 10 	  2>&1 | tee -a /hpc/local/work/denisn/dc/spdk/dc_testing/job.60007/perf.9.log
10: Got servers list: 172.24.0.2
10: sudo env LD_LIBRARY_PATH=/labhome/denisn/dc/rdma-core/build/lib /labhome/denisn/dc/spdk_release/install/bin/spdk_nvme_perf 	 --srq-depth 128 -r "trtype:rdma adrfam:ipv4 traddr:172.24.0.2 trsvcid:4420" 	 -c 0xFFFF -q 1 -o 4096 -w randread -t 10 	  2>&1 | tee -a /hpc/local/work/denisn/dc/spdk/dc_testing/job.60007/perf.10.log
 2: Got servers list: 172.24.0.2
 2: sudo env LD_LIBRARY_PATH=/labhome/denisn/dc/rdma-core/build/lib /labhome/denisn/dc/spdk_release/install/bin/spdk_nvme_perf 	 --srq-depth 128 -r "trtype:rdma adrfam:ipv4 traddr:172.24.0.2 trsvcid:4420" 	 -c 0xFFFF -q 1 -o 4096 -w randread -t 10 	  2>&1 | tee -a /hpc/local/work/denisn/dc/spdk/dc_testing/job.60007/perf.2.log
11: [2021-08-16 12:45:39.096747] Starting SPDK v21.04 git sha1 8016710 / DPDK 21.05.0 initialization...
11: [2021-08-16 12:45:39.096828] [ DPDK EAL parameters: [2021-08-16 12:45:39.096836] perf [2021-08-16 12:45:39.096841] --no-shconf [2021-08-16 12:45:39.096845] -c 0xFFFF [2021-08-16 12:45:39.096857] --no-pci [2021-08-16 12:45:39.096864] --log-level=lib.eal:6 [2021-08-16 12:45:39.096868] --log-level=lib.cryptodev:5 [2021-08-16 12:45:39.096874] --log-level=user1:6 [2021-08-16 12:45:39.096878] --base-virtaddr=0x200000000000 [2021-08-16 12:45:39.096885] --match-allocations [2021-08-16 12:45:39.096889] --file-prefix=spdk_pid176952 [2021-08-16 12:45:39.096895] ]
11: EAL: No available 1048576 kB hugepages reported
11: EAL: No free 2048 kB hugepages reported on node 1
11: TELEMETRY: No legacy callbacks, legacy socket not created
15: [2021-08-16 12:45:39.126517] Starting SPDK v21.04 git sha1 8016710 / DPDK 21.05.0 initialization...
15: [2021-08-16 12:45:39.126596] [ DPDK EAL parameters: [2021-08-16 12:45:39.126606] perf [2021-08-16 12:45:39.126613] --no-shconf [2021-08-16 12:45:39.126618] -c 0xFFFF [2021-08-16 12:45:39.126624] --no-pci [2021-08-16 12:45:39.126629] --log-level=lib.eal:6 [2021-08-16 12:45:39.126644] --log-level=lib.cryptodev:5 [2021-08-16 12:45:39.126650] --log-level=user1:6 [2021-08-16 12:45:39.126655] --base-virtaddr=0x200000000000 [2021-08-16 12:45:39.126660] --match-allocations [2021-08-16 12:45:39.126666] --file-prefix=spdk_pid158965 [2021-08-16 12:45:39.126672] ]
17: [2021-08-16 12:45:39.134884] Starting SPDK v21.04 git sha1 8016710 / DPDK 21.05.0 initialization...
17: [2021-08-16 12:45:39.134943] [ DPDK EAL parameters: [2021-08-16 12:45:39.134950] perf [2021-08-16 12:45:39.134955] --no-shconf [2021-08-16 12:45:39.134960] -c 0xFFFF [2021-08-16 12:45:39.134964] --no-pci [2021-08-16 12:45:39.134969] --log-level=lib.eal:6 [2021-08-16 12:45:39.134975] --log-level=lib.cryptodev:5 [2021-08-16 12:45:39.134983] --log-level=user1:6 [2021-08-16 12:45:39.134988] --base-virtaddr=0x200000000000 [2021-08-16 12:45:39.134994] --match-allocations [2021-08-16 12:45:39.134999] --file-prefix=spdk_pid146174 [2021-08-16 12:45:39.135005] ]
15: EAL: No available 1048576 kB hugepages reported
15: EAL: No free 2048 kB hugepages reported on node 1
 9: [2021-08-16 12:45:39.143222] Starting SPDK v21.04 git sha1 8016710 / DPDK 21.05.0 initialization...
 9: [2021-08-16 12:45:39.143287] [ DPDK EAL parameters: [2021-08-16 12:45:39.143313] perf [2021-08-16 12:45:39.143318] --no-shconf [2021-08-16 12:45:39.143324] -c 0xFFFF [2021-08-16 12:45:39.143328] --no-pci [2021-08-16 12:45:39.143335] --log-level=lib.eal:6 [2021-08-16 12:45:39.143342] --log-level=lib.cryptodev:5 [2021-08-16 12:45:39.143346] --log-level=user1:6 [2021-08-16 12:45:39.143352] --base-virtaddr=0x200000000000 [2021-08-16 12:45:39.143357] --match-allocations [2021-08-16 12:45:39.143363] --file-prefix=spdk_pid54028 [2021-08-16 12:45:39.143370] ]
17: EAL: No available 1048576 kB hugepages reported
17: EAL: No free 2048 kB hugepages reported on node 1
15: TELEMETRY: No legacy callbacks, legacy socket not created
 9: EAL: No available 1048576 kB hugepages reported
 9: EAL: No free 2048 kB hugepages reported on node 1
17: TELEMETRY: No legacy callbacks, legacy socket not created
 9: TELEMETRY: No legacy callbacks, legacy socket not created
13: [2021-08-16 12:45:39.313371] Starting SPDK v21.04 git sha1 8016710 / DPDK 21.05.0 initialization...
13: [2021-08-16 12:45:39.313443] [ DPDK EAL parameters: [2021-08-16 12:45:39.313450] perf [2021-08-16 12:45:39.313479] --no-shconf [2021-08-16 12:45:39.313485] -c 0xFFFF [2021-08-16 12:45:39.313490] --no-pci [2021-08-16 12:45:39.313496] --log-level=lib.eal:6 [2021-08-16 12:45:39.313501] --log-level=lib.cryptodev:5 [2021-08-16 12:45:39.313514] --log-level=user1:6 [2021-08-16 12:45:39.313518] --base-virtaddr=0x200000000000 [2021-08-16 12:45:39.313523] --match-allocations [2021-08-16 12:45:39.313528] --file-prefix=spdk_pid34879 [2021-08-16 12:45:39.313533] ]
13: EAL: No available 1048576 kB hugepages reported
13: EAL: No free 2048 kB hugepages reported on node 1
 1: [2021-08-16 12:45:39.338826] Starting SPDK v21.04 git sha1 8016710 / DPDK 21.05.0 initialization...
 1: [2021-08-16 12:45:39.338903] [ DPDK EAL parameters: [2021-08-16 12:45:39.338910] perf [2021-08-16 12:45:39.338915] --no-shconf [2021-08-16 12:45:39.338953] -c 0xFFFF [2021-08-16 12:45:39.338967] --no-pci [2021-08-16 12:45:39.338973] --log-level=lib.eal:6 [2021-08-16 12:45:39.338978] --log-level=lib.cryptodev:5 [2021-08-16 12:45:39.338984] --log-level=user1:6 [2021-08-16 12:45:39.338991] --base-virtaddr=0x200000000000 [2021-08-16 12:45:39.338997] --match-allocations [2021-08-16 12:45:39.339003] --file-prefix=spdk_pid26121 [2021-08-16 12:45:39.339010] ]
13: TELEMETRY: No legacy callbacks, legacy socket not created
 1: EAL: No available 1048576 kB hugepages reported
 1: EAL: No free 2048 kB hugepages reported on node 1
 1: TELEMETRY: No legacy callbacks, legacy socket not created
18: [2021-08-16 12:45:39.364193] Starting SPDK v21.04 git sha1 8016710 / DPDK 21.05.0 initialization...
18: [2021-08-16 12:45:39.364271] [ DPDK EAL parameters: [2021-08-16 12:45:39.364293] perf [2021-08-16 12:45:39.364298] --no-shconf [2021-08-16 12:45:39.364303] -c 0xFFFF [2021-08-16 12:45:39.364308] --no-pci [2021-08-16 12:45:39.364313] --log-level=lib.eal:6 [2021-08-16 12:45:39.364317] --log-level=lib.cryptodev:5 [2021-08-16 12:45:39.364322] --log-level=user1:6 [2021-08-16 12:45:39.364327] --base-virtaddr=0x200000000000 [2021-08-16 12:45:39.364331] --match-allocations [2021-08-16 12:45:39.364336] --file-prefix=spdk_pid89699 [2021-08-16 12:45:39.364343] ]
18: EAL: No available 1048576 kB hugepages reported
18: EAL: No free 2048 kB hugepages reported on node 1
14: [2021-08-16 12:45:39.379692] Starting SPDK v21.04 git sha1 8016710 / DPDK 21.05.0 initialization...
14: [2021-08-16 12:45:39.379765] [ DPDK EAL parameters: [2021-08-16 12:45:39.379772] perf [2021-08-16 12:45:39.379793] --no-shconf [2021-08-16 12:45:39.379802] -c 0xFFFF [2021-08-16 12:45:39.379808] --no-pci [2021-08-16 12:45:39.379813] --log-level=lib.eal:6 [2021-08-16 12:45:39.379819] --log-level=lib.cryptodev:5 [2021-08-16 12:45:39.379823] --log-level=user1:6 [2021-08-16 12:45:39.379830] --base-virtaddr=0x200000000000 [2021-08-16 12:45:39.379835] --match-allocations [2021-08-16 12:45:39.379841] --file-prefix=spdk_pid183088 [2021-08-16 12:45:39.379845] ]
16: [2021-08-16 12:45:39.380419] Starting SPDK v21.04 git sha1 8016710 / DPDK 21.05.0 initialization...
16: [2021-08-16 12:45:39.380496] [ DPDK EAL parameters: [2021-08-16 12:45:39.380505] perf [2021-08-16 12:45:39.380510] --no-shconf [2021-08-16 12:45:39.380515] -c 0xFFFF [2021-08-16 12:45:39.380521] --no-pci [2021-08-16 12:45:39.380527] --log-level=lib.eal:6 [2021-08-16 12:45:39.380533] --log-level=lib.cryptodev:5 [2021-08-16 12:45:39.380539] --log-level=user1:6 [2021-08-16 12:45:39.380544] --base-virtaddr=0x200000000000 [2021-08-16 12:45:39.380549] --match-allocations [2021-08-16 12:45:39.380555] --file-prefix=spdk_pid104941 [2021-08-16 12:45:39.380560] ]
 6: [2021-08-16 12:45:39.387718] Starting SPDK v21.04 git sha1 8016710 / DPDK 21.05.0 initialization...
 6: [2021-08-16 12:45:39.387775] [ DPDK EAL parameters: [2021-08-16 12:45:39.387798] perf [2021-08-16 12:45:39.387819] --no-shconf [2021-08-16 12:45:39.387824] -c 0xFFFF [2021-08-16 12:45:39.387829] --no-pci [2021-08-16 12:45:39.387833] --log-level=lib.eal:6 [2021-08-16 12:45:39.387837] --log-level=lib.cryptodev:5 [2021-08-16 12:45:39.387842] --log-level=user1:6 [2021-08-16 12:45:39.387848] --base-virtaddr=0x200000000000 [2021-08-16 12:45:39.387852] --match-allocations [2021-08-16 12:45:39.387856] --file-prefix=spdk_pid41786 [2021-08-16 12:45:39.387861] ]
14: EAL: No available 1048576 kB hugepages reported
18: TELEMETRY: No legacy callbacks, legacy socket not created
14: EAL: No free 2048 kB hugepages reported on node 1
16: EAL: No available 1048576 kB hugepages reported
16: EAL: No free 2048 kB hugepages reported on node 1
 6: EAL: No available 1048576 kB hugepages reported
 6: EAL: No free 2048 kB hugepages reported on node 1
14: TELEMETRY: No legacy callbacks, legacy socket not created
16: TELEMETRY: No legacy callbacks, legacy socket not created
 6: TELEMETRY: No legacy callbacks, legacy socket not created
 1: !!!! max_wqe_sz_sq:1024
 1: !!!! max_wqe_sz_rq:512
 1: !!!! max_wqe_sz_sq_dc:256
 1: !!!! max_wqe_sz_sq:1024
 1: !!!! max_wqe_sz_rq:512
 1: !!!! max_wqe_sz_sq_dc:256
 1: !!!! max_wqe_sz_sq:1024
 1: !!!! max_wqe_sz_rq:512
 1: !!!! max_wqe_sz_sq_dc:256
11: !!!! max_wqe_sz_sq:1024
11: !!!! max_wqe_sz_rq:512
11: !!!! max_wqe_sz_sq_dc:256
11: !!!! max_wqe_sz_sq:1024
11: !!!! max_wqe_sz_rq:512
11: !!!! max_wqe_sz_sq_dc:256
 1: !!!! max_wqe_sz_sq:1024
 1: !!!! max_wqe_sz_rq:512
 1: !!!! max_wqe_sz_sq_dc:256
 1: !!!! max_wqe_sz_sq:1024
 1: !!!! max_wqe_sz_rq:512
 1: !!!! max_wqe_sz_sq_dc:256
 1: !!!! max_wqe_sz_sq:1024
 1: !!!! max_wqe_sz_rq:512
 1: !!!! max_wqe_sz_sq_dc:256
11: !!!! max_wqe_sz_sq:1024
11: !!!! max_wqe_sz_rq:512
11: !!!! max_wqe_sz_sq_dc:256
11: !!!! max_wqe_sz_sq:1024
11: !!!! max_wqe_sz_rq:512
11: !!!! max_wqe_sz_sq_dc:256
11: !!!! max_wqe_sz_sq:1024
11: !!!! max_wqe_sz_rq:512
11: !!!! max_wqe_sz_sq_dc:256
11: !!!! max_wqe_sz_sq:1024
11: !!!! max_wqe_sz_rq:512
11: !!!! max_wqe_sz_sq_dc:256
16: !!!! max_wqe_sz_sq:1024
16: !!!! max_wqe_sz_rq:512
16: !!!! max_wqe_sz_sq_dc:256
 4: [2021-08-16 12:45:39.510684] Starting SPDK v21.04 git sha1 8016710 / DPDK 21.05.0 initialization...
 4: [2021-08-16 12:45:39.510759] [ DPDK EAL parameters: [2021-08-16 12:45:39.510772] perf [2021-08-16 12:45:39.510779] --no-shconf [2021-08-16 12:45:39.510786] -c 0xFFFF [2021-08-16 12:45:39.510792] --no-pci [2021-08-16 12:45:39.510798] --log-level=lib.eal:6 [2021-08-16 12:45:39.510804] --log-level=lib.cryptodev:5 [2021-08-16 12:45:39.510810] --log-level=user1:6 [2021-08-16 12:45:39.510816] --base-virtaddr=0x200000000000 [2021-08-16 12:45:39.510822] --match-allocations [2021-08-16 12:45:39.510829] --file-prefix=spdk_pid58805 [2021-08-16 12:45:39.510836] ]
16: !!!! max_wqe_sz_sq:1024
16: !!!! max_wqe_sz_rq:512
16: !!!! max_wqe_sz_sq_dc:256
16: !!!! max_wqe_sz_sq:1024
16: !!!! max_wqe_sz_rq:512
16: !!!! max_wqe_sz_sq_dc:256
 4: EAL: No available 1048576 kB hugepages reported
 4: EAL: No free 2048 kB hugepages reported on node 1
16: !!!! max_wqe_sz_sq:1024
16: !!!! max_wqe_sz_rq:512
16: !!!! max_wqe_sz_sq_dc:256
16: !!!! max_wqe_sz_sq:1024
16: !!!! max_wqe_sz_rq:512
16: !!!! max_wqe_sz_sq_dc:256
16: !!!! max_wqe_sz_sq:1024
16: !!!! max_wqe_sz_rq:512
16: !!!! max_wqe_sz_sq_dc:256
 4: TELEMETRY: No legacy callbacks, legacy socket not created
 9: !!!! max_wqe_sz_sq:1024
 9: !!!! max_wqe_sz_rq:512
 9: !!!! max_wqe_sz_sq_dc:256
 5: [2021-08-16 12:45:39.536867] Starting SPDK v21.04 git sha1 8016710 / DPDK 21.05.0 initialization...
 5: [2021-08-16 12:45:39.536941] [ DPDK EAL parameters: [2021-08-16 12:45:39.536948] perf [2021-08-16 12:45:39.536953] --no-shconf [2021-08-16 12:45:39.536981] -c 0xFFFF [2021-08-16 12:45:39.536986] --no-pci [2021-08-16 12:45:39.536999] --log-level=lib.eal:6 [2021-08-16 12:45:39.537006] --log-level=lib.cryptodev:5 [2021-08-16 12:45:39.537011] --log-level=user1:6 [2021-08-16 12:45:39.537017] --base-virtaddr=0x200000000000 [2021-08-16 12:45:39.537021] --match-allocations [2021-08-16 12:45:39.537027] --file-prefix=spdk_pid12569 [2021-08-16 12:45:39.537032] ]
 9: !!!! max_wqe_sz_sq:1024
 9: !!!! max_wqe_sz_rq:512
 9: !!!! max_wqe_sz_sq_dc:256
 9: !!!! max_wqe_sz_sq:1024
 9: !!!! max_wqe_sz_rq:512
 9: !!!! max_wqe_sz_sq_dc:256
 5: EAL: No available 1048576 kB hugepages reported
 5: EAL: No free 2048 kB hugepages reported on node 1
 9: !!!! max_wqe_sz_sq:1024
 9: !!!! max_wqe_sz_rq:512
 9: !!!! max_wqe_sz_sq_dc:256
 9: !!!! max_wqe_sz_sq:1024
 9: !!!! max_wqe_sz_rq:512
 9: !!!! max_wqe_sz_sq_dc:256
 9: !!!! max_wqe_sz_sq:1024
 9: !!!! max_wqe_sz_rq:512
 9: !!!! max_wqe_sz_sq_dc:256
 5: TELEMETRY: No legacy callbacks, legacy socket not created
 0: [2021-08-16 12:45:39.597333] Starting SPDK v21.04 git sha1 8016710 / DPDK 21.05.0 initialization...
 0: [2021-08-16 12:45:39.597388] [ DPDK EAL parameters: [2021-08-16 12:45:39.597395] perf [2021-08-16 12:45:39.597400] --no-shconf [2021-08-16 12:45:39.597405] -c 0xFFFF [2021-08-16 12:45:39.597410] --no-pci [2021-08-16 12:45:39.597415] --log-level=lib.eal:6 [2021-08-16 12:45:39.597419] --log-level=lib.cryptodev:5 [2021-08-16 12:45:39.597424] --log-level=user1:6 [2021-08-16 12:45:39.597429] --base-virtaddr=0x200000000000 [2021-08-16 12:45:39.597433] --match-allocations [2021-08-16 12:45:39.597438] --file-prefix=spdk_pid150347 [2021-08-16 12:45:39.597443] ]
12: [2021-08-16 12:45:39.601709] Starting SPDK v21.04 git sha1 8016710 / DPDK 21.05.0 initialization...
12: [2021-08-16 12:45:39.601765] [ DPDK EAL parameters: [2021-08-16 12:45:39.601789] perf [2021-08-16 12:45:39.601794] --no-shconf [2021-08-16 12:45:39.601798] -c 0xFFFF [2021-08-16 12:45:39.601802] --no-pci [2021-08-16 12:45:39.601823] --log-level=lib.eal:6 [2021-08-16 12:45:39.601831] --log-level=lib.cryptodev:5 [2021-08-16 12:45:39.601838] --log-level=user1:6 [2021-08-16 12:45:39.601842] --base-virtaddr=0x200000000000 [2021-08-16 12:45:39.601848] --match-allocations [2021-08-16 12:45:39.601853] --file-prefix=spdk_pid30772 [2021-08-16 12:45:39.601859] ]
 0: EAL: No available 1048576 kB hugepages reported
 0: EAL: No free 2048 kB hugepages reported on node 1
 7: [2021-08-16 12:45:39.608602] Starting SPDK v21.04 git sha1 8016710 / DPDK 21.05.0 initialization...
 7: [2021-08-16 12:45:39.608678] [ DPDK EAL parameters: [2021-08-16 12:45:39.608687] perf [2021-08-16 12:45:39.608691] --no-shconf [2021-08-16 12:45:39.608697] -c 0xFFFF [2021-08-16 12:45:39.608701] --no-pci [2021-08-16 12:45:39.608707] --log-level=lib.eal:6 [2021-08-16 12:45:39.608713] --log-level=lib.cryptodev:5 [2021-08-16 12:45:39.608717] --log-level=user1:6 [2021-08-16 12:45:39.608723] --base-virtaddr=0x200000000000 [2021-08-16 12:45:39.608735] --match-allocations [2021-08-16 12:45:39.608741] --file-prefix=spdk_pid13226 [2021-08-16 12:45:39.608747] ]
12: EAL: No available 1048576 kB hugepages reported
12: EAL: No free 2048 kB hugepages reported on node 1
 0: TELEMETRY: No legacy callbacks, legacy socket not created
 7: EAL: No available 1048576 kB hugepages reported
 7: EAL: No free 2048 kB hugepages reported on node 1
12: TELEMETRY: No legacy callbacks, legacy socket not created
19: [2021-08-16 12:45:39.630885] Starting SPDK v21.04 git sha1 8016710 / DPDK 21.05.0 initialization...
19: [2021-08-16 12:45:39.630945] [ DPDK EAL parameters: [2021-08-16 12:45:39.630970] perf [2021-08-16 12:45:39.630975] --no-shconf [2021-08-16 12:45:39.630981] -c 0xFFFF [2021-08-16 12:45:39.630986] --no-pci [2021-08-16 12:45:39.630992] --log-level=lib.eal:6 [2021-08-16 12:45:39.630996] --log-level=lib.cryptodev:5 [2021-08-16 12:45:39.631002] --log-level=user1:6 [2021-08-16 12:45:39.631007] --base-virtaddr=0x200000000000 [2021-08-16 12:45:39.631012] --match-allocations [2021-08-16 12:45:39.631017] --file-prefix=spdk_pid139954 [2021-08-16 12:45:39.631023] ]
 7: TELEMETRY: No legacy callbacks, legacy socket not created
19: EAL: No available 1048576 kB hugepages reported
19: EAL: No free 2048 kB hugepages reported on node 1
19: TELEMETRY: No legacy callbacks, legacy socket not created
 4: !!!! max_wqe_sz_sq:1024
 4: !!!! max_wqe_sz_rq:512
 4: !!!! max_wqe_sz_sq_dc:256
 4: !!!! max_wqe_sz_sq:1024
 4: !!!! max_wqe_sz_rq:512
 4: !!!! max_wqe_sz_sq_dc:256
 4: !!!! max_wqe_sz_sq:1024
 4: !!!! max_wqe_sz_rq:512
 4: !!!! max_wqe_sz_sq_dc:256
 4: !!!! max_wqe_sz_sq:1024
 4: !!!! max_wqe_sz_rq:512
 4: !!!! max_wqe_sz_sq_dc:256
10: [2021-08-16 12:45:39.674499] Starting SPDK v21.04 git sha1 8016710 / DPDK 21.05.0 initialization...
10: [2021-08-16 12:45:39.674558] [ DPDK EAL parameters: [2021-08-16 12:45:39.674565] perf [2021-08-16 12:45:39.674570] --no-shconf [2021-08-16 12:45:39.674574] -c 0xFFFF [2021-08-16 12:45:39.674581] --no-pci [2021-08-16 12:45:39.674585] --log-level=lib.eal:6 [2021-08-16 12:45:39.674597] --log-level=lib.cryptodev:5 [2021-08-16 12:45:39.674602] --log-level=user1:6 [2021-08-16 12:45:39.674606] --base-virtaddr=0x200000000000 [2021-08-16 12:45:39.674611] --match-allocations [2021-08-16 12:45:39.674629] --file-prefix=spdk_pid96381 [2021-08-16 12:45:39.674634] ]
 4: !!!! max_wqe_sz_sq:1024
 4: !!!! max_wqe_sz_rq:512
 4: !!!! max_wqe_sz_sq_dc:256
 4: !!!! max_wqe_sz_sq:1024
 4: !!!! max_wqe_sz_rq:512
 4: !!!! max_wqe_sz_sq_dc:256
10: EAL: No available 1048576 kB hugepages reported
10: EAL: No free 2048 kB hugepages reported on node 1
13: !!!! max_wqe_sz_sq:1024
13: !!!! max_wqe_sz_rq:512
13: !!!! max_wqe_sz_sq_dc:256
13: !!!! max_wqe_sz_sq:1024
13: !!!! max_wqe_sz_rq:512
13: !!!! max_wqe_sz_sq_dc:256
13: !!!! max_wqe_sz_sq:1024
13: !!!! max_wqe_sz_rq:512
13: !!!! max_wqe_sz_sq_dc:256
10: TELEMETRY: No legacy callbacks, legacy socket not created
13: !!!! max_wqe_sz_sq:1024
13: !!!! max_wqe_sz_rq:512
13: !!!! max_wqe_sz_sq_dc:256
13: !!!! max_wqe_sz_sq:1024
13: !!!! max_wqe_sz_rq:512
13: !!!! max_wqe_sz_sq_dc:256
13: !!!! max_wqe_sz_sq:1024
13: !!!! max_wqe_sz_rq:512
13: !!!! max_wqe_sz_sq_dc:256
18: !!!! max_wqe_sz_sq:1024
18: !!!! max_wqe_sz_rq:512
18: !!!! max_wqe_sz_sq_dc:256
12: !!!! max_wqe_sz_sq:1024
12: !!!! max_wqe_sz_rq:512
12: !!!! max_wqe_sz_sq_dc:256
18: !!!! max_wqe_sz_sq:1024
18: !!!! max_wqe_sz_rq:512
18: !!!! max_wqe_sz_sq_dc:256
12: !!!! max_wqe_sz_sq:1024
12: !!!! max_wqe_sz_rq:512
12: !!!! max_wqe_sz_sq_dc:256
18: !!!! max_wqe_sz_sq:1024
18: !!!! max_wqe_sz_rq:512
18: !!!! max_wqe_sz_sq_dc:256
12: !!!! max_wqe_sz_sq:1024
12: !!!! max_wqe_sz_rq:512
12: !!!! max_wqe_sz_sq_dc:256
18: !!!! max_wqe_sz_sq:1024
18: !!!! max_wqe_sz_rq:512
18: !!!! max_wqe_sz_sq_dc:256
12: !!!! max_wqe_sz_sq:1024
12: !!!! max_wqe_sz_rq:512
12: !!!! max_wqe_sz_sq_dc:256
18: !!!! max_wqe_sz_sq:1024
18: !!!! max_wqe_sz_rq:512
18: !!!! max_wqe_sz_sq_dc:256
15: !!!! max_wqe_sz_sq:1024
15: !!!! max_wqe_sz_rq:512
15: !!!! max_wqe_sz_sq_dc:256
12: !!!! max_wqe_sz_sq:1024
12: !!!! max_wqe_sz_rq:512
12: !!!! max_wqe_sz_sq_dc:256
18: !!!! max_wqe_sz_sq:1024
18: !!!! max_wqe_sz_rq:512
18: !!!! max_wqe_sz_sq_dc:256
12: !!!! max_wqe_sz_sq:1024
12: !!!! max_wqe_sz_rq:512
12: !!!! max_wqe_sz_sq_dc:256
15: !!!! max_wqe_sz_sq:1024
15: !!!! max_wqe_sz_rq:512
15: !!!! max_wqe_sz_sq_dc:256
17: !!!! max_wqe_sz_sq:1024
17: !!!! max_wqe_sz_rq:512
17: !!!! max_wqe_sz_sq_dc:256
17: !!!! max_wqe_sz_sq:1024
17: !!!! max_wqe_sz_rq:512
17: !!!! max_wqe_sz_sq_dc:256
14: !!!! max_wqe_sz_sq:1024
14: !!!! max_wqe_sz_rq:512
14: !!!! max_wqe_sz_sq_dc:256
15: !!!! max_wqe_sz_sq:1024
15: !!!! max_wqe_sz_rq:512
15: !!!! max_wqe_sz_sq_dc:256
14: !!!! max_wqe_sz_sq:1024
14: !!!! max_wqe_sz_rq:512
14: !!!! max_wqe_sz_sq_dc:256
15: !!!! max_wqe_sz_sq:1024
15: !!!! max_wqe_sz_rq:512
15: !!!! max_wqe_sz_sq_dc:256
17: !!!! max_wqe_sz_sq:1024
17: !!!! max_wqe_sz_rq:512
17: !!!! max_wqe_sz_sq_dc:256
15: !!!! max_wqe_sz_sq:1024
15: !!!! max_wqe_sz_rq:512
15: !!!! max_wqe_sz_sq_dc:256
14: !!!! max_wqe_sz_sq:1024
14: !!!! max_wqe_sz_rq:512
14: !!!! max_wqe_sz_sq_dc:256
15: !!!! max_wqe_sz_sq:1024
15: !!!! max_wqe_sz_rq:512
15: !!!! max_wqe_sz_sq_dc:256
17: !!!! max_wqe_sz_sq:1024
17: !!!! max_wqe_sz_rq:512
17: !!!! max_wqe_sz_sq_dc:256
17: !!!! max_wqe_sz_sq:1024
17: !!!! max_wqe_sz_rq:512
17: !!!! max_wqe_sz_sq_dc:256
14: !!!! max_wqe_sz_sq:1024
14: !!!! max_wqe_sz_rq:512
14: !!!! max_wqe_sz_sq_dc:256
17: !!!! max_wqe_sz_sq:1024
17: !!!! max_wqe_sz_rq:512
17: !!!! max_wqe_sz_sq_dc:256
14: !!!! max_wqe_sz_sq:1024
14: !!!! max_wqe_sz_rq:512
14: !!!! max_wqe_sz_sq_dc:256
14: !!!! max_wqe_sz_sq:1024
14: !!!! max_wqe_sz_rq:512
14: !!!! max_wqe_sz_sq_dc:256
 2: [2021-08-16 12:45:39.826334] Starting SPDK v21.04 git sha1 8016710 / DPDK 21.05.0 initialization...
 2: [2021-08-16 12:45:39.826411] [ DPDK EAL parameters: [2021-08-16 12:45:39.826418] perf [2021-08-16 12:45:39.826439] --no-shconf [2021-08-16 12:45:39.826463] -c 0xFFFF [2021-08-16 12:45:39.826470] --no-pci [2021-08-16 12:45:39.826476] --log-level=lib.eal:6 [2021-08-16 12:45:39.826482] --log-level=lib.cryptodev:5 [2021-08-16 12:45:39.826488] --log-level=user1:6 [2021-08-16 12:45:39.826493] --base-virtaddr=0x200000000000 [2021-08-16 12:45:39.826499] --match-allocations [2021-08-16 12:45:39.826505] --file-prefix=spdk_pid191309 [2021-08-16 12:45:39.826511] ]
 2: EAL: No available 1048576 kB hugepages reported
 2: EAL: No free 2048 kB hugepages reported on node 1
 2: TELEMETRY: No legacy callbacks, legacy socket not created
 8: [2021-08-16 12:45:39.879330] Starting SPDK v21.04 git sha1 8016710 / DPDK 21.05.0 initialization...
 8: [2021-08-16 12:45:39.879403] [ DPDK EAL parameters: [2021-08-16 12:45:39.879410] perf [2021-08-16 12:45:39.879415] --no-shconf [2021-08-16 12:45:39.879436] -c 0xFFFF [2021-08-16 12:45:39.879441] --no-pci [2021-08-16 12:45:39.879454] --log-level=lib.eal:6 [2021-08-16 12:45:39.879458] --log-level=lib.cryptodev:5 [2021-08-16 12:45:39.879465] --log-level=user1:6 [2021-08-16 12:45:39.879469] --base-virtaddr=0x200000000000 [2021-08-16 12:45:39.879475] --match-allocations [2021-08-16 12:45:39.879480] --file-prefix=spdk_pid127486 [2021-08-16 12:45:39.879486] ]
 8: EAL: No available 1048576 kB hugepages reported
 8: EAL: No free 2048 kB hugepages reported on node 1
 8: TELEMETRY: No legacy callbacks, legacy socket not created
 0: !!!! max_wqe_sz_sq:1024
 0: !!!! max_wqe_sz_rq:512
 0: !!!! max_wqe_sz_sq_dc:256
 0: !!!! max_wqe_sz_sq:1024
 0: !!!! max_wqe_sz_rq:512
 0: !!!! max_wqe_sz_sq_dc:256
 0: !!!! max_wqe_sz_sq:1024
 0: !!!! max_wqe_sz_rq:512
 0: !!!! max_wqe_sz_sq_dc:256
 0: !!!! max_wqe_sz_sq:1024
 0: !!!! max_wqe_sz_rq:512
 0: !!!! max_wqe_sz_sq_dc:256
 5: !!!! max_wqe_sz_sq:1024
 5: !!!! max_wqe_sz_rq:512
 5: !!!! max_wqe_sz_sq_dc:256
 0: !!!! max_wqe_sz_sq:1024
 0: !!!! max_wqe_sz_rq:512
 0: !!!! max_wqe_sz_sq_dc:256
 5: !!!! max_wqe_sz_sq:1024
 5: !!!! max_wqe_sz_rq:512
 5: !!!! max_wqe_sz_sq_dc:256
 0: !!!! max_wqe_sz_sq:1024
 0: !!!! max_wqe_sz_rq:512
 0: !!!! max_wqe_sz_sq_dc:256
 5: !!!! max_wqe_sz_sq:1024
 5: !!!! max_wqe_sz_rq:512
 5: !!!! max_wqe_sz_sq_dc:256
 5: !!!! max_wqe_sz_sq:1024
 5: !!!! max_wqe_sz_rq:512
 5: !!!! max_wqe_sz_sq_dc:256
 7: !!!! max_wqe_sz_sq:1024
 7: !!!! max_wqe_sz_rq:512
 7: !!!! max_wqe_sz_sq_dc:256
 5: !!!! max_wqe_sz_sq:1024
 5: !!!! max_wqe_sz_rq:512
 5: !!!! max_wqe_sz_sq_dc:256
 7: !!!! max_wqe_sz_sq:1024
 7: !!!! max_wqe_sz_rq:512
 7: !!!! max_wqe_sz_sq_dc:256
 5: !!!! max_wqe_sz_sq:1024
 5: !!!! max_wqe_sz_rq:512
 5: !!!! max_wqe_sz_sq_dc:256
 7: !!!! max_wqe_sz_sq:1024
 7: !!!! max_wqe_sz_rq:512
 7: !!!! max_wqe_sz_sq_dc:256
 7: !!!! max_wqe_sz_sq:1024
 7: !!!! max_wqe_sz_rq:512
 7: !!!! max_wqe_sz_sq_dc:256
 7: !!!! max_wqe_sz_sq:1024
 7: !!!! max_wqe_sz_rq:512
 7: !!!! max_wqe_sz_sq_dc:256
 7: !!!! max_wqe_sz_sq:1024
 7: !!!! max_wqe_sz_rq:512
 7: !!!! max_wqe_sz_sq_dc:256
19: !!!! max_wqe_sz_sq:1024
19: !!!! max_wqe_sz_rq:512
19: !!!! max_wqe_sz_sq_dc:256
19: !!!! max_wqe_sz_sq:1024
19: !!!! max_wqe_sz_rq:512
19: !!!! max_wqe_sz_sq_dc:256
19: !!!! max_wqe_sz_sq:1024
19: !!!! max_wqe_sz_rq:512
19: !!!! max_wqe_sz_sq_dc:256
10: !!!! max_wqe_sz_sq:1024
10: !!!! max_wqe_sz_rq:512
10: !!!! max_wqe_sz_sq_dc:256
10: !!!! max_wqe_sz_sq:1024
10: !!!! max_wqe_sz_rq:512
10: !!!! max_wqe_sz_sq_dc:256
19: !!!! max_wqe_sz_sq:1024
19: !!!! max_wqe_sz_rq:512
19: !!!! max_wqe_sz_sq_dc:256
19: !!!! max_wqe_sz_sq:1024
19: !!!! max_wqe_sz_rq:512
19: !!!! max_wqe_sz_sq_dc:256
19: !!!! max_wqe_sz_sq:1024
19: !!!! max_wqe_sz_rq:512
19: !!!! max_wqe_sz_sq_dc:256
10: !!!! max_wqe_sz_sq:1024
10: !!!! max_wqe_sz_rq:512
10: !!!! max_wqe_sz_sq_dc:256
10: !!!! max_wqe_sz_sq:1024
10: !!!! max_wqe_sz_rq:512
10: !!!! max_wqe_sz_sq_dc:256
10: !!!! max_wqe_sz_sq:1024
10: !!!! max_wqe_sz_rq:512
10: !!!! max_wqe_sz_sq_dc:256
10: !!!! max_wqe_sz_sq:1024
10: !!!! max_wqe_sz_rq:512
10: !!!! max_wqe_sz_sq_dc:256
 2: !!!! max_wqe_sz_sq:1024
 2: !!!! max_wqe_sz_rq:512
 2: !!!! max_wqe_sz_sq_dc:256
 2: !!!! max_wqe_sz_sq:1024
 2: !!!! max_wqe_sz_rq:512
 2: !!!! max_wqe_sz_sq_dc:256
 2: !!!! max_wqe_sz_sq:1024
 2: !!!! max_wqe_sz_rq:512
 2: !!!! max_wqe_sz_sq_dc:256
 2: !!!! max_wqe_sz_sq:1024
 2: !!!! max_wqe_sz_rq:512
 2: !!!! max_wqe_sz_sq_dc:256
 2: !!!! max_wqe_sz_sq:1024
 2: !!!! max_wqe_sz_rq:512
 2: !!!! max_wqe_sz_sq_dc:256
 2: !!!! max_wqe_sz_sq:1024
 2: !!!! max_wqe_sz_rq:512
 2: !!!! max_wqe_sz_sq_dc:256
 8: !!!! max_wqe_sz_sq:1024
 8: !!!! max_wqe_sz_rq:512
 8: !!!! max_wqe_sz_sq_dc:256
 8: !!!! max_wqe_sz_sq:1024
 8: !!!! max_wqe_sz_rq:512
 8: !!!! max_wqe_sz_sq_dc:256
 8: !!!! max_wqe_sz_sq:1024
 8: !!!! max_wqe_sz_rq:512
 8: !!!! max_wqe_sz_sq_dc:256
 8: !!!! max_wqe_sz_sq:1024
 8: !!!! max_wqe_sz_rq:512
 8: !!!! max_wqe_sz_sq_dc:256
 8: !!!! max_wqe_sz_sq:1024
 8: !!!! max_wqe_sz_rq:512
 8: !!!! max_wqe_sz_sq_dc:256
 8: !!!! max_wqe_sz_sq:1024
 8: !!!! max_wqe_sz_rq:512
 8: !!!! max_wqe_sz_sq_dc:256
 6: !!!! max_wqe_sz_sq:1024
 6: !!!! max_wqe_sz_rq:512
 6: !!!! max_wqe_sz_sq_dc:256
 6: !!!! max_wqe_sz_sq:1024
 6: !!!! max_wqe_sz_rq:512
 6: !!!! max_wqe_sz_sq_dc:256
 6: !!!! max_wqe_sz_sq:1024
 6: !!!! max_wqe_sz_rq:512
 6: !!!! max_wqe_sz_sq_dc:256
 6: !!!! max_wqe_sz_sq:1024
 6: !!!! max_wqe_sz_rq:512
 6: !!!! max_wqe_sz_sq_dc:256
 6: !!!! max_wqe_sz_sq:1024
 6: !!!! max_wqe_sz_rq:512
 6: !!!! max_wqe_sz_sq_dc:256
 6: !!!! max_wqe_sz_sq:1024
 6: !!!! max_wqe_sz_rq:512
 6: !!!! max_wqe_sz_sq_dc:256
 3: Initializing NVMe Controllers
 3: Attached to NVMe over Fabrics controller at 172.24.0.2:4420: nqn.2016-06.io.spdk:cnode1
 3: Controller attach time is 23673.860 us (56817264 ticks)
 3: Associating RDMA (addr:172.24.0.2 subnqn:nqn.2016-06.io.spdk:cnode1) NSID 1 with lcore 0
 3: Associating RDMA (addr:172.24.0.2 subnqn:nqn.2016-06.io.spdk:cnode1) NSID 1 with lcore 1
 3: Associating RDMA (addr:172.24.0.2 subnqn:nqn.2016-06.io.spdk:cnode1) NSID 1 with lcore 2
 3: Associating RDMA (addr:172.24.0.2 subnqn:nqn.2016-06.io.spdk:cnode1) NSID 1 with lcore 3
 3: Associating RDMA (addr:172.24.0.2 subnqn:nqn.2016-06.io.spdk:cnode1) NSID 1 with lcore 4
 3: Associating RDMA (addr:172.24.0.2 subnqn:nqn.2016-06.io.spdk:cnode1) NSID 1 with lcore 5
 3: Associating RDMA (addr:172.24.0.2 subnqn:nqn.2016-06.io.spdk:cnode1) NSID 1 with lcore 6
 3: Associating RDMA (addr:172.24.0.2 subnqn:nqn.2016-06.io.spdk:cnode1) NSID 1 with lcore 7
 3: Associating RDMA (addr:172.24.0.2 subnqn:nqn.2016-06.io.spdk:cnode1) NSID 1 with lcore 8
 3: Associating RDMA (addr:172.24.0.2 subnqn:nqn.2016-06.io.spdk:cnode1) NSID 1 with lcore 9
 3: Associating RDMA (addr:172.24.0.2 subnqn:nqn.2016-06.io.spdk:cnode1) NSID 1 with lcore 10
 3: Associating RDMA (addr:172.24.0.2 subnqn:nqn.2016-06.io.spdk:cnode1) NSID 1 with lcore 11
 3: Associating RDMA (addr:172.24.0.2 subnqn:nqn.2016-06.io.spdk:cnode1) NSID 1 with lcore 12
 3: Associating RDMA (addr:172.24.0.2 subnqn:nqn.2016-06.io.spdk:cnode1) NSID 1 with lcore 13
 3: Associating RDMA (addr:172.24.0.2 subnqn:nqn.2016-06.io.spdk:cnode1) NSID 1 with lcore 14
 3: Associating RDMA (addr:172.24.0.2 subnqn:nqn.2016-06.io.spdk:cnode1) NSID 1 with lcore 15
 3: Initialization complete. Launching workers.
 3: IO qp on core 1 total time 20773.449 us (49856277 ticks), connect time 11075.765 us (26581836 ticks)
 3: IO qp on core 5 total time 27008.130 us (64819512 ticks), connect time 17999.292 us (43198302 ticks)
 3: IO qp on core 2 total time 37506.738 us (90016170 ticks), connect time 27621.334 us (66291201 ticks)
 3: IO qp on core 0 total time 47708.693 us (114500863 ticks), connect time 38261.870 us (91828489 ticks)
 3: IO qp on core 3 total time 57061.899 us (136948557 ticks), connect time 46974.855 us (112739652 ticks)
 3: IO qp on core 9 total time 68322.290 us (163973496 ticks), connect time 57599.171 us (138238011 ticks)
 3: IO qp on core 11 total time 76575.506 us (183781215 ticks), connect time 65848.482 us (158036358 ticks)
 3: IO qp on core 12 total time 86624.119 us (207897885 ticks), connect time 75898.212 us (182155710 ticks)
 3: IO qp on core 4 total time 96724.214 us (232138114 ticks), connect time 85646.790 us (205552297 ticks)
 3: IO qp on core 6 total time 106777.723 us (256266536 ticks), connect time 95697.922 us (229675013 ticks)
 3: IO qp on core 15 total time 117801.651 us (282723963 ticks), connect time 106123.822 us (254697174 ticks)
 3: IO qp on core 14 total time 126497.530 us (303594072 ticks), connect time 114810.376 us (275544903 ticks)
 3: IO qp on core 8 total time 136399.209 us (327358102 ticks), connect time 124460.207 us (298704496 ticks)
 3: IO qp on core 10 total time 147293.833 us (353505199 ticks), connect time 135353.549 us (324848518 ticks)
 3: IO qp on core 13 total time 156564.360 us (375754464 ticks), connect time 144622.241 us (347093379 ticks)
 3: IO qp on core 7 total time 167336.525 us (401607660 ticks), connect time 154534.220 us (370882128 ticks)
 3: ========================================================
 3:                                                                                                                 Latency(us)
 3: Device Information                                                          :       IOPS      MiB/s    Average        min        max
 3: RDMA (addr:172.24.0.2 subnqn:nqn.2016-06.io.spdk:cnode1) NSID 1 from core  0:    9668.30      37.77     103.39       5.97    2740.67
 3: RDMA (addr:172.24.0.2 subnqn:nqn.2016-06.io.spdk:cnode1) NSID 1 from core  1:   10019.50      39.14      99.78       6.36    2647.73
 3: RDMA (addr:172.24.0.2 subnqn:nqn.2016-06.io.spdk:cnode1) NSID 1 from core  2:    9848.70      38.47     101.51       6.14    6959.03
 3: RDMA (addr:172.24.0.2 subnqn:nqn.2016-06.io.spdk:cnode1) NSID 1 from core  3:    9933.50      38.80     100.63       6.40    3236.30
 3: RDMA (addr:172.24.0.2 subnqn:nqn.2016-06.io.spdk:cnode1) NSID 1 from core  4:    9877.10      38.58     101.21       6.32    3654.33
 3: RDMA (addr:172.24.0.2 subnqn:nqn.2016-06.io.spdk:cnode1) NSID 1 from core  5:   10121.00      39.54      98.78       6.17    2577.39
 3: RDMA (addr:172.24.0.2 subnqn:nqn.2016-06.io.spdk:cnode1) NSID 1 from core  6:   10048.00      39.25      99.50       5.84    3626.36
 3: RDMA (addr:172.24.0.2 subnqn:nqn.2016-06.io.spdk:cnode1) NSID 1 from core  7:    9973.90      38.96     100.23       6.56    3706.78
 3: RDMA (addr:172.24.0.2 subnqn:nqn.2016-06.io.spdk:cnode1) NSID 1 from core  8:    9890.80      38.64     101.07       6.65    2803.80
 3: RDMA (addr:172.24.0.2 subnqn:nqn.2016-06.io.spdk:cnode1) NSID 1 from core  9:   10059.40      39.29      99.38       6.03    2988.68
 3: RDMA (addr:172.24.0.2 subnqn:nqn.2016-06.io.spdk:cnode1) NSID 1 from core 10:    9966.00      38.93     100.32       6.40    3724.36
 3: RDMA (addr:172.24.0.2 subnqn:nqn.2016-06.io.spdk:cnode1) NSID 1 from core 11:    9915.70      38.73     100.81       6.70    2825.31
 3: RDMA (addr:172.24.0.2 subnqn:nqn.2016-06.io.spdk:cnode1) NSID 1 from core 12:   10025.00      39.16      99.73       6.23    2714.83
 3: RDMA (addr:172.24.0.2 subnqn:nqn.2016-06.io.spdk:cnode1) NSID 1 from core 13:   10002.20      39.07      99.95       6.51    3947.81
 3: RDMA (addr:172.24.0.2 subnqn:nqn.2016-06.io.spdk:cnode1) NSID 1 from core 14:   10055.10      39.28      99.43       6.29    3477.44
 3: RDMA (addr:172.24.0.2 subnqn:nqn.2016-06.io.spdk:cnode1) NSID 1 from core 15:    9974.50      38.96     100.22       6.36    4231.48
 3: ========================================================
 3: Total                                                                       :  159378.70     622.57     100.36       5.84    6959.03
 3: 
11: Initializing NVMe Controllers
11: Attached to NVMe over Fabrics controller at 172.24.0.2:4420: nqn.2016-06.io.spdk:cnode1
11: Controller attach time is 18298.661 us (43916787 ticks)
11: Associating RDMA (addr:172.24.0.2 subnqn:nqn.2016-06.io.spdk:cnode1) NSID 1 with lcore 0
11: Associating RDMA (addr:172.24.0.2 subnqn:nqn.2016-06.io.spdk:cnode1) NSID 1 with lcore 1
11: Associating RDMA (addr:172.24.0.2 subnqn:nqn.2016-06.io.spdk:cnode1) NSID 1 with lcore 2
11: Associating RDMA (addr:172.24.0.2 subnqn:nqn.2016-06.io.spdk:cnode1) NSID 1 with lcore 3
11: Associating RDMA (addr:172.24.0.2 subnqn:nqn.2016-06.io.spdk:cnode1) NSID 1 with lcore 4
11: Associating RDMA (addr:172.24.0.2 subnqn:nqn.2016-06.io.spdk:cnode1) NSID 1 with lcore 5
11: Associating RDMA (addr:172.24.0.2 subnqn:nqn.2016-06.io.spdk:cnode1) NSID 1 with lcore 6
11: Associating RDMA (addr:172.24.0.2 subnqn:nqn.2016-06.io.spdk:cnode1) NSID 1 with lcore 7
11: Associating RDMA (addr:172.24.0.2 subnqn:nqn.2016-06.io.spdk:cnode1) NSID 1 with lcore 8
11: Associating RDMA (addr:172.24.0.2 subnqn:nqn.2016-06.io.spdk:cnode1) NSID 1 with lcore 9
11: Associating RDMA (addr:172.24.0.2 subnqn:nqn.2016-06.io.spdk:cnode1) NSID 1 with lcore 10
11: Associating RDMA (addr:172.24.0.2 subnqn:nqn.2016-06.io.spdk:cnode1) NSID 1 with lcore 11
11: Associating RDMA (addr:172.24.0.2 subnqn:nqn.2016-06.io.spdk:cnode1) NSID 1 with lcore 12
11: Associating RDMA (addr:172.24.0.2 subnqn:nqn.2016-06.io.spdk:cnode1) NSID 1 with lcore 13
11: Associating RDMA (addr:172.24.0.2 subnqn:nqn.2016-06.io.spdk:cnode1) NSID 1 with lcore 14
11: Associating RDMA (addr:172.24.0.2 subnqn:nqn.2016-06.io.spdk:cnode1) NSID 1 with lcore 15
11: Initialization complete. Launching workers.
11: IO qp on core 10 total time 18521.852 us (44452444 ticks), connect time 9232.925 us (22159021 ticks)
11: IO qp on core 2 total time 28289.817 us (67895560 ticks), connect time 18647.244 us (44753386 ticks)
11: IO qp on core 14 total time 37995.653 us (91189568 ticks), connect time 28774.407 us (69058577 ticks)
11: IO qp on core 6 total time 48712.025 us (116908860 ticks), connect time 38063.174 us (91351617 ticks)
11: IO qp on core 7 total time 58902.399 us (141365757 ticks), connect time 48013.217 us (115231722 ticks)
11: IO qp on core 4 total time 68361.701 us (164068083 ticks), connect time 57344.544 us (137626905 ticks)
11: IO qp on core 5 total time 78289.946 us (187895871 ticks), connect time 67297.311 us (161513547 ticks)
11: IO qp on core 8 total time 88145.194 us (211548465 ticks), connect time 77042.970 us (184903128 ticks)
11: IO qp on core 11 total time 98717.546 us (236922111 ticks), connect time 87526.410 us (210063384 ticks)
11: IO qp on core 9 total time 108923.321 us (261415971 ticks), connect time 97656.077 us (234374586 ticks)
11: IO qp on core 12 total time 117873.451 us (282896282 ticks), connect time 104400.595 us (250561428 ticks)
11: IO qp on core 15 total time 128060.169 us (307344405 ticks), connect time 114579.095 us (274989828 ticks)
11: IO qp on core 0 total time 139603.989 us (335049574 ticks), connect time 125718.483 us (301724359 ticks)
11: IO qp on core 13 total time 148423.295 us (356215908 ticks), connect time 134481.106 us (322754655 ticks)
11: IO qp on core 3 total time 158708.764 us (380901033 ticks), connect time 144208.383 us (346100118 ticks)
11: IO qp on core 1 total time 168287.974 us (403891137 ticks), connect time 153643.234 us (368743761 ticks)
11: ========================================================
11:                                                                                                                 Latency(us)
11: Device Information                                                          :       IOPS      MiB/s    Average        min        max
11: RDMA (addr:172.24.0.2 subnqn:nqn.2016-06.io.spdk:cnode1) NSID 1 from core  0:    4966.40      19.40     201.33       8.47    3205.51
11: RDMA (addr:172.24.0.2 subnqn:nqn.2016-06.io.spdk:cnode1) NSID 1 from core  1:    4984.50      19.47     200.56      10.11    2733.82
 1: Initializing NVMe Controllers
 1: Attached to NVMe over Fabrics controller at 172.24.0.2:4420: nqn.2016-06.io.spdk:cnode1
 1: Controller attach time is 26555.770 us (63733849 ticks)
 1: Associating RDMA (addr:172.24.0.2 subnqn:nqn.2016-06.io.spdk:cnode1) NSID 1 with lcore 0
 1: Associating RDMA (addr:172.24.0.2 subnqn:nqn.2016-06.io.spdk:cnode1) NSID 1 with lcore 1
 1: Associating RDMA (addr:172.24.0.2 subnqn:nqn.2016-06.io.spdk:cnode1) NSID 1 with lcore 2
 1: Associating RDMA (addr:172.24.0.2 subnqn:nqn.2016-06.io.spdk:cnode1) NSID 1 with lcore 3
 1: Associating RDMA (addr:172.24.0.2 subnqn:nqn.2016-06.io.spdk:cnode1) NSID 1 with lcore 4
 1: Associating RDMA (addr:172.24.0.2 subnqn:nqn.2016-06.io.spdk:cnode1) NSID 1 with lcore 5
 1: Associating RDMA (addr:172.24.0.2 subnqn:nqn.2016-06.io.spdk:cnode1) NSID 1 with lcore 6
 1: Associating RDMA (addr:172.24.0.2 subnqn:nqn.2016-06.io.spdk:cnode1) NSID 1 with lcore 7
 1: Associating RDMA (addr:172.24.0.2 subnqn:nqn.2016-06.io.spdk:cnode1) NSID 1 with lcore 8
11: RDMA (addr:172.24.0.2 subnqn:nqn.2016-06.io.spdk:cnode1) NSID 1 from core  2:    4992.40      19.50     200.28       8.12    3654.63
 1: Associating RDMA (addr:172.24.0.2 subnqn:nqn.2016-06.io.spdk:cnode1) NSID 1 with lcore 9
 1: Associating RDMA (addr:172.24.0.2 subnqn:nqn.2016-06.io.spdk:cnode1) NSID 1 with lcore 10
 1: Associating RDMA (addr:172.24.0.2 subnqn:nqn.2016-06.io.spdk:cnode1) NSID 1 with lcore 11
 1: Associating RDMA (addr:172.24.0.2 subnqn:nqn.2016-06.io.spdk:cnode1) NSID 1 with lcore 12
 1: Associating RDMA (addr:172.24.0.2 subnqn:nqn.2016-06.io.spdk:cnode1) NSID 1 with lcore 13
 1: Associating RDMA (addr:172.24.0.2 subnqn:nqn.2016-06.io.spdk:cnode1) NSID 1 with lcore 14
 1: Associating RDMA (addr:172.24.0.2 subnqn:nqn.2016-06.io.spdk:cnode1) NSID 1 with lcore 15
 1: Initialization complete. Launching workers.
 1: IO qp on core 3 total time 26816.549 us (64359717 ticks), connect time 16383.368 us (39320082 ticks)
 1: IO qp on core 5 total time 35920.016 us (86208039 ticks), connect time 25487.731 us (61170555 ticks)
 1: IO qp on core 0 total time 46188.686 us (110852847 ticks), connect time 35422.996 us (85015191 ticks)
 1: IO qp on core 2 total time 57033.316 us (136879958 ticks), connect time 45485.705 us (109165691 ticks)
 1: IO qp on core 15 total time 65977.890 us (158346937 ticks), connect time 55373.790 us (132897097 ticks)
 1: IO qp on core 1 total time 77039.754 us (184895409 ticks), connect time 65168.086 us (156403407 ticks)
 1: IO qp on core 13 total time 85703.053 us (205687326 ticks), connect time 74913.831 us (179793195 ticks)
 1: IO qp on core 7 total time 96048.430 us (230516232 ticks), connect time 85231.878 us (204556506 ticks)
 1: IO qp on core 4 total time 106396.162 us (255350788 ticks), connect time 95193.523 us (228464454 ticks)
 1: IO qp on core 11 total time 115861.753 us (278068206 ticks), connect time 104776.811 us (251464347 ticks)
 1: IO qp on core 6 total time 125504.343 us (301210424 ticks), connect time 114252.491 us (274205979 ticks)
 1: IO qp on core 12 total time 135643.348 us (325544034 ticks), connect time 124206.753 us (298096206 ticks)
 1: IO qp on core 8 total time 147401.504 us (353763610 ticks), connect time 135923.244 us (326215785 ticks)
 1: IO qp on core 10 total time 155952.940 us (374287056 ticks), connect time 144350.348 us (346440836 ticks)
 1: IO qp on core 14 total time 165516.647 us (397239952 ticks), connect time 153914.185 us (369394043 ticks)
 1: IO qp on core 9 total time 175766.398 us (421839356 ticks), connect time 163833.437 us (393200249 ticks)
 1: ========================================================
 1:                                                                                                                 Latency(us)
 1: Device Information                                                          :       IOPS      MiB/s    Average        min        max
 1: RDMA (addr:172.24.0.2 subnqn:nqn.2016-06.io.spdk:cnode1) NSID 1 from core  0:    4989.10      19.49     200.40      11.62    2685.11
 1: RDMA (addr:172.24.0.2 subnqn:nqn.2016-06.io.spdk:cnode1) NSID 1 from core  1:    4975.20      19.43     200.94      10.21    2714.96
 1: RDMA (addr:172.24.0.2 subnqn:nqn.2016-06.io.spdk:cnode1) NSID 1 from core  2:    4991.90      19.50     200.28      11.19    2313.08
11: RDMA (addr:172.24.0.2 subnqn:nqn.2016-06.io.spdk:cnode1) NSID 1 from core  3:    4982.60      19.46     200.65      13.32    2786.24
11: RDMA (addr:172.24.0.2 subnqn:nqn.2016-06.io.spdk:cnode1) NSID 1 from core  4:    4982.30      19.46     200.69       8.36    3673.82
11: RDMA (addr:172.24.0.2 subnqn:nqn.2016-06.io.spdk:cnode1) NSID 1 from core  5:    4985.30      19.47     200.56       6.44    3457.46
11: RDMA (addr:172.24.0.2 subnqn:nqn.2016-06.io.spdk:cnode1) NSID 1 from core  6:    4989.00      19.49     200.41       7.96    2780.37
11: RDMA (addr:172.24.0.2 subnqn:nqn.2016-06.io.spdk:cnode1) NSID 1 from core  7:    4983.10      19.47     200.64      10.60    2714.86
11: RDMA (addr:172.24.0.2 subnqn:nqn.2016-06.io.spdk:cnode1) NSID 1 from core  8:    4985.30      19.47     200.56       6.89    2403.62
11: RDMA (addr:172.24.0.2 subnqn:nqn.2016-06.io.spdk:cnode1) NSID 1 from core  9:    4980.70      19.46     200.72      11.82    2307.90
 1: RDMA (addr:172.24.0.2 subnqn:nqn.2016-06.io.spdk:cnode1) NSID 1 from core  3:    4995.40      19.51     200.14      11.23    3312.14
 1: RDMA (addr:172.24.0.2 subnqn:nqn.2016-06.io.spdk:cnode1) NSID 1 from core  4:    4974.70      19.43     200.99      10.86    2898.67
 1: RDMA (addr:172.24.0.2 subnqn:nqn.2016-06.io.spdk:cnode1) NSID 1 from core  5:    4993.20      19.50     200.24       9.56    3601.61
 1: RDMA (addr:172.24.0.2 subnqn:nqn.2016-06.io.spdk:cnode1) NSID 1 from core  6:    4977.60      19.44     200.88      10.21    2717.05
 1: RDMA (addr:172.24.0.2 subnqn:nqn.2016-06.io.spdk:cnode1) NSID 1 from core  7:    4973.30      19.43     201.04      11.90    3631.95
 1: RDMA (addr:172.24.0.2 subnqn:nqn.2016-06.io.spdk:cnode1) NSID 1 from core  8:    4979.20      19.45     200.81      10.63    2707.91
 1: RDMA (addr:172.24.0.2 subnqn:nqn.2016-06.io.spdk:cnode1) NSID 1 from core  9:    4985.30      19.47     200.56      10.85    3252.67
11: RDMA (addr:172.24.0.2 subnqn:nqn.2016-06.io.spdk:cnode1) NSID 1 from core 10:    5003.20      19.54     199.85       8.28    2331.02
11: RDMA (addr:172.24.0.2 subnqn:nqn.2016-06.io.spdk:cnode1) NSID 1 from core 11:    4975.90      19.44     200.94      10.46    3796.14
11: RDMA (addr:172.24.0.2 subnqn:nqn.2016-06.io.spdk:cnode1) NSID 1 from core 12:    4970.60      19.42     201.16       6.43    3630.70
11: RDMA (addr:172.24.0.2 subnqn:nqn.2016-06.io.spdk:cnode1) NSID 1 from core 13:    4990.50      19.49     200.34      12.74    2404.39
11: RDMA (addr:172.24.0.2 subnqn:nqn.2016-06.io.spdk:cnode1) NSID 1 from core 14:    4993.00      19.50     200.26       8.55    3762.99
11: RDMA (addr:172.24.0.2 subnqn:nqn.2016-06.io.spdk:cnode1) NSID 1 from core 15:    4983.40      19.47     200.63      13.55    3461.29
11: ========================================================
11: Total                                                                       :   79748.20     311.52     200.60       6.43    3796.14
11: 
 1: RDMA (addr:172.24.0.2 subnqn:nqn.2016-06.io.spdk:cnode1) NSID 1 from core 10:    4981.50      19.46     200.72      10.18    3764.10
 1: RDMA (addr:172.24.0.2 subnqn:nqn.2016-06.io.spdk:cnode1) NSID 1 from core 11:    4981.50      19.46     200.70      10.50    2764.12
 1: RDMA (addr:172.24.0.2 subnqn:nqn.2016-06.io.spdk:cnode1) NSID 1 from core 12:    4977.30      19.44     200.89      11.09    3660.75
 1: RDMA (addr:172.24.0.2 subnqn:nqn.2016-06.io.spdk:cnode1) NSID 1 from core 13:    4962.40      19.38     201.46      10.41    2800.26
 1: RDMA (addr:172.24.0.2 subnqn:nqn.2016-06.io.spdk:cnode1) NSID 1 from core 14:    4984.90      19.47     200.58      12.19    2903.91
 1: RDMA (addr:172.24.0.2 subnqn:nqn.2016-06.io.spdk:cnode1) NSID 1 from core 15:    4983.70      19.47     200.62      12.94    3256.68
 1: ========================================================
 1: Total                                                                       :   79706.20     311.35     200.70       9.56    3764.10
 1: 
16: Initializing NVMe Controllers
16: Attached to NVMe over Fabrics controller at 172.24.0.2:4420: nqn.2016-06.io.spdk:cnode1
16: Controller attach time is 19128.127 us (45907504 ticks)
16: Associating RDMA (addr:172.24.0.2 subnqn:nqn.2016-06.io.spdk:cnode1) NSID 1 with lcore 0
16: Associating RDMA (addr:172.24.0.2 subnqn:nqn.2016-06.io.spdk:cnode1) NSID 1 with lcore 1
16: Associating RDMA (addr:172.24.0.2 subnqn:nqn.2016-06.io.spdk:cnode1) NSID 1 with lcore 2
16: Associating RDMA (addr:172.24.0.2 subnqn:nqn.2016-06.io.spdk:cnode1) NSID 1 with lcore 3
16: Associating RDMA (addr:172.24.0.2 subnqn:nqn.2016-06.io.spdk:cnode1) NSID 1 with lcore 4
16: Associating RDMA (addr:172.24.0.2 subnqn:nqn.2016-06.io.spdk:cnode1) NSID 1 with lcore 5
16: Associating RDMA (addr:172.24.0.2 subnqn:nqn.2016-06.io.spdk:cnode1) NSID 1 with lcore 6
16: Associating RDMA (addr:172.24.0.2 subnqn:nqn.2016-06.io.spdk:cnode1) NSID 1 with lcore 7
16: Associating RDMA (addr:172.24.0.2 subnqn:nqn.2016-06.io.spdk:cnode1) NSID 1 with lcore 8
16: Associating RDMA (addr:172.24.0.2 subnqn:nqn.2016-06.io.spdk:cnode1) NSID 1 with lcore 9
16: Associating RDMA (addr:172.24.0.2 subnqn:nqn.2016-06.io.spdk:cnode1) NSID 1 with lcore 10
16: Associating RDMA (addr:172.24.0.2 subnqn:nqn.2016-06.io.spdk:cnode1) NSID 1 with lcore 11
16: Associating RDMA (addr:172.24.0.2 subnqn:nqn.2016-06.io.spdk:cnode1) NSID 1 with lcore 12
16: Associating RDMA (addr:172.24.0.2 subnqn:nqn.2016-06.io.spdk:cnode1) NSID 1 with lcore 13
16: Associating RDMA (addr:172.24.0.2 subnqn:nqn.2016-06.io.spdk:cnode1) NSID 1 with lcore 14
16: Associating RDMA (addr:172.24.0.2 subnqn:nqn.2016-06.io.spdk:cnode1) NSID 1 with lcore 15
16: Initialization complete. Launching workers.
16: IO qp on core 4 total time 18512.838 us (44430811 ticks), connect time 8020.179 us (19248430 ticks)
16: IO qp on core 3 total time 29162.147 us (69989152 ticks), connect time 18667.918 us (44803003 ticks)
16: IO qp on core 2 total time 38389.090 us (92133816 ticks), connect time 27545.199 us (66108477 ticks)
16: IO qp on core 7 total time 48671.531 us (116811675 ticks), connect time 37689.046 us (90453711 ticks)
16: IO qp on core 0 total time 57706.202 us (138494885 ticks), connect time 46871.390 us (112491335 ticks)
16: IO qp on core 1 total time 68234.240 us (163762176 ticks), connect time 56985.489 us (136765173 ticks)
16: IO qp on core 5 total time 79067.242 us (189761382 ticks), connect time 67819.994 us (162767985 ticks)
16: IO qp on core 6 total time 88147.274 us (211553458 ticks), connect time 76931.180 us (184634833 ticks)
16: IO qp on core 9 total time 97229.438 us (233350652 ticks), connect time 86652.035 us (207964883 ticks)
16: IO qp on core 10 total time 107098.223 us (257035734 ticks), connect time 96083.430 us (230600232 ticks)
16: IO qp on core 8 total time 118837.574 us (285210178 ticks), connect time 106771.270 us (256251049 ticks)
16: IO qp on core 12 total time 127292.025 us (305500859 ticks), connect time 115222.776 us (276534662 ticks)
16: IO qp on core 11 total time 137557.647 us (330138354 ticks), connect time 125331.556 us (300795735 ticks)
16: IO qp on core 15 total time 147325.726 us (353581743 ticks), connect time 134590.302 us (323016726 ticks)
16: IO qp on core 13 total time 158012.741 us (379230579 ticks), connect time 145249.272 us (348598254 ticks)
16: IO qp on core 14 total time 167344.004 us (401625609 ticks), connect time 154439.610 us (370655064 ticks)
16: ========================================================
16:                                                                                                                 Latency(us)
16: Device Information                                                          :       IOPS      MiB/s    Average        min        max
16: RDMA (addr:172.24.0.2 subnqn:nqn.2016-06.io.spdk:cnode1) NSID 1 from core  0:    4926.50      19.24     202.88      19.01    2703.85
16: RDMA (addr:172.24.0.2 subnqn:nqn.2016-06.io.spdk:cnode1) NSID 1 from core  1:    4906.50      19.17     203.74      16.14    3204.72
16: RDMA (addr:172.24.0.2 subnqn:nqn.2016-06.io.spdk:cnode1) NSID 1 from core  2:    4937.60      19.29     202.50      13.75    2715.02
16: RDMA (addr:172.24.0.2 subnqn:nqn.2016-06.io.spdk:cnode1) NSID 1 from core  3:    4942.70      19.31     202.29       8.39    2722.11
16: RDMA (addr:172.24.0.2 subnqn:nqn.2016-06.io.spdk:cnode1) NSID 1 from core  4:    4938.20      19.29     202.46      12.11    2901.36
16: RDMA (addr:172.24.0.2 subnqn:nqn.2016-06.io.spdk:cnode1) NSID 1 from core  5:    4920.00      19.22     203.21      14.18    3633.88
16: RDMA (addr:172.24.0.2 subnqn:nqn.2016-06.io.spdk:cnode1) NSID 1 from core  6:    4921.50      19.22     203.17      11.55    3254.64
16: RDMA (addr:172.24.0.2 subnqn:nqn.2016-06.io.spdk:cnode1) NSID 1 from core  7:    4926.10      19.24     202.94      10.38    3633.28
16: RDMA (addr:172.24.0.2 subnqn:nqn.2016-06.io.spdk:cnode1) NSID 1 from core  8:    4913.20      19.19     203.51       9.43    3945.99
16: RDMA (addr:172.24.0.2 subnqn:nqn.2016-06.io.spdk:cnode1) NSID 1 from core  9:    4923.60      19.23     203.07      12.16    2744.38
16: RDMA (addr:172.24.0.2 subnqn:nqn.2016-06.io.spdk:cnode1) NSID 1 from core 10:    4927.30      19.25     202.93      13.37    2801.45
16: RDMA (addr:172.24.0.2 subnqn:nqn.2016-06.io.spdk:cnode1) NSID 1 from core 11:    4939.80      19.30     202.40      12.80    2709.08
16: RDMA (addr:172.24.0.2 subnqn:nqn.2016-06.io.spdk:cnode1) NSID 1 from core 12:    4930.70      19.26     202.79      13.84    3704.38
16: RDMA (addr:172.24.0.2 subnqn:nqn.2016-06.io.spdk:cnode1) NSID 1 from core 13:    4929.00      19.25     202.83       8.21    3697.09
16: RDMA (addr:172.24.0.2 subnqn:nqn.2016-06.io.spdk:cnode1) NSID 1 from core 14:    4934.70      19.28     202.62      12.82    3620.53
16: RDMA (addr:172.24.0.2 subnqn:nqn.2016-06.io.spdk:cnode1) NSID 1 from core 15:    4927.90      19.25     202.87      14.32    2734.43
16: ========================================================
16: Total                                                                       :   78845.30     307.99     202.89       8.21    3945.99
16: 
 9: Initializing NVMe Controllers
 9: Attached to NVMe over Fabrics controller at 172.24.0.2:4420: nqn.2016-06.io.spdk:cnode1
 9: Controller attach time is 20145.219 us (48348526 ticks)
 9: Associating RDMA (addr:172.24.0.2 subnqn:nqn.2016-06.io.spdk:cnode1) NSID 1 with lcore 0
 9: Associating RDMA (addr:172.24.0.2 subnqn:nqn.2016-06.io.spdk:cnode1) NSID 1 with lcore 1
 9: Associating RDMA (addr:172.24.0.2 subnqn:nqn.2016-06.io.spdk:cnode1) NSID 1 with lcore 2
 9: Associating RDMA (addr:172.24.0.2 subnqn:nqn.2016-06.io.spdk:cnode1) NSID 1 with lcore 3
 9: Associating RDMA (addr:172.24.0.2 subnqn:nqn.2016-06.io.spdk:cnode1) NSID 1 with lcore 4
 9: Associating RDMA (addr:172.24.0.2 subnqn:nqn.2016-06.io.spdk:cnode1) NSID 1 with lcore 5
 9: Associating RDMA (addr:172.24.0.2 subnqn:nqn.2016-06.io.spdk:cnode1) NSID 1 with lcore 6
 9: Associating RDMA (addr:172.24.0.2 subnqn:nqn.2016-06.io.spdk:cnode1) NSID 1 with lcore 7
 9: Associating RDMA (addr:172.24.0.2 subnqn:nqn.2016-06.io.spdk:cnode1) NSID 1 with lcore 8
 9: Associating RDMA (addr:172.24.0.2 subnqn:nqn.2016-06.io.spdk:cnode1) NSID 1 with lcore 9
 9: Associating RDMA (addr:172.24.0.2 subnqn:nqn.2016-06.io.spdk:cnode1) NSID 1 with lcore 10
 9: Associating RDMA (addr:172.24.0.2 subnqn:nqn.2016-06.io.spdk:cnode1) NSID 1 with lcore 11
 9: Associating RDMA (addr:172.24.0.2 subnqn:nqn.2016-06.io.spdk:cnode1) NSID 1 with lcore 12
 9: Associating RDMA (addr:172.24.0.2 subnqn:nqn.2016-06.io.spdk:cnode1) NSID 1 with lcore 13
 9: Associating RDMA (addr:172.24.0.2 subnqn:nqn.2016-06.io.spdk:cnode1) NSID 1 with lcore 14
 9: Associating RDMA (addr:172.24.0.2 subnqn:nqn.2016-06.io.spdk:cnode1) NSID 1 with lcore 15
 9: Initialization complete. Launching workers.
 9: IO qp on core 1 total time 18905.344 us (45372826 ticks), connect time 8143.031 us (19543275 ticks)
 9: IO qp on core 3 total time 28246.952 us (67792686 ticks), connect time 17590.211 us (42216507 ticks)
 9: IO qp on core 0 total time 37832.183 us (90797240 ticks), connect time 27620.586 us (66289406 ticks)
 9: IO qp on core 5 total time 47939.835 us (115055605 ticks), connect time 38068.378 us (91364107 ticks)
 9: IO qp on core 2 total time 58053.899 us (139329357 ticks), connect time 47101.035 us (113042484 ticks)
 9: IO qp on core 4 total time 66897.225 us (160553340 ticks), connect time 56847.696 us (136434471 ticks)
 9: IO qp on core 6 total time 77161.366 us (185187278 ticks), connect time 67059.886 us (160943726 ticks)
 9: IO qp on core 8 total time 88652.059 us (212764941 ticks), connect time 78249.712 us (187799310 ticks)
 9: IO qp on core 7 total time 97490.991 us (233978379 ticks), connect time 86670.115 us (208008276 ticks)
 9: IO qp on core 15 total time 107104.610 us (257051064 ticks), connect time 96361.871 us (231268491 ticks)
 9: IO qp on core 10 total time 116797.083 us (280312998 ticks), connect time 105923.411 us (254216187 ticks)
 9: IO qp on core 13 total time 127994.906 us (307187775 ticks), connect time 117023.020 us (280855248 ticks)
 9: IO qp on core 11 total time 138293.948 us (331905476 ticks), connect time 127045.370 us (304908887 ticks)
 9: IO qp on core 9 total time 147351.609 us (353643861 ticks), connect time 135487.625 us (325170300 ticks)
 9: IO qp on core 14 total time 157239.812 us (377375549 ticks), connect time 145230.185 us (348552443 ticks)
 9: IO qp on core 12 total time 167141.472 us (401139532 ticks), connect time 155108.668 us (372260803 ticks)
 9: ========================================================
 9:                                                                                                                 Latency(us)
 9: Device Information                                                          :       IOPS      MiB/s    Average        min        max
 9: RDMA (addr:172.24.0.2 subnqn:nqn.2016-06.io.spdk:cnode1) NSID 1 from core  0:    4878.70      19.06     204.94      14.43    3203.36
 9: RDMA (addr:172.24.0.2 subnqn:nqn.2016-06.io.spdk:cnode1) NSID 1 from core  1:    4882.90      19.07     204.77      20.14    2521.96
 9: RDMA (addr:172.24.0.2 subnqn:nqn.2016-06.io.spdk:cnode1) NSID 1 from core  2:    4871.80      19.03     205.24      14.79    2764.66
 9: RDMA (addr:172.24.0.2 subnqn:nqn.2016-06.io.spdk:cnode1) NSID 1 from core  3:    4865.40      19.01     205.50      21.07    3948.16
 9: RDMA (addr:172.24.0.2 subnqn:nqn.2016-06.io.spdk:cnode1) NSID 1 from core  4:    4877.90      19.05     204.98      14.27    2744.36
 9: RDMA (addr:172.24.0.2 subnqn:nqn.2016-06.io.spdk:cnode1) NSID 1 from core  5:    4878.00      19.05     204.93      10.50    2694.04
 9: RDMA (addr:172.24.0.2 subnqn:nqn.2016-06.io.spdk:cnode1) NSID 1 from core  6:    4880.40      19.06     204.88      14.44    2573.73
 9: RDMA (addr:172.24.0.2 subnqn:nqn.2016-06.io.spdk:cnode1) NSID 1 from core  7:    4877.60      19.05     204.97      12.41    3651.86
 9: RDMA (addr:172.24.0.2 subnqn:nqn.2016-06.io.spdk:cnode1) NSID 1 from core  8:    4886.10      19.09     204.62      11.47    3206.45
 9: RDMA (addr:172.24.0.2 subnqn:nqn.2016-06.io.spdk:cnode1) NSID 1 from core  9:    4882.70      19.07     204.76      11.69    3461.00
 9: RDMA (addr:172.24.0.2 subnqn:nqn.2016-06.io.spdk:cnode1) NSID 1 from core 10:    4886.60      19.09     204.62      11.10    2785.84
 9: RDMA (addr:172.24.0.2 subnqn:nqn.2016-06.io.spdk:cnode1) NSID 1 from core 11:    4881.80      19.07     204.78      10.21    2545.41
 9: RDMA (addr:172.24.0.2 subnqn:nqn.2016-06.io.spdk:cnode1) NSID 1 from core 12:    4866.50      19.01     205.46      11.83    3185.16
 9: RDMA (addr:172.24.0.2 subnqn:nqn.2016-06.io.spdk:cnode1) NSID 1 from core 13:    4885.20      19.08     204.66      13.11    2733.90
 9: RDMA (addr:172.24.0.2 subnqn:nqn.2016-06.io.spdk:cnode1) NSID 1 from core 14:    4888.10      19.09     204.53      12.20    2681.27
 9: RDMA (addr:172.24.0.2 subnqn:nqn.2016-06.io.spdk:cnode1) NSID 1 from core 15:    4883.00      19.07     204.73      15.25    2331.04
 9: ========================================================
 9: Total                                                                       :   78072.70     304.97     204.90      10.21    3948.16
 9: 
 4: Initializing NVMe Controllers
 4: Attached to NVMe over Fabrics controller at 172.24.0.2:4420: nqn.2016-06.io.spdk:cnode1
 4: Controller attach time is 19501.241 us (46802978 ticks)
 4: Associating RDMA (addr:172.24.0.2 subnqn:nqn.2016-06.io.spdk:cnode1) NSID 1 with lcore 0
 4: Associating RDMA (addr:172.24.0.2 subnqn:nqn.2016-06.io.spdk:cnode1) NSID 1 with lcore 1
 4: Associating RDMA (addr:172.24.0.2 subnqn:nqn.2016-06.io.spdk:cnode1) NSID 1 with lcore 2
 4: Associating RDMA (addr:172.24.0.2 subnqn:nqn.2016-06.io.spdk:cnode1) NSID 1 with lcore 3
 4: Associating RDMA (addr:172.24.0.2 subnqn:nqn.2016-06.io.spdk:cnode1) NSID 1 with lcore 4
 4: Associating RDMA (addr:172.24.0.2 subnqn:nqn.2016-06.io.spdk:cnode1) NSID 1 with lcore 5
 4: Associating RDMA (addr:172.24.0.2 subnqn:nqn.2016-06.io.spdk:cnode1) NSID 1 with lcore 6
 4: Associating RDMA (addr:172.24.0.2 subnqn:nqn.2016-06.io.spdk:cnode1) NSID 1 with lcore 7
 4: Associating RDMA (addr:172.24.0.2 subnqn:nqn.2016-06.io.spdk:cnode1) NSID 1 with lcore 8
 4: Associating RDMA (addr:172.24.0.2 subnqn:nqn.2016-06.io.spdk:cnode1) NSID 1 with lcore 9
 4: Associating RDMA (addr:172.24.0.2 subnqn:nqn.2016-06.io.spdk:cnode1) NSID 1 with lcore 10
 4: Associating RDMA (addr:172.24.0.2 subnqn:nqn.2016-06.io.spdk:cnode1) NSID 1 with lcore 11
 4: Associating RDMA (addr:172.24.0.2 subnqn:nqn.2016-06.io.spdk:cnode1) NSID 1 with lcore 12
 4: Associating RDMA (addr:172.24.0.2 subnqn:nqn.2016-06.io.spdk:cnode1) NSID 1 with lcore 13
 4: Associating RDMA (addr:172.24.0.2 subnqn:nqn.2016-06.io.spdk:cnode1) NSID 1 with lcore 14
 4: Associating RDMA (addr:172.24.0.2 subnqn:nqn.2016-06.io.spdk:cnode1) NSID 1 with lcore 15
 4: Initialization complete. Launching workers.
 4: IO qp on core 2 total time 16726.167 us (40142802 ticks), connect time 7237.985 us (17371164 ticks)
 4: IO qp on core 3 total time 27977.342 us (67145620 ticks), connect time 18400.742 us (44161780 ticks)
 4: IO qp on core 1 total time 36947.029 us (88672870 ticks), connect time 27185.369 us (65244885 ticks)
 4: IO qp on core 0 total time 45766.860 us (109840463 ticks), connect time 34898.556 us (83756534 ticks)
 4: IO qp on core 6 total time 56405.616 us (135373478 ticks), connect time 45947.022 us (110272853 ticks)
 4: IO qp on core 4 total time 65720.837 us (157730010 ticks), connect time 55158.324 us (132379977 ticks)
 4: IO qp on core 5 total time 76533.878 us (183681308 ticks), connect time 65345.035 us (156828083 ticks)
 4: IO qp on core 11 total time 85844.888 us (206027731 ticks), connect time 74773.210 us (179455705 ticks)
 4: IO qp on core 12 total time 95390.085 us (228936204 ticks), connect time 84101.476 us (201843543 ticks)
 4: IO qp on core 8 total time 107106.507 us (257055617 ticks), connect time 95810.845 us (229946027 ticks)
 4: IO qp on core 9 total time 116347.050 us (279232919 ticks), connect time 104853.297 us (251647913 ticks)
 4: IO qp on core 10 total time 126204.236 us (302890167 ticks), connect time 114705.107 us (275292258 ticks)
 4: IO qp on core 14 total time 135816.277 us (325959065 ticks), connect time 124123.892 us (297897341 ticks)
 4: IO qp on core 7 total time 145831.942 us (349996661 ticks), connect time 134134.111 us (321921866 ticks)
 4: IO qp on core 15 total time 156312.289 us (375149493 ticks), connect time 144423.740 us (346616976 ticks)
 4: IO qp on core 13 total time 165891.791 us (398140298 ticks), connect time 153997.745 us (369594587 ticks)
 4: ========================================================
 4:                                                                                                                 Latency(us)
 4: Device Information                                                          :       IOPS      MiB/s    Average        min        max
 4: RDMA (addr:172.24.0.2 subnqn:nqn.2016-06.io.spdk:cnode1) NSID 1 from core  0:    4723.40      18.45     211.64      12.45    2662.42
 4: RDMA (addr:172.24.0.2 subnqn:nqn.2016-06.io.spdk:cnode1) NSID 1 from core  1:    4718.20      18.43     211.89      12.64    3185.59
 4: RDMA (addr:172.24.0.2 subnqn:nqn.2016-06.io.spdk:cnode1) NSID 1 from core  2:    4720.80      18.44     211.80      25.81    2800.33
 4: RDMA (addr:172.24.0.2 subnqn:nqn.2016-06.io.spdk:cnode1) NSID 1 from core  3:    4722.10      18.45     211.73      20.46    3940.89
 4: RDMA (addr:172.24.0.2 subnqn:nqn.2016-06.io.spdk:cnode1) NSID 1 from core  4:    4720.40      18.44     211.79      21.59    2894.98
 4: RDMA (addr:172.24.0.2 subnqn:nqn.2016-06.io.spdk:cnode1) NSID 1 from core  5:    4710.50      18.40     212.23      23.38    2631.14
 4: RDMA (addr:172.24.0.2 subnqn:nqn.2016-06.io.spdk:cnode1) NSID 1 from core  6:    4725.70      18.46     211.59      17.89    3152.11
 4: RDMA (addr:172.24.0.2 subnqn:nqn.2016-06.io.spdk:cnode1) NSID 1 from core  7:    4724.90      18.46     211.62      15.77    3796.23
 4: RDMA (addr:172.24.0.2 subnqn:nqn.2016-06.io.spdk:cnode1) NSID 1 from core  8:    4719.20      18.43     211.87      13.57    2453.11
 4: RDMA (addr:172.24.0.2 subnqn:nqn.2016-06.io.spdk:cnode1) NSID 1 from core  9:    4719.50      18.44     211.86      15.85    2453.10
 4: RDMA (addr:172.24.0.2 subnqn:nqn.2016-06.io.spdk:cnode1) NSID 1 from core 10:    4726.60      18.46     211.55      14.03    2703.17
 4: RDMA (addr:172.24.0.2 subnqn:nqn.2016-06.io.spdk:cnode1) NSID 1 from core 11:    4718.90      18.43     211.87      19.88    2691.14
 4: RDMA (addr:172.24.0.2 subnqn:nqn.2016-06.io.spdk:cnode1) NSID 1 from core 12:    4721.90      18.44     211.76      17.99    2968.48
 4: RDMA (addr:172.24.0.2 subnqn:nqn.2016-06.io.spdk:cnode1) NSID 1 from core 13:    4721.10      18.44     211.76      13.69    3947.50
 4: RDMA (addr:172.24.0.2 subnqn:nqn.2016-06.io.spdk:cnode1) NSID 1 from core 14:    4722.90      18.45     211.70      15.99    2402.99
 4: RDMA (addr:172.24.0.2 subnqn:nqn.2016-06.io.spdk:cnode1) NSID 1 from core 15:    4711.90      18.41     212.19      15.39    2635.73
 4: ========================================================
 4: Total                                                                       :   75528.00     295.03     211.80      12.45    3947.50
 4: 
13: Initializing NVMe Controllers
13: Attached to NVMe over Fabrics controller at 172.24.0.2:4420: nqn.2016-06.io.spdk:cnode1
13: Controller attach time is 18407.118 us (44177084 ticks)
13: Associating RDMA (addr:172.24.0.2 subnqn:nqn.2016-06.io.spdk:cnode1) NSID 1 with lcore 0
13: Associating RDMA (addr:172.24.0.2 subnqn:nqn.2016-06.io.spdk:cnode1) NSID 1 with lcore 1
13: Associating RDMA (addr:172.24.0.2 subnqn:nqn.2016-06.io.spdk:cnode1) NSID 1 with lcore 2
13: Associating RDMA (addr:172.24.0.2 subnqn:nqn.2016-06.io.spdk:cnode1) NSID 1 with lcore 3
13: Associating RDMA (addr:172.24.0.2 subnqn:nqn.2016-06.io.spdk:cnode1) NSID 1 with lcore 4
13: Associating RDMA (addr:172.24.0.2 subnqn:nqn.2016-06.io.spdk:cnode1) NSID 1 with lcore 5
13: Associating RDMA (addr:172.24.0.2 subnqn:nqn.2016-06.io.spdk:cnode1) NSID 1 with lcore 6
13: Associating RDMA (addr:172.24.0.2 subnqn:nqn.2016-06.io.spdk:cnode1) NSID 1 with lcore 7
13: Associating RDMA (addr:172.24.0.2 subnqn:nqn.2016-06.io.spdk:cnode1) NSID 1 with lcore 8
13: Associating RDMA (addr:172.24.0.2 subnqn:nqn.2016-06.io.spdk:cnode1) NSID 1 with lcore 9
13: Associating RDMA (addr:172.24.0.2 subnqn:nqn.2016-06.io.spdk:cnode1) NSID 1 with lcore 10
13: Associating RDMA (addr:172.24.0.2 subnqn:nqn.2016-06.io.spdk:cnode1) NSID 1 with lcore 11
13: Associating RDMA (addr:172.24.0.2 subnqn:nqn.2016-06.io.spdk:cnode1) NSID 1 with lcore 12
13: Associating RDMA (addr:172.24.0.2 subnqn:nqn.2016-06.io.spdk:cnode1) NSID 1 with lcore 13
13: Associating RDMA (addr:172.24.0.2 subnqn:nqn.2016-06.io.spdk:cnode1) NSID 1 with lcore 14
13: Associating RDMA (addr:172.24.0.2 subnqn:nqn.2016-06.io.spdk:cnode1) NSID 1 with lcore 15
13: Initialization complete. Launching workers.
13: IO qp on core 1 total time 18607.596 us (44658230 ticks), connect time 9506.591 us (22815819 ticks)
13: IO qp on core 0 total time 27325.640 us (65581536 ticks), connect time 18466.053 us (44318526 ticks)
13: IO qp on core 3 total time 38001.503 us (91203608 ticks), connect time 29511.670 us (70828007 ticks)
13: IO qp on core 2 total time 47991.622 us (115179892 ticks), connect time 38506.380 us (92415313 ticks)
13: IO qp on core 5 total time 57268.220 us (137443729 ticks), connect time 48563.547 us (116552512 ticks)
13: IO qp on core 4 total time 67304.995 us (161531987 ticks), connect time 58528.547 us (140468513 ticks)
13: IO qp on core 6 total time 77105.113 us (185052270 ticks), connect time 67996.450 us (163191480 ticks)
13: IO qp on core 11 total time 88645.294 us (212748705 ticks), connect time 79032.670 us (189678408 ticks)
13: IO qp on core 7 total time 97297.110 us (233513065 ticks), connect time 87643.637 us (210344728 ticks)
13: IO qp on core 12 total time 107265.535 us (257437284 ticks), connect time 96889.111 us (232533867 ticks)
13: IO qp on core 13 total time 117411.133 us (281786718 ticks), connect time 107030.854 us (256874049 ticks)
13: IO qp on core 8 total time 127908.293 us (306979903 ticks), connect time 117525.147 us (282060352 ticks)
13: IO qp on core 10 total time 137738.697 us (330572872 ticks), connect time 126015.629 us (302437510 ticks)
13: IO qp on core 14 total time 147278.148 us (353467556 ticks), connect time 134704.690 us (323291255 ticks)
13: IO qp on core 9 total time 157117.117 us (377081081 ticks), connect time 144559.125 us (346941899 ticks)
13: IO qp on core 15 total time 167200.215 us (401280517 ticks), connect time 154619.900 us (371087761 ticks)
13: ========================================================
13:                                                                                                                 Latency(us)
13: Device Information                                                          :       IOPS      MiB/s    Average        min        max
13: RDMA (addr:172.24.0.2 subnqn:nqn.2016-06.io.spdk:cnode1) NSID 1 from core  0:    4707.30      18.39     212.38      26.40    3793.40
13: RDMA (addr:172.24.0.2 subnqn:nqn.2016-06.io.spdk:cnode1) NSID 1 from core  1:    4705.00      18.38     212.50      23.00    2411.01
13: RDMA (addr:172.24.0.2 subnqn:nqn.2016-06.io.spdk:cnode1) NSID 1 from core  2:    4706.20      18.38     212.44       9.51    2311.24
13: RDMA (addr:172.24.0.2 subnqn:nqn.2016-06.io.spdk:cnode1) NSID 1 from core  3:    4706.70      18.39     212.41      19.76    2791.58
13: RDMA (addr:172.24.0.2 subnqn:nqn.2016-06.io.spdk:cnode1) NSID 1 from core  4:    4698.70      18.35     212.76      19.32    3259.53
13: RDMA (addr:172.24.0.2 subnqn:nqn.2016-06.io.spdk:cnode1) NSID 1 from core  5:    4703.80      18.37     212.54      17.05    2645.09
13: RDMA (addr:172.24.0.2 subnqn:nqn.2016-06.io.spdk:cnode1) NSID 1 from core  6:    4695.80      18.34     212.93      24.54    2696.66
13: RDMA (addr:172.24.0.2 subnqn:nqn.2016-06.io.spdk:cnode1) NSID 1 from core  7:    4699.30      18.36     212.75      23.01    3477.58
13: RDMA (addr:172.24.0.2 subnqn:nqn.2016-06.io.spdk:cnode1) NSID 1 from core  8:    4707.90      18.39     212.37      19.18    2643.46
13: RDMA (addr:172.24.0.2 subnqn:nqn.2016-06.io.spdk:cnode1) NSID 1 from core  9:    4706.50      18.38     212.44      22.23    2404.20
13: RDMA (addr:172.24.0.2 subnqn:nqn.2016-06.io.spdk:cnode1) NSID 1 from core 10:    4699.10      18.36     212.78      19.26    2451.35
13: RDMA (addr:172.24.0.2 subnqn:nqn.2016-06.io.spdk:cnode1) NSID 1 from core 11:    4698.50      18.35     212.77      18.90    2699.64
13: RDMA (addr:172.24.0.2 subnqn:nqn.2016-06.io.spdk:cnode1) NSID 1 from core 12:    4701.60      18.37     212.67      21.95    2801.80
13: RDMA (addr:172.24.0.2 subnqn:nqn.2016-06.io.spdk:cnode1) NSID 1 from core 13:    4702.80      18.37     212.59      21.81    3207.20
13: RDMA (addr:172.24.0.2 subnqn:nqn.2016-06.io.spdk:cnode1) NSID 1 from core 14:    4699.60      18.36     212.76      19.79    3488.20
13: RDMA (addr:172.24.0.2 subnqn:nqn.2016-06.io.spdk:cnode1) NSID 1 from core 15:    4706.40      18.38     212.45      21.44    2278.39
13: ========================================================
13: Total                                                                       :   75245.20     293.93     212.60       9.51    3793.40
13: 
12: Initializing NVMe Controllers
12: Attached to NVMe over Fabrics controller at 172.24.0.2:4420: nqn.2016-06.io.spdk:cnode1
12: Controller attach time is 22304.873 us (53531694 ticks)
12: Associating RDMA (addr:172.24.0.2 subnqn:nqn.2016-06.io.spdk:cnode1) NSID 1 with lcore 0
12: Associating RDMA (addr:172.24.0.2 subnqn:nqn.2016-06.io.spdk:cnode1) NSID 1 with lcore 1
12: Associating RDMA (addr:172.24.0.2 subnqn:nqn.2016-06.io.spdk:cnode1) NSID 1 with lcore 2
12: Associating RDMA (addr:172.24.0.2 subnqn:nqn.2016-06.io.spdk:cnode1) NSID 1 with lcore 3
12: Associating RDMA (addr:172.24.0.2 subnqn:nqn.2016-06.io.spdk:cnode1) NSID 1 with lcore 4
12: Associating RDMA (addr:172.24.0.2 subnqn:nqn.2016-06.io.spdk:cnode1) NSID 1 with lcore 5
12: Associating RDMA (addr:172.24.0.2 subnqn:nqn.2016-06.io.spdk:cnode1) NSID 1 with lcore 6
12: Associating RDMA (addr:172.24.0.2 subnqn:nqn.2016-06.io.spdk:cnode1) NSID 1 with lcore 7
12: Associating RDMA (addr:172.24.0.2 subnqn:nqn.2016-06.io.spdk:cnode1) NSID 1 with lcore 8
12: Associating RDMA (addr:172.24.0.2 subnqn:nqn.2016-06.io.spdk:cnode1) NSID 1 with lcore 9
12: Associating RDMA (addr:172.24.0.2 subnqn:nqn.2016-06.io.spdk:cnode1) NSID 1 with lcore 10
12: Associating RDMA (addr:172.24.0.2 subnqn:nqn.2016-06.io.spdk:cnode1) NSID 1 with lcore 11
12: Associating RDMA (addr:172.24.0.2 subnqn:nqn.2016-06.io.spdk:cnode1) NSID 1 with lcore 12
12: Associating RDMA (addr:172.24.0.2 subnqn:nqn.2016-06.io.spdk:cnode1) NSID 1 with lcore 13
12: Associating RDMA (addr:172.24.0.2 subnqn:nqn.2016-06.io.spdk:cnode1) NSID 1 with lcore 14
12: Associating RDMA (addr:172.24.0.2 subnqn:nqn.2016-06.io.spdk:cnode1) NSID 1 with lcore 15
12: Initialization complete. Launching workers.
12: IO qp on core 2 total time 25590.557 us (61417338 ticks), connect time 14909.437 us (35782649 ticks)
12: IO qp on core 1 total time 35102.628 us (84246306 ticks), connect time 24226.375 us (58143300 ticks)
12: IO qp on core 5 total time 44854.310 us (107650345 ticks), connect time 34942.233 us (83861359 ticks)
12: IO qp on core 8 total time 54060.775 us (129745860 ticks), connect time 44205.933 us (106094238 ticks)
12: IO qp on core 9 total time 63709.351 us (152902443 ticks), connect time 53808.221 us (129139731 ticks)
12: IO qp on core 4 total time 73924.510 us (177418823 ticks), connect time 63654.496 us (152770790 ticks)
12: IO qp on core 3 total time 84088.935 us (201813444 ticks), connect time 73812.617 us (177150282 ticks)
12: IO qp on core 6 total time 94839.569 us (227614965 ticks), connect time 84561.220 us (202946928 ticks)
12: IO qp on core 11 total time 104347.514 us (250434033 ticks), connect time 93860.445 us (225265068 ticks)
12: IO qp on core 15 total time 113909.430 us (273382632 ticks), connect time 103422.809 us (248214741 ticks)
12: IO qp on core 0 total time 124543.298 us (298903915 ticks), connect time 113547.557 us (272514136 ticks)
12: IO qp on core 14 total time 134001.464 us (321603514 ticks), connect time 123367.208 us (296081299 ticks)
12: IO qp on core 13 total time 144637.030 us (347128872 ticks), connect time 133688.609 us (320852661 ticks)
12: IO qp on core 10 total time 154334.489 us (370402774 ticks), connect time 143375.585 us (344101405 ticks)
12: IO qp on core 12 total time 163553.698 us (392528875 ticks), connect time 152479.177 us (365950024 ticks)
12: IO qp on core 7 total time 176936.289 us (424647094 ticks), connect time 165765.419 us (397837006 ticks)
12: ========================================================
12:                                                                                                                 Latency(us)
12: Device Information                                                          :       IOPS      MiB/s    Average        min        max
12: RDMA (addr:172.24.0.2 subnqn:nqn.2016-06.io.spdk:cnode1) NSID 1 from core  0:    4634.80      18.10     215.73      55.27    2676.39
12: RDMA (addr:172.24.0.2 subnqn:nqn.2016-06.io.spdk:cnode1) NSID 1 from core  1:    4642.10      18.13     215.37      46.87    2795.07
12: RDMA (addr:172.24.0.2 subnqn:nqn.2016-06.io.spdk:cnode1) NSID 1 from core  2:    4637.00      18.11     215.63      47.05    3950.87
18: Initializing NVMe Controllers
18: Attached to NVMe over Fabrics controller at 172.24.0.2:4420: nqn.2016-06.io.spdk:cnode1
18: Controller attach time is 22559.937 us (54143848 ticks)
18: Associating RDMA (addr:172.24.0.2 subnqn:nqn.2016-06.io.spdk:cnode1) NSID 1 with lcore 0
18: Associating RDMA (addr:172.24.0.2 subnqn:nqn.2016-06.io.spdk:cnode1) NSID 1 with lcore 1
18: Associating RDMA (addr:172.24.0.2 subnqn:nqn.2016-06.io.spdk:cnode1) NSID 1 with lcore 2
18: Associating RDMA (addr:172.24.0.2 subnqn:nqn.2016-06.io.spdk:cnode1) NSID 1 with lcore 3
18: Associating RDMA (addr:172.24.0.2 subnqn:nqn.2016-06.io.spdk:cnode1) NSID 1 with lcore 4
18: Associating RDMA (addr:172.24.0.2 subnqn:nqn.2016-06.io.spdk:cnode1) NSID 1 with lcore 5
18: Associating RDMA (addr:172.24.0.2 subnqn:nqn.2016-06.io.spdk:cnode1) NSID 1 with lcore 6
18: Associating RDMA (addr:172.24.0.2 subnqn:nqn.2016-06.io.spdk:cnode1) NSID 1 with lcore 7
18: Associating RDMA (addr:172.24.0.2 subnqn:nqn.2016-06.io.spdk:cnode1) NSID 1 with lcore 8
18: Associating RDMA (addr:172.24.0.2 subnqn:nqn.2016-06.io.spdk:cnode1) NSID 1 with lcore 9
18: Associating RDMA (addr:172.24.0.2 subnqn:nqn.2016-06.io.spdk:cnode1) NSID 1 with lcore 10
18: Associating RDMA (addr:172.24.0.2 subnqn:nqn.2016-06.io.spdk:cnode1) NSID 1 with lcore 11
18: Associating RDMA (addr:172.24.0.2 subnqn:nqn.2016-06.io.spdk:cnode1) NSID 1 with lcore 12
18: Associating RDMA (addr:172.24.0.2 subnqn:nqn.2016-06.io.spdk:cnode1) NSID 1 with lcore 13
18: Associating RDMA (addr:172.24.0.2 subnqn:nqn.2016-06.io.spdk:cnode1) NSID 1 with lcore 14
18: Associating RDMA (addr:172.24.0.2 subnqn:nqn.2016-06.io.spdk:cnode1) NSID 1 with lcore 15
18: Initialization complete. Launching workers.
18: IO qp on core 2 total time 25250.909 us (60602181 ticks), connect time 15063.994 us (36153585 ticks)
18: IO qp on core 3 total time 35188.067 us (84451362 ticks), connect time 24975.827 us (59941986 ticks)
18: IO qp on core 1 total time 45144.862 us (108347669 ticks), connect time 34832.520 us (83598048 ticks)
18: IO qp on core 5 total time 54645.954 us (131150289 ticks), connect time 44333.615 us (106400676 ticks)
18: IO qp on core 4 total time 64575.255 us (154980611 ticks), connect time 54195.156 us (130068374 ticks)
18: IO qp on core 7 total time 74440.110 us (178656264 ticks), connect time 63657.975 us (152779140 ticks)
18: IO qp on core 6 total time 84278.628 us (202268707 ticks), connect time 73146.633 us (175551919 ticks)
18: IO qp on core 9 total time 94121.673 us (225892014 ticks), connect time 83747.601 us (200994243 ticks)
18: IO qp on core 0 total time 104262.500 us (250230000 ticks), connect time 93165.091 us (223596219 ticks)
18: IO qp on core 8 total time 113707.403 us (272897767 ticks), connect time 103264.083 us (247833799 ticks)
18: IO qp on core 10 total time 123527.045 us (296464907 ticks), connect time 112445.963 us (269870312 ticks)
18: IO qp on core 11 total time 133485.454 us (320365089 ticks), connect time 122265.591 us (293437419 ticks)
18: IO qp on core 13 total time 144118.060 us (345883344 ticks), connect time 132146.811 us (317152347 ticks)
18: IO qp on core 12 total time 153825.448 us (369181074 ticks), connect time 141848.365 us (340436076 ticks)
18: IO qp on core 15 total time 163953.264 us (393487833 ticks), connect time 151227.855 us (362946852 ticks)
18: IO qp on core 14 total time 173951.047 us (417482513 ticks), connect time 160816.811 us (385960346 ticks)
18: ========================================================
18:                                                                                                                 Latency(us)
18: Device Information                                                          :       IOPS      MiB/s    Average        min        max
18: RDMA (addr:172.24.0.2 subnqn:nqn.2016-06.io.spdk:cnode1) NSID 1 from core  0:    4640.20      18.13     215.48      40.69    3801.37
18: RDMA (addr:172.24.0.2 subnqn:nqn.2016-06.io.spdk:cnode1) NSID 1 from core  1:    4634.30      18.10     215.72      47.32    2554.78
18: RDMA (addr:172.24.0.2 subnqn:nqn.2016-06.io.spdk:cnode1) NSID 1 from core  2:    4639.60      18.12     215.51      46.85    3206.59
18: RDMA (addr:172.24.0.2 subnqn:nqn.2016-06.io.spdk:cnode1) NSID 1 from core  3:    4642.70      18.14     215.36      46.74    3132.68
18: RDMA (addr:172.24.0.2 subnqn:nqn.2016-06.io.spdk:cnode1) NSID 1 from core  4:    4642.80      18.14     215.35      46.46    3151.79
18: RDMA (addr:172.24.0.2 subnqn:nqn.2016-06.io.spdk:cnode1) NSID 1 from core  5:    4637.10      18.11     215.60      45.53    2671.47
18: RDMA (addr:172.24.0.2 subnqn:nqn.2016-06.io.spdk:cnode1) NSID 1 from core  6:    4636.30      18.11     215.67      46.51    2184.06
18: RDMA (addr:172.24.0.2 subnqn:nqn.2016-06.io.spdk:cnode1) NSID 1 from core  7:    4641.60      18.13     215.40      45.47    2645.12
18: RDMA (addr:172.24.0.2 subnqn:nqn.2016-06.io.spdk:cnode1) NSID 1 from core  8:    4644.10      18.14     215.31      46.70    2934.30
18: RDMA (addr:172.24.0.2 subnqn:nqn.2016-06.io.spdk:cnode1) NSID 1 from core  9:    4636.30      18.11     215.66      41.20    3607.52
12: RDMA (addr:172.24.0.2 subnqn:nqn.2016-06.io.spdk:cnode1) NSID 1 from core  3:    4634.40      18.10     215.73      44.95    3144.78
12: RDMA (addr:172.24.0.2 subnqn:nqn.2016-06.io.spdk:cnode1) NSID 1 from core  4:    4639.10      18.12     215.53      45.80    2895.09
12: RDMA (addr:172.24.0.2 subnqn:nqn.2016-06.io.spdk:cnode1) NSID 1 from core  5:    4641.00      18.13     215.43      47.54    2643.55
12: RDMA (addr:172.24.0.2 subnqn:nqn.2016-06.io.spdk:cnode1) NSID 1 from core  6:    4637.20      18.11     215.63      45.20    3772.05
12: RDMA (addr:172.24.0.2 subnqn:nqn.2016-06.io.spdk:cnode1) NSID 1 from core  7:    4634.80      18.10     215.73      50.72    2196.77
12: RDMA (addr:172.24.0.2 subnqn:nqn.2016-06.io.spdk:cnode1) NSID 1 from core  8:    4639.00      18.12     215.51      46.60    3185.91
12: RDMA (addr:172.24.0.2 subnqn:nqn.2016-06.io.spdk:cnode1) NSID 1 from core  9:    4639.30      18.12     215.52      45.91    3780.81
18: RDMA (addr:172.24.0.2 subnqn:nqn.2016-06.io.spdk:cnode1) NSID 1 from core 10:    4636.10      18.11     215.68      55.18    3151.99
18: RDMA (addr:172.24.0.2 subnqn:nqn.2016-06.io.spdk:cnode1) NSID 1 from core 11:    4635.20      18.11     215.68      46.56    3609.17
18: RDMA (addr:172.24.0.2 subnqn:nqn.2016-06.io.spdk:cnode1) NSID 1 from core 12:    4644.40      18.14     215.29      59.66    2956.20
18: RDMA (addr:172.24.0.2 subnqn:nqn.2016-06.io.spdk:cnode1) NSID 1 from core 13:    4636.80      18.11     215.62      54.50    3773.99
18: RDMA (addr:172.24.0.2 subnqn:nqn.2016-06.io.spdk:cnode1) NSID 1 from core 14:    4636.30      18.11     215.66      61.88    2357.36
18: RDMA (addr:172.24.0.2 subnqn:nqn.2016-06.io.spdk:cnode1) NSID 1 from core 15:    4638.50      18.12     215.55      48.27    2786.94
18: ========================================================
18: Total                                                                       :   74222.30     289.93     215.53      40.69    3801.37
18: 
12: RDMA (addr:172.24.0.2 subnqn:nqn.2016-06.io.spdk:cnode1) NSID 1 from core 10:    4638.60      18.12     215.56      48.53    2265.90
12: RDMA (addr:172.24.0.2 subnqn:nqn.2016-06.io.spdk:cnode1) NSID 1 from core 11:    4640.20      18.13     215.45      49.62    2963.49
12: RDMA (addr:172.24.0.2 subnqn:nqn.2016-06.io.spdk:cnode1) NSID 1 from core 12:    4637.90      18.12     215.59      50.02    2702.68
12: RDMA (addr:172.24.0.2 subnqn:nqn.2016-06.io.spdk:cnode1) NSID 1 from core 13:    4637.80      18.12     215.56      46.85    2305.12
12: RDMA (addr:172.24.0.2 subnqn:nqn.2016-06.io.spdk:cnode1) NSID 1 from core 14:    4636.60      18.11     215.64      53.79    2680.12
12: RDMA (addr:172.24.0.2 subnqn:nqn.2016-06.io.spdk:cnode1) NSID 1 from core 15:    4640.70      18.13     215.44      42.56    2642.17
12: ========================================================
12: Total                                                                       :   74210.50     289.88     215.57      42.56    3950.87
12: 
17: Initializing NVMe Controllers
17: Attached to NVMe over Fabrics controller at 172.24.0.2:4420: nqn.2016-06.io.spdk:cnode1
17: Controller attach time is 19169.104 us (46005849 ticks)
17: Associating RDMA (addr:172.24.0.2 subnqn:nqn.2016-06.io.spdk:cnode1) NSID 1 with lcore 0
17: Associating RDMA (addr:172.24.0.2 subnqn:nqn.2016-06.io.spdk:cnode1) NSID 1 with lcore 1
17: Associating RDMA (addr:172.24.0.2 subnqn:nqn.2016-06.io.spdk:cnode1) NSID 1 with lcore 2
17: Associating RDMA (addr:172.24.0.2 subnqn:nqn.2016-06.io.spdk:cnode1) NSID 1 with lcore 3
17: Associating RDMA (addr:172.24.0.2 subnqn:nqn.2016-06.io.spdk:cnode1) NSID 1 with lcore 4
17: Associating RDMA (addr:172.24.0.2 subnqn:nqn.2016-06.io.spdk:cnode1) NSID 1 with lcore 5
17: Associating RDMA (addr:172.24.0.2 subnqn:nqn.2016-06.io.spdk:cnode1) NSID 1 with lcore 6
17: Associating RDMA (addr:172.24.0.2 subnqn:nqn.2016-06.io.spdk:cnode1) NSID 1 with lcore 7
17: Associating RDMA (addr:172.24.0.2 subnqn:nqn.2016-06.io.spdk:cnode1) NSID 1 with lcore 8
17: Associating RDMA (addr:172.24.0.2 subnqn:nqn.2016-06.io.spdk:cnode1) NSID 1 with lcore 9
17: Associating RDMA (addr:172.24.0.2 subnqn:nqn.2016-06.io.spdk:cnode1) NSID 1 with lcore 10
17: Associating RDMA (addr:172.24.0.2 subnqn:nqn.2016-06.io.spdk:cnode1) NSID 1 with lcore 11
17: Associating RDMA (addr:172.24.0.2 subnqn:nqn.2016-06.io.spdk:cnode1) NSID 1 with lcore 12
17: Associating RDMA (addr:172.24.0.2 subnqn:nqn.2016-06.io.spdk:cnode1) NSID 1 with lcore 13
17: Associating RDMA (addr:172.24.0.2 subnqn:nqn.2016-06.io.spdk:cnode1) NSID 1 with lcore 14
17: Associating RDMA (addr:172.24.0.2 subnqn:nqn.2016-06.io.spdk:cnode1) NSID 1 with lcore 15
17: Initialization complete. Launching workers.
17: IO qp on core 2 total time 17432.151 us (41837163 ticks), connect time 8088.239 us (19411773 ticks)
17: IO qp on core 12 total time 27362.630 us (65670312 ticks), connect time 18364.029 us (44073669 ticks)
17: IO qp on core 15 total time 37094.168 us (89026004 ticks), connect time 28221.343 us (67731224 ticks)
17: IO qp on core 4 total time 47112.765 us (113070636 ticks), connect time 37181.446 us (89235471 ticks)
17: IO qp on core 5 total time 57110.160 us (137064384 ticks), connect time 47151.291 us (113163099 ticks)
17: IO qp on core 6 total time 66683.060 us (160039344 ticks), connect time 56212.599 us (134910237 ticks)
17: IO qp on core 8 total time 77451.682 us (185884038 ticks), connect time 66797.518 us (160314042 ticks)
17: IO qp on core 7 total time 86967.849 us (208722838 ticks), connect time 76279.933 us (183071839 ticks)
17: IO qp on core 9 total time 97002.519 us (232806046 ticks), connect time 85750.822 us (205801972 ticks)
17: IO qp on core 10 total time 106842.890 us (256422935 ticks), connect time 95649.696 us (229559270 ticks)
17: IO qp on core 11 total time 116563.478 us (279752347 ticks), connect time 105332.063 us (252796951 ticks)
17: IO qp on core 0 total time 127050.955 us (304922293 ticks), connect time 114724.858 us (275339659 ticks)
17: IO qp on core 14 total time 136856.985 us (328456765 ticks), connect time 124470.994 us (298730386 ticks)
17: IO qp on core 13 total time 146462.419 us (351509805 ticks), connect time 133540.031 us (320496075 ticks)
17: IO qp on core 1 total time 159056.678 us (381736027 ticks), connect time 145644.831 us (349547595 ticks)
17: IO qp on core 3 total time 167279.922 us (401471814 ticks), connect time 152846.674 us (366832017 ticks)
17: ========================================================
17:                                                                                                                 Latency(us)
17: Device Information                                                          :       IOPS      MiB/s    Average        min        max
17: RDMA (addr:172.24.0.2 subnqn:nqn.2016-06.io.spdk:cnode1) NSID 1 from core  0:    4634.00      18.10     215.77      52.56    3187.78
17: RDMA (addr:172.24.0.2 subnqn:nqn.2016-06.io.spdk:cnode1) NSID 1 from core  1:    4633.90      18.10     215.76      49.89    2698.32
17: RDMA (addr:172.24.0.2 subnqn:nqn.2016-06.io.spdk:cnode1) NSID 1 from core  2:    4637.50      18.12     215.61      28.46    2904.02
15: Initializing NVMe Controllers
15: Attached to NVMe over Fabrics controller at 172.24.0.2:4420: nqn.2016-06.io.spdk:cnode1
15: Controller attach time is 20167.604 us (48402250 ticks)
15: Associating RDMA (addr:172.24.0.2 subnqn:nqn.2016-06.io.spdk:cnode1) NSID 1 with lcore 0
15: Associating RDMA (addr:172.24.0.2 subnqn:nqn.2016-06.io.spdk:cnode1) NSID 1 with lcore 1
15: Associating RDMA (addr:172.24.0.2 subnqn:nqn.2016-06.io.spdk:cnode1) NSID 1 with lcore 2
15: Associating RDMA (addr:172.24.0.2 subnqn:nqn.2016-06.io.spdk:cnode1) NSID 1 with lcore 3
15: Associating RDMA (addr:172.24.0.2 subnqn:nqn.2016-06.io.spdk:cnode1) NSID 1 with lcore 4
15: Associating RDMA (addr:172.24.0.2 subnqn:nqn.2016-06.io.spdk:cnode1) NSID 1 with lcore 5
15: Associating RDMA (addr:172.24.0.2 subnqn:nqn.2016-06.io.spdk:cnode1) NSID 1 with lcore 6
15: Associating RDMA (addr:172.24.0.2 subnqn:nqn.2016-06.io.spdk:cnode1) NSID 1 with lcore 7
15: Associating RDMA (addr:172.24.0.2 subnqn:nqn.2016-06.io.spdk:cnode1) NSID 1 with lcore 8
15: Associating RDMA (addr:172.24.0.2 subnqn:nqn.2016-06.io.spdk:cnode1) NSID 1 with lcore 9
15: Associating RDMA (addr:172.24.0.2 subnqn:nqn.2016-06.io.spdk:cnode1) NSID 1 with lcore 10
15: Associating RDMA (addr:172.24.0.2 subnqn:nqn.2016-06.io.spdk:cnode1) NSID 1 with lcore 11
15: Associating RDMA (addr:172.24.0.2 subnqn:nqn.2016-06.io.spdk:cnode1) NSID 1 with lcore 12
15: Associating RDMA (addr:172.24.0.2 subnqn:nqn.2016-06.io.spdk:cnode1) NSID 1 with lcore 13
15: Associating RDMA (addr:172.24.0.2 subnqn:nqn.2016-06.io.spdk:cnode1) NSID 1 with lcore 14
15: Associating RDMA (addr:172.24.0.2 subnqn:nqn.2016-06.io.spdk:cnode1) NSID 1 with lcore 15
15: Initialization complete. Launching workers.
15: IO qp on core 2 total time 16604.704 us (39851289 ticks), connect time 7256.738 us (17416170 ticks)
15: IO qp on core 3 total time 26106.591 us (62655818 ticks), connect time 17748.718 us (42596924 ticks)
15: IO qp on core 5 total time 35656.893 us (85576542 ticks), connect time 27154.224 us (65170137 ticks)
15: IO qp on core 0 total time 45751.018 us (109802442 ticks), connect time 36759.478 us (88222746 ticks)
15: IO qp on core 4 total time 55472.849 us (133134838 ticks), connect time 46766.349 us (112239238 ticks)
15: IO qp on core 1 total time 66609.649 us (159863158 ticks), connect time 56798.712 us (136316908 ticks)
15: IO qp on core 6 total time 76104.062 us (182649748 ticks), connect time 67017.328 us (160841587 ticks)
15: IO qp on core 7 total time 85623.711 us (205496906 ticks), connect time 75675.986 us (181622366 ticks)
15: IO qp on core 15 total time 95415.815 us (228997955 ticks), connect time 85423.301 us (205015922 ticks)
15: IO qp on core 9 total time 105472.420 us (253133809 ticks), connect time 95000.102 us (228000244 ticks)
15: IO qp on core 11 total time 115491.818 us (277180362 ticks), connect time 104185.186 us (250044447 ticks)
15: IO qp on core 12 total time 125691.219 us (301658925 ticks), connect time 113871.080 us (273290592 ticks)
15: IO qp on core 13 total time 135542.776 us (325302663 ticks), connect time 123630.271 us (296712651 ticks)
15: IO qp on core 10 total time 144852.812 us (347646749 ticks), connect time 132736.392 us (318567341 ticks)
15: IO qp on core 14 total time 155589.572 us (373414972 ticks), connect time 143469.617 us (344327080 ticks)
15: IO qp on core 8 total time 165449.984 us (397079961 ticks), connect time 153276.614 us (367863873 ticks)
15: ========================================================
15:                                                                                                                 Latency(us)
15: Device Information                                                          :       IOPS      MiB/s    Average        min        max
15: RDMA (addr:172.24.0.2 subnqn:nqn.2016-06.io.spdk:cnode1) NSID 1 from core  0:    4637.40      18.11     215.60      45.38    2468.55
15: RDMA (addr:172.24.0.2 subnqn:nqn.2016-06.io.spdk:cnode1) NSID 1 from core  1:    4633.00      18.10     215.80      45.36    2570.97
15: RDMA (addr:172.24.0.2 subnqn:nqn.2016-06.io.spdk:cnode1) NSID 1 from core  2:    4636.70      18.11     215.65      31.72    2277.46
17: RDMA (addr:172.24.0.2 subnqn:nqn.2016-06.io.spdk:cnode1) NSID 1 from core  3:    4637.20      18.11     215.61      50.62    3760.69
17: RDMA (addr:172.24.0.2 subnqn:nqn.2016-06.io.spdk:cnode1) NSID 1 from core  4:    4641.10      18.13     215.38      22.36    2957.68
17: RDMA (addr:172.24.0.2 subnqn:nqn.2016-06.io.spdk:cnode1) NSID 1 from core  5:    4629.30      18.08     215.95      27.91    2905.27
17: RDMA (addr:172.24.0.2 subnqn:nqn.2016-06.io.spdk:cnode1) NSID 1 from core  6:    4633.30      18.10     215.81      55.81    2484.25
17: RDMA (addr:172.24.0.2 subnqn:nqn.2016-06.io.spdk:cnode1) NSID 1 from core  7:    4636.90      18.11     215.61      23.85    2446.18
17: RDMA (addr:172.24.0.2 subnqn:nqn.2016-06.io.spdk:cnode1) NSID 1 from core  8:    4637.30      18.11     215.61      40.40    2538.85
17: RDMA (addr:172.24.0.2 subnqn:nqn.2016-06.io.spdk:cnode1) NSID 1 from core  9:    4636.50      18.11     215.65      35.02    2278.22
17: RDMA (addr:172.24.0.2 subnqn:nqn.2016-06.io.spdk:cnode1) NSID 1 from core 10:    4630.50      18.09     215.94      34.93    2909.44
17: RDMA (addr:172.24.0.2 subnqn:nqn.2016-06.io.spdk:cnode1) NSID 1 from core 11:    4636.80      18.11     215.62      53.89    2532.99
17: RDMA (addr:172.24.0.2 subnqn:nqn.2016-06.io.spdk:cnode1) NSID 1 from core 12:    4635.30      18.11     215.71      25.58    2573.94
17: RDMA (addr:172.24.0.2 subnqn:nqn.2016-06.io.spdk:cnode1) NSID 1 from core 13:    4632.40      18.10     215.82      49.91    2695.57
17: RDMA (addr:172.24.0.2 subnqn:nqn.2016-06.io.spdk:cnode1) NSID 1 from core 14:    4639.80      18.12     215.49      46.69    2955.29
17: RDMA (addr:172.24.0.2 subnqn:nqn.2016-06.io.spdk:cnode1) NSID 1 from core 15:    4633.90      18.10     215.76      24.43    2803.32
17: ========================================================
17: Total                                                                       :   74165.70     289.71     215.69      22.36    3760.69
17: 
14: Initializing NVMe Controllers
14: Attached to NVMe over Fabrics controller at 172.24.0.2:4420: nqn.2016-06.io.spdk:cnode1
14: Controller attach time is 19821.341 us (47571219 ticks)
14: Associating RDMA (addr:172.24.0.2 subnqn:nqn.2016-06.io.spdk:cnode1) NSID 1 with lcore 0
14: Associating RDMA (addr:172.24.0.2 subnqn:nqn.2016-06.io.spdk:cnode1) NSID 1 with lcore 1
14: Associating RDMA (addr:172.24.0.2 subnqn:nqn.2016-06.io.spdk:cnode1) NSID 1 with lcore 2
14: Associating RDMA (addr:172.24.0.2 subnqn:nqn.2016-06.io.spdk:cnode1) NSID 1 with lcore 3
14: Associating RDMA (addr:172.24.0.2 subnqn:nqn.2016-06.io.spdk:cnode1) NSID 1 with lcore 4
14: Associating RDMA (addr:172.24.0.2 subnqn:nqn.2016-06.io.spdk:cnode1) NSID 1 with lcore 5
14: Associating RDMA (addr:172.24.0.2 subnqn:nqn.2016-06.io.spdk:cnode1) NSID 1 with lcore 6
14: Associating RDMA (addr:172.24.0.2 subnqn:nqn.2016-06.io.spdk:cnode1) NSID 1 with lcore 7
14: Associating RDMA (addr:172.24.0.2 subnqn:nqn.2016-06.io.spdk:cnode1) NSID 1 with lcore 8
14: Associating RDMA (addr:172.24.0.2 subnqn:nqn.2016-06.io.spdk:cnode1) NSID 1 with lcore 9
14: Associating RDMA (addr:172.24.0.2 subnqn:nqn.2016-06.io.spdk:cnode1) NSID 1 with lcore 10
14: Associating RDMA (addr:172.24.0.2 subnqn:nqn.2016-06.io.spdk:cnode1) NSID 1 with lcore 11
14: Associating RDMA (addr:172.24.0.2 subnqn:nqn.2016-06.io.spdk:cnode1) NSID 1 with lcore 12
14: Associating RDMA (addr:172.24.0.2 subnqn:nqn.2016-06.io.spdk:cnode1) NSID 1 with lcore 13
14: Associating RDMA (addr:172.24.0.2 subnqn:nqn.2016-06.io.spdk:cnode1) NSID 1 with lcore 14
14: Associating RDMA (addr:172.24.0.2 subnqn:nqn.2016-06.io.spdk:cnode1) NSID 1 with lcore 15
14: Initialization complete. Launching workers.
14: IO qp on core 6 total time 17109.882 us (41063718 ticks), connect time 7898.873 us (18957294 ticks)
14: IO qp on core 0 total time 26929.080 us (64629793 ticks), connect time 17218.903 us (41325367 ticks)
14: IO qp on core 5 total time 36292.323 us (87101575 ticks), connect time 27078.355 us (64988053 ticks)
14: IO qp on core 3 total time 46524.291 us (111658298 ticks), connect time 37113.227 us (89071745 ticks)
14: IO qp on core 4 total time 55976.202 us (134342884 ticks), connect time 46480.368 us (111552883 ticks)
14: IO qp on core 2 total time 67968.555 us (163124531 ticks), connect time 57262.313 us (137429552 ticks)
14: IO qp on core 1 total time 77454.417 us (185890600 ticks), connect time 66658.429 us (159980230 ticks)
14: IO qp on core 8 total time 86324.920 us (207179809 ticks), connect time 76354.928 us (183251827 ticks)
14: IO qp on core 7 total time 96527.349 us (231665637 ticks), connect time 86419.645 us (207407148 ticks)
14: IO qp on core 9 total time 106190.920 us (254858209 ticks), connect time 96004.208 us (230410099 ticks)
14: IO qp on core 11 total time 116733.781 us (280161075 ticks), connect time 106142.890 us (254742936 ticks)
14: IO qp on core 12 total time 126373.128 us (303295506 ticks), connect time 113775.000 us (273060000 ticks)
14: IO qp on core 15 total time 137424.170 us (329818008 ticks), connect time 124515.570 us (298837368 ticks)
14: IO qp on core 10 total time 146560.286 us (351744687 ticks), connect time 133496.074 us (320390577 ticks)
14: IO qp on core 13 total time 156205.301 us (374892722 ticks), connect time 142988.718 us (343172924 ticks)
14: IO qp on core 14 total time 167285.598 us (401485434 ticks), connect time 153914.614 us (369395073 ticks)
14: ========================================================
14:                                                                                                                 Latency(us)
14: Device Information                                                          :       IOPS      MiB/s    Average        min        max
14: RDMA (addr:172.24.0.2 subnqn:nqn.2016-06.io.spdk:cnode1) NSID 1 from core  0:    4638.70      18.12     215.55      44.44    2681.49
14: RDMA (addr:172.24.0.2 subnqn:nqn.2016-06.io.spdk:cnode1) NSID 1 from core  1:    4635.20      18.11     215.68      43.29    2293.48
14: RDMA (addr:172.24.0.2 subnqn:nqn.2016-06.io.spdk:cnode1) NSID 1 from core  2:    4637.00      18.11     215.63      40.91    2802.17
15: RDMA (addr:172.24.0.2 subnqn:nqn.2016-06.io.spdk:cnode1) NSID 1 from core  3:    4630.40      18.09     215.93      24.79    2897.57
15: RDMA (addr:172.24.0.2 subnqn:nqn.2016-06.io.spdk:cnode1) NSID 1 from core  4:    4636.70      18.11     215.64      33.45    2628.45
15: RDMA (addr:172.24.0.2 subnqn:nqn.2016-06.io.spdk:cnode1) NSID 1 from core  5:    4631.90      18.09     215.83      30.92    2366.93
15: RDMA (addr:172.24.0.2 subnqn:nqn.2016-06.io.spdk:cnode1) NSID 1 from core  6:    4637.10      18.11     215.63      45.33    3209.47
15: RDMA (addr:172.24.0.2 subnqn:nqn.2016-06.io.spdk:cnode1) NSID 1 from core  7:    4636.00      18.11     215.67      45.06    2347.07
15: RDMA (addr:172.24.0.2 subnqn:nqn.2016-06.io.spdk:cnode1) NSID 1 from core  8:    4634.70      18.10     215.74      50.59    2984.82
15: RDMA (addr:172.24.0.2 subnqn:nqn.2016-06.io.spdk:cnode1) NSID 1 from core  9:    4632.30      18.09     215.83      23.21    2187.70
15: RDMA (addr:172.24.0.2 subnqn:nqn.2016-06.io.spdk:cnode1) NSID 1 from core 10:    4639.60      18.12     215.51      49.15    2593.74
15: RDMA (addr:172.24.0.2 subnqn:nqn.2016-06.io.spdk:cnode1) NSID 1 from core 11:    4631.90      18.09     215.84      50.84    2355.72
15: RDMA (addr:172.24.0.2 subnqn:nqn.2016-06.io.spdk:cnode1) NSID 1 from core 12:    4637.70      18.12     215.60      46.89    3775.47
15: RDMA (addr:172.24.0.2 subnqn:nqn.2016-06.io.spdk:cnode1) NSID 1 from core 13:    4637.80      18.12     215.58      51.51    2470.44
15: RDMA (addr:172.24.0.2 subnqn:nqn.2016-06.io.spdk:cnode1) NSID 1 from core 14:    4634.70      18.10     215.74      60.28    3131.93
15: RDMA (addr:172.24.0.2 subnqn:nqn.2016-06.io.spdk:cnode1) NSID 1 from core 15:    4635.90      18.11     215.65      36.17    2901.29
15: ========================================================
15: Total                                                                       :   74163.80     289.70     215.70      23.21    3775.47
15: 
14: RDMA (addr:172.24.0.2 subnqn:nqn.2016-06.io.spdk:cnode1) NSID 1 from core  3:    4636.80      18.11     215.60      27.27    2564.14
14: RDMA (addr:172.24.0.2 subnqn:nqn.2016-06.io.spdk:cnode1) NSID 1 from core  4:    4634.90      18.11     215.71      34.63    2658.36
14: RDMA (addr:172.24.0.2 subnqn:nqn.2016-06.io.spdk:cnode1) NSID 1 from core  5:    4634.60      18.10     215.70      43.44    2286.97
14: RDMA (addr:172.24.0.2 subnqn:nqn.2016-06.io.spdk:cnode1) NSID 1 from core  6:    4632.60      18.10     215.84      24.82    2307.45
14: RDMA (addr:172.24.0.2 subnqn:nqn.2016-06.io.spdk:cnode1) NSID 1 from core  7:    4636.40      18.11     215.64      35.37    2676.43
14: RDMA (addr:172.24.0.2 subnqn:nqn.2016-06.io.spdk:cnode1) NSID 1 from core  8:    4637.90      18.12     215.58      34.77    2811.35
14: RDMA (addr:172.24.0.2 subnqn:nqn.2016-06.io.spdk:cnode1) NSID 1 from core  9:    4635.70      18.11     215.66      40.27    2802.42
14: RDMA (addr:172.24.0.2 subnqn:nqn.2016-06.io.spdk:cnode1) NSID 1 from core 10:    4635.40      18.11     215.71      48.06    3609.61
14: RDMA (addr:172.24.0.2 subnqn:nqn.2016-06.io.spdk:cnode1) NSID 1 from core 11:    4641.80      18.13     215.40      46.60    2534.99
14: RDMA (addr:172.24.0.2 subnqn:nqn.2016-06.io.spdk:cnode1) NSID 1 from core 12:    4637.70      18.12     215.60      47.16    2893.32
14: RDMA (addr:172.24.0.2 subnqn:nqn.2016-06.io.spdk:cnode1) NSID 1 from core 13:    4638.90      18.12     215.53      50.12    2530.77
14: RDMA (addr:172.24.0.2 subnqn:nqn.2016-06.io.spdk:cnode1) NSID 1 from core 14:    4636.60      18.11     215.64      60.04    2310.11
14: RDMA (addr:172.24.0.2 subnqn:nqn.2016-06.io.spdk:cnode1) NSID 1 from core 15:    4633.60      18.10     215.77      50.03    2922.63
14: ========================================================
14: Total                                                                       :   74183.80     289.78     215.64      24.82    3609.61
14: 
 0: Initializing NVMe Controllers
 0: Attached to NVMe over Fabrics controller at 172.24.0.2:4420: nqn.2016-06.io.spdk:cnode1
 0: Controller attach time is 24337.643 us (58410342 ticks)
 0: Associating RDMA (addr:172.24.0.2 subnqn:nqn.2016-06.io.spdk:cnode1) NSID 1 with lcore 0
 0: Associating RDMA (addr:172.24.0.2 subnqn:nqn.2016-06.io.spdk:cnode1) NSID 1 with lcore 1
 0: Associating RDMA (addr:172.24.0.2 subnqn:nqn.2016-06.io.spdk:cnode1) NSID 1 with lcore 2
 0: Associating RDMA (addr:172.24.0.2 subnqn:nqn.2016-06.io.spdk:cnode1) NSID 1 with lcore 3
 0: Associating RDMA (addr:172.24.0.2 subnqn:nqn.2016-06.io.spdk:cnode1) NSID 1 with lcore 4
 0: Associating RDMA (addr:172.24.0.2 subnqn:nqn.2016-06.io.spdk:cnode1) NSID 1 with lcore 5
 0: Associating RDMA (addr:172.24.0.2 subnqn:nqn.2016-06.io.spdk:cnode1) NSID 1 with lcore 6
 0: Associating RDMA (addr:172.24.0.2 subnqn:nqn.2016-06.io.spdk:cnode1) NSID 1 with lcore 7
 0: Associating RDMA (addr:172.24.0.2 subnqn:nqn.2016-06.io.spdk:cnode1) NSID 1 with lcore 8
 0: Associating RDMA (addr:172.24.0.2 subnqn:nqn.2016-06.io.spdk:cnode1) NSID 1 with lcore 9
 0: Associating RDMA (addr:172.24.0.2 subnqn:nqn.2016-06.io.spdk:cnode1) NSID 1 with lcore 10
 0: Associating RDMA (addr:172.24.0.2 subnqn:nqn.2016-06.io.spdk:cnode1) NSID 1 with lcore 11
 0: Associating RDMA (addr:172.24.0.2 subnqn:nqn.2016-06.io.spdk:cnode1) NSID 1 with lcore 12
 0: Associating RDMA (addr:172.24.0.2 subnqn:nqn.2016-06.io.spdk:cnode1) NSID 1 with lcore 13
 0: Associating RDMA (addr:172.24.0.2 subnqn:nqn.2016-06.io.spdk:cnode1) NSID 1 with lcore 14
 0: Associating RDMA (addr:172.24.0.2 subnqn:nqn.2016-06.io.spdk:cnode1) NSID 1 with lcore 15
 0: Initialization complete. Launching workers.
 0: IO qp on core 2 total time 24655.881 us (59174114 ticks), connect time 14384.748 us (34523396 ticks)
 0: IO qp on core 0 total time 32775.440 us (78661057 ticks), connect time 23059.444 us (55342666 ticks)
 0: IO qp on core 1 total time 43059.162 us (103341988 ticks), connect time 32702.989 us (78487173 ticks)
 0: IO qp on core 3 total time 52388.054 us (125731329 ticks), connect time 42782.505 us (102678012 ticks)
 0: IO qp on core 4 total time 62935.741 us (151045778 ticks), connect time 53306.168 us (127934804 ticks)
 0: IO qp on core 5 total time 72919.145 us (175005949 ticks), connect time 63289.419 us (151894606 ticks)
 0: IO qp on core 9 total time 82101.224 us (197042937 ticks), connect time 71538.557 us (171692538 ticks)
 0: IO qp on core 8 total time 92159.607 us (221183058 ticks), connect time 81388.480 us (195332352 ticks)
 0: IO qp on core 13 total time 102127.030 us (245104871 ticks), connect time 91288.481 us (219092354 ticks)
 0: IO qp on core 6 total time 113601.416 us (272643398 ticks), connect time 102622.918 us (246295004 ticks)
 0: IO qp on core 7 total time 122303.933 us (293529440 ticks), connect time 111257.856 us (267018854 ticks)
 0: IO qp on core 15 total time 132806.568 us (318735762 ticks), connect time 121759.602 us (292223046 ticks)
 0: IO qp on core 11 total time 142173.361 us (341216067 ticks), connect time 129650.208 us (311160498 ticks)
 0: IO qp on core 10 total time 151929.905 us (364631772 ticks), connect time 138672.350 us (332813640 ticks)
 0: IO qp on core 14 total time 162635.532 us (390325276 ticks), connect time 149377.300 us (358505521 ticks)
 0: IO qp on core 12 total time 171925.612 us (412621470 ticks), connect time 158601.785 us (380644284 ticks)
 0: ========================================================
 0:                                                                                                                 Latency(us)
 0: Device Information                                                          :       IOPS      MiB/s    Average        min        max
 0: RDMA (addr:172.24.0.2 subnqn:nqn.2016-06.io.spdk:cnode1) NSID 1 from core  0:    4689.30      18.32     213.20      11.04    2446.20
 0: RDMA (addr:172.24.0.2 subnqn:nqn.2016-06.io.spdk:cnode1) NSID 1 from core  1:    4690.60      18.32     213.15      23.39    3253.67
 0: RDMA (addr:172.24.0.2 subnqn:nqn.2016-06.io.spdk:cnode1) NSID 1 from core  2:    4685.20      18.30     213.41      27.86    2786.29
 0: RDMA (addr:172.24.0.2 subnqn:nqn.2016-06.io.spdk:cnode1) NSID 1 from core  3:    4689.30      18.32     213.20      19.62    2977.17
 0: RDMA (addr:172.24.0.2 subnqn:nqn.2016-06.io.spdk:cnode1) NSID 1 from core  4:    4691.70      18.33     213.09      18.42    3112.64
 0: RDMA (addr:172.24.0.2 subnqn:nqn.2016-06.io.spdk:cnode1) NSID 1 from core  5:    4683.10      18.29     213.47      30.95    2530.12
 0: RDMA (addr:172.24.0.2 subnqn:nqn.2016-06.io.spdk:cnode1) NSID 1 from core  6:    4690.70      18.32     213.16      21.69    3253.51
 0: RDMA (addr:172.24.0.2 subnqn:nqn.2016-06.io.spdk:cnode1) NSID 1 from core  7:    4686.00      18.30     213.35      25.96    3188.32
 0: RDMA (addr:172.24.0.2 subnqn:nqn.2016-06.io.spdk:cnode1) NSID 1 from core  8:    4693.00      18.33     213.06      23.48    2794.57
 0: RDMA (addr:172.24.0.2 subnqn:nqn.2016-06.io.spdk:cnode1) NSID 1 from core  9:    4685.10      18.30     213.38      23.57    3155.23
 0: RDMA (addr:172.24.0.2 subnqn:nqn.2016-06.io.spdk:cnode1) NSID 1 from core 10:    4684.10      18.30     213.47      37.36    2806.29
 0: RDMA (addr:172.24.0.2 subnqn:nqn.2016-06.io.spdk:cnode1) NSID 1 from core 11:    4690.20      18.32     213.16      20.20    2420.88
 0: RDMA (addr:172.24.0.2 subnqn:nqn.2016-06.io.spdk:cnode1) NSID 1 from core 12:    4687.10      18.31     213.33      19.27    3330.20
 0: RDMA (addr:172.24.0.2 subnqn:nqn.2016-06.io.spdk:cnode1) NSID 1 from core 13:    4683.20      18.29     213.49      22.57    2878.97
 0: RDMA (addr:172.24.0.2 subnqn:nqn.2016-06.io.spdk:cnode1) NSID 1 from core 14:    4688.20      18.31     213.27      25.76    2410.91
 0: RDMA (addr:172.24.0.2 subnqn:nqn.2016-06.io.spdk:cnode1) NSID 1 from core 15:    4679.80      18.28     213.62      29.74    2771.57
 0: ========================================================
 0: Total                                                                       :   74996.60     292.96     213.30      11.04    3330.20
 0: 
 5: Initializing NVMe Controllers
 5: Attached to NVMe over Fabrics controller at 172.24.0.2:4420: nqn.2016-06.io.spdk:cnode1
 5: Controller attach time is 23372.385 us (56093724 ticks)
 5: Associating RDMA (addr:172.24.0.2 subnqn:nqn.2016-06.io.spdk:cnode1) NSID 1 with lcore 0
 5: Associating RDMA (addr:172.24.0.2 subnqn:nqn.2016-06.io.spdk:cnode1) NSID 1 with lcore 1
 5: Associating RDMA (addr:172.24.0.2 subnqn:nqn.2016-06.io.spdk:cnode1) NSID 1 with lcore 2
 5: Associating RDMA (addr:172.24.0.2 subnqn:nqn.2016-06.io.spdk:cnode1) NSID 1 with lcore 3
 5: Associating RDMA (addr:172.24.0.2 subnqn:nqn.2016-06.io.spdk:cnode1) NSID 1 with lcore 4
 5: Associating RDMA (addr:172.24.0.2 subnqn:nqn.2016-06.io.spdk:cnode1) NSID 1 with lcore 5
 5: Associating RDMA (addr:172.24.0.2 subnqn:nqn.2016-06.io.spdk:cnode1) NSID 1 with lcore 6
 5: Associating RDMA (addr:172.24.0.2 subnqn:nqn.2016-06.io.spdk:cnode1) NSID 1 with lcore 7
 5: Associating RDMA (addr:172.24.0.2 subnqn:nqn.2016-06.io.spdk:cnode1) NSID 1 with lcore 8
 5: Associating RDMA (addr:172.24.0.2 subnqn:nqn.2016-06.io.spdk:cnode1) NSID 1 with lcore 9
 5: Associating RDMA (addr:172.24.0.2 subnqn:nqn.2016-06.io.spdk:cnode1) NSID 1 with lcore 10
 5: Associating RDMA (addr:172.24.0.2 subnqn:nqn.2016-06.io.spdk:cnode1) NSID 1 with lcore 11
 5: Associating RDMA (addr:172.24.0.2 subnqn:nqn.2016-06.io.spdk:cnode1) NSID 1 with lcore 12
 5: Associating RDMA (addr:172.24.0.2 subnqn:nqn.2016-06.io.spdk:cnode1) NSID 1 with lcore 13
 5: Associating RDMA (addr:172.24.0.2 subnqn:nqn.2016-06.io.spdk:cnode1) NSID 1 with lcore 14
 5: Associating RDMA (addr:172.24.0.2 subnqn:nqn.2016-06.io.spdk:cnode1) NSID 1 with lcore 15
 5: Initialization complete. Launching workers.
 5: IO qp on core 2 total time 25003.897 us (60009354 ticks), connect time 14774.105 us (35457851 ticks)
 5: IO qp on core 4 total time 34968.735 us (83924963 ticks), connect time 24570.365 us (58968875 ticks)
 5: IO qp on core 6 total time 44492.812 us (106782748 ticks), connect time 34182.323 us (82037575 ticks)
 5: IO qp on core 3 total time 55633.922 us (133521412 ticks), connect time 45015.070 us (108036168 ticks)
 5: IO qp on core 5 total time 64703.687 us (155288848 ticks), connect time 54097.952 us (129835086 ticks)
 5: IO qp on core 1 total time 75180.385 us (180432923 ticks), connect time 64407.868 us (154578882 ticks)
 5: IO qp on core 7 total time 84516.595 us (202839828 ticks), connect time 73596.389 us (176631333 ticks)
 5: IO qp on core 8 total time 94793.949 us (227505477 ticks), connect time 83830.274 us (201192657 ticks)
 5: IO qp on core 10 total time 104594.901 us (251027763 ticks), connect time 93485.436 us (224365047 ticks)
 5: IO qp on core 9 total time 114600.474 us (275041138 ticks), connect time 103472.729 us (248334550 ticks)
 5: IO qp on core 0 total time 124294.624 us (298307098 ticks), connect time 113053.850 us (271329241 ticks)
 5: IO qp on core 11 total time 133622.423 us (320693816 ticks), connect time 122895.927 us (294950225 ticks)
 5: IO qp on core 13 total time 144186.774 us (346048258 ticks), connect time 131226.133 us (314942719 ticks)
 5: IO qp on core 12 total time 153595.885 us (368630124 ticks), connect time 140308.055 us (336739332 ticks)
 5: IO qp on core 15 total time 163951.779 us (393484269 ticks), connect time 150427.071 us (361024971 ticks)
 5: IO qp on core 14 total time 173946.782 us (417472276 ticks), connect time 160395.517 us (384949240 ticks)
 5: ========================================================
 5:                                                                                                                 Latency(us)
 5: Device Information                                                          :       IOPS      MiB/s    Average        min        max
 5: RDMA (addr:172.24.0.2 subnqn:nqn.2016-06.io.spdk:cnode1) NSID 1 from core  0:    4700.80      18.36     212.71      19.76    2349.39
 5: RDMA (addr:172.24.0.2 subnqn:nqn.2016-06.io.spdk:cnode1) NSID 1 from core  1:    4693.70      18.33     213.00      22.21    2926.99
 5: RDMA (addr:172.24.0.2 subnqn:nqn.2016-06.io.spdk:cnode1) NSID 1 from core  2:    4703.50      18.37     212.59      14.11    3779.32
 5: RDMA (addr:172.24.0.2 subnqn:nqn.2016-06.io.spdk:cnode1) NSID 1 from core  3:    4696.60      18.35     212.88      17.71    3324.57
 5: RDMA (addr:172.24.0.2 subnqn:nqn.2016-06.io.spdk:cnode1) NSID 1 from core  4:    4690.30      18.32     213.18      13.14    3398.33
 5: RDMA (addr:172.24.0.2 subnqn:nqn.2016-06.io.spdk:cnode1) NSID 1 from core  5:    4701.90      18.37     212.64      19.77    2332.37
 5: RDMA (addr:172.24.0.2 subnqn:nqn.2016-06.io.spdk:cnode1) NSID 1 from core  6:    4697.80      18.35     212.84      25.14    3202.86
 5: RDMA (addr:172.24.0.2 subnqn:nqn.2016-06.io.spdk:cnode1) NSID 1 from core  7:    4695.70      18.34     212.90      26.81    3771.07
 5: RDMA (addr:172.24.0.2 subnqn:nqn.2016-06.io.spdk:cnode1) NSID 1 from core  8:    4701.80      18.37     212.64      29.60    3618.84
 5: RDMA (addr:172.24.0.2 subnqn:nqn.2016-06.io.spdk:cnode1) NSID 1 from core  9:    4695.50      18.34     212.94      25.07    3331.19
 5: RDMA (addr:172.24.0.2 subnqn:nqn.2016-06.io.spdk:cnode1) NSID 1 from core 10:    4699.60      18.36     212.76      24.69    2959.84
 5: RDMA (addr:172.24.0.2 subnqn:nqn.2016-06.io.spdk:cnode1) NSID 1 from core 11:    4695.00      18.34     212.95      27.03    3769.15
 5: RDMA (addr:172.24.0.2 subnqn:nqn.2016-06.io.spdk:cnode1) NSID 1 from core 12:    4695.50      18.34     212.95      25.75    2805.02
 5: RDMA (addr:172.24.0.2 subnqn:nqn.2016-06.io.spdk:cnode1) NSID 1 from core 13:    4700.80      18.36     212.68      30.50    3606.16
 5: RDMA (addr:172.24.0.2 subnqn:nqn.2016-06.io.spdk:cnode1) NSID 1 from core 14:    4700.00      18.36     212.74      25.82    3505.74
 5: RDMA (addr:172.24.0.2 subnqn:nqn.2016-06.io.spdk:cnode1) NSID 1 from core 15:    4692.60      18.33     213.04      27.81    2771.66
 5: ========================================================
 5: Total                                                                       :   75161.10     293.60     212.84      13.14    3779.32
 5: 
 7: Initializing NVMe Controllers
 7: Attached to NVMe over Fabrics controller at 172.24.0.2:4420: nqn.2016-06.io.spdk:cnode1
 7: Controller attach time is 25400.644 us (60961545 ticks)
 7: Associating RDMA (addr:172.24.0.2 subnqn:nqn.2016-06.io.spdk:cnode1) NSID 1 with lcore 0
 7: Associating RDMA (addr:172.24.0.2 subnqn:nqn.2016-06.io.spdk:cnode1) NSID 1 with lcore 1
 7: Associating RDMA (addr:172.24.0.2 subnqn:nqn.2016-06.io.spdk:cnode1) NSID 1 with lcore 2
 7: Associating RDMA (addr:172.24.0.2 subnqn:nqn.2016-06.io.spdk:cnode1) NSID 1 with lcore 3
 7: Associating RDMA (addr:172.24.0.2 subnqn:nqn.2016-06.io.spdk:cnode1) NSID 1 with lcore 4
 7: Associating RDMA (addr:172.24.0.2 subnqn:nqn.2016-06.io.spdk:cnode1) NSID 1 with lcore 5
 7: Associating RDMA (addr:172.24.0.2 subnqn:nqn.2016-06.io.spdk:cnode1) NSID 1 with lcore 6
 7: Associating RDMA (addr:172.24.0.2 subnqn:nqn.2016-06.io.spdk:cnode1) NSID 1 with lcore 7
 7: Associating RDMA (addr:172.24.0.2 subnqn:nqn.2016-06.io.spdk:cnode1) NSID 1 with lcore 8
 7: Associating RDMA (addr:172.24.0.2 subnqn:nqn.2016-06.io.spdk:cnode1) NSID 1 with lcore 9
 7: Associating RDMA (addr:172.24.0.2 subnqn:nqn.2016-06.io.spdk:cnode1) NSID 1 with lcore 10
 7: Associating RDMA (addr:172.24.0.2 subnqn:nqn.2016-06.io.spdk:cnode1) NSID 1 with lcore 11
 7: Associating RDMA (addr:172.24.0.2 subnqn:nqn.2016-06.io.spdk:cnode1) NSID 1 with lcore 12
 7: Associating RDMA (addr:172.24.0.2 subnqn:nqn.2016-06.io.spdk:cnode1) NSID 1 with lcore 13
 7: Associating RDMA (addr:172.24.0.2 subnqn:nqn.2016-06.io.spdk:cnode1) NSID 1 with lcore 14
 7: Associating RDMA (addr:172.24.0.2 subnqn:nqn.2016-06.io.spdk:cnode1) NSID 1 with lcore 15
 7: Initialization complete. Launching workers.
 7: IO qp on core 4 total time 22603.651 us (54248763 ticks), connect time 11339.045 us (27213708 ticks)
 7: IO qp on core 3 total time 32255.637 us (77413528 ticks), connect time 20959.445 us (50302669 ticks)
 7: IO qp on core 5 total time 42093.415 us (101024196 ticks), connect time 31560.049 us (75744117 ticks)
 7: IO qp on core 6 total time 51277.303 us (123065527 ticks), connect time 40704.500 us (97690801 ticks)
 7: IO qp on core 0 total time 61958.694 us (148700866 ticks), connect time 50814.727 us (121955344 ticks)
 7: IO qp on core 1 total time 72234.466 us (173362718 ticks), connect time 60466.288 us (145119092 ticks)
 7: IO qp on core 9 total time 81579.410 us (195790585 ticks), connect time 70978.163 us (170347591 ticks)
 7: IO qp on core 2 total time 92187.555 us (221250133 ticks), connect time 80265.859 us (192638062 ticks)
 7: IO qp on core 7 total time 101044.546 us (242506911 ticks), connect time 90056.705 us (216136092 ticks)
 7: IO qp on core 8 total time 110798.340 us (265916016 ticks), connect time 99941.571 us (239859771 ticks)
 7: IO qp on core 11 total time 121197.850 us (290874839 ticks), connect time 108890.108 us (261336260 ticks)
 7: IO qp on core 13 total time 131378.098 us (315307435 ticks), connect time 119065.503 us (285757207 ticks)
 7: IO qp on core 15 total time 141334.929 us (339203829 ticks), connect time 128362.714 us (308070513 ticks)
 7: IO qp on core 12 total time 151028.454 us (362468289 ticks), connect time 138052.971 us (331327131 ticks)
 7: IO qp on core 10 total time 161011.283 us (386427079 ticks), connect time 147825.205 us (354780493 ticks)
 7: IO qp on core 14 total time 171555.719 us (411733726 ticks), connect time 158366.790 us (380080297 ticks)
 7: ========================================================
 7:                                                                                                                 Latency(us)
 7: Device Information                                                          :       IOPS      MiB/s    Average        min        max
 7: RDMA (addr:172.24.0.2 subnqn:nqn.2016-06.io.spdk:cnode1) NSID 1 from core  0:    4709.00      18.39     212.31      10.74    2439.01
 7: RDMA (addr:172.24.0.2 subnqn:nqn.2016-06.io.spdk:cnode1) NSID 1 from core  1:    4706.30      18.38     212.44      28.82    2806.04
 7: RDMA (addr:172.24.0.2 subnqn:nqn.2016-06.io.spdk:cnode1) NSID 1 from core  2:    4696.40      18.35     212.90      34.12    3414.35
 7: RDMA (addr:172.24.0.2 subnqn:nqn.2016-06.io.spdk:cnode1) NSID 1 from core  3:    4705.10      18.38     212.51      13.50    2802.44
 7: RDMA (addr:172.24.0.2 subnqn:nqn.2016-06.io.spdk:cnode1) NSID 1 from core  4:    4704.70      18.38     212.52      18.66    3760.57
 7: RDMA (addr:172.24.0.2 subnqn:nqn.2016-06.io.spdk:cnode1) NSID 1 from core  5:    4702.90      18.37     212.58      14.35    2727.55
 7: RDMA (addr:172.24.0.2 subnqn:nqn.2016-06.io.spdk:cnode1) NSID 1 from core  6:    4706.50      18.38     212.43      21.46    3163.80
 7: RDMA (addr:172.24.0.2 subnqn:nqn.2016-06.io.spdk:cnode1) NSID 1 from core  7:    4705.20      18.38     212.49      31.99    2555.89
 7: RDMA (addr:172.24.0.2 subnqn:nqn.2016-06.io.spdk:cnode1) NSID 1 from core  8:    4707.50      18.39     212.39      25.82    2721.25
 7: RDMA (addr:172.24.0.2 subnqn:nqn.2016-06.io.spdk:cnode1) NSID 1 from core  9:    4705.10      18.38     212.49      14.67    2427.34
 7: RDMA (addr:172.24.0.2 subnqn:nqn.2016-06.io.spdk:cnode1) NSID 1 from core 10:    4702.60      18.37     212.63      29.62    3103.56
 7: RDMA (addr:172.24.0.2 subnqn:nqn.2016-06.io.spdk:cnode1) NSID 1 from core 11:    4706.50      18.38     212.42      24.09    2865.95
 7: RDMA (addr:172.24.0.2 subnqn:nqn.2016-06.io.spdk:cnode1) NSID 1 from core 12:    4709.10      18.39     212.33      24.01    2332.57
 7: RDMA (addr:172.24.0.2 subnqn:nqn.2016-06.io.spdk:cnode1) NSID 1 from core 13:    4702.90      18.37     212.59      16.26    2973.75
 7: RDMA (addr:172.24.0.2 subnqn:nqn.2016-06.io.spdk:cnode1) NSID 1 from core 14:    4706.00      18.38     212.46      32.51    2805.62
 7: RDMA (addr:172.24.0.2 subnqn:nqn.2016-06.io.spdk:cnode1) NSID 1 from core 15:    4708.00      18.39     212.34      25.96    3211.43
 7: ========================================================
 7: Total                                                                       :   75283.80     294.08     212.49      10.74    3760.57
 7: 
19: Initializing NVMe Controllers
19: Attached to NVMe over Fabrics controller at 172.24.0.2:4420: nqn.2016-06.io.spdk:cnode1
19: Controller attach time is 25702.975 us (61687140 ticks)
19: Associating RDMA (addr:172.24.0.2 subnqn:nqn.2016-06.io.spdk:cnode1) NSID 1 with lcore 0
19: Associating RDMA (addr:172.24.0.2 subnqn:nqn.2016-06.io.spdk:cnode1) NSID 1 with lcore 1
19: Associating RDMA (addr:172.24.0.2 subnqn:nqn.2016-06.io.spdk:cnode1) NSID 1 with lcore 2
19: Associating RDMA (addr:172.24.0.2 subnqn:nqn.2016-06.io.spdk:cnode1) NSID 1 with lcore 3
19: Associating RDMA (addr:172.24.0.2 subnqn:nqn.2016-06.io.spdk:cnode1) NSID 1 with lcore 4
19: Associating RDMA (addr:172.24.0.2 subnqn:nqn.2016-06.io.spdk:cnode1) NSID 1 with lcore 5
19: Associating RDMA (addr:172.24.0.2 subnqn:nqn.2016-06.io.spdk:cnode1) NSID 1 with lcore 6
19: Associating RDMA (addr:172.24.0.2 subnqn:nqn.2016-06.io.spdk:cnode1) NSID 1 with lcore 7
19: Associating RDMA (addr:172.24.0.2 subnqn:nqn.2016-06.io.spdk:cnode1) NSID 1 with lcore 8
19: Associating RDMA (addr:172.24.0.2 subnqn:nqn.2016-06.io.spdk:cnode1) NSID 1 with lcore 9
19: Associating RDMA (addr:172.24.0.2 subnqn:nqn.2016-06.io.spdk:cnode1) NSID 1 with lcore 10
19: Associating RDMA (addr:172.24.0.2 subnqn:nqn.2016-06.io.spdk:cnode1) NSID 1 with lcore 11
19: Associating RDMA (addr:172.24.0.2 subnqn:nqn.2016-06.io.spdk:cnode1) NSID 1 with lcore 12
19: Associating RDMA (addr:172.24.0.2 subnqn:nqn.2016-06.io.spdk:cnode1) NSID 1 with lcore 13
19: Associating RDMA (addr:172.24.0.2 subnqn:nqn.2016-06.io.spdk:cnode1) NSID 1 with lcore 14
19: Associating RDMA (addr:172.24.0.2 subnqn:nqn.2016-06.io.spdk:cnode1) NSID 1 with lcore 15
19: Initialization complete. Launching workers.
19: IO qp on core 10 total time 22130.799 us (53113917 ticks), connect time 12799.449 us (30718677 ticks)
19: IO qp on core 0 total time 31518.227 us (75643745 ticks), connect time 22404.487 us (53770769 ticks)
19: IO qp on core 2 total time 41918.359 us (100604061 ticks), connect time 32252.201 us (77405283 ticks)
19: IO qp on core 6 total time 51489.088 us (123573812 ticks), connect time 41035.060 us (98484143 ticks)
19: IO qp on core 5 total time 62145.250 us (149148601 ticks), connect time 50486.439 us (121167454 ticks)
19: IO qp on core 8 total time 71846.753 us (172432206 ticks), connect time 60267.262 us (144641430 ticks)
19: IO qp on core 3 total time 81893.582 us (196544596 ticks), connect time 69863.983 us (167673559 ticks)
19: IO qp on core 7 total time 91824.399 us (220378558 ticks), connect time 79966.352 us (191919244 ticks)
19: IO qp on core 9 total time 101610.459 us (243865102 ticks), connect time 89613.682 us (215072836 ticks)
19: IO qp on core 11 total time 112478.111 us (269947467 ticks), connect time 100433.113 us (241039470 ticks)
19: IO qp on core 12 total time 121253.290 us (291007896 ticks), connect time 109026.380 us (261663312 ticks)
19: IO qp on core 1 total time 132223.889 us (317337334 ticks), connect time 119373.797 us (286497113 ticks)
19: IO qp on core 14 total time 141214.781 us (338915475 ticks), connect time 128851.415 us (309243396 ticks)
19: IO qp on core 13 total time 152081.030 us (364994471 ticks), connect time 139488.535 us (334772483 ticks)
19: IO qp on core 15 total time 161585.397 us (387804953 ticks), connect time 149071.060 us (357770543 ticks)
19: IO qp on core 4 total time 171963.527 us (412712465 ticks), connect time 158318.462 us (379964309 ticks)
19: ========================================================
19:                                                                                                                 Latency(us)
19: Device Information                                                          :       IOPS      MiB/s    Average        min        max
19: RDMA (addr:172.24.0.2 subnqn:nqn.2016-06.io.spdk:cnode1) NSID 1 from core  0:    4781.40      18.68     209.12      15.96    3776.26
19: RDMA (addr:172.24.0.2 subnqn:nqn.2016-06.io.spdk:cnode1) NSID 1 from core  1:    4775.10      18.65     209.38      21.79    3620.55
19: RDMA (addr:172.24.0.2 subnqn:nqn.2016-06.io.spdk:cnode1) NSID 1 from core  2:    4778.20      18.66     209.26      13.66    2782.09
19: RDMA (addr:172.24.0.2 subnqn:nqn.2016-06.io.spdk:cnode1) NSID 1 from core  3:    4764.60      18.61     209.83      15.16    3415.06
19: RDMA (addr:172.24.0.2 subnqn:nqn.2016-06.io.spdk:cnode1) NSID 1 from core  4:    4772.10      18.64     209.52      15.24    2412.14
19: RDMA (addr:172.24.0.2 subnqn:nqn.2016-06.io.spdk:cnode1) NSID 1 from core  5:    4773.10      18.64     209.45      20.31    2694.33
19: RDMA (addr:172.24.0.2 subnqn:nqn.2016-06.io.spdk:cnode1) NSID 1 from core  6:    4777.20      18.66     209.29      13.54    3262.89
19: RDMA (addr:172.24.0.2 subnqn:nqn.2016-06.io.spdk:cnode1) NSID 1 from core  7:    4773.30      18.65     209.47      17.16    2452.51
19: RDMA (addr:172.24.0.2 subnqn:nqn.2016-06.io.spdk:cnode1) NSID 1 from core  8:    4776.60      18.66     209.32      20.66    3839.95
19: RDMA (addr:172.24.0.2 subnqn:nqn.2016-06.io.spdk:cnode1) NSID 1 from core  9:    4775.90      18.66     209.35      19.24    2404.46
19: RDMA (addr:172.24.0.2 subnqn:nqn.2016-06.io.spdk:cnode1) NSID 1 from core 10:    4779.70      18.67     209.20      17.71    2713.11
19: RDMA (addr:172.24.0.2 subnqn:nqn.2016-06.io.spdk:cnode1) NSID 1 from core 11:    4776.00      18.66     209.32      17.19    2873.78
19: RDMA (addr:172.24.0.2 subnqn:nqn.2016-06.io.spdk:cnode1) NSID 1 from core 12:    4768.60      18.63     209.68      16.52    2711.09
19: RDMA (addr:172.24.0.2 subnqn:nqn.2016-06.io.spdk:cnode1) NSID 1 from core 13:    4773.90      18.65     209.41      20.00    3202.19
19: RDMA (addr:172.24.0.2 subnqn:nqn.2016-06.io.spdk:cnode1) NSID 1 from core 14:    4762.90      18.61     209.93      19.48    3392.86
19: RDMA (addr:172.24.0.2 subnqn:nqn.2016-06.io.spdk:cnode1) NSID 1 from core 15:    4775.60      18.65     209.36      22.17    3134.82
19: ========================================================
19: Total                                                                       :   76384.20     298.38     209.43      13.54    3839.95
19: 
10: Initializing NVMe Controllers
10: Attached to NVMe over Fabrics controller at 172.24.0.2:4420: nqn.2016-06.io.spdk:cnode1
10: Controller attach time is 23062.139 us (55349134 ticks)
10: Associating RDMA (addr:172.24.0.2 subnqn:nqn.2016-06.io.spdk:cnode1) NSID 1 with lcore 0
10: Associating RDMA (addr:172.24.0.2 subnqn:nqn.2016-06.io.spdk:cnode1) NSID 1 with lcore 1
10: Associating RDMA (addr:172.24.0.2 subnqn:nqn.2016-06.io.spdk:cnode1) NSID 1 with lcore 2
10: Associating RDMA (addr:172.24.0.2 subnqn:nqn.2016-06.io.spdk:cnode1) NSID 1 with lcore 3
10: Associating RDMA (addr:172.24.0.2 subnqn:nqn.2016-06.io.spdk:cnode1) NSID 1 with lcore 4
10: Associating RDMA (addr:172.24.0.2 subnqn:nqn.2016-06.io.spdk:cnode1) NSID 1 with lcore 5
10: Associating RDMA (addr:172.24.0.2 subnqn:nqn.2016-06.io.spdk:cnode1) NSID 1 with lcore 6
10: Associating RDMA (addr:172.24.0.2 subnqn:nqn.2016-06.io.spdk:cnode1) NSID 1 with lcore 7
10: Associating RDMA (addr:172.24.0.2 subnqn:nqn.2016-06.io.spdk:cnode1) NSID 1 with lcore 8
10: Associating RDMA (addr:172.24.0.2 subnqn:nqn.2016-06.io.spdk:cnode1) NSID 1 with lcore 9
10: Associating RDMA (addr:172.24.0.2 subnqn:nqn.2016-06.io.spdk:cnode1) NSID 1 with lcore 10
10: Associating RDMA (addr:172.24.0.2 subnqn:nqn.2016-06.io.spdk:cnode1) NSID 1 with lcore 11
10: Associating RDMA (addr:172.24.0.2 subnqn:nqn.2016-06.io.spdk:cnode1) NSID 1 with lcore 12
10: Associating RDMA (addr:172.24.0.2 subnqn:nqn.2016-06.io.spdk:cnode1) NSID 1 with lcore 13
10: Associating RDMA (addr:172.24.0.2 subnqn:nqn.2016-06.io.spdk:cnode1) NSID 1 with lcore 14
10: Associating RDMA (addr:172.24.0.2 subnqn:nqn.2016-06.io.spdk:cnode1) NSID 1 with lcore 15
10: Initialization complete. Launching workers.
10: IO qp on core 2 total time 24659.919 us (59183806 ticks), connect time 14255.053 us (34212127 ticks)
10: IO qp on core 1 total time 34105.854 us (81854050 ticks), connect time 23424.873 us (56219695 ticks)
10: IO qp on core 0 total time 43478.441 us (104348258 ticks), connect time 33440.311 us (80256746 ticks)
10: IO qp on core 6 total time 53270.641 us (127849539 ticks), connect time 43436.724 us (104248137 ticks)
10: IO qp on core 3 total time 64572.624 us (154974297 ticks), connect time 53759.393 us (129022542 ticks)
10: IO qp on core 5 total time 73331.000 us (175994399 ticks), connect time 63203.980 us (151689551 ticks)
10: IO qp on core 4 total time 84160.526 us (201985263 ticks), connect time 73182.014 us (175636833 ticks)
10: IO qp on core 7 total time 94003.697 us (225608874 ticks), connect time 83909.226 us (201382143 ticks)
10: IO qp on core 13 total time 103199.944 us (247679865 ticks), connect time 90782.731 us (217878555 ticks)
10: IO qp on core 9 total time 113374.788 us (272099491 ticks), connect time 100952.150 us (242285161 ticks)
10: IO qp on core 8 total time 122897.606 us (294954255 ticks), connect time 109714.054 us (263313729 ticks)
10: IO qp on core 12 total time 133375.909 us (320102182 ticks), connect time 120183.573 us (288440575 ticks)
10: IO qp on core 15 total time 143121.189 us (343490853 ticks), connect time 129739.000 us (311373600 ticks)
10: IO qp on core 10 total time 153164.441 us (367594659 ticks), connect time 139779.328 us (335470386 ticks)
10: IO qp on core 14 total time 163937.693 us (393450462 ticks), connect time 150362.332 us (360869598 ticks)
10: IO qp on core 11 total time 173276.910 us (415864584 ticks), connect time 159697.494 us (383273985 ticks)
10: ========================================================
10:                                                                                                                 Latency(us)
10: Device Information                                                          :       IOPS      MiB/s    Average        min        max
10: RDMA (addr:172.24.0.2 subnqn:nqn.2016-06.io.spdk:cnode1) NSID 1 from core  0:    4815.90      18.81     207.61      10.54    3417.71
10: RDMA (addr:172.24.0.2 subnqn:nqn.2016-06.io.spdk:cnode1) NSID 1 from core  1:    4817.50      18.82     207.53      13.66    2905.08
10: RDMA (addr:172.24.0.2 subnqn:nqn.2016-06.io.spdk:cnode1) NSID 1 from core  2:    4827.90      18.86     207.10      10.67    3120.12
10: RDMA (addr:172.24.0.2 subnqn:nqn.2016-06.io.spdk:cnode1) NSID 1 from core  3:    4813.70      18.80     207.69       8.57    3087.13
10: RDMA (addr:172.24.0.2 subnqn:nqn.2016-06.io.spdk:cnode1) NSID 1 from core  4:    4809.90      18.79     207.87      12.88    3177.95
10: RDMA (addr:172.24.0.2 subnqn:nqn.2016-06.io.spdk:cnode1) NSID 1 from core  5:    4807.80      18.78     207.94       9.66    3152.76
10: RDMA (addr:172.24.0.2 subnqn:nqn.2016-06.io.spdk:cnode1) NSID 1 from core  6:    4814.30      18.81     207.68       8.41    3334.40
10: RDMA (addr:172.24.0.2 subnqn:nqn.2016-06.io.spdk:cnode1) NSID 1 from core  7:    4806.40      18.77     208.00      18.67    3665.53
10: RDMA (addr:172.24.0.2 subnqn:nqn.2016-06.io.spdk:cnode1) NSID 1 from core  8:    4806.10      18.77     208.04      12.61    3108.91
10: RDMA (addr:172.24.0.2 subnqn:nqn.2016-06.io.spdk:cnode1) NSID 1 from core  9:    4808.20      18.78     207.95      10.36    3332.68
10: RDMA (addr:172.24.0.2 subnqn:nqn.2016-06.io.spdk:cnode1) NSID 1 from core 10:    4801.90      18.76     208.23      17.24    2333.22
10: RDMA (addr:172.24.0.2 subnqn:nqn.2016-06.io.spdk:cnode1) NSID 1 from core 11:    4807.10      18.78     207.99      18.68    2893.91
10: RDMA (addr:172.24.0.2 subnqn:nqn.2016-06.io.spdk:cnode1) NSID 1 from core 12:    4802.60      18.76     208.20      12.84    2782.11
10: RDMA (addr:172.24.0.2 subnqn:nqn.2016-06.io.spdk:cnode1) NSID 1 from core 13:    4803.30      18.76     208.15      13.19    2426.90
10: RDMA (addr:172.24.0.2 subnqn:nqn.2016-06.io.spdk:cnode1) NSID 1 from core 14:    4798.20      18.74     208.39      17.89    3123.90
10: RDMA (addr:172.24.0.2 subnqn:nqn.2016-06.io.spdk:cnode1) NSID 1 from core 15:    4801.90      18.76     208.21      13.04    2789.05
10: ========================================================
10: Total                                                                       :   76942.70     300.56     207.91       8.41    3665.53
10: 
 2: Initializing NVMe Controllers
 2: Attached to NVMe over Fabrics controller at 172.24.0.2:4420: nqn.2016-06.io.spdk:cnode1
 2: Controller attach time is 29474.657 us (70739176 ticks)
 2: Associating RDMA (addr:172.24.0.2 subnqn:nqn.2016-06.io.spdk:cnode1) NSID 1 with lcore 0
 2: Associating RDMA (addr:172.24.0.2 subnqn:nqn.2016-06.io.spdk:cnode1) NSID 1 with lcore 1
 2: Associating RDMA (addr:172.24.0.2 subnqn:nqn.2016-06.io.spdk:cnode1) NSID 1 with lcore 2
 2: Associating RDMA (addr:172.24.0.2 subnqn:nqn.2016-06.io.spdk:cnode1) NSID 1 with lcore 3
 2: Associating RDMA (addr:172.24.0.2 subnqn:nqn.2016-06.io.spdk:cnode1) NSID 1 with lcore 4
 2: Associating RDMA (addr:172.24.0.2 subnqn:nqn.2016-06.io.spdk:cnode1) NSID 1 with lcore 5
 2: Associating RDMA (addr:172.24.0.2 subnqn:nqn.2016-06.io.spdk:cnode1) NSID 1 with lcore 6
 2: Associating RDMA (addr:172.24.0.2 subnqn:nqn.2016-06.io.spdk:cnode1) NSID 1 with lcore 7
 2: Associating RDMA (addr:172.24.0.2 subnqn:nqn.2016-06.io.spdk:cnode1) NSID 1 with lcore 8
 2: Associating RDMA (addr:172.24.0.2 subnqn:nqn.2016-06.io.spdk:cnode1) NSID 1 with lcore 9
 2: Associating RDMA (addr:172.24.0.2 subnqn:nqn.2016-06.io.spdk:cnode1) NSID 1 with lcore 10
 2: Associating RDMA (addr:172.24.0.2 subnqn:nqn.2016-06.io.spdk:cnode1) NSID 1 with lcore 11
 2: Associating RDMA (addr:172.24.0.2 subnqn:nqn.2016-06.io.spdk:cnode1) NSID 1 with lcore 12
 2: Associating RDMA (addr:172.24.0.2 subnqn:nqn.2016-06.io.spdk:cnode1) NSID 1 with lcore 13
 2: Associating RDMA (addr:172.24.0.2 subnqn:nqn.2016-06.io.spdk:cnode1) NSID 1 with lcore 14
 2: Associating RDMA (addr:172.24.0.2 subnqn:nqn.2016-06.io.spdk:cnode1) NSID 1 with lcore 15
 2: Initialization complete. Launching workers.
 2: IO qp on core 2 total time 18614.740 us (44675377 ticks), connect time 8020.787 us (19249888 ticks)
 2: IO qp on core 4 total time 28233.151 us (67759563 ticks), connect time 17710.020 us (42504048 ticks)
 2: IO qp on core 5 total time 38672.778 us (92814668 ticks), connect time 28188.301 us (67651922 ticks)
 2: IO qp on core 3 total time 48161.957 us (115588698 ticks), connect time 37399.594 us (89759025 ticks)
 2: IO qp on core 1 total time 58451.346 us (140283230 ticks), connect time 47541.854 us (114100450 ticks)
 2: IO qp on core 6 total time 68693.609 us (164864661 ticks), connect time 57850.621 us (138841491 ticks)
 2: IO qp on core 0 total time 78360.969 us (188066326 ticks), connect time 67795.342 us (162708820 ticks)
 2: IO qp on core 15 total time 87610.519 us (210265245 ticks), connect time 77259.544 us (185422905 ticks)
 2: IO qp on core 9 total time 97275.334 us (233460801 ticks), connect time 86742.911 us (208182987 ticks)
 2: IO qp on core 7 total time 107454.715 us (257891315 ticks), connect time 96842.272 us (232421453 ticks)
 2: IO qp on core 8 total time 117186.054 us (281246529 ticks), connect time 106275.735 us (255061764 ticks)
 2: IO qp on core 13 total time 127623.680 us (306296831 ticks), connect time 116407.216 us (279377318 ticks)
 2: IO qp on core 12 total time 137480.424 us (329953018 ticks), connect time 123667.053 us (296800927 ticks)
 2: IO qp on core 10 total time 147536.330 us (354087193 ticks), connect time 133719.187 us (320926048 ticks)
 2: IO qp on core 11 total time 157025.866 us (376862079 ticks), connect time 143021.079 us (343250589 ticks)
 2: IO qp on core 14 total time 167291.358 us (401499258 ticks), connect time 153280.566 us (367873359 ticks)
 2: ========================================================
 2:                                                                                                                 Latency(us)
 2: Device Information                                                          :       IOPS      MiB/s    Average        min        max
 2: RDMA (addr:172.24.0.2 subnqn:nqn.2016-06.io.spdk:cnode1) NSID 1 from core  0:    5015.90      19.59     199.32       8.22    3645.98
 2: RDMA (addr:172.24.0.2 subnqn:nqn.2016-06.io.spdk:cnode1) NSID 1 from core  1:    5031.50      19.65     198.69       8.24    3183.29
 2: RDMA (addr:172.24.0.2 subnqn:nqn.2016-06.io.spdk:cnode1) NSID 1 from core  2:    5036.50      19.67     198.53       9.37    2974.20
 2: RDMA (addr:172.24.0.2 subnqn:nqn.2016-06.io.spdk:cnode1) NSID 1 from core  3:    5019.20      19.61     199.18      10.09    2500.84
 2: RDMA (addr:172.24.0.2 subnqn:nqn.2016-06.io.spdk:cnode1) NSID 1 from core  4:    5038.80      19.68     198.43       9.84    3862.90
 2: RDMA (addr:172.24.0.2 subnqn:nqn.2016-06.io.spdk:cnode1) NSID 1 from core  5:    5032.20      19.66     198.69       8.89    3331.00
 2: RDMA (addr:172.24.0.2 subnqn:nqn.2016-06.io.spdk:cnode1) NSID 1 from core  6:    5043.80      19.70     198.24       8.23    3497.81
 2: RDMA (addr:172.24.0.2 subnqn:nqn.2016-06.io.spdk:cnode1) NSID 1 from core  7:    5023.60      19.62     199.01       9.22    3624.00
 2: RDMA (addr:172.24.0.2 subnqn:nqn.2016-06.io.spdk:cnode1) NSID 1 from core  8:    5017.30      19.60     199.26       8.87    3758.49
 2: RDMA (addr:172.24.0.2 subnqn:nqn.2016-06.io.spdk:cnode1) NSID 1 from core  9:    5026.10      19.63     198.91       7.63    2508.85
 2: RDMA (addr:172.24.0.2 subnqn:nqn.2016-06.io.spdk:cnode1) NSID 1 from core 10:    5009.20      19.57     199.61       9.22    3327.67
 2: RDMA (addr:172.24.0.2 subnqn:nqn.2016-06.io.spdk:cnode1) NSID 1 from core 11:    5003.80      19.55     199.81       9.10    2450.51
 2: RDMA (addr:172.24.0.2 subnqn:nqn.2016-06.io.spdk:cnode1) NSID 1 from core 12:    5002.40      19.54     199.88      10.15    3257.83
 2: RDMA (addr:172.24.0.2 subnqn:nqn.2016-06.io.spdk:cnode1) NSID 1 from core 13:    4997.90      19.52     200.05       8.94    3505.04
 2: RDMA (addr:172.24.0.2 subnqn:nqn.2016-06.io.spdk:cnode1) NSID 1 from core 14:    5020.10      19.61     199.17       7.56    3176.51
 2: RDMA (addr:172.24.0.2 subnqn:nqn.2016-06.io.spdk:cnode1) NSID 1 from core 15:    5024.40      19.63     198.98       9.03    2703.70
 2: ========================================================
 2: Total                                                                       :   80342.70     313.84     199.11       7.56    3862.90
 2: 
 8: Initializing NVMe Controllers
 8: Attached to NVMe over Fabrics controller at 172.24.0.2:4420: nqn.2016-06.io.spdk:cnode1
 8: Controller attach time is 24386.160 us (58526784 ticks)
 8: Associating RDMA (addr:172.24.0.2 subnqn:nqn.2016-06.io.spdk:cnode1) NSID 1 with lcore 0
 8: Associating RDMA (addr:172.24.0.2 subnqn:nqn.2016-06.io.spdk:cnode1) NSID 1 with lcore 1
 8: Associating RDMA (addr:172.24.0.2 subnqn:nqn.2016-06.io.spdk:cnode1) NSID 1 with lcore 2
 8: Associating RDMA (addr:172.24.0.2 subnqn:nqn.2016-06.io.spdk:cnode1) NSID 1 with lcore 3
 8: Associating RDMA (addr:172.24.0.2 subnqn:nqn.2016-06.io.spdk:cnode1) NSID 1 with lcore 4
 8: Associating RDMA (addr:172.24.0.2 subnqn:nqn.2016-06.io.spdk:cnode1) NSID 1 with lcore 5
 8: Associating RDMA (addr:172.24.0.2 subnqn:nqn.2016-06.io.spdk:cnode1) NSID 1 with lcore 6
 8: Associating RDMA (addr:172.24.0.2 subnqn:nqn.2016-06.io.spdk:cnode1) NSID 1 with lcore 7
 8: Associating RDMA (addr:172.24.0.2 subnqn:nqn.2016-06.io.spdk:cnode1) NSID 1 with lcore 8
 8: Associating RDMA (addr:172.24.0.2 subnqn:nqn.2016-06.io.spdk:cnode1) NSID 1 with lcore 9
 8: Associating RDMA (addr:172.24.0.2 subnqn:nqn.2016-06.io.spdk:cnode1) NSID 1 with lcore 10
 8: Associating RDMA (addr:172.24.0.2 subnqn:nqn.2016-06.io.spdk:cnode1) NSID 1 with lcore 11
 8: Associating RDMA (addr:172.24.0.2 subnqn:nqn.2016-06.io.spdk:cnode1) NSID 1 with lcore 12
 8: Associating RDMA (addr:172.24.0.2 subnqn:nqn.2016-06.io.spdk:cnode1) NSID 1 with lcore 13
 8: Associating RDMA (addr:172.24.0.2 subnqn:nqn.2016-06.io.spdk:cnode1) NSID 1 with lcore 14
 8: Associating RDMA (addr:172.24.0.2 subnqn:nqn.2016-06.io.spdk:cnode1) NSID 1 with lcore 15
 8: Initialization complete. Launching workers.
 8: IO qp on core 2 total time 22478.841 us (53949219 ticks), connect time 12471.089 us (29930613 ticks)
 8: IO qp on core 3 total time 31830.234 us (76392562 ticks), connect time 21551.377 us (51723304 ticks)
 8: IO qp on core 1 total time 41382.752 us (99318604 ticks), connect time 30879.603 us (74111046 ticks)
 8: IO qp on core 4 total time 51337.936 us (123211047 ticks), connect time 40774.756 us (97859415 ticks)
 8: IO qp on core 5 total time 61914.649 us (148595157 ticks), connect time 50889.709 us (122135301 ticks)
 8: IO qp on core 6 total time 72162.657 us (173190377 ticks), connect time 60196.412 us (144471389 ticks)
 8: IO qp on core 8 total time 80862.512 us (194070030 ticks), connect time 68694.046 us (164865711 ticks)
 8: IO qp on core 7 total time 91539.925 us (219695820 ticks), connect time 79270.705 us (190249692 ticks)
 8: IO qp on core 9 total time 101473.986 us (243537567 ticks), connect time 88412.144 us (212189145 ticks)
 8: IO qp on core 0 total time 110922.490 us (266213976 ticks), connect time 97952.776 us (235086663 ticks)
 8: IO qp on core 11 total time 121107.114 us (290657073 ticks), connect time 107294.205 us (257506092 ticks)
 8: IO qp on core 14 total time 130155.508 us (312373218 ticks), connect time 116344.318 us (279226362 ticks)
 8: IO qp on core 10 total time 141577.885 us (339786924 ticks), connect time 126737.076 us (304168983 ticks)
 8: IO qp on core 12 total time 150047.100 us (360113040 ticks), connect time 136028.979 us (326469549 ticks)
 8: IO qp on core 13 total time 160861.369 us (386067286 ticks), connect time 146580.459 us (351793102 ticks)
 8: IO qp on core 15 total time 171186.422 us (410847414 ticks), connect time 156930.682 us (376633638 ticks)
 8: ========================================================
 8:                                                                                                                 Latency(us)
 8: Device Information                                                          :       IOPS      MiB/s    Average        min        max
 8: RDMA (addr:172.24.0.2 subnqn:nqn.2016-06.io.spdk:cnode1) NSID 1 from core  0:    5309.90      20.74     188.30       7.89    3663.43
 8: RDMA (addr:172.24.0.2 subnqn:nqn.2016-06.io.spdk:cnode1) NSID 1 from core  1:    5325.20      20.80     187.76       6.98    2952.03
 8: RDMA (addr:172.24.0.2 subnqn:nqn.2016-06.io.spdk:cnode1) NSID 1 from core  2:    5326.70      20.81     187.71       7.57    2732.60
 8: RDMA (addr:172.24.0.2 subnqn:nqn.2016-06.io.spdk:cnode1) NSID 1 from core  3:    5359.60      20.94     186.54       7.02    3344.59
 8: RDMA (addr:172.24.0.2 subnqn:nqn.2016-06.io.spdk:cnode1) NSID 1 from core  4:    5304.40      20.72     188.44       6.80    3087.82
 8: RDMA (addr:172.24.0.2 subnqn:nqn.2016-06.io.spdk:cnode1) NSID 1 from core  5:    5321.10      20.79     187.88       6.96    3110.74
 8: RDMA (addr:172.24.0.2 subnqn:nqn.2016-06.io.spdk:cnode1) NSID 1 from core  6:    5323.40      20.79     187.83       6.46    2728.77
 8: RDMA (addr:172.24.0.2 subnqn:nqn.2016-06.io.spdk:cnode1) NSID 1 from core  7:    5319.40      20.78     187.95       7.25    2309.95
 8: RDMA (addr:172.24.0.2 subnqn:nqn.2016-06.io.spdk:cnode1) NSID 1 from core  8:    5326.60      20.81     187.69       7.05    3149.42
 8: RDMA (addr:172.24.0.2 subnqn:nqn.2016-06.io.spdk:cnode1) NSID 1 from core  9:    5332.50      20.83     187.48       6.69    3102.60
 8: RDMA (addr:172.24.0.2 subnqn:nqn.2016-06.io.spdk:cnode1) NSID 1 from core 10:    5326.90      20.81     187.70       7.11    3256.60
 8: RDMA (addr:172.24.0.2 subnqn:nqn.2016-06.io.spdk:cnode1) NSID 1 from core 11:    5335.70      20.84     187.38       6.21    2723.32
 8: RDMA (addr:172.24.0.2 subnqn:nqn.2016-06.io.spdk:cnode1) NSID 1 from core 12:    5299.10      20.70     188.69       7.16    3514.36
 8: RDMA (addr:172.24.0.2 subnqn:nqn.2016-06.io.spdk:cnode1) NSID 1 from core 13:    5330.90      20.82     187.54       6.57    3102.80
 8: RDMA (addr:172.24.0.2 subnqn:nqn.2016-06.io.spdk:cnode1) NSID 1 from core 14:    5337.60      20.85     187.32       6.93    3787.36
 8: RDMA (addr:172.24.0.2 subnqn:nqn.2016-06.io.spdk:cnode1) NSID 1 from core 15:    5328.90      20.82     187.60       6.56    3350.07
 8: ========================================================
 8: Total                                                                       :   85207.90     332.84     187.74       6.21    3787.36
 8: 
 6: Initializing NVMe Controllers
 6: Attached to NVMe over Fabrics controller at 172.24.0.2:4420: nqn.2016-06.io.spdk:cnode1
 6: Controller attach time is 25744.936 us (61787846 ticks)
 6: Associating RDMA (addr:172.24.0.2 subnqn:nqn.2016-06.io.spdk:cnode1) NSID 1 with lcore 0
 6: Associating RDMA (addr:172.24.0.2 subnqn:nqn.2016-06.io.spdk:cnode1) NSID 1 with lcore 1
 6: Associating RDMA (addr:172.24.0.2 subnqn:nqn.2016-06.io.spdk:cnode1) NSID 1 with lcore 2
 6: Associating RDMA (addr:172.24.0.2 subnqn:nqn.2016-06.io.spdk:cnode1) NSID 1 with lcore 3
 6: Associating RDMA (addr:172.24.0.2 subnqn:nqn.2016-06.io.spdk:cnode1) NSID 1 with lcore 4
 6: Associating RDMA (addr:172.24.0.2 subnqn:nqn.2016-06.io.spdk:cnode1) NSID 1 with lcore 5
 6: Associating RDMA (addr:172.24.0.2 subnqn:nqn.2016-06.io.spdk:cnode1) NSID 1 with lcore 6
 6: Associating RDMA (addr:172.24.0.2 subnqn:nqn.2016-06.io.spdk:cnode1) NSID 1 with lcore 7
 6: Associating RDMA (addr:172.24.0.2 subnqn:nqn.2016-06.io.spdk:cnode1) NSID 1 with lcore 8
 6: Associating RDMA (addr:172.24.0.2 subnqn:nqn.2016-06.io.spdk:cnode1) NSID 1 with lcore 9
 6: Associating RDMA (addr:172.24.0.2 subnqn:nqn.2016-06.io.spdk:cnode1) NSID 1 with lcore 10
 6: Associating RDMA (addr:172.24.0.2 subnqn:nqn.2016-06.io.spdk:cnode1) NSID 1 with lcore 11
 6: Associating RDMA (addr:172.24.0.2 subnqn:nqn.2016-06.io.spdk:cnode1) NSID 1 with lcore 12
 6: Associating RDMA (addr:172.24.0.2 subnqn:nqn.2016-06.io.spdk:cnode1) NSID 1 with lcore 13
 6: Associating RDMA (addr:172.24.0.2 subnqn:nqn.2016-06.io.spdk:cnode1) NSID 1 with lcore 14
 6: Associating RDMA (addr:172.24.0.2 subnqn:nqn.2016-06.io.spdk:cnode1) NSID 1 with lcore 15
 6: Initialization complete. Launching workers.
 6: IO qp on core 2 total time 22130.658 us (53113580 ticks), connect time 13947.747 us (33474594 ticks)
 6: IO qp on core 3 total time 31325.226 us (75180542 ticks), connect time 23168.212 us (55603708 ticks)
 6: IO qp on core 5 total time 41682.373 us (100037695 ticks), connect time 31826.104 us (76382650 ticks)
 6: IO qp on core 4 total time 51370.741 us (123289779 ticks), connect time 41222.033 us (98932878 ticks)
 6: IO qp on core 1 total time 61795.250 us (148308600 ticks), connect time 50833.340 us (122000015 ticks)
 6: IO qp on core 6 total time 70808.232 us (169939758 ticks), connect time 60531.393 us (145275342 ticks)
 6: IO qp on core 0 total time 80739.958 us (193775898 ticks), connect time 70038.984 us (168093561 ticks)
 6: IO qp on core 15 total time 90409.275 us (216982259 ticks), connect time 80088.297 us (192211913 ticks)
 6: IO qp on core 13 total time 102173.528 us (245216468 ticks), connect time 91182.353 us (218837648 ticks)
 6: IO qp on core 11 total time 110386.954 us (264928689 ticks), connect time 98241.227 us (235778946 ticks)
 6: IO qp on core 8 total time 120633.463 us (289520312 ticks), connect time 108486.452 us (260367485 ticks)
 6: IO qp on core 10 total time 130292.277 us (312701465 ticks), connect time 117747.901 us (282594962 ticks)
 6: IO qp on core 12 total time 140223.310 us (336535944 ticks), connect time 127607.611 us (306258267 ticks)
 6: IO qp on core 14 total time 150897.015 us (362152837 ticks), connect time 138276.858 us (331864459 ticks)
 6: IO qp on core 7 total time 160962.509 us (386310022 ticks), connect time 148231.507 us (355755616 ticks)
 6: IO qp on core 9 total time 171006.331 us (410415195 ticks), connect time 158218.568 us (379724562 ticks)
 6: ========================================================
 6:                                                                                                                 Latency(us)
 6: Device Information                                                          :       IOPS      MiB/s    Average        min        max
 6: RDMA (addr:172.24.0.2 subnqn:nqn.2016-06.io.spdk:cnode1) NSID 1 from core  0:    5791.40      22.62     172.62       7.24    3780.66
 6: RDMA (addr:172.24.0.2 subnqn:nqn.2016-06.io.spdk:cnode1) NSID 1 from core  1:    5915.90      23.11     169.01       6.82    2507.10
 6: RDMA (addr:172.24.0.2 subnqn:nqn.2016-06.io.spdk:cnode1) NSID 1 from core  2:    5858.50      22.88     170.67       6.62    2490.49
 6: RDMA (addr:172.24.0.2 subnqn:nqn.2016-06.io.spdk:cnode1) NSID 1 from core  3:    5905.60      23.07     169.29       6.80    3497.05
 6: RDMA (addr:172.24.0.2 subnqn:nqn.2016-06.io.spdk:cnode1) NSID 1 from core  4:    5820.00      22.73     171.74       7.16    2714.52
 6: RDMA (addr:172.24.0.2 subnqn:nqn.2016-06.io.spdk:cnode1) NSID 1 from core  5:    5943.40      23.22     168.20       6.27    3313.40
 6: RDMA (addr:172.24.0.2 subnqn:nqn.2016-06.io.spdk:cnode1) NSID 1 from core  6:    5847.20      22.84     171.00       7.12    3137.84
 6: RDMA (addr:172.24.0.2 subnqn:nqn.2016-06.io.spdk:cnode1) NSID 1 from core  7:    5865.40      22.91     170.46       7.02    2487.57
 6: RDMA (addr:172.24.0.2 subnqn:nqn.2016-06.io.spdk:cnode1) NSID 1 from core  8:    5845.70      22.83     171.04       6.72    2452.35
 6: RDMA (addr:172.24.0.2 subnqn:nqn.2016-06.io.spdk:cnode1) NSID 1 from core  9:    5901.50      23.05     169.41       6.52    3112.38
 6: RDMA (addr:172.24.0.2 subnqn:nqn.2016-06.io.spdk:cnode1) NSID 1 from core 10:    5890.80      23.01     169.73       6.74    3154.67
 6: RDMA (addr:172.24.0.2 subnqn:nqn.2016-06.io.spdk:cnode1) NSID 1 from core 11:    5877.60      22.96     170.09       6.96    2794.64
 6: RDMA (addr:172.24.0.2 subnqn:nqn.2016-06.io.spdk:cnode1) NSID 1 from core 12:    5848.90      22.85     170.95       6.87    2361.23
 6: RDMA (addr:172.24.0.2 subnqn:nqn.2016-06.io.spdk:cnode1) NSID 1 from core 13:    5894.10      23.02     169.62       6.69    3247.56
 6: RDMA (addr:172.24.0.2 subnqn:nqn.2016-06.io.spdk:cnode1) NSID 1 from core 14:    5881.40      22.97     170.00       6.36    3188.39
 6: RDMA (addr:172.24.0.2 subnqn:nqn.2016-06.io.spdk:cnode1) NSID 1 from core 15:    5860.10      22.89     170.59       6.84    3116.95
 6: ========================================================
 6: Total                                                                       :   93947.50     366.98     170.27       6.27    3780.66
 6: 
== Servers stopping... 
srun -l -O --nodes 1 --ntasks 1 --nodelist=jazz02 --export=ALL ./stop_tgt.sh
0: == TGT Memory usage ==
0: Huge pages: 3296 MB, HWM: 1349.18
srun: error: jazz02: task 0: Exited with exit code 127
srun: launch/slurm: _step_signal: Terminating StepId=60007.0
jazz02: Error while connecting to /var/tmp/spdk.sock
jazz02: Is SPDK application running?
jazz02: Error details: [Errno -2] Name or service not known
pdsh@jazz02: jazz02: ssh exited with exit code 1
jazz05: Error while connecting to /var/tmp/spdk.sock
jazz05: Is SPDK application running?
jazz05: Error details: [Errno -2] Name or service not known
jazz03: Error while connecting to /var/tmp/spdk.sock
jazz03: Is SPDK application running?
jazz03: Error details: [Errno -2] Name or service not known
pdsh@jazz02: jazz05: ssh exited with exit code 1
jazz17: Error while connecting to /var/tmp/spdk.sock
jazz17: Is SPDK application running?
jazz17: Error details: [Errno -2] Name or service not known
jazz13: Error while connecting to /var/tmp/spdk.sock
jazz13: Is SPDK application running?
jazz13: Error details: [Errno -2] Name or service not known
jazz27: Error while connecting to /var/tmp/spdk.sock
jazz27: Is SPDK application running?
jazz27: Error details: [Errno -2] Name or service not known
jazz22: Error while connecting to /var/tmp/spdk.sock
jazz22: Is SPDK application running?
jazz22: Error details: [Errno -2] Name or service not known
pdsh@jazz02: jazz03: ssh exited with exit code 1
pdsh@jazz02: jazz17: ssh exited with exit code 1
jazz28: Error while connecting to /var/tmp/spdk.sock
jazz28: Is SPDK application running?
jazz28: Error details: [Errno -2] Name or service not known
pdsh@jazz02: jazz13: ssh exited with exit code 1
pdsh@jazz02: jazz27: ssh exited with exit code 1
pdsh@jazz02: jazz22: ssh exited with exit code 1
jazz19: Error while connecting to /var/tmp/spdk.sock
jazz19: Is SPDK application running?
jazz19: Error details: [Errno -2] Name or service not known
pdsh@jazz02: jazz28: ssh exited with exit code 1
jazz18: Error while connecting to /var/tmp/spdk.sock
jazz18: Is SPDK application running?
jazz18: Error details: [Errno -2] Name or service not known
pdsh@jazz02: jazz19: ssh exited with exit code 1
jazz21: Error while connecting to /var/tmp/spdk.sock
jazz21: Is SPDK application running?
jazz21: Error details: [Errno -2] Name or service not known
pdsh@jazz02: jazz18: ssh exited with exit code 1
jazz26: Error while connecting to /var/tmp/spdk.sock
jazz26: Is SPDK application running?
jazz26: Error details: [Errno -2] Name or service not known
pdsh@jazz02: jazz21: ssh exited with exit code 1
jazz30: Error while connecting to /var/tmp/spdk.sock
jazz30: Is SPDK application running?
jazz30: Error details: [Errno -2] Name or service not known
jazz16: Error while connecting to /var/tmp/spdk.sock
jazz16: Is SPDK application running?
jazz16: Error details: [Errno 111] Connection refused
pdsh@jazz02: jazz26: ssh exited with exit code 1
pdsh@jazz02: jazz16: ssh exited with exit code 1
pdsh@jazz02: jazz30: ssh exited with exit code 1
jazz23: Error while connecting to /var/tmp/spdk.sock
jazz23: Is SPDK application running?
jazz23: Error details: [Errno -2] Name or service not known
pdsh@jazz02: jazz23: ssh exited with exit code 1
jazz04: Error while connecting to /var/tmp/spdk.sock
jazz04: Is SPDK application running?
jazz04: Error details: [Errno -2] Name or service not known
jazz06: Error while connecting to /var/tmp/spdk.sock
jazz06: Is SPDK application running?
jazz06: Error details: [Errno -2] Name or service not known
jazz24: Error while connecting to /var/tmp/spdk.sock
jazz24: Is SPDK application running?
jazz24: Error details: [Errno -2] Name or service not known
pdsh@jazz02: jazz04: ssh exited with exit code 1
pdsh@jazz02: jazz06: ssh exited with exit code 1
pdsh@jazz02: jazz24: ssh exited with exit code 1
jazz20: Error while connecting to /var/tmp/spdk.sock
jazz20: Is SPDK application running?
jazz20: Error details: [Errno -2] Name or service not known
pdsh@jazz02: jazz20: ssh exited with exit code 1
jazz25: Error while connecting to /var/tmp/spdk.sock
jazz25: Is SPDK application running?
jazz25: Error details: [Errno -2] Name or service not known
pdsh@jazz02: jazz25: ssh exited with exit code 1
jazz07: Error while connecting to /var/tmp/spdk.sock
jazz07: Is SPDK application running?
jazz07: Error details: [Errno -2] Name or service not known
pdsh@jazz02: jazz07: ssh exited with exit code 1
