== Starting run at Mon Aug 16 12:49:12 IDT 2021
== Job ID: 60009
== Totally nodes: 
== Node list: jazz[02-07,13-14,16-28]
== Submit dir. : /hpc/local/work/denisn/dc/spdk/dc_testing
== Servers number: 1
== SPDK_DIR: /labhome/denisn/dc/spdk_release
== RDMA_CORE_DIR: /labhome/denisn/dc/rdma-core/build/lib
== TGT_MASK: 0xFFFFFF
== PERF_MASK: 0xFFFF
== Server nodelist: jazz02
== Client nodelist: jazz03,jazz04,jazz05,jazz06,jazz07,jazz13,jazz14,jazz16,jazz17,jazz18,jazz19,jazz20,jazz21,jazz22,jazz23,jazz24,jazz25,jazz26,jazz27,jazz28
== Servers running...
srun -l -O --nodes 1 --ntasks 1 --nodelist=jazz02 --export=ALL ./server_run.sh &
== Clients running... 
srun -l --nodes 20 --ntasks 20 --nodelist=jazz03,jazz04,jazz05,jazz06,jazz07,jazz13,jazz14,jazz16,jazz17,jazz18,jazz19,jazz20,jazz21,jazz22,jazz23,jazz24,jazz25,jazz26,jazz27,jazz28 --export=ALL ./nvmeperf_run.sh
0: Server's Servers number: 1
 0: Initiator's Servers number: 1
 4: Initiator's Servers number: 1
 0: Initiator's SPDK_DIR: /labhome/denisn/dc/spdk_release
 3: Initiator's Servers number: 1
 2: Initiator's Servers number: 1
 1: Initiator's Servers number: 1
 8: Initiator's Servers number: 1
 9: Initiator's Servers number: 1
 4: Initiator's SPDK_DIR: /labhome/denisn/dc/spdk_release
 0: Initiator's RDMA_CORE_DIR: /labhome/denisn/dc/rdma-core/build/lib
11: Initiator's Servers number: 1
 5: Initiator's Servers number: 1
 2: Initiator's SPDK_DIR: /labhome/denisn/dc/spdk_release
 3: Initiator's SPDK_DIR: /labhome/denisn/dc/spdk_release
 1: Initiator's SPDK_DIR: /labhome/denisn/dc/spdk_release
12: Initiator's Servers number: 1
16: Initiator's Servers number: 1
 4: Initiator's RDMA_CORE_DIR: /labhome/denisn/dc/rdma-core/build/lib
 0: Initiator's TGT_MASK: 0xFFFFFF
 8: Initiator's SPDK_DIR: /labhome/denisn/dc/spdk_release
17: Initiator's Servers number: 1
19: Initiator's Servers number: 1
 7: Initiator's Servers number: 1
 9: Initiator's SPDK_DIR: /labhome/denisn/dc/spdk_release
11: Initiator's SPDK_DIR: /labhome/denisn/dc/spdk_release
10: Initiator's Servers number: 1
15: Initiator's Servers number: 1
 5: Initiator's SPDK_DIR: /labhome/denisn/dc/spdk_release
 2: Initiator's RDMA_CORE_DIR: /labhome/denisn/dc/rdma-core/build/lib
 1: Initiator's RDMA_CORE_DIR: /labhome/denisn/dc/rdma-core/build/lib
 3: Initiator's RDMA_CORE_DIR: /labhome/denisn/dc/rdma-core/build/lib
12: Initiator's SPDK_DIR: /labhome/denisn/dc/spdk_release
 8: Initiator's RDMA_CORE_DIR: /labhome/denisn/dc/rdma-core/build/lib
14: Initiator's Servers number: 1
 0: Initiator's PERF_MASK: 0xFFFF
 4: Initiator's TGT_MASK: 0xFFFFFF
18: Initiator's Servers number: 1
16: Initiator's SPDK_DIR: /labhome/denisn/dc/spdk_release
17: Initiator's SPDK_DIR: /labhome/denisn/dc/spdk_release
13: Initiator's Servers number: 1
19: Initiator's SPDK_DIR: /labhome/denisn/dc/spdk_release
11: Initiator's RDMA_CORE_DIR: /labhome/denisn/dc/rdma-core/build/lib
 9: Initiator's RDMA_CORE_DIR: /labhome/denisn/dc/rdma-core/build/lib
 7: Initiator's SPDK_DIR: /labhome/denisn/dc/spdk_release
15: Initiator's SPDK_DIR: /labhome/denisn/dc/spdk_release
10: Initiator's SPDK_DIR: /labhome/denisn/dc/spdk_release
 5: Initiator's RDMA_CORE_DIR: /labhome/denisn/dc/rdma-core/build/lib
 2: Initiator's TGT_MASK: 0xFFFFFF
 8: Initiator's TGT_MASK: 0xFFFFFF
 1: Initiator's TGT_MASK: 0xFFFFFF
 4: Initiator's PERF_MASK: 0xFFFF
 3: Initiator's TGT_MASK: 0xFFFFFF
12: Initiator's RDMA_CORE_DIR: /labhome/denisn/dc/rdma-core/build/lib
16: Initiator's RDMA_CORE_DIR: /labhome/denisn/dc/rdma-core/build/lib
18: Initiator's SPDK_DIR: /labhome/denisn/dc/spdk_release
14: Initiator's SPDK_DIR: /labhome/denisn/dc/spdk_release
19: Initiator's RDMA_CORE_DIR: /labhome/denisn/dc/rdma-core/build/lib
17: Initiator's RDMA_CORE_DIR: /labhome/denisn/dc/rdma-core/build/lib
13: Initiator's SPDK_DIR: /labhome/denisn/dc/spdk_release
11: Initiator's TGT_MASK: 0xFFFFFF
10: Initiator's RDMA_CORE_DIR: /labhome/denisn/dc/rdma-core/build/lib
 7: Initiator's RDMA_CORE_DIR: /labhome/denisn/dc/rdma-core/build/lib
 9: Initiator's TGT_MASK: 0xFFFFFF
 2: Initiator's PERF_MASK: 0xFFFF
15: Initiator's RDMA_CORE_DIR: /labhome/denisn/dc/rdma-core/build/lib
 8: Initiator's PERF_MASK: 0xFFFF
 5: Initiator's TGT_MASK: 0xFFFFFF
16: Initiator's TGT_MASK: 0xFFFFFF
 1: Initiator's PERF_MASK: 0xFFFF
12: Initiator's TGT_MASK: 0xFFFFFF
18: Initiator's RDMA_CORE_DIR: /labhome/denisn/dc/rdma-core/build/lib
 3: Initiator's PERF_MASK: 0xFFFF
19: Initiator's TGT_MASK: 0xFFFFFF
17: Initiator's TGT_MASK: 0xFFFFFF
13: Initiator's RDMA_CORE_DIR: /labhome/denisn/dc/rdma-core/build/lib
14: Initiator's RDMA_CORE_DIR: /labhome/denisn/dc/rdma-core/build/lib
11: Initiator's PERF_MASK: 0xFFFF
 7: Initiator's TGT_MASK: 0xFFFFFF
15: Initiator's TGT_MASK: 0xFFFFFF
 9: Initiator's PERF_MASK: 0xFFFF
16: Initiator's PERF_MASK: 0xFFFF
10: Initiator's TGT_MASK: 0xFFFFFF
 5: Initiator's PERF_MASK: 0xFFFF
12: Initiator's PERF_MASK: 0xFFFF
18: Initiator's TGT_MASK: 0xFFFFFF
19: Initiator's PERF_MASK: 0xFFFF
17: Initiator's PERF_MASK: 0xFFFF
14: Initiator's TGT_MASK: 0xFFFFFF
13: Initiator's TGT_MASK: 0xFFFFFF
10: Initiator's PERF_MASK: 0xFFFF
 7: Initiator's PERF_MASK: 0xFFFF
15: Initiator's PERF_MASK: 0xFFFF
18: Initiator's PERF_MASK: 0xFFFF
14: Initiator's PERF_MASK: 0xFFFF
13: Initiator's PERF_MASK: 0xFFFF
0: Server's SPDK_DIR: /labhome/denisn/dc/spdk_release
0: Server's RDMA_CORE_DIR: /labhome/denisn/dc/rdma-core/build/lib
0: Server's TGT_MASK: 0xFFFFFF
0: Server's PERF_MASK: 0xFFFF
0: Mounting hugetlbfs at /mnt/huge
 0: Mounting hugetlbfs at /mnt/huge
 4: Mounting hugetlbfs at /mnt/huge
 9: Mounting hugetlbfs at /mnt/huge
 2: Mounting hugetlbfs at /mnt/huge
 8: Mounting hugetlbfs at /mnt/huge
 5: Mounting hugetlbfs at /mnt/huge
 1: Mounting hugetlbfs at /mnt/huge
 3: Mounting hugetlbfs at /mnt/huge
12: Mounting hugetlbfs at /mnt/huge
18: Mounting hugetlbfs at /mnt/huge
10: Mounting hugetlbfs at /mnt/huge
17: Mounting hugetlbfs at /mnt/huge
16: Mounting hugetlbfs at /mnt/huge
15: Mounting hugetlbfs at /mnt/huge
19: Mounting hugetlbfs at /mnt/huge
11: Mounting hugetlbfs at /mnt/huge
13: Mounting hugetlbfs at /mnt/huge
14: Mounting hugetlbfs at /mnt/huge
 7: Mounting hugetlbfs at /mnt/huge
 4: Waiting for 1 servers started... now there are 0 servers
 0: Waiting for 1 servers started... now there are 0 servers
 8: Waiting for 1 servers started... now there are 0 servers
 9: Waiting for 1 servers started... now there are 0 servers
 2: Waiting for 1 servers started... now there are 0 servers
 1: Waiting for 1 servers started... now there are 0 servers
 5: Waiting for 1 servers started... now there are 0 servers
10: Waiting for 1 servers started... now there are 0 servers
16: Waiting for 1 servers started... now there are 0 servers
12: Waiting for 1 servers started... now there are 0 servers
 3: Waiting for 1 servers started... now there are 0 servers
17: Waiting for 1 servers started... now there are 0 servers
18: Waiting for 1 servers started... now there are 0 servers
19: Waiting for 1 servers started... now there are 0 servers
15: Waiting for 1 servers started... now there are 0 servers
11: Waiting for 1 servers started... now there are 0 servers
13: Waiting for 1 servers started... now there are 0 servers
14: Waiting for 1 servers started... now there are 0 servers
 7: Waiting for 1 servers started... now there are 0 servers
0: sudo env LD_LIBRARY_PATH=/labhome/denisn/dc/rdma-core/build/lib /labhome/denisn/dc/spdk_release/install/bin/spdk_tgt -m 0xFFFFFF 2>&1 | tee -a /hpc/local/work/denisn/dc/spdk/dc_testing/job.60009/spdk_tgt.0.log &
0: Waiting for 3s after spdk_tgt run ...
 4: Waiting for 1 servers started... now there are 0 servers
 0: Waiting for 1 servers started... now there are 0 servers
 8: Waiting for 1 servers started... now there are 0 servers
 9: Waiting for 1 servers started... now there are 0 servers
 2: Waiting for 1 servers started... now there are 0 servers
 1: Waiting for 1 servers started... now there are 0 servers
 5: Waiting for 1 servers started... now there are 0 servers
10: Waiting for 1 servers started... now there are 0 servers
16: Waiting for 1 servers started... now there are 0 servers
12: Waiting for 1 servers started... now there are 0 servers
 3: Waiting for 1 servers started... now there are 0 servers
17: Waiting for 1 servers started... now there are 0 servers
18: Waiting for 1 servers started... now there are 0 servers
19: Waiting for 1 servers started... now there are 0 servers
11: Waiting for 1 servers started... now there are 0 servers
15: Waiting for 1 servers started... now there are 0 servers
13: Waiting for 1 servers started... now there are 0 servers
14: Waiting for 1 servers started... now there are 0 servers
 7: Waiting for 1 servers started... now there are 0 servers
0: [2021-08-16 12:49:14.240910] Starting SPDK v21.04 git sha1 8016710 / DPDK 21.05.0 initialization...
0: [2021-08-16 12:49:14.240967] [ DPDK EAL parameters: [2021-08-16 12:49:14.240974] spdk_tgt [2021-08-16 12:49:14.240978] --no-shconf [2021-08-16 12:49:14.240982] -c 0xFFFFFF [2021-08-16 12:49:14.240985] --log-level=lib.eal:6 [2021-08-16 12:49:14.241006] --log-level=lib.cryptodev:5 [2021-08-16 12:49:14.241010] --log-level=user1:6 [2021-08-16 12:49:14.241022] --base-virtaddr=0x200000000000 [2021-08-16 12:49:14.241028] --match-allocations [2021-08-16 12:49:14.241035] --file-prefix=spdk_pid116404 [2021-08-16 12:49:14.241041] ]
0: EAL: No available 1048576 kB hugepages reported
0: EAL: No free 2048 kB hugepages reported on node 1
0: TELEMETRY: No legacy callbacks, legacy socket not created
0: [2021-08-16 12:49:14.305886] app.c: 535:spdk_app_start: *NOTICE*: Total cores available: 24
0: [2021-08-16 12:49:14.477711] reactor.c: 929:reactor_run: *NOTICE*: Reactor started on core 1
0: [2021-08-16 12:49:14.477761] reactor.c: 929:reactor_run: *NOTICE*: Reactor started on core 2
0: [2021-08-16 12:49:14.477874] reactor.c: 929:reactor_run: *NOTICE*: Reactor started on core 4
0: [2021-08-16 12:49:14.477811] reactor.c: 929:reactor_run: *NOTICE*: Reactor started on core 3
0: [2021-08-16 12:49:14.477997] reactor.c: 929:reactor_run: *NOTICE*: Reactor started on core 7
0: [2021-08-16 12:49:14.477956] reactor.c: 929:reactor_run: *NOTICE*: Reactor started on core 6
0: [2021-08-16 12:49:14.477909] reactor.c: 929:reactor_run: *NOTICE*: Reactor started on core 5
0: [2021-08-16 12:49:14.478016] reactor.c: 929:reactor_run: *NOTICE*: Reactor started on core 8
0: [2021-08-16 12:49:14.478187] reactor.c: 929:reactor_run: *NOTICE*: Reactor started on core 14
0: [2021-08-16 12:49:14.478232] reactor.c: 929:reactor_run: *NOTICE*: Reactor started on core 15
0: [2021-08-16 12:49:14.478064] reactor.c: 929:reactor_run: *NOTICE*: Reactor started on core 11
0: [2021-08-16 12:49:14.478106] reactor.c: 929:reactor_run: *NOTICE*: Reactor started on core 12
0: [2021-08-16 12:49:14.478395] reactor.c: 929:reactor_run: *NOTICE*: Reactor started on core 19
0: [2021-08-16 12:49:14.478146] reactor.c: 929:reactor_run: *NOTICE*: Reactor started on core 13
0: [2021-08-16 12:49:14.478029] reactor.c: 929:reactor_run: *NOTICE*: Reactor started on core 9
0: [2021-08-16 12:49:14.478518] reactor.c: 929:reactor_run: *NOTICE*: Reactor started on core 22
0: [2021-08-16 12:49:14.478275] reactor.c: 929:reactor_run: *NOTICE*: Reactor started on core 16
0: [2021-08-16 12:49:14.478318] reactor.c: 929:reactor_run: *NOTICE*: Reactor started on core 17
0: [2021-08-16 12:49:14.478051] reactor.c: 929:reactor_run: *NOTICE*: Reactor started on core 10
0: [2021-08-16 12:49:14.478360] reactor.c: 929:reactor_run: *NOTICE*: Reactor started on core 18
0: [2021-08-16 12:49:14.478447] reactor.c: 929:reactor_run: *NOTICE*: Reactor started on core 20
0: [2021-08-16 12:49:14.478461] reactor.c: 929:reactor_run: *NOTICE*: Reactor started on core 21
0: [2021-08-16 12:49:14.478563] reactor.c: 929:reactor_run: *NOTICE*: Reactor started on core 23
0: [2021-08-16 12:49:14.478566] reactor.c: 929:reactor_run: *NOTICE*: Reactor started on core 0
0: [2021-08-16 12:49:14.480805] accel_engine.c: 852:spdk_accel_engine_initialize: *NOTICE*: Accel engine initialized to use software engine.
 4: Waiting for 1 servers started... now there are 0 servers
 0: Waiting for 1 servers started... now there are 0 servers
 8: Waiting for 1 servers started... now there are 0 servers
 9: Waiting for 1 servers started... now there are 0 servers
 2: Waiting for 1 servers started... now there are 0 servers
 1: Waiting for 1 servers started... now there are 0 servers
 5: Waiting for 1 servers started... now there are 0 servers
10: Waiting for 1 servers started... now there are 0 servers
16: Waiting for 1 servers started... now there are 0 servers
12: Waiting for 1 servers started... now there are 0 servers
 3: Waiting for 1 servers started... now there are 0 servers
17: Waiting for 1 servers started... now there are 0 servers
18: Waiting for 1 servers started... now there are 0 servers
19: Waiting for 1 servers started... now there are 0 servers
11: Waiting for 1 servers started... now there are 0 servers
15: Waiting for 1 servers started... now there are 0 servers
13: Waiting for 1 servers started... now there are 0 servers
14: Waiting for 1 servers started... now there are 0 servers
 7: Waiting for 1 servers started... now there are 0 servers
 4: Waiting for 1 servers started... now there are 0 servers
 0: Waiting for 1 servers started... now there are 0 servers
 8: Waiting for 1 servers started... now there are 0 servers
 9: Waiting for 1 servers started... now there are 0 servers
 2: Waiting for 1 servers started... now there are 0 servers
 1: Waiting for 1 servers started... now there are 0 servers
 5: Waiting for 1 servers started... now there are 0 servers
10: Waiting for 1 servers started... now there are 0 servers
16: Waiting for 1 servers started... now there are 0 servers
12: Waiting for 1 servers started... now there are 0 servers
 3: Waiting for 1 servers started... now there are 0 servers
17: Waiting for 1 servers started... now there are 0 servers
19: Waiting for 1 servers started... now there are 0 servers
18: Waiting for 1 servers started... now there are 0 servers
11: Waiting for 1 servers started... now there are 0 servers
15: Waiting for 1 servers started... now there are 0 servers
13: Waiting for 1 servers started... now there are 0 servers
14: Waiting for 1 servers started... now there are 0 servers
 7: Waiting for 1 servers started... now there are 0 servers
0: spdk_tgt pid: 116404
 4: Waiting for 1 servers started... now there are 0 servers
 0: Waiting for 1 servers started... now there are 0 servers
 8: Waiting for 1 servers started... now there are 0 servers
 9: Waiting for 1 servers started... now there are 0 servers
 2: Waiting for 1 servers started... now there are 0 servers
 1: Waiting for 1 servers started... now there are 0 servers
 5: Waiting for 1 servers started... now there are 0 servers
10: Waiting for 1 servers started... now there are 0 servers
16: Waiting for 1 servers started... now there are 0 servers
12: Waiting for 1 servers started... now there are 0 servers
 3: Waiting for 1 servers started... now there are 0 servers
17: Waiting for 1 servers started... now there are 0 servers
18: Waiting for 1 servers started... now there are 0 servers
19: Waiting for 1 servers started... now there are 0 servers
11: Waiting for 1 servers started... now there are 0 servers
13: Waiting for 1 servers started... now there are 0 servers
15: Waiting for 1 servers started... now there are 0 servers
14: Waiting for 1 servers started... now there are 0 servers
 7: Waiting for 1 servers started... now there are 0 servers
0: Null0
0: !!!! max_wqe_sz_sq:1024
0: !!!! max_wqe_sz_rq:512
0: !!!! max_wqe_sz_sq_dc:256
0: !!!! max_wqe_sz_sq:1024
0: !!!! max_wqe_sz_rq:512
0: !!!! max_wqe_sz_sq_dc:256
0: !!!! max_wqe_sz_sq:1024
0: !!!! max_wqe_sz_rq:512
0: !!!! max_wqe_sz_sq_dc:256
0: !!!! max_wqe_sz_sq:1024
0: !!!! max_wqe_sz_rq:512
0: !!!! max_wqe_sz_sq_dc:256
0: !!!! max_wqe_sz_sq:1024
0: !!!! max_wqe_sz_rq:512
0: !!!! max_wqe_sz_sq_dc:256
0: !!!! max_wqe_sz_sq:1024
0: !!!! max_wqe_sz_rq:512
0: !!!! max_wqe_sz_sq_dc:256
 4: Waiting for 1 servers started... now there are 0 servers
 0: Waiting for 1 servers started... now there are 0 servers
 8: Waiting for 1 servers started... now there are 0 servers
 9: Waiting for 1 servers started... now there are 0 servers
 2: Waiting for 1 servers started... now there are 0 servers
 1: Waiting for 1 servers started... now there are 0 servers
 5: Waiting for 1 servers started... now there are 0 servers
10: Waiting for 1 servers started... now there are 0 servers
16: Waiting for 1 servers started... now there are 0 servers
12: Waiting for 1 servers started... now there are 0 servers
 3: Waiting for 1 servers started... now there are 0 servers
17: Waiting for 1 servers started... now there are 0 servers
18: Waiting for 1 servers started... now there are 0 servers
11: Waiting for 1 servers started... now there are 0 servers
19: Waiting for 1 servers started... now there are 0 servers
13: Waiting for 1 servers started... now there are 0 servers
15: Waiting for 1 servers started... now there are 0 servers
 7: Waiting for 1 servers started... now there are 0 servers
14: Waiting for 1 servers started... now there are 0 servers
 4: Waiting for 1 servers started... now there are 0 servers
 0: Waiting for 1 servers started... now there are 0 servers
 8: Waiting for 1 servers started... now there are 0 servers
 9: Waiting for 1 servers started... now there are 0 servers
 2: Waiting for 1 servers started... now there are 0 servers
 1: Waiting for 1 servers started... now there are 0 servers
 5: Waiting for 1 servers started... now there are 0 servers
10: Waiting for 1 servers started... now there are 0 servers
16: Waiting for 1 servers started... now there are 0 servers
12: Waiting for 1 servers started... now there are 0 servers
 3: Waiting for 1 servers started... now there are 0 servers
17: Waiting for 1 servers started... now there are 0 servers
18: Waiting for 1 servers started... now there are 0 servers
11: Waiting for 1 servers started... now there are 0 servers
19: Waiting for 1 servers started... now there are 0 servers
13: Waiting for 1 servers started... now there are 0 servers
15: Waiting for 1 servers started... now there are 0 servers
14: Waiting for 1 servers started... now there are 0 servers
 7: Waiting for 1 servers started... now there are 0 servers
0: [2021-08-16 12:49:19.680156] rdma.c:2651:nvmf_rdma_listen: *NOTICE*: *** NVMe/RDMA Target Listening on 172.24.0.2 port 4420 ***
 4: Waiting for 1 servers started... now there are 0 servers
 0: Waiting for 1 servers started... now there are 0 servers
 8: Waiting for 1 servers started... now there are 0 servers
 9: Waiting for 1 servers started... now there are 0 servers
 2: Waiting for 1 servers started... now there are 0 servers
 1: Waiting for 1 servers started... now there are 0 servers
 5: Waiting for 1 servers started... now there are 0 servers
10: Waiting for 1 servers started... now there are 0 servers
16: Waiting for 1 servers started... now there are 0 servers
12: Waiting for 1 servers started... now there are 0 servers
 3: Waiting for 1 servers started... now there are 0 servers
18: Waiting for 1 servers started... now there are 0 servers
17: Waiting for 1 servers started... now there are 0 servers
11: Waiting for 1 servers started... now there are 0 servers
19: Waiting for 1 servers started... now there are 0 servers
13: Waiting for 1 servers started... now there are 0 servers
15: Waiting for 1 servers started... now there are 0 servers
14: Waiting for 1 servers started... now there are 0 servers
 7: Waiting for 1 servers started... now there are 0 servers
0: /hpc/local/work/denisn/dc/spdk/dc_testing/./server_run.sh: line 38: wait: pid 116404 is not a child of this shell
 4: 
 4: Got servers list: 172.24.0.2
 4: sudo env LD_LIBRARY_PATH=/labhome/denisn/dc/rdma-core/build/lib /labhome/denisn/dc/spdk_release/install/bin/spdk_nvme_perf 	 --srq-depth 128 -r "trtype:rdma adrfam:ipv4 traddr:172.24.0.2 trsvcid:4420" 	 -c 0xFFFF -q 1 -o 4096 -w randread -t 10 	  2>&1 | tee -a /hpc/local/work/denisn/dc/spdk/dc_testing/job.60009/perf.4.log
 0: 
 9: 
 2: 
 8: 
 0: Got servers list: 172.24.0.2
 0: sudo env LD_LIBRARY_PATH=/labhome/denisn/dc/rdma-core/build/lib /labhome/denisn/dc/spdk_release/install/bin/spdk_nvme_perf 	 --srq-depth 128 -r "trtype:rdma adrfam:ipv4 traddr:172.24.0.2 trsvcid:4420" 	 -c 0xFFFF -q 1 -o 4096 -w randread -t 10 	  2>&1 | tee -a /hpc/local/work/denisn/dc/spdk/dc_testing/job.60009/perf.0.log
 9: Got servers list: 172.24.0.2
 2: Got servers list: 172.24.0.2
 9: sudo env LD_LIBRARY_PATH=/labhome/denisn/dc/rdma-core/build/lib /labhome/denisn/dc/spdk_release/install/bin/spdk_nvme_perf 	 --srq-depth 128 -r "trtype:rdma adrfam:ipv4 traddr:172.24.0.2 trsvcid:4420" 	 -c 0xFFFF -q 1 -o 4096 -w randread -t 10 	  2>&1 | tee -a /hpc/local/work/denisn/dc/spdk/dc_testing/job.60009/perf.9.log
 8: Got servers list: 172.24.0.2
 2: sudo env LD_LIBRARY_PATH=/labhome/denisn/dc/rdma-core/build/lib /labhome/denisn/dc/spdk_release/install/bin/spdk_nvme_perf 	 --srq-depth 128 -r "trtype:rdma adrfam:ipv4 traddr:172.24.0.2 trsvcid:4420" 	 -c 0xFFFF -q 1 -o 4096 -w randread -t 10 	  2>&1 | tee -a /hpc/local/work/denisn/dc/spdk/dc_testing/job.60009/perf.2.log
 8: sudo env LD_LIBRARY_PATH=/labhome/denisn/dc/rdma-core/build/lib /labhome/denisn/dc/spdk_release/install/bin/spdk_nvme_perf 	 --srq-depth 128 -r "trtype:rdma adrfam:ipv4 traddr:172.24.0.2 trsvcid:4420" 	 -c 0xFFFF -q 1 -o 4096 -w randread -t 10 	  2>&1 | tee -a /hpc/local/work/denisn/dc/spdk/dc_testing/job.60009/perf.8.log
 1: 
 1: Got servers list: 172.24.0.2
 1: sudo env LD_LIBRARY_PATH=/labhome/denisn/dc/rdma-core/build/lib /labhome/denisn/dc/spdk_release/install/bin/spdk_nvme_perf 	 --srq-depth 128 -r "trtype:rdma adrfam:ipv4 traddr:172.24.0.2 trsvcid:4420" 	 -c 0xFFFF -q 1 -o 4096 -w randread -t 10 	  2>&1 | tee -a /hpc/local/work/denisn/dc/spdk/dc_testing/job.60009/perf.1.log
 5: 
 5: Got servers list: 172.24.0.2
16: 
 3: 
12: 
18: 
17: 
19: 
13: 
11: 
15: 
16: Got servers list: 172.24.0.2
 3: Got servers list: 172.24.0.2
12: Got servers list: 172.24.0.2
16: sudo env LD_LIBRARY_PATH=/labhome/denisn/dc/rdma-core/build/lib /labhome/denisn/dc/spdk_release/install/bin/spdk_nvme_perf 	 --srq-depth 128 -r "trtype:rdma adrfam:ipv4 traddr:172.24.0.2 trsvcid:4420" 	 -c 0xFFFF -q 1 -o 4096 -w randread -t 10 	  2>&1 | tee -a /hpc/local/work/denisn/dc/spdk/dc_testing/job.60009/perf.16.log
 3: sudo env LD_LIBRARY_PATH=/labhome/denisn/dc/rdma-core/build/lib /labhome/denisn/dc/spdk_release/install/bin/spdk_nvme_perf 	 --srq-depth 128 -r "trtype:rdma adrfam:ipv4 traddr:172.24.0.2 trsvcid:4420" 	 -c 0xFFFF -q 1 -o 4096 -w randread -t 10 	  2>&1 | tee -a /hpc/local/work/denisn/dc/spdk/dc_testing/job.60009/perf.3.log
12: sudo env LD_LIBRARY_PATH=/labhome/denisn/dc/rdma-core/build/lib /labhome/denisn/dc/spdk_release/install/bin/spdk_nvme_perf 	 --srq-depth 128 -r "trtype:rdma adrfam:ipv4 traddr:172.24.0.2 trsvcid:4420" 	 -c 0xFFFF -q 1 -o 4096 -w randread -t 10 	  2>&1 | tee -a /hpc/local/work/denisn/dc/spdk/dc_testing/job.60009/perf.12.log
19: Got servers list: 172.24.0.2
17: Got servers list: 172.24.0.2
18: Got servers list: 172.24.0.2
19: sudo env LD_LIBRARY_PATH=/labhome/denisn/dc/rdma-core/build/lib /labhome/denisn/dc/spdk_release/install/bin/spdk_nvme_perf 	 --srq-depth 128 -r "trtype:rdma adrfam:ipv4 traddr:172.24.0.2 trsvcid:4420" 	 -c 0xFFFF -q 1 -o 4096 -w randread -t 10 	  2>&1 | tee -a /hpc/local/work/denisn/dc/spdk/dc_testing/job.60009/perf.19.log
14: 
18: sudo env LD_LIBRARY_PATH=/labhome/denisn/dc/rdma-core/build/lib /labhome/denisn/dc/spdk_release/install/bin/spdk_nvme_perf 	 --srq-depth 128 -r "trtype:rdma adrfam:ipv4 traddr:172.24.0.2 trsvcid:4420" 	 -c 0xFFFF -q 1 -o 4096 -w randread -t 10 	  2>&1 | tee -a /hpc/local/work/denisn/dc/spdk/dc_testing/job.60009/perf.18.log
17: sudo env LD_LIBRARY_PATH=/labhome/denisn/dc/rdma-core/build/lib /labhome/denisn/dc/spdk_release/install/bin/spdk_nvme_perf 	 --srq-depth 128 -r "trtype:rdma adrfam:ipv4 traddr:172.24.0.2 trsvcid:4420" 	 -c 0xFFFF -q 1 -o 4096 -w randread -t 10 	  2>&1 | tee -a /hpc/local/work/denisn/dc/spdk/dc_testing/job.60009/perf.17.log
 7: 
14: Got servers list: 172.24.0.2
 7: Got servers list: 172.24.0.2
14: sudo env LD_LIBRARY_PATH=/labhome/denisn/dc/rdma-core/build/lib /labhome/denisn/dc/spdk_release/install/bin/spdk_nvme_perf 	 --srq-depth 128 -r "trtype:rdma adrfam:ipv4 traddr:172.24.0.2 trsvcid:4420" 	 -c 0xFFFF -q 1 -o 4096 -w randread -t 10 	  2>&1 | tee -a /hpc/local/work/denisn/dc/spdk/dc_testing/job.60009/perf.14.log
 7: sudo env LD_LIBRARY_PATH=/labhome/denisn/dc/rdma-core/build/lib /labhome/denisn/dc/spdk_release/install/bin/spdk_nvme_perf 	 --srq-depth 128 -r "trtype:rdma adrfam:ipv4 traddr:172.24.0.2 trsvcid:4420" 	 -c 0xFFFF -q 1 -o 4096 -w randread -t 10 	  2>&1 | tee -a /hpc/local/work/denisn/dc/spdk/dc_testing/job.60009/perf.7.log
 5: sudo env LD_LIBRARY_PATH=/labhome/denisn/dc/rdma-core/build/lib /labhome/denisn/dc/spdk_release/install/bin/spdk_nvme_perf 	 --srq-depth 128 -r "trtype:rdma adrfam:ipv4 traddr:172.24.0.2 trsvcid:4420" 	 -c 0xFFFF -q 1 -o 4096 -w randread -t 10 	  2>&1 | tee -a /hpc/local/work/denisn/dc/spdk/dc_testing/job.60009/perf.5.log
13: Got servers list: 172.24.0.2
11: Got servers list: 172.24.0.2
15: Got servers list: 172.24.0.2
11: sudo env LD_LIBRARY_PATH=/labhome/denisn/dc/rdma-core/build/lib /labhome/denisn/dc/spdk_release/install/bin/spdk_nvme_perf 	 --srq-depth 128 -r "trtype:rdma adrfam:ipv4 traddr:172.24.0.2 trsvcid:4420" 	 -c 0xFFFF -q 1 -o 4096 -w randread -t 10 	  2>&1 | tee -a /hpc/local/work/denisn/dc/spdk/dc_testing/job.60009/perf.11.log
15: sudo env LD_LIBRARY_PATH=/labhome/denisn/dc/rdma-core/build/lib /labhome/denisn/dc/spdk_release/install/bin/spdk_nvme_perf 	 --srq-depth 128 -r "trtype:rdma adrfam:ipv4 traddr:172.24.0.2 trsvcid:4420" 	 -c 0xFFFF -q 1 -o 4096 -w randread -t 10 	  2>&1 | tee -a /hpc/local/work/denisn/dc/spdk/dc_testing/job.60009/perf.15.log
13: sudo env LD_LIBRARY_PATH=/labhome/denisn/dc/rdma-core/build/lib /labhome/denisn/dc/spdk_release/install/bin/spdk_nvme_perf 	 --srq-depth 128 -r "trtype:rdma adrfam:ipv4 traddr:172.24.0.2 trsvcid:4420" 	 -c 0xFFFF -q 1 -o 4096 -w randread -t 10 	  2>&1 | tee -a /hpc/local/work/denisn/dc/spdk/dc_testing/job.60009/perf.13.log
10: 
10: Got servers list: 172.24.0.2
10: sudo env LD_LIBRARY_PATH=/labhome/denisn/dc/rdma-core/build/lib /labhome/denisn/dc/spdk_release/install/bin/spdk_nvme_perf 	 --srq-depth 128 -r "trtype:rdma adrfam:ipv4 traddr:172.24.0.2 trsvcid:4420" 	 -c 0xFFFF -q 1 -o 4096 -w randread -t 10 	  2>&1 | tee -a /hpc/local/work/denisn/dc/spdk/dc_testing/job.60009/perf.10.log
16: [2021-08-16 12:49:21.654482] Starting SPDK v21.04 git sha1 8016710 / DPDK 21.05.0 initialization...
16: [2021-08-16 12:49:21.654554] [ DPDK EAL parameters: [2021-08-16 12:49:21.654561] perf [2021-08-16 12:49:21.654583] --no-shconf [2021-08-16 12:49:21.654604] -c 0xFFFF [2021-08-16 12:49:21.654612] --no-pci [2021-08-16 12:49:21.654617] --log-level=lib.eal:6 [2021-08-16 12:49:21.654623] --log-level=lib.cryptodev:5 [2021-08-16 12:49:21.654627] --log-level=user1:6 [2021-08-16 12:49:21.654634] --base-virtaddr=0x200000000000 [2021-08-16 12:49:21.654641] --match-allocations [2021-08-16 12:49:21.654647] --file-prefix=spdk_pid165637 [2021-08-16 12:49:21.654651] ]
12: [2021-08-16 12:49:21.660576] Starting SPDK v21.04 git sha1 8016710 / DPDK 21.05.0 initialization...
12: [2021-08-16 12:49:21.660657] [ DPDK EAL parameters: [2021-08-16 12:49:21.660683] perf [2021-08-16 12:49:21.660691] --no-shconf [2021-08-16 12:49:21.660698] -c 0xFFFF [2021-08-16 12:49:21.660702] --no-pci [2021-08-16 12:49:21.660708] --log-level=lib.eal:6 [2021-08-16 12:49:21.660713] --log-level=lib.cryptodev:5 [2021-08-16 12:49:21.660720] --log-level=user1:6 [2021-08-16 12:49:21.660724] --base-virtaddr=0x200000000000 [2021-08-16 12:49:21.660730] --match-allocations [2021-08-16 12:49:21.660735] --file-prefix=spdk_pid183581 [2021-08-16 12:49:21.660741] ]
16: EAL: No available 1048576 kB hugepages reported
16: EAL: No free 2048 kB hugepages reported on node 1
12: EAL: No available 1048576 kB hugepages reported
12: EAL: No free 2048 kB hugepages reported on node 1
10: [2021-08-16 12:49:21.673687] Starting SPDK v21.04 git sha1 8016710 / DPDK 21.05.0 initialization...
10: [2021-08-16 12:49:21.673761] [ DPDK EAL parameters: [2021-08-16 12:49:21.673768] perf [2021-08-16 12:49:21.673773] --no-shconf [2021-08-16 12:49:21.673777] -c 0xFFFF [2021-08-16 12:49:21.673784] --no-pci [2021-08-16 12:49:21.673791] --log-level=lib.eal:6 [2021-08-16 12:49:21.673795] --log-level=lib.cryptodev:5 [2021-08-16 12:49:21.673801] --log-level=user1:6 [2021-08-16 12:49:21.673806] --base-virtaddr=0x200000000000 [2021-08-16 12:49:21.673812] --match-allocations [2021-08-16 12:49:21.673816] --file-prefix=spdk_pid60690 [2021-08-16 12:49:21.673822] ]
 7: [2021-08-16 12:49:21.679141] Starting SPDK v21.04 git sha1 8016710 / DPDK 21.05.0 initialization...
 7: [2021-08-16 12:49:21.679199] [ DPDK EAL parameters: [2021-08-16 12:49:21.679206] perf [2021-08-16 12:49:21.679218] --no-shconf [2021-08-16 12:49:21.679223] -c 0xFFFF [2021-08-16 12:49:21.679227] --no-pci [2021-08-16 12:49:21.679231] --log-level=lib.eal:6 [2021-08-16 12:49:21.679250] --log-level=lib.cryptodev:5 [2021-08-16 12:49:21.679255] --log-level=user1:6 [2021-08-16 12:49:21.679260] --base-virtaddr=0x200000000000 [2021-08-16 12:49:21.679270] --match-allocations [2021-08-16 12:49:21.679275] --file-prefix=spdk_pid48404 [2021-08-16 12:49:21.679280] ]
16: TELEMETRY: No legacy callbacks, legacy socket not created
10: EAL: No available 1048576 kB hugepages reported
10: EAL: No free 2048 kB hugepages reported on node 1
12: TELEMETRY: No legacy callbacks, legacy socket not created
 7: EAL: No available 1048576 kB hugepages reported
 7: EAL: No free 2048 kB hugepages reported on node 1
10: TELEMETRY: No legacy callbacks, legacy socket not created
 7: TELEMETRY: No legacy callbacks, legacy socket not created
16: !!!! max_wqe_sz_sq:1024
16: !!!! max_wqe_sz_rq:512
16: !!!! max_wqe_sz_sq_dc:256
16: !!!! max_wqe_sz_sq:1024
16: !!!! max_wqe_sz_rq:512
16: !!!! max_wqe_sz_sq_dc:256
16: !!!! max_wqe_sz_sq:1024
16: !!!! max_wqe_sz_rq:512
16: !!!! max_wqe_sz_sq_dc:256
16: !!!! max_wqe_sz_sq:1024
16: !!!! max_wqe_sz_rq:512
16: !!!! max_wqe_sz_sq_dc:256
16: !!!! max_wqe_sz_sq:1024
16: !!!! max_wqe_sz_rq:512
16: !!!! max_wqe_sz_sq_dc:256
16: !!!! max_wqe_sz_sq:1024
16: !!!! max_wqe_sz_rq:512
16: !!!! max_wqe_sz_sq_dc:256
 9: [2021-08-16 12:49:21.857178] Starting SPDK v21.04 git sha1 8016710 / DPDK 21.05.0 initialization...
 9: [2021-08-16 12:49:21.857254] [ DPDK EAL parameters: [2021-08-16 12:49:21.857261] perf [2021-08-16 12:49:21.857266] --no-shconf [2021-08-16 12:49:21.857270] -c 0xFFFF [2021-08-16 12:49:21.857291] --no-pci [2021-08-16 12:49:21.857298] --log-level=lib.eal:6 [2021-08-16 12:49:21.857305] --log-level=lib.cryptodev:5 [2021-08-16 12:49:21.857309] --log-level=user1:6 [2021-08-16 12:49:21.857315] --base-virtaddr=0x200000000000 [2021-08-16 12:49:21.857320] --match-allocations [2021-08-16 12:49:21.857326] --file-prefix=spdk_pid134117 [2021-08-16 12:49:21.857330] ]
 1: [2021-08-16 12:49:21.858726] Starting SPDK v21.04 git sha1 8016710 / DPDK 21.05.0 initialization...
 1: [2021-08-16 12:49:21.858803] [ DPDK EAL parameters: [2021-08-16 12:49:21.858811] perf [2021-08-16 12:49:21.858832] --no-shconf [2021-08-16 12:49:21.858836] -c 0xFFFF [2021-08-16 12:49:21.858847] --no-pci [2021-08-16 12:49:21.858853] --log-level=lib.eal:6 [2021-08-16 12:49:21.858859] --log-level=lib.cryptodev:5 [2021-08-16 12:49:21.858866] --log-level=user1:6 [2021-08-16 12:49:21.858870] --base-virtaddr=0x200000000000 [2021-08-16 12:49:21.858876] --match-allocations [2021-08-16 12:49:21.858881] --file-prefix=spdk_pid32779 [2021-08-16 12:49:21.858887] ]
 9: EAL: No available 1048576 kB hugepages reported
 9: EAL: No free 2048 kB hugepages reported on node 1
 1: EAL: No available 1048576 kB hugepages reported
 1: EAL: No free 2048 kB hugepages reported on node 1
 1: TELEMETRY: No legacy callbacks, legacy socket not created
 9: TELEMETRY: No legacy callbacks, legacy socket not created
17: [2021-08-16 12:49:21.890246] Starting SPDK v21.04 git sha1 8016710 / DPDK 21.05.0 initialization...
17: [2021-08-16 12:49:21.890321] [ DPDK EAL parameters: [2021-08-16 12:49:21.890328] perf [2021-08-16 12:49:21.890349] --no-shconf [2021-08-16 12:49:21.890354] -c 0xFFFF [2021-08-16 12:49:21.890373] --no-pci [2021-08-16 12:49:21.890397] --log-level=lib.eal:6 [2021-08-16 12:49:21.890401] --log-level=lib.cryptodev:5 [2021-08-16 12:49:21.890411] --log-level=user1:6 [2021-08-16 12:49:21.890418] --base-virtaddr=0x200000000000 [2021-08-16 12:49:21.890424] --match-allocations [2021-08-16 12:49:21.890431] --file-prefix=spdk_pid111614 [2021-08-16 12:49:21.890435] ]
17: EAL: No available 1048576 kB hugepages reported
17: EAL: No free 2048 kB hugepages reported on node 1
 3: [2021-08-16 12:49:21.905475] Starting SPDK v21.04 git sha1 8016710 / DPDK 21.05.0 initialization...
 3: [2021-08-16 12:49:21.905550] [ DPDK EAL parameters: [2021-08-16 12:49:21.905557] perf [2021-08-16 12:49:21.905562] --no-shconf [2021-08-16 12:49:21.905583] -c 0xFFFF [2021-08-16 12:49:21.905591] --no-pci [2021-08-16 12:49:21.905598] --log-level=lib.eal:6 [2021-08-16 12:49:21.905605] --log-level=lib.cryptodev:5 [2021-08-16 12:49:21.905611] --log-level=user1:6 [2021-08-16 12:49:21.905616] --base-virtaddr=0x200000000000 [2021-08-16 12:49:21.905622] --match-allocations [2021-08-16 12:49:21.905626] --file-prefix=spdk_pid137077 [2021-08-16 12:49:21.905632] ]
14: [2021-08-16 12:49:21.909121] Starting SPDK v21.04 git sha1 8016710 / DPDK 21.05.0 initialization...
14: [2021-08-16 12:49:21.909182] [ DPDK EAL parameters: [2021-08-16 12:49:21.909191] perf [2021-08-16 12:49:21.909213] --no-shconf [2021-08-16 12:49:21.909219] -c 0xFFFF [2021-08-16 12:49:21.909226] --no-pci [2021-08-16 12:49:21.909231] --log-level=lib.eal:6 [2021-08-16 12:49:21.909238] --log-level=lib.cryptodev:5 [2021-08-16 12:49:21.909244] --log-level=user1:6 [2021-08-16 12:49:21.909250] --base-virtaddr=0x200000000000 [2021-08-16 12:49:21.909255] --match-allocations [2021-08-16 12:49:21.909262] --file-prefix=spdk_pid41512 [2021-08-16 12:49:21.909268] ]
17: TELEMETRY: No legacy callbacks, legacy socket not created
 3: EAL: No available 1048576 kB hugepages reported
 3: EAL: No free 2048 kB hugepages reported on node 1
14: EAL: No available 1048576 kB hugepages reported
19: [2021-08-16 12:49:21.919161] Starting SPDK v21.04 git sha1 8016710 / DPDK 21.05.0 initialization...
14: EAL: No free 2048 kB hugepages reported on node 1
19: [2021-08-16 12:49:21.919236] [ DPDK EAL parameters: [2021-08-16 12:49:21.919243] perf [2021-08-16 12:49:21.919265] --no-shconf [2021-08-16 12:49:21.919269] -c 0xFFFF [2021-08-16 12:49:21.919291] --no-pci [2021-08-16 12:49:21.919297] --log-level=lib.eal:6 [2021-08-16 12:49:21.919302] --log-level=lib.cryptodev:5 [2021-08-16 12:49:21.919309] --log-level=user1:6 [2021-08-16 12:49:21.919313] --base-virtaddr=0x200000000000 [2021-08-16 12:49:21.919319] --match-allocations [2021-08-16 12:49:21.919324] --file-prefix=spdk_pid96371 [2021-08-16 12:49:21.919330] ]
 3: TELEMETRY: No legacy callbacks, legacy socket not created
19: EAL: No available 1048576 kB hugepages reported
19: EAL: No free 2048 kB hugepages reported on node 1
14: TELEMETRY: No legacy callbacks, legacy socket not created
19: TELEMETRY: No legacy callbacks, legacy socket not created
19: !!!! max_wqe_sz_sq:1024
19: !!!! max_wqe_sz_rq:512
19: !!!! max_wqe_sz_sq_dc:256
19: !!!! max_wqe_sz_sq:1024
19: !!!! max_wqe_sz_rq:512
19: !!!! max_wqe_sz_sq_dc:256
14: !!!! max_wqe_sz_sq:1024
14: !!!! max_wqe_sz_rq:512
14: !!!! max_wqe_sz_sq_dc:256
19: !!!! max_wqe_sz_sq:1024
19: !!!! max_wqe_sz_rq:512
19: !!!! max_wqe_sz_sq_dc:256
14: !!!! max_wqe_sz_sq:1024
14: !!!! max_wqe_sz_rq:512
14: !!!! max_wqe_sz_sq_dc:256
19: !!!! max_wqe_sz_sq:1024
19: !!!! max_wqe_sz_rq:512
19: !!!! max_wqe_sz_sq_dc:256
19: !!!! max_wqe_sz_sq:1024
19: !!!! max_wqe_sz_rq:512
19: !!!! max_wqe_sz_sq_dc:256
14: !!!! max_wqe_sz_sq:1024
14: !!!! max_wqe_sz_rq:512
14: !!!! max_wqe_sz_sq_dc:256
19: !!!! max_wqe_sz_sq:1024
19: !!!! max_wqe_sz_rq:512
19: !!!! max_wqe_sz_sq_dc:256
14: !!!! max_wqe_sz_sq:1024
14: !!!! max_wqe_sz_rq:512
14: !!!! max_wqe_sz_sq_dc:256
12: !!!! max_wqe_sz_sq:1024
12: !!!! max_wqe_sz_rq:512
12: !!!! max_wqe_sz_sq_dc:256
14: !!!! max_wqe_sz_sq:1024
14: !!!! max_wqe_sz_rq:512
14: !!!! max_wqe_sz_sq_dc:256
14: !!!! max_wqe_sz_sq:1024
14: !!!! max_wqe_sz_rq:512
14: !!!! max_wqe_sz_sq_dc:256
12: !!!! max_wqe_sz_sq:1024
12: !!!! max_wqe_sz_rq:512
12: !!!! max_wqe_sz_sq_dc:256
 0: [2021-08-16 12:49:22.090671] Starting SPDK v21.04 git sha1 8016710 / DPDK 21.05.0 initialization...
 0: [2021-08-16 12:49:22.090744] [ DPDK EAL parameters: [2021-08-16 12:49:22.090752] perf [2021-08-16 12:49:22.090773] --no-shconf [2021-08-16 12:49:22.090778] -c 0xFFFF [2021-08-16 12:49:22.090785] --no-pci [2021-08-16 12:49:22.090790] --log-level=lib.eal:6 [2021-08-16 12:49:22.090796] --log-level=lib.cryptodev:5 [2021-08-16 12:49:22.090801] --log-level=user1:6 [2021-08-16 12:49:22.090807] --base-virtaddr=0x200000000000 [2021-08-16 12:49:22.090812] --match-allocations [2021-08-16 12:49:22.090818] --file-prefix=spdk_pid156945 [2021-08-16 12:49:22.090823] ]
12: !!!! max_wqe_sz_sq:1024
12: !!!! max_wqe_sz_rq:512
12: !!!! max_wqe_sz_sq_dc:256
12: !!!! max_wqe_sz_sq:1024
12: !!!! max_wqe_sz_rq:512
12: !!!! max_wqe_sz_sq_dc:256
12: !!!! max_wqe_sz_sq:1024
12: !!!! max_wqe_sz_rq:512
12: !!!! max_wqe_sz_sq_dc:256
12: !!!! max_wqe_sz_sq:1024
12: !!!! max_wqe_sz_rq:512
12: !!!! max_wqe_sz_sq_dc:256
 0: EAL: No available 1048576 kB hugepages reported
 0: EAL: No free 2048 kB hugepages reported on node 1
 4: [2021-08-16 12:49:22.103769] Starting SPDK v21.04 git sha1 8016710 / DPDK 21.05.0 initialization...
 4: [2021-08-16 12:49:22.103860] [ DPDK EAL parameters: [2021-08-16 12:49:22.103869] perf [2021-08-16 12:49:22.103875] --no-shconf [2021-08-16 12:49:22.103882] -c 0xFFFF [2021-08-16 12:49:22.103888] --no-pci [2021-08-16 12:49:22.103894] --log-level=lib.eal:6 [2021-08-16 12:49:22.103899] --log-level=lib.cryptodev:5 [2021-08-16 12:49:22.103906] --log-level=user1:6 [2021-08-16 12:49:22.103911] --base-virtaddr=0x200000000000 [2021-08-16 12:49:22.103917] --match-allocations [2021-08-16 12:49:22.103924] --file-prefix=spdk_pid65440 [2021-08-16 12:49:22.103930] ]
 4: EAL: No available 1048576 kB hugepages reported
 4: EAL: No free 2048 kB hugepages reported on node 1
 0: TELEMETRY: No legacy callbacks, legacy socket not created
 2: [2021-08-16 12:49:22.121636] Starting SPDK v21.04 git sha1 8016710 / DPDK 21.05.0 initialization...
 2: [2021-08-16 12:49:22.121719] [ DPDK EAL parameters: [2021-08-16 12:49:22.121726] perf [2021-08-16 12:49:22.121748] --no-shconf [2021-08-16 12:49:22.121756] -c 0xFFFF [2021-08-16 12:49:22.121760] --no-pci [2021-08-16 12:49:22.121767] --log-level=lib.eal:6 [2021-08-16 12:49:22.121773] --log-level=lib.cryptodev:5 [2021-08-16 12:49:22.121779] --log-level=user1:6 [2021-08-16 12:49:22.121784] --base-virtaddr=0x200000000000 [2021-08-16 12:49:22.121790] --match-allocations [2021-08-16 12:49:22.121794] --file-prefix=spdk_pid1600 [2021-08-16 12:49:22.121800] ]
 7: !!!! max_wqe_sz_sq:1024
 7: !!!! max_wqe_sz_rq:512
 7: !!!! max_wqe_sz_sq_dc:256
 7: !!!! max_wqe_sz_sq:1024
 7: !!!! max_wqe_sz_rq:512
 7: !!!! max_wqe_sz_sq_dc:256
 4: TELEMETRY: No legacy callbacks, legacy socket not created
 2: EAL: No available 1048576 kB hugepages reported
 2: EAL: No free 2048 kB hugepages reported on node 1
 7: !!!! max_wqe_sz_sq:1024
 7: !!!! max_wqe_sz_rq:512
 7: !!!! max_wqe_sz_sq_dc:256
 7: !!!! max_wqe_sz_sq:1024
 7: !!!! max_wqe_sz_rq:512
 7: !!!! max_wqe_sz_sq_dc:256
 7: !!!! max_wqe_sz_sq:1024
 7: !!!! max_wqe_sz_rq:512
 7: !!!! max_wqe_sz_sq_dc:256
13: [2021-08-16 12:49:22.143482] Starting SPDK v21.04 git sha1 8016710 / DPDK 21.05.0 initialization...
13: [2021-08-16 12:49:22.143555] [ DPDK EAL parameters: [2021-08-16 12:49:22.143582] perf [2021-08-16 12:49:22.143589] --no-shconf [2021-08-16 12:49:22.143594] -c 0xFFFF [2021-08-16 12:49:22.143600] --no-pci [2021-08-16 12:49:22.143605] --log-level=lib.eal:6 [2021-08-16 12:49:22.143611] --log-level=lib.cryptodev:5 [2021-08-16 12:49:22.143616] --log-level=user1:6 [2021-08-16 12:49:22.143622] --base-virtaddr=0x200000000000 [2021-08-16 12:49:22.143627] --match-allocations [2021-08-16 12:49:22.143632] --file-prefix=spdk_pid37368 [2021-08-16 12:49:22.143639] ]
 7: !!!! max_wqe_sz_sq:1024
 7: !!!! max_wqe_sz_rq:512
 7: !!!! max_wqe_sz_sq_dc:256
 2: TELEMETRY: No legacy callbacks, legacy socket not created
15: [2021-08-16 12:49:22.146732] Starting SPDK v21.04 git sha1 8016710 / DPDK 21.05.0 initialization...
15: [2021-08-16 12:49:22.146811] [ DPDK EAL parameters: [2021-08-16 12:49:22.146818] perf [2021-08-16 12:49:22.146851] --no-shconf [2021-08-16 12:49:22.146855] -c 0xFFFF [2021-08-16 12:49:22.146863] --no-pci [2021-08-16 12:49:22.146868] --log-level=lib.eal:6 [2021-08-16 12:49:22.146875] --log-level=lib.cryptodev:5 [2021-08-16 12:49:22.146880] --log-level=user1:6 [2021-08-16 12:49:22.146886] --base-virtaddr=0x200000000000 [2021-08-16 12:49:22.146890] --match-allocations [2021-08-16 12:49:22.146896] --file-prefix=spdk_pid189715 [2021-08-16 12:49:22.146901] ]
18: [2021-08-16 12:49:22.151650] Starting SPDK v21.04 git sha1 8016710 / DPDK 21.05.0 initialization...
18: [2021-08-16 12:49:22.151714] [ DPDK EAL parameters: [2021-08-16 12:49:22.151721] perf [2021-08-16 12:49:22.151726] --no-shconf [2021-08-16 12:49:22.151731] -c 0xFFFF [2021-08-16 12:49:22.151736] --no-pci [2021-08-16 12:49:22.151741] --log-level=lib.eal:6 [2021-08-16 12:49:22.151745] --log-level=lib.cryptodev:5 [2021-08-16 12:49:22.151750] --log-level=user1:6 [2021-08-16 12:49:22.151765] --base-virtaddr=0x200000000000 [2021-08-16 12:49:22.151771] --match-allocations [2021-08-16 12:49:22.151776] --file-prefix=spdk_pid152805 [2021-08-16 12:49:22.151780] ]
13: EAL: No available 1048576 kB hugepages reported
13: EAL: No free 2048 kB hugepages reported on node 1
15: EAL: No available 1048576 kB hugepages reported
15: EAL: No free 2048 kB hugepages reported on node 1
18: EAL: No available 1048576 kB hugepages reported
18: EAL: No free 2048 kB hugepages reported on node 1
15: TELEMETRY: No legacy callbacks, legacy socket not created
13: TELEMETRY: No legacy callbacks, legacy socket not created
18: TELEMETRY: No legacy callbacks, legacy socket not created
 0: !!!! max_wqe_sz_sq:1024
 0: !!!! max_wqe_sz_rq:512
 0: !!!! max_wqe_sz_sq_dc:256
 0: !!!! max_wqe_sz_sq:1024
 0: !!!! max_wqe_sz_rq:512
 0: !!!! max_wqe_sz_sq_dc:256
 0: !!!! max_wqe_sz_sq:1024
 0: !!!! max_wqe_sz_rq:512
 0: !!!! max_wqe_sz_sq_dc:256
 0: !!!! max_wqe_sz_sq:1024
 0: !!!! max_wqe_sz_rq:512
 0: !!!! max_wqe_sz_sq_dc:256
17: !!!! max_wqe_sz_sq:1024
17: !!!! max_wqe_sz_rq:512
17: !!!! max_wqe_sz_sq_dc:256
 0: !!!! max_wqe_sz_sq:1024
 0: !!!! max_wqe_sz_rq:512
 0: !!!! max_wqe_sz_sq_dc:256
 0: !!!! max_wqe_sz_sq:1024
 0: !!!! max_wqe_sz_rq:512
 0: !!!! max_wqe_sz_sq_dc:256
17: !!!! max_wqe_sz_sq:1024
17: !!!! max_wqe_sz_rq:512
17: !!!! max_wqe_sz_sq_dc:256
 4: !!!! max_wqe_sz_sq:1024
 4: !!!! max_wqe_sz_rq:512
 4: !!!! max_wqe_sz_sq_dc:256
17: !!!! max_wqe_sz_sq:1024
17: !!!! max_wqe_sz_rq:512
17: !!!! max_wqe_sz_sq_dc:256
 4: !!!! max_wqe_sz_sq:1024
 4: !!!! max_wqe_sz_rq:512
 4: !!!! max_wqe_sz_sq_dc:256
17: !!!! max_wqe_sz_sq:1024
17: !!!! max_wqe_sz_rq:512
17: !!!! max_wqe_sz_sq_dc:256
17: !!!! max_wqe_sz_sq:1024
17: !!!! max_wqe_sz_rq:512
17: !!!! max_wqe_sz_sq_dc:256
 4: !!!! max_wqe_sz_sq:1024
 4: !!!! max_wqe_sz_rq:512
 4: !!!! max_wqe_sz_sq_dc:256
17: !!!! max_wqe_sz_sq:1024
17: !!!! max_wqe_sz_rq:512
17: !!!! max_wqe_sz_sq_dc:256
 4: !!!! max_wqe_sz_sq:1024
 4: !!!! max_wqe_sz_rq:512
 4: !!!! max_wqe_sz_sq_dc:256
 4: !!!! max_wqe_sz_sq:1024
 4: !!!! max_wqe_sz_rq:512
 4: !!!! max_wqe_sz_sq_dc:256
 4: !!!! max_wqe_sz_sq:1024
 4: !!!! max_wqe_sz_rq:512
 4: !!!! max_wqe_sz_sq_dc:256
 2: !!!! max_wqe_sz_sq:1024
 2: !!!! max_wqe_sz_rq:512
 2: !!!! max_wqe_sz_sq_dc:256
 2: !!!! max_wqe_sz_sq:1024
 2: !!!! max_wqe_sz_rq:512
 2: !!!! max_wqe_sz_sq_dc:256
18: !!!! max_wqe_sz_sq:1024
18: !!!! max_wqe_sz_rq:512
18: !!!! max_wqe_sz_sq_dc:256
 2: !!!! max_wqe_sz_sq:1024
 2: !!!! max_wqe_sz_rq:512
 2: !!!! max_wqe_sz_sq_dc:256
18: !!!! max_wqe_sz_sq:1024
18: !!!! max_wqe_sz_rq:512
18: !!!! max_wqe_sz_sq_dc:256
 2: !!!! max_wqe_sz_sq:1024
 2: !!!! max_wqe_sz_rq:512
 2: !!!! max_wqe_sz_sq_dc:256
18: !!!! max_wqe_sz_sq:1024
18: !!!! max_wqe_sz_rq:512
18: !!!! max_wqe_sz_sq_dc:256
 2: !!!! max_wqe_sz_sq:1024
 2: !!!! max_wqe_sz_rq:512
 2: !!!! max_wqe_sz_sq_dc:256
 2: !!!! max_wqe_sz_sq:1024
 2: !!!! max_wqe_sz_rq:512
 2: !!!! max_wqe_sz_sq_dc:256
18: !!!! max_wqe_sz_sq:1024
18: !!!! max_wqe_sz_rq:512
18: !!!! max_wqe_sz_sq_dc:256
18: !!!! max_wqe_sz_sq:1024
18: !!!! max_wqe_sz_rq:512
18: !!!! max_wqe_sz_sq_dc:256
18: !!!! max_wqe_sz_sq:1024
18: !!!! max_wqe_sz_rq:512
18: !!!! max_wqe_sz_sq_dc:256
 8: [2021-08-16 12:49:22.314283] Starting SPDK v21.04 git sha1 8016710 / DPDK 21.05.0 initialization...
 8: [2021-08-16 12:49:22.314363] [ DPDK EAL parameters: [2021-08-16 12:49:22.314373] perf [2021-08-16 12:49:22.314379] --no-shconf [2021-08-16 12:49:22.314386] -c 0xFFFF [2021-08-16 12:49:22.314392] --no-pci [2021-08-16 12:49:22.314409] --log-level=lib.eal:6 [2021-08-16 12:49:22.314416] --log-level=lib.cryptodev:5 [2021-08-16 12:49:22.314422] --log-level=user1:6 [2021-08-16 12:49:22.314429] --base-virtaddr=0x200000000000 [2021-08-16 12:49:22.314436] --match-allocations [2021-08-16 12:49:22.314442] --file-prefix=spdk_pid19928 [2021-08-16 12:49:22.314449] ]
 8: EAL: No available 1048576 kB hugepages reported
 8: EAL: No free 2048 kB hugepages reported on node 1
 1: !!!! max_wqe_sz_sq:1024
 1: !!!! max_wqe_sz_rq:512
 1: !!!! max_wqe_sz_sq_dc:256
 1: !!!! max_wqe_sz_sq:1024
 1: !!!! max_wqe_sz_rq:512
 1: !!!! max_wqe_sz_sq_dc:256
 8: TELEMETRY: No legacy callbacks, legacy socket not created
10: !!!! max_wqe_sz_sq:1024
10: !!!! max_wqe_sz_rq:512
10: !!!! max_wqe_sz_sq_dc:256
10: !!!! max_wqe_sz_sq:1024
10: !!!! max_wqe_sz_rq:512
10: !!!! max_wqe_sz_sq_dc:256
 1: !!!! max_wqe_sz_sq:1024
 1: !!!! max_wqe_sz_rq:512
 1: !!!! max_wqe_sz_sq_dc:256
10: !!!! max_wqe_sz_sq:1024
10: !!!! max_wqe_sz_rq:512
10: !!!! max_wqe_sz_sq_dc:256
 1: !!!! max_wqe_sz_sq:1024
 1: !!!! max_wqe_sz_rq:512
 1: !!!! max_wqe_sz_sq_dc:256
 1: !!!! max_wqe_sz_sq:1024
 1: !!!! max_wqe_sz_rq:512
 1: !!!! max_wqe_sz_sq_dc:256
10: !!!! max_wqe_sz_sq:1024
10: !!!! max_wqe_sz_rq:512
10: !!!! max_wqe_sz_sq_dc:256
 1: !!!! max_wqe_sz_sq:1024
 1: !!!! max_wqe_sz_rq:512
 1: !!!! max_wqe_sz_sq_dc:256
10: !!!! max_wqe_sz_sq:1024
10: !!!! max_wqe_sz_rq:512
10: !!!! max_wqe_sz_sq_dc:256
10: !!!! max_wqe_sz_sq:1024
10: !!!! max_wqe_sz_rq:512
10: !!!! max_wqe_sz_sq_dc:256
11: [2021-08-16 12:49:22.372909] Starting SPDK v21.04 git sha1 8016710 / DPDK 21.05.0 initialization...
11: [2021-08-16 12:49:22.372988] [ DPDK EAL parameters: [2021-08-16 12:49:22.372995] perf [2021-08-16 12:49:22.373016] --no-shconf [2021-08-16 12:49:22.373023] -c 0xFFFF [2021-08-16 12:49:22.373031] --no-pci [2021-08-16 12:49:22.373035] --log-level=lib.eal:6 [2021-08-16 12:49:22.373042] --log-level=lib.cryptodev:5 [2021-08-16 12:49:22.373046] --log-level=user1:6 [2021-08-16 12:49:22.373053] --base-virtaddr=0x200000000000 [2021-08-16 12:49:22.373057] --match-allocations [2021-08-16 12:49:22.373063] --file-prefix=spdk_pid102956 [2021-08-16 12:49:22.373069] ]
11: EAL: No available 1048576 kB hugepages reported
11: EAL: No free 2048 kB hugepages reported on node 1
11: TELEMETRY: No legacy callbacks, legacy socket not created
 8: !!!! max_wqe_sz_sq:1024
 8: !!!! max_wqe_sz_rq:512
 8: !!!! max_wqe_sz_sq_dc:256
 8: !!!! max_wqe_sz_sq:1024
 8: !!!! max_wqe_sz_rq:512
 8: !!!! max_wqe_sz_sq_dc:256
 8: !!!! max_wqe_sz_sq:1024
 8: !!!! max_wqe_sz_rq:512
 8: !!!! max_wqe_sz_sq_dc:256
 8: !!!! max_wqe_sz_sq:1024
 8: !!!! max_wqe_sz_rq:512
 8: !!!! max_wqe_sz_sq_dc:256
 8: !!!! max_wqe_sz_sq:1024
 8: !!!! max_wqe_sz_rq:512
 8: !!!! max_wqe_sz_sq_dc:256
 8: !!!! max_wqe_sz_sq:1024
 8: !!!! max_wqe_sz_rq:512
 8: !!!! max_wqe_sz_sq_dc:256
 9: !!!! max_wqe_sz_sq:1024
 9: !!!! max_wqe_sz_rq:512
 9: !!!! max_wqe_sz_sq_dc:256
 9: !!!! max_wqe_sz_sq:1024
 9: !!!! max_wqe_sz_rq:512
 9: !!!! max_wqe_sz_sq_dc:256
11: !!!! max_wqe_sz_sq:1024
11: !!!! max_wqe_sz_rq:512
11: !!!! max_wqe_sz_sq_dc:256
 9: !!!! max_wqe_sz_sq:1024
 9: !!!! max_wqe_sz_rq:512
 9: !!!! max_wqe_sz_sq_dc:256
11: !!!! max_wqe_sz_sq:1024
11: !!!! max_wqe_sz_rq:512
11: !!!! max_wqe_sz_sq_dc:256
 9: !!!! max_wqe_sz_sq:1024
 9: !!!! max_wqe_sz_rq:512
 9: !!!! max_wqe_sz_sq_dc:256
 9: !!!! max_wqe_sz_sq:1024
 9: !!!! max_wqe_sz_rq:512
 9: !!!! max_wqe_sz_sq_dc:256
11: !!!! max_wqe_sz_sq:1024
11: !!!! max_wqe_sz_rq:512
11: !!!! max_wqe_sz_sq_dc:256
 9: !!!! max_wqe_sz_sq:1024
 9: !!!! max_wqe_sz_rq:512
 9: !!!! max_wqe_sz_sq_dc:256
11: !!!! max_wqe_sz_sq:1024
11: !!!! max_wqe_sz_rq:512
11: !!!! max_wqe_sz_sq_dc:256
11: !!!! max_wqe_sz_sq:1024
11: !!!! max_wqe_sz_rq:512
11: !!!! max_wqe_sz_sq_dc:256
11: !!!! max_wqe_sz_sq:1024
11: !!!! max_wqe_sz_rq:512
11: !!!! max_wqe_sz_sq_dc:256
 3: !!!! max_wqe_sz_sq:1024
 3: !!!! max_wqe_sz_rq:512
 3: !!!! max_wqe_sz_sq_dc:256
 3: !!!! max_wqe_sz_sq:1024
 3: !!!! max_wqe_sz_rq:512
 3: !!!! max_wqe_sz_sq_dc:256
 3: !!!! max_wqe_sz_sq:1024
 3: !!!! max_wqe_sz_rq:512
 3: !!!! max_wqe_sz_sq_dc:256
15: !!!! max_wqe_sz_sq:1024
15: !!!! max_wqe_sz_rq:512
15: !!!! max_wqe_sz_sq_dc:256
15: !!!! max_wqe_sz_sq:1024
15: !!!! max_wqe_sz_rq:512
15: !!!! max_wqe_sz_sq_dc:256
 3: !!!! max_wqe_sz_sq:1024
 3: !!!! max_wqe_sz_rq:512
 3: !!!! max_wqe_sz_sq_dc:256
 3: !!!! max_wqe_sz_sq:1024
 3: !!!! max_wqe_sz_rq:512
 3: !!!! max_wqe_sz_sq_dc:256
 3: !!!! max_wqe_sz_sq:1024
 3: !!!! max_wqe_sz_rq:512
 3: !!!! max_wqe_sz_sq_dc:256
15: !!!! max_wqe_sz_sq:1024
15: !!!! max_wqe_sz_rq:512
15: !!!! max_wqe_sz_sq_dc:256
15: !!!! max_wqe_sz_sq:1024
15: !!!! max_wqe_sz_rq:512
15: !!!! max_wqe_sz_sq_dc:256
15: !!!! max_wqe_sz_sq:1024
15: !!!! max_wqe_sz_rq:512
15: !!!! max_wqe_sz_sq_dc:256
15: !!!! max_wqe_sz_sq:1024
15: !!!! max_wqe_sz_rq:512
15: !!!! max_wqe_sz_sq_dc:256
 5: [2021-08-16 12:49:22.549648] Starting SPDK v21.04 git sha1 8016710 / DPDK 21.05.0 initialization...
 5: [2021-08-16 12:49:22.549723] [ DPDK EAL parameters: [2021-08-16 12:49:22.549731] perf [2021-08-16 12:49:22.549751] --no-shconf [2021-08-16 12:49:22.549756] -c 0xFFFF [2021-08-16 12:49:22.549785] --no-pci [2021-08-16 12:49:22.549793] --log-level=lib.eal:6 [2021-08-16 12:49:22.549798] --log-level=lib.cryptodev:5 [2021-08-16 12:49:22.549804] --log-level=user1:6 [2021-08-16 12:49:22.549808] --base-virtaddr=0x200000000000 [2021-08-16 12:49:22.549815] --match-allocations [2021-08-16 12:49:22.549821] --file-prefix=spdk_pid19255 [2021-08-16 12:49:22.549826] ]
 5: EAL: No available 1048576 kB hugepages reported
 5: EAL: No free 2048 kB hugepages reported on node 1
 5: TELEMETRY: No legacy callbacks, legacy socket not created
 5: !!!! max_wqe_sz_sq:1024
 5: !!!! max_wqe_sz_rq:512
 5: !!!! max_wqe_sz_sq_dc:256
 5: !!!! max_wqe_sz_sq:1024
 5: !!!! max_wqe_sz_rq:512
 5: !!!! max_wqe_sz_sq_dc:256
 5: !!!! max_wqe_sz_sq:1024
 5: !!!! max_wqe_sz_rq:512
 5: !!!! max_wqe_sz_sq_dc:256
 5: !!!! max_wqe_sz_sq:1024
 5: !!!! max_wqe_sz_rq:512
 5: !!!! max_wqe_sz_sq_dc:256
 5: !!!! max_wqe_sz_sq:1024
 5: !!!! max_wqe_sz_rq:512
 5: !!!! max_wqe_sz_sq_dc:256
 5: !!!! max_wqe_sz_sq:1024
 5: !!!! max_wqe_sz_rq:512
 5: !!!! max_wqe_sz_sq_dc:256
13: !!!! max_wqe_sz_sq:1024
13: !!!! max_wqe_sz_rq:512
13: !!!! max_wqe_sz_sq_dc:256
13: !!!! max_wqe_sz_sq:1024
13: !!!! max_wqe_sz_rq:512
13: !!!! max_wqe_sz_sq_dc:256
13: !!!! max_wqe_sz_sq:1024
13: !!!! max_wqe_sz_rq:512
13: !!!! max_wqe_sz_sq_dc:256
13: !!!! max_wqe_sz_sq:1024
13: !!!! max_wqe_sz_rq:512
13: !!!! max_wqe_sz_sq_dc:256
13: !!!! max_wqe_sz_sq:1024
13: !!!! max_wqe_sz_rq:512
13: !!!! max_wqe_sz_sq_dc:256
13: !!!! max_wqe_sz_sq:1024
13: !!!! max_wqe_sz_rq:512
13: !!!! max_wqe_sz_sq_dc:256
16: Initializing NVMe Controllers
16: Attached to NVMe over Fabrics controller at 172.24.0.2:4420: nqn.2016-06.io.spdk:cnode1
16: Controller attach time is 23758.405 us (57020172 ticks)
16: Associating RDMA (addr:172.24.0.2 subnqn:nqn.2016-06.io.spdk:cnode1) NSID 1 with lcore 0
16: Associating RDMA (addr:172.24.0.2 subnqn:nqn.2016-06.io.spdk:cnode1) NSID 1 with lcore 1
16: Associating RDMA (addr:172.24.0.2 subnqn:nqn.2016-06.io.spdk:cnode1) NSID 1 with lcore 2
16: Associating RDMA (addr:172.24.0.2 subnqn:nqn.2016-06.io.spdk:cnode1) NSID 1 with lcore 3
16: Associating RDMA (addr:172.24.0.2 subnqn:nqn.2016-06.io.spdk:cnode1) NSID 1 with lcore 4
16: Associating RDMA (addr:172.24.0.2 subnqn:nqn.2016-06.io.spdk:cnode1) NSID 1 with lcore 5
16: Associating RDMA (addr:172.24.0.2 subnqn:nqn.2016-06.io.spdk:cnode1) NSID 1 with lcore 6
16: Associating RDMA (addr:172.24.0.2 subnqn:nqn.2016-06.io.spdk:cnode1) NSID 1 with lcore 7
16: Associating RDMA (addr:172.24.0.2 subnqn:nqn.2016-06.io.spdk:cnode1) NSID 1 with lcore 8
16: Associating RDMA (addr:172.24.0.2 subnqn:nqn.2016-06.io.spdk:cnode1) NSID 1 with lcore 9
16: Associating RDMA (addr:172.24.0.2 subnqn:nqn.2016-06.io.spdk:cnode1) NSID 1 with lcore 10
16: Associating RDMA (addr:172.24.0.2 subnqn:nqn.2016-06.io.spdk:cnode1) NSID 1 with lcore 11
16: Associating RDMA (addr:172.24.0.2 subnqn:nqn.2016-06.io.spdk:cnode1) NSID 1 with lcore 12
16: Associating RDMA (addr:172.24.0.2 subnqn:nqn.2016-06.io.spdk:cnode1) NSID 1 with lcore 13
16: Associating RDMA (addr:172.24.0.2 subnqn:nqn.2016-06.io.spdk:cnode1) NSID 1 with lcore 14
16: Associating RDMA (addr:172.24.0.2 subnqn:nqn.2016-06.io.spdk:cnode1) NSID 1 with lcore 15
16: Initialization complete. Launching workers.
16: IO qp on core 3 total time 30294.475 us (72706740 ticks), connect time 18855.897 us (45254153 ticks)
16: IO qp on core 2 total time 37867.994 us (90883185 ticks), connect time 26261.062 us (63026550 ticks)
16: IO qp on core 1 total time 47955.805 us (115093932 ticks), connect time 36223.626 us (86936703 ticks)
16: IO qp on core 6 total time 55951.379 us (134283309 ticks), connect time 45895.543 us (110149302 ticks)
16: IO qp on core 4 total time 65912.821 us (158190771 ticks), connect time 55661.132 us (133586718 ticks)
16: IO qp on core 5 total time 76703.213 us (184087711 ticks), connect time 66240.079 us (158976190 ticks)
16: IO qp on core 0 total time 86744.679 us (208187229 ticks), connect time 75167.821 us (180402771 ticks)
16: IO qp on core 11 total time 96111.241 us (230666979 ticks), connect time 85542.655 us (205302372 ticks)
16: IO qp on core 12 total time 105720.327 us (253728785 ticks), connect time 95074.137 us (228177929 ticks)
16: IO qp on core 13 total time 115749.876 us (277799703 ticks), connect time 104878.860 us (251709264 ticks)
16: IO qp on core 14 total time 126787.223 us (304289336 ticks), connect time 115902.971 us (278167130 ticks)
16: IO qp on core 15 total time 135475.961 us (325142307 ticks), connect time 123651.630 us (296763912 ticks)
16: IO qp on core 9 total time 145818.767 us (349965042 ticks), connect time 133873.851 us (321297243 ticks)
16: IO qp on core 7 total time 155548.744 us (373316985 ticks), connect time 143557.726 us (344538543 ticks)
16: IO qp on core 8 total time 165427.541 us (397026099 ticks), connect time 153308.024 us (367939257 ticks)
16: IO qp on core 10 total time 176073.230 us (422575752 ticks), connect time 162424.219 us (389818125 ticks)
16: ========================================================
16:                                                                                                                 Latency(us)
16: Device Information                                                          :       IOPS      MiB/s    Average        min        max
16: RDMA (addr:172.24.0.2 subnqn:nqn.2016-06.io.spdk:cnode1) NSID 1 from core  0:    7381.00      28.83     135.43       6.58    2723.75
16: RDMA (addr:172.24.0.2 subnqn:nqn.2016-06.io.spdk:cnode1) NSID 1 from core  1:    7502.60      29.31     133.24       6.88    5599.88
16: RDMA (addr:172.24.0.2 subnqn:nqn.2016-06.io.spdk:cnode1) NSID 1 from core  2:    7649.90      29.88     130.70       5.76    3561.73
16: RDMA (addr:172.24.0.2 subnqn:nqn.2016-06.io.spdk:cnode1) NSID 1 from core  3:    7621.70      29.77     131.18       6.50    3047.45
16: RDMA (addr:172.24.0.2 subnqn:nqn.2016-06.io.spdk:cnode1) NSID 1 from core  4:    7559.60      29.53     132.24       6.55    3437.69
16: RDMA (addr:172.24.0.2 subnqn:nqn.2016-06.io.spdk:cnode1) NSID 1 from core  5:    7662.70      29.93     130.45       6.13    2536.37
16: RDMA (addr:172.24.0.2 subnqn:nqn.2016-06.io.spdk:cnode1) NSID 1 from core  6:    7582.80      29.62     131.84       5.93    3457.09
16: RDMA (addr:172.24.0.2 subnqn:nqn.2016-06.io.spdk:cnode1) NSID 1 from core  7:    7644.00      29.86     130.79       6.01    2635.16
16: RDMA (addr:172.24.0.2 subnqn:nqn.2016-06.io.spdk:cnode1) NSID 1 from core  8:    7573.30      29.58     132.00       6.58    2742.99
16: RDMA (addr:172.24.0.2 subnqn:nqn.2016-06.io.spdk:cnode1) NSID 1 from core  9:    7628.90      29.80     131.05       6.13    3052.16
16: RDMA (addr:172.24.0.2 subnqn:nqn.2016-06.io.spdk:cnode1) NSID 1 from core 10:    7612.20      29.74     131.34       6.17    3445.30
16: RDMA (addr:172.24.0.2 subnqn:nqn.2016-06.io.spdk:cnode1) NSID 1 from core 11:    7655.90      29.91     130.58       5.93    2912.00
16: RDMA (addr:172.24.0.2 subnqn:nqn.2016-06.io.spdk:cnode1) NSID 1 from core 12:    7551.30      29.50     132.40       6.59    2911.22
16: RDMA (addr:172.24.0.2 subnqn:nqn.2016-06.io.spdk:cnode1) NSID 1 from core 13:    7620.20      29.77     131.19       6.59    3930.93
16: RDMA (addr:172.24.0.2 subnqn:nqn.2016-06.io.spdk:cnode1) NSID 1 from core 14:    7558.20      29.52     132.28       6.65    2891.17
16: RDMA (addr:172.24.0.2 subnqn:nqn.2016-06.io.spdk:cnode1) NSID 1 from core 15:    7613.90      29.74     131.30       6.09    2787.54
16: ========================================================
16: Total                                                                       :  121418.20     474.29     131.74       5.76    5599.88
16: 
19: Initializing NVMe Controllers
19: Attached to NVMe over Fabrics controller at 172.24.0.2:4420: nqn.2016-06.io.spdk:cnode1
19: Controller attach time is 27615.053 us (66276128 ticks)
19: Associating RDMA (addr:172.24.0.2 subnqn:nqn.2016-06.io.spdk:cnode1) NSID 1 with lcore 0
19: Associating RDMA (addr:172.24.0.2 subnqn:nqn.2016-06.io.spdk:cnode1) NSID 1 with lcore 1
19: Associating RDMA (addr:172.24.0.2 subnqn:nqn.2016-06.io.spdk:cnode1) NSID 1 with lcore 2
19: Associating RDMA (addr:172.24.0.2 subnqn:nqn.2016-06.io.spdk:cnode1) NSID 1 with lcore 3
19: Associating RDMA (addr:172.24.0.2 subnqn:nqn.2016-06.io.spdk:cnode1) NSID 1 with lcore 4
19: Associating RDMA (addr:172.24.0.2 subnqn:nqn.2016-06.io.spdk:cnode1) NSID 1 with lcore 5
19: Associating RDMA (addr:172.24.0.2 subnqn:nqn.2016-06.io.spdk:cnode1) NSID 1 with lcore 6
19: Associating RDMA (addr:172.24.0.2 subnqn:nqn.2016-06.io.spdk:cnode1) NSID 1 with lcore 7
19: Associating RDMA (addr:172.24.0.2 subnqn:nqn.2016-06.io.spdk:cnode1) NSID 1 with lcore 8
19: Associating RDMA (addr:172.24.0.2 subnqn:nqn.2016-06.io.spdk:cnode1) NSID 1 with lcore 9
19: Associating RDMA (addr:172.24.0.2 subnqn:nqn.2016-06.io.spdk:cnode1) NSID 1 with lcore 10
19: Associating RDMA (addr:172.24.0.2 subnqn:nqn.2016-06.io.spdk:cnode1) NSID 1 with lcore 11
19: Associating RDMA (addr:172.24.0.2 subnqn:nqn.2016-06.io.spdk:cnode1) NSID 1 with lcore 12
19: Associating RDMA (addr:172.24.0.2 subnqn:nqn.2016-06.io.spdk:cnode1) NSID 1 with lcore 13
19: Associating RDMA (addr:172.24.0.2 subnqn:nqn.2016-06.io.spdk:cnode1) NSID 1 with lcore 14
19: Associating RDMA (addr:172.24.0.2 subnqn:nqn.2016-06.io.spdk:cnode1) NSID 1 with lcore 15
19: Initialization complete. Launching workers.
19: IO qp on core 3 total time 17889.057 us (42933737 ticks), connect time 9344.708 us (22427300 ticks)
19: IO qp on core 1 total time 27348.071 us (65635370 ticks), connect time 18512.607 us (44430257 ticks)
19: IO qp on core 2 total time 36946.802 us (88672326 ticks), connect time 27911.725 us (66988140 ticks)
19: IO qp on core 0 total time 46411.076 us (111386582 ticks), connect time 37613.081 us (90271394 ticks)
19: IO qp on core 5 total time 57311.616 us (137547879 ticks), connect time 47910.051 us (114984123 ticks)
19: IO qp on core 6 total time 66262.565 us (159030156 ticks), connect time 56777.335 us (136265604 ticks)
19: IO qp on core 10 total time 75948.741 us (182276979 ticks), connect time 66408.372 us (159380094 ticks)
19: IO qp on core 4 total time 85805.242 us (205932582 ticks), connect time 76076.334 us (182583201 ticks)
19: IO qp on core 11 total time 96176.938 us (230824650 ticks), connect time 86257.200 us (207017280 ticks)
19: IO qp on core 8 total time 106923.352 us (256616046 ticks), connect time 96882.530 us (232518072 ticks)
19: IO qp on core 13 total time 115763.598 us (277832634 ticks), connect time 105568.721 us (253364931 ticks)
19: IO qp on core 15 total time 126484.124 us (303561897 ticks), connect time 116110.104 us (278664249 ticks)
19: IO qp on core 14 total time 135953.066 us (326287359 ticks), connect time 125209.469 us (300502725 ticks)
19: IO qp on core 12 total time 145861.770 us (350068247 ticks), connect time 135026.343 us (324063224 ticks)
19: IO qp on core 7 total time 156806.041 us (376334499 ticks), connect time 145970.906 us (350330175 ticks)
19: IO qp on core 9 total time 166969.464 us (400726713 ticks), connect time 156078.326 us (374587983 ticks)
19: ========================================================
19:                                                                                                                 Latency(us)
19: Device Information                                                          :       IOPS      MiB/s    Average        min        max
19: RDMA (addr:172.24.0.2 subnqn:nqn.2016-06.io.spdk:cnode1) NSID 1 from core  0:    5054.80      19.75     197.79       7.90    3170.40
19: RDMA (addr:172.24.0.2 subnqn:nqn.2016-06.io.spdk:cnode1) NSID 1 from core  1:    5074.60      19.82     197.03       6.72    2583.48
19: RDMA (addr:172.24.0.2 subnqn:nqn.2016-06.io.spdk:cnode1) NSID 1 from core  2:    5075.00      19.82     197.02       6.38    2525.18
19: RDMA (addr:172.24.0.2 subnqn:nqn.2016-06.io.spdk:cnode1) NSID 1 from core  3:    5059.30      19.76     197.60       6.69    3261.66
19: RDMA (addr:172.24.0.2 subnqn:nqn.2016-06.io.spdk:cnode1) NSID 1 from core  4:    5056.70      19.75     197.73       6.79    2894.74
19: RDMA (addr:172.24.0.2 subnqn:nqn.2016-06.io.spdk:cnode1) NSID 1 from core  5:    5041.20      19.69     198.33       6.57    3455.47
19: RDMA (addr:172.24.0.2 subnqn:nqn.2016-06.io.spdk:cnode1) NSID 1 from core  6:    5051.60      19.73     197.94       7.25    2604.01
19: RDMA (addr:172.24.0.2 subnqn:nqn.2016-06.io.spdk:cnode1) NSID 1 from core  7:    5054.60      19.74     197.79       6.35    3418.75
19: RDMA (addr:172.24.0.2 subnqn:nqn.2016-06.io.spdk:cnode1) NSID 1 from core  8:    5048.20      19.72     198.07       7.29    2578.50
19: RDMA (addr:172.24.0.2 subnqn:nqn.2016-06.io.spdk:cnode1) NSID 1 from core  9:    5062.80      19.78     197.48       6.58    3202.66
19: RDMA (addr:172.24.0.2 subnqn:nqn.2016-06.io.spdk:cnode1) NSID 1 from core 10:    5054.30      19.74     197.83       6.86    2895.43
19: RDMA (addr:172.24.0.2 subnqn:nqn.2016-06.io.spdk:cnode1) NSID 1 from core 11:    5047.90      19.72     198.06       6.74    3272.49
19: RDMA (addr:172.24.0.2 subnqn:nqn.2016-06.io.spdk:cnode1) NSID 1 from core 12:    5060.50      19.77     197.59       6.80    2890.07
19: RDMA (addr:172.24.0.2 subnqn:nqn.2016-06.io.spdk:cnode1) NSID 1 from core 13:    5032.50      19.66     198.66       7.06    3473.09
19: RDMA (addr:172.24.0.2 subnqn:nqn.2016-06.io.spdk:cnode1) NSID 1 from core 14:    5061.30      19.77     197.55       6.91    4043.97
19: RDMA (addr:172.24.0.2 subnqn:nqn.2016-06.io.spdk:cnode1) NSID 1 from core 15:    5045.60      19.71     198.15       6.72    3447.73
19: ========================================================
19: Total                                                                       :   80880.90     315.94     197.79       6.35    4043.97
19: 
14: Initializing NVMe Controllers
14: Attached to NVMe over Fabrics controller at 172.24.0.2:4420: nqn.2016-06.io.spdk:cnode1
14: Controller attach time is 21388.219 us (51331726 ticks)
14: Associating RDMA (addr:172.24.0.2 subnqn:nqn.2016-06.io.spdk:cnode1) NSID 1 with lcore 0
14: Associating RDMA (addr:172.24.0.2 subnqn:nqn.2016-06.io.spdk:cnode1) NSID 1 with lcore 1
14: Associating RDMA (addr:172.24.0.2 subnqn:nqn.2016-06.io.spdk:cnode1) NSID 1 with lcore 2
14: Associating RDMA (addr:172.24.0.2 subnqn:nqn.2016-06.io.spdk:cnode1) NSID 1 with lcore 3
14: Associating RDMA (addr:172.24.0.2 subnqn:nqn.2016-06.io.spdk:cnode1) NSID 1 with lcore 4
14: Associating RDMA (addr:172.24.0.2 subnqn:nqn.2016-06.io.spdk:cnode1) NSID 1 with lcore 5
14: Associating RDMA (addr:172.24.0.2 subnqn:nqn.2016-06.io.spdk:cnode1) NSID 1 with lcore 6
14: Associating RDMA (addr:172.24.0.2 subnqn:nqn.2016-06.io.spdk:cnode1) NSID 1 with lcore 7
14: Associating RDMA (addr:172.24.0.2 subnqn:nqn.2016-06.io.spdk:cnode1) NSID 1 with lcore 8
14: Associating RDMA (addr:172.24.0.2 subnqn:nqn.2016-06.io.spdk:cnode1) NSID 1 with lcore 9
14: Associating RDMA (addr:172.24.0.2 subnqn:nqn.2016-06.io.spdk:cnode1) NSID 1 with lcore 10
14: Associating RDMA (addr:172.24.0.2 subnqn:nqn.2016-06.io.spdk:cnode1) NSID 1 with lcore 11
14: Associating RDMA (addr:172.24.0.2 subnqn:nqn.2016-06.io.spdk:cnode1) NSID 1 with lcore 12
14: Associating RDMA (addr:172.24.0.2 subnqn:nqn.2016-06.io.spdk:cnode1) NSID 1 with lcore 13
14: Associating RDMA (addr:172.24.0.2 subnqn:nqn.2016-06.io.spdk:cnode1) NSID 1 with lcore 14
14: Associating RDMA (addr:172.24.0.2 subnqn:nqn.2016-06.io.spdk:cnode1) NSID 1 with lcore 15
14: Initialization complete. Launching workers.
14: IO qp on core 2 total time 26749.683 us (64199240 ticks), connect time 13907.671 us (33378411 ticks)
14: IO qp on core 3 total time 36568.455 us (87764292 ticks), connect time 23797.292 us (57113502 ticks)
14: IO qp on core 1 total time 46345.353 us (111228847 ticks), connect time 33490.630 us (80377513 ticks)
14: IO qp on core 4 total time 55814.664 us (133955194 ticks), connect time 43673.678 us (104816827 ticks)
14: IO qp on core 0 total time 66023.071 us (158455370 ticks), connect time 53376.185 us (128102843 ticks)
14: IO qp on core 5 total time 75867.659 us (182082381 ticks), connect time 63601.865 us (152644476 ticks)
14: IO qp on core 6 total time 85340.075 us (204816179 ticks), connect time 73021.088 us (175250612 ticks)
14: IO qp on core 9 total time 95604.981 us (229451954 ticks), connect time 83259.468 us (199822724 ticks)
14: IO qp on core 11 total time 105737.339 us (253769613 ticks), connect time 93192.477 us (223661946 ticks)
14: IO qp on core 15 total time 115707.400 us (277697760 ticks), connect time 103161.666 us (247587999 ticks)
14: IO qp on core 14 total time 125403.757 us (300969016 ticks), connect time 112605.442 us (270253060 ticks)
14: IO qp on core 12 total time 135321.251 us (324771002 ticks), connect time 122524.482 us (294058757 ticks)
14: IO qp on core 13 total time 145685.054 us (349644129 ticks), connect time 132810.426 us (318745023 ticks)
14: IO qp on core 10 total time 155205.763 us (372493830 ticks), connect time 142219.121 us (341325891 ticks)
14: IO qp on core 8 total time 166236.467 us (398967520 ticks), connect time 153158.789 us (367581094 ticks)
14: IO qp on core 7 total time 176025.800 us (422461920 ticks), connect time 162949.116 us (391077879 ticks)
14: ========================================================
14:                                                                                                                 Latency(us)
14: Device Information                                                          :       IOPS      MiB/s    Average        min        max
14: RDMA (addr:172.24.0.2 subnqn:nqn.2016-06.io.spdk:cnode1) NSID 1 from core  0:    5013.90      19.59     199.39      12.08    2607.07
14: RDMA (addr:172.24.0.2 subnqn:nqn.2016-06.io.spdk:cnode1) NSID 1 from core  1:    5029.30      19.65     198.80       8.88    3022.89
14: RDMA (addr:172.24.0.2 subnqn:nqn.2016-06.io.spdk:cnode1) NSID 1 from core  2:    5024.40      19.63     199.00      11.20    2672.51
14: RDMA (addr:172.24.0.2 subnqn:nqn.2016-06.io.spdk:cnode1) NSID 1 from core  3:    5018.80      19.60     199.19       9.74    2535.72
14: RDMA (addr:172.24.0.2 subnqn:nqn.2016-06.io.spdk:cnode1) NSID 1 from core  4:    5007.60      19.56     199.62      10.76    3454.42
14: RDMA (addr:172.24.0.2 subnqn:nqn.2016-06.io.spdk:cnode1) NSID 1 from core  5:    5009.90      19.57     199.54      10.37    2894.52
14: RDMA (addr:172.24.0.2 subnqn:nqn.2016-06.io.spdk:cnode1) NSID 1 from core  6:    5018.90      19.61     199.22      10.65    2752.97
14: RDMA (addr:172.24.0.2 subnqn:nqn.2016-06.io.spdk:cnode1) NSID 1 from core  7:    5021.50      19.62     199.10       9.92    3048.22
14: RDMA (addr:172.24.0.2 subnqn:nqn.2016-06.io.spdk:cnode1) NSID 1 from core  8:    5025.50      19.63     198.94      10.71    2502.82
14: RDMA (addr:172.24.0.2 subnqn:nqn.2016-06.io.spdk:cnode1) NSID 1 from core  9:    5005.70      19.55     199.71      10.86    2677.72
14: RDMA (addr:172.24.0.2 subnqn:nqn.2016-06.io.spdk:cnode1) NSID 1 from core 10:    5012.40      19.58     199.48      11.79    3259.89
14: RDMA (addr:172.24.0.2 subnqn:nqn.2016-06.io.spdk:cnode1) NSID 1 from core 11:    5013.70      19.58     199.40      10.77    3278.78
14: RDMA (addr:172.24.0.2 subnqn:nqn.2016-06.io.spdk:cnode1) NSID 1 from core 12:    5018.60      19.60     199.23       9.47    2889.21
14: RDMA (addr:172.24.0.2 subnqn:nqn.2016-06.io.spdk:cnode1) NSID 1 from core 13:    5007.90      19.56     199.63      10.88    2760.32
14: RDMA (addr:172.24.0.2 subnqn:nqn.2016-06.io.spdk:cnode1) NSID 1 from core 14:    5010.20      19.57     199.56      10.44    2605.48
14: RDMA (addr:172.24.0.2 subnqn:nqn.2016-06.io.spdk:cnode1) NSID 1 from core 15:    5005.00      19.55     199.76       9.87    3059.52
14: ========================================================
14: Total                                                                       :   80243.30     313.45     199.35       8.88    3454.42
14: 
12: Initializing NVMe Controllers
12: Attached to NVMe over Fabrics controller at 172.24.0.2:4420: nqn.2016-06.io.spdk:cnode1
12: Controller attach time is 19506.595 us (46815828 ticks)
12: Associating RDMA (addr:172.24.0.2 subnqn:nqn.2016-06.io.spdk:cnode1) NSID 1 with lcore 0
12: Associating RDMA (addr:172.24.0.2 subnqn:nqn.2016-06.io.spdk:cnode1) NSID 1 with lcore 1
12: Associating RDMA (addr:172.24.0.2 subnqn:nqn.2016-06.io.spdk:cnode1) NSID 1 with lcore 2
12: Associating RDMA (addr:172.24.0.2 subnqn:nqn.2016-06.io.spdk:cnode1) NSID 1 with lcore 3
12: Associating RDMA (addr:172.24.0.2 subnqn:nqn.2016-06.io.spdk:cnode1) NSID 1 with lcore 4
12: Associating RDMA (addr:172.24.0.2 subnqn:nqn.2016-06.io.spdk:cnode1) NSID 1 with lcore 5
12: Associating RDMA (addr:172.24.0.2 subnqn:nqn.2016-06.io.spdk:cnode1) NSID 1 with lcore 6
12: Associating RDMA (addr:172.24.0.2 subnqn:nqn.2016-06.io.spdk:cnode1) NSID 1 with lcore 7
12: Associating RDMA (addr:172.24.0.2 subnqn:nqn.2016-06.io.spdk:cnode1) NSID 1 with lcore 8
12: Associating RDMA (addr:172.24.0.2 subnqn:nqn.2016-06.io.spdk:cnode1) NSID 1 with lcore 9
12: Associating RDMA (addr:172.24.0.2 subnqn:nqn.2016-06.io.spdk:cnode1) NSID 1 with lcore 10
12: Associating RDMA (addr:172.24.0.2 subnqn:nqn.2016-06.io.spdk:cnode1) NSID 1 with lcore 11
12: Associating RDMA (addr:172.24.0.2 subnqn:nqn.2016-06.io.spdk:cnode1) NSID 1 with lcore 12
12: Associating RDMA (addr:172.24.0.2 subnqn:nqn.2016-06.io.spdk:cnode1) NSID 1 with lcore 13
12: Associating RDMA (addr:172.24.0.2 subnqn:nqn.2016-06.io.spdk:cnode1) NSID 1 with lcore 14
12: Associating RDMA (addr:172.24.0.2 subnqn:nqn.2016-06.io.spdk:cnode1) NSID 1 with lcore 15
12: Initialization complete. Launching workers.
12: IO qp on core 5 total time 17506.592 us (42015822 ticks), connect time 7358.936 us (17661447 ticks)
12: IO qp on core 3 total time 26836.768 us (64408242 ticks), connect time 16438.480 us (39452352 ticks)
12: IO qp on core 0 total time 37866.925 us (90880620 ticks), connect time 27000.785 us (64801884 ticks)
12: IO qp on core 1 total time 48374.493 us (116098784 ticks), connect time 36795.443 us (88309063 ticks)
12: IO qp on core 4 total time 56770.655 us (136249571 ticks), connect time 46096.985 us (110632763 ticks)
12: IO qp on core 8 total time 66511.250 us (159627000 ticks), connect time 55878.359 us (134108061 ticks)
12: IO qp on core 6 total time 76945.279 us (184668669 ticks), connect time 66269.238 us (159046170 ticks)
12: IO qp on core 9 total time 87150.775 us (209161860 ticks), connect time 76255.561 us (183013347 ticks)
12: IO qp on core 2 total time 96637.376 us (231929702 ticks), connect time 85578.372 us (205388093 ticks)
12: IO qp on core 7 total time 107109.206 us (257062095 ticks), connect time 95989.745 us (230375388 ticks)
12: IO qp on core 14 total time 116756.851 us (280216442 ticks), connect time 105122.730 us (252294551 ticks)
12: IO qp on core 15 total time 126894.225 us (304546140 ticks), connect time 115260.613 us (276625470 ticks)
12: IO qp on core 12 total time 136683.865 us (328041276 ticks), connect time 124970.087 us (299928210 ticks)
12: IO qp on core 11 total time 148156.586 us (355575807 ticks), connect time 135687.938 us (325651050 ticks)
12: IO qp on core 13 total time 157435.216 us (377844519 ticks), connect time 144962.953 us (347911086 ticks)
12: IO qp on core 10 total time 167913.296 us (402991911 ticks), connect time 155189.598 us (372455034 ticks)
12: ========================================================
12:                                                                                                                 Latency(us)
12: Device Information                                                          :       IOPS      MiB/s    Average        min        max
12: RDMA (addr:172.24.0.2 subnqn:nqn.2016-06.io.spdk:cnode1) NSID 1 from core  0:    4992.70      19.50     200.26      12.85    3548.09
12: RDMA (addr:172.24.0.2 subnqn:nqn.2016-06.io.spdk:cnode1) NSID 1 from core  1:    4990.10      19.49     200.34      13.56    3123.12
12: RDMA (addr:172.24.0.2 subnqn:nqn.2016-06.io.spdk:cnode1) NSID 1 from core  2:    4991.60      19.50     200.31      11.27    3513.07
12: RDMA (addr:172.24.0.2 subnqn:nqn.2016-06.io.spdk:cnode1) NSID 1 from core  3:    4988.20      19.49     200.45      13.09    3063.11
12: RDMA (addr:172.24.0.2 subnqn:nqn.2016-06.io.spdk:cnode1) NSID 1 from core  4:    4989.20      19.49     200.40      12.99    4057.00
12: RDMA (addr:172.24.0.2 subnqn:nqn.2016-06.io.spdk:cnode1) NSID 1 from core  5:    4997.80      19.52     200.04      13.45    3249.14
12: RDMA (addr:172.24.0.2 subnqn:nqn.2016-06.io.spdk:cnode1) NSID 1 from core  6:    4990.60      19.49     200.35      15.21    2586.23
12: RDMA (addr:172.24.0.2 subnqn:nqn.2016-06.io.spdk:cnode1) NSID 1 from core  7:    4988.50      19.49     200.40      10.75    3144.85
12: RDMA (addr:172.24.0.2 subnqn:nqn.2016-06.io.spdk:cnode1) NSID 1 from core  8:    4981.60      19.46     200.71      13.64    2752.31
12: RDMA (addr:172.24.0.2 subnqn:nqn.2016-06.io.spdk:cnode1) NSID 1 from core  9:    4987.30      19.48     200.47      12.75    3170.16
12: RDMA (addr:172.24.0.2 subnqn:nqn.2016-06.io.spdk:cnode1) NSID 1 from core 10:    4984.30      19.47     200.61      13.93    3422.19
12: RDMA (addr:172.24.0.2 subnqn:nqn.2016-06.io.spdk:cnode1) NSID 1 from core 11:    4995.10      19.51     200.16       9.15    3293.30
12: RDMA (addr:172.24.0.2 subnqn:nqn.2016-06.io.spdk:cnode1) NSID 1 from core 12:    4993.70      19.51     200.23      12.85    2586.80
12: RDMA (addr:172.24.0.2 subnqn:nqn.2016-06.io.spdk:cnode1) NSID 1 from core 13:    4992.50      19.50     200.25       9.43    3559.62
12: RDMA (addr:172.24.0.2 subnqn:nqn.2016-06.io.spdk:cnode1) NSID 1 from core 14:    4987.40      19.48     200.48      15.91    2889.14
12: RDMA (addr:172.24.0.2 subnqn:nqn.2016-06.io.spdk:cnode1) NSID 1 from core 15:    4985.40      19.47     200.55      11.20    2742.14
12: ========================================================
12: Total                                                                       :   79836.00     311.86     200.38       9.15    4057.00
12: 
 7: Initializing NVMe Controllers
 7: Attached to NVMe over Fabrics controller at 172.24.0.2:4420: nqn.2016-06.io.spdk:cnode1
 7: Controller attach time is 19742.998 us (47383194 ticks)
 7: Associating RDMA (addr:172.24.0.2 subnqn:nqn.2016-06.io.spdk:cnode1) NSID 1 with lcore 0
 7: Associating RDMA (addr:172.24.0.2 subnqn:nqn.2016-06.io.spdk:cnode1) NSID 1 with lcore 1
 7: Associating RDMA (addr:172.24.0.2 subnqn:nqn.2016-06.io.spdk:cnode1) NSID 1 with lcore 2
 7: Associating RDMA (addr:172.24.0.2 subnqn:nqn.2016-06.io.spdk:cnode1) NSID 1 with lcore 3
 7: Associating RDMA (addr:172.24.0.2 subnqn:nqn.2016-06.io.spdk:cnode1) NSID 1 with lcore 4
 7: Associating RDMA (addr:172.24.0.2 subnqn:nqn.2016-06.io.spdk:cnode1) NSID 1 with lcore 5
 7: Associating RDMA (addr:172.24.0.2 subnqn:nqn.2016-06.io.spdk:cnode1) NSID 1 with lcore 6
 7: Associating RDMA (addr:172.24.0.2 subnqn:nqn.2016-06.io.spdk:cnode1) NSID 1 with lcore 7
 7: Associating RDMA (addr:172.24.0.2 subnqn:nqn.2016-06.io.spdk:cnode1) NSID 1 with lcore 8
 7: Associating RDMA (addr:172.24.0.2 subnqn:nqn.2016-06.io.spdk:cnode1) NSID 1 with lcore 9
 7: Associating RDMA (addr:172.24.0.2 subnqn:nqn.2016-06.io.spdk:cnode1) NSID 1 with lcore 10
 7: Associating RDMA (addr:172.24.0.2 subnqn:nqn.2016-06.io.spdk:cnode1) NSID 1 with lcore 11
 7: Associating RDMA (addr:172.24.0.2 subnqn:nqn.2016-06.io.spdk:cnode1) NSID 1 with lcore 12
 7: Associating RDMA (addr:172.24.0.2 subnqn:nqn.2016-06.io.spdk:cnode1) NSID 1 with lcore 13
 7: Associating RDMA (addr:172.24.0.2 subnqn:nqn.2016-06.io.spdk:cnode1) NSID 1 with lcore 14
 7: Associating RDMA (addr:172.24.0.2 subnqn:nqn.2016-06.io.spdk:cnode1) NSID 1 with lcore 15
 7: Initialization complete. Launching workers.
 7: IO qp on core 12 total time 18233.346 us (43760031 ticks), connect time 7623.954 us (18297489 ticks)
 7: IO qp on core 5 total time 28307.950 us (67939081 ticks), connect time 17433.222 us (41839732 ticks)
 7: IO qp on core 15 total time 38104.270 us (91450248 ticks), connect time 27576.500 us (66183600 ticks)
 7: IO qp on core 7 total time 48374.901 us (116099763 ticks), connect time 37348.914 us (89637393 ticks)
 7: IO qp on core 8 total time 57598.613 us (138236672 ticks), connect time 46584.512 us (111802829 ticks)
 7: IO qp on core 10 total time 68376.651 us (164103963 ticks), connect time 57279.395 us (137470548 ticks)
 7: IO qp on core 6 total time 78195.227 us (187668545 ticks), connect time 66843.241 us (160423778 ticks)
 7: IO qp on core 4 total time 88534.235 us (212482163 ticks), connect time 76901.021 us (184562450 ticks)
 7: IO qp on core 2 total time 98252.470 us (235805929 ticks), connect time 86467.825 us (207522781 ticks)
 7: IO qp on core 11 total time 109062.380 us (261749712 ticks), connect time 97597.725 us (234234540 ticks)
 7: IO qp on core 9 total time 119014.769 us (285635445 ticks), connect time 107397.505 us (257754012 ticks)
 7: IO qp on core 13 total time 129388.490 us (310532377 ticks), connect time 117836.025 us (282806461 ticks)
 7: IO qp on core 1 total time 138936.939 us (333448653 ticks), connect time 126897.160 us (304553184 ticks)
 7: IO qp on core 14 total time 148475.584 us (356341401 ticks), connect time 136825.446 us (328381071 ticks)
 7: IO qp on core 0 total time 158181.855 us (379636452 ticks), connect time 146362.381 us (351269715 ticks)
 7: IO qp on core 3 total time 168466.918 us (404320602 ticks), connect time 154704.155 us (371289972 ticks)
 7: ========================================================
 7:                                                                                                                 Latency(us)
 7: Device Information                                                          :       IOPS      MiB/s    Average        min        max
 7: RDMA (addr:172.24.0.2 subnqn:nqn.2016-06.io.spdk:cnode1) NSID 1 from core  0:    4920.10      19.22     203.22      14.21    2889.79
 7: RDMA (addr:172.24.0.2 subnqn:nqn.2016-06.io.spdk:cnode1) NSID 1 from core  1:    4924.30      19.24     203.04      13.95    2598.68
 7: RDMA (addr:172.24.0.2 subnqn:nqn.2016-06.io.spdk:cnode1) NSID 1 from core  2:    4932.80      19.27     202.70      10.42    2683.85
 7: RDMA (addr:172.24.0.2 subnqn:nqn.2016-06.io.spdk:cnode1) NSID 1 from core  3:    4926.80      19.25     202.94      14.45    2745.05
 7: RDMA (addr:172.24.0.2 subnqn:nqn.2016-06.io.spdk:cnode1) NSID 1 from core  4:    4931.00      19.26     202.78      14.41    2760.24
 7: RDMA (addr:172.24.0.2 subnqn:nqn.2016-06.io.spdk:cnode1) NSID 1 from core  5:    4926.70      19.24     202.93      14.88    2751.89
 7: RDMA (addr:172.24.0.2 subnqn:nqn.2016-06.io.spdk:cnode1) NSID 1 from core  6:    4923.00      19.23     203.11      20.63    2889.44
 7: RDMA (addr:172.24.0.2 subnqn:nqn.2016-06.io.spdk:cnode1) NSID 1 from core  7:    4921.60      19.23     203.13      14.35    2578.65
 7: RDMA (addr:172.24.0.2 subnqn:nqn.2016-06.io.spdk:cnode1) NSID 1 from core  8:    4916.60      19.21     203.35      12.75    2994.35
 7: RDMA (addr:172.24.0.2 subnqn:nqn.2016-06.io.spdk:cnode1) NSID 1 from core  9:    4913.10      19.19     203.51      16.42    3065.73
 7: RDMA (addr:172.24.0.2 subnqn:nqn.2016-06.io.spdk:cnode1) NSID 1 from core 10:    4924.60      19.24     203.04      14.68    2605.80
 7: RDMA (addr:172.24.0.2 subnqn:nqn.2016-06.io.spdk:cnode1) NSID 1 from core 11:    4914.50      19.20     203.42      17.47    2514.76
 7: RDMA (addr:172.24.0.2 subnqn:nqn.2016-06.io.spdk:cnode1) NSID 1 from core 12:    4922.20      19.23     203.14      12.57    2893.02
 7: RDMA (addr:172.24.0.2 subnqn:nqn.2016-06.io.spdk:cnode1) NSID 1 from core 13:    4920.30      19.22     203.21      15.48    3150.93
 7: RDMA (addr:172.24.0.2 subnqn:nqn.2016-06.io.spdk:cnode1) NSID 1 from core 14:    4922.10      19.23     203.12      15.54    2907.08
 7: RDMA (addr:172.24.0.2 subnqn:nqn.2016-06.io.spdk:cnode1) NSID 1 from core 15:    4921.10      19.22     203.16      12.65    2585.49
 7: ========================================================
 7: Total                                                                       :   78760.80     307.66     203.11      10.42    3150.93
 7: 
 0: Initializing NVMe Controllers
 0: Attached to NVMe over Fabrics controller at 172.24.0.2:4420: nqn.2016-06.io.spdk:cnode1
 0: Controller attach time is 20909.918 us (50183804 ticks)
 0: Associating RDMA (addr:172.24.0.2 subnqn:nqn.2016-06.io.spdk:cnode1) NSID 1 with lcore 0
 0: Associating RDMA (addr:172.24.0.2 subnqn:nqn.2016-06.io.spdk:cnode1) NSID 1 with lcore 1
 0: Associating RDMA (addr:172.24.0.2 subnqn:nqn.2016-06.io.spdk:cnode1) NSID 1 with lcore 2
 0: Associating RDMA (addr:172.24.0.2 subnqn:nqn.2016-06.io.spdk:cnode1) NSID 1 with lcore 3
 0: Associating RDMA (addr:172.24.0.2 subnqn:nqn.2016-06.io.spdk:cnode1) NSID 1 with lcore 4
 0: Associating RDMA (addr:172.24.0.2 subnqn:nqn.2016-06.io.spdk:cnode1) NSID 1 with lcore 5
 0: Associating RDMA (addr:172.24.0.2 subnqn:nqn.2016-06.io.spdk:cnode1) NSID 1 with lcore 6
 0: Associating RDMA (addr:172.24.0.2 subnqn:nqn.2016-06.io.spdk:cnode1) NSID 1 with lcore 7
 0: Associating RDMA (addr:172.24.0.2 subnqn:nqn.2016-06.io.spdk:cnode1) NSID 1 with lcore 8
 0: Associating RDMA (addr:172.24.0.2 subnqn:nqn.2016-06.io.spdk:cnode1) NSID 1 with lcore 9
 0: Associating RDMA (addr:172.24.0.2 subnqn:nqn.2016-06.io.spdk:cnode1) NSID 1 with lcore 10
 0: Associating RDMA (addr:172.24.0.2 subnqn:nqn.2016-06.io.spdk:cnode1) NSID 1 with lcore 11
 0: Associating RDMA (addr:172.24.0.2 subnqn:nqn.2016-06.io.spdk:cnode1) NSID 1 with lcore 12
 0: Associating RDMA (addr:172.24.0.2 subnqn:nqn.2016-06.io.spdk:cnode1) NSID 1 with lcore 13
 0: Associating RDMA (addr:172.24.0.2 subnqn:nqn.2016-06.io.spdk:cnode1) NSID 1 with lcore 14
 0: Associating RDMA (addr:172.24.0.2 subnqn:nqn.2016-06.io.spdk:cnode1) NSID 1 with lcore 15
 0: Initialization complete. Launching workers.
 0: IO qp on core 0 total time 18023.471 us (43256330 ticks), connect time 7353.107 us (17647457 ticks)
 0: IO qp on core 2 total time 27706.991 us (66496778 ticks), connect time 16511.849 us (39628437 ticks)
 0: IO qp on core 5 total time 37163.633 us (89192720 ticks), connect time 26848.432 us (64436237 ticks)
 0: IO qp on core 1 total time 47541.923 us (114100614 ticks), connect time 36090.149 us (86616357 ticks)
 0: IO qp on core 3 total time 57345.997 us (137630394 ticks), connect time 45941.643 us (110259942 ticks)
 0: IO qp on core 6 total time 66815.259 us (160356621 ticks), connect time 56198.549 us (134876517 ticks)
 0: IO qp on core 9 total time 76547.930 us (183715033 ticks), connect time 65814.380 us (157954513 ticks)
 0: IO qp on core 8 total time 86377.912 us (207306988 ticks), connect time 75641.008 us (181538419 ticks)
 0: IO qp on core 4 total time 97282.902 us (233478964 ticks), connect time 86379.297 us (207310312 ticks)
 0: IO qp on core 14 total time 106491.142 us (255578740 ticks), connect time 95531.802 us (229276324 ticks)
 0: IO qp on core 11 total time 116584.070 us (279801768 ticks), connect time 105622.908 us (253494978 ticks)
 0: IO qp on core 12 total time 127187.533 us (305250080 ticks), connect time 115995.073 us (278388176 ticks)
 0: IO qp on core 13 total time 136328.376 us (327188102 ticks), connect time 123589.551 us (296614922 ticks)
 0: IO qp on core 15 total time 147061.212 us (352946908 ticks), connect time 134320.757 us (322369816 ticks)
 0: IO qp on core 7 total time 156526.603 us (375663846 ticks), connect time 143582.640 us (344598336 ticks)
 0: IO qp on core 10 total time 166668.014 us (400003234 ticks), connect time 153708.927 us (368901426 ticks)
 0: ========================================================
 0:                                                                                                                 Latency(us)
 0: Device Information                                                          :       IOPS      MiB/s    Average        min        max
 0: RDMA (addr:172.24.0.2 subnqn:nqn.2016-06.io.spdk:cnode1) NSID 1 from core  0:    4792.50      18.72     208.64      18.84    2695.77
 0: RDMA (addr:172.24.0.2 subnqn:nqn.2016-06.io.spdk:cnode1) NSID 1 from core  1:    4785.90      18.69     208.89      12.10    2889.73
 0: RDMA (addr:172.24.0.2 subnqn:nqn.2016-06.io.spdk:cnode1) NSID 1 from core  2:    4789.70      18.71     208.76      22.59    2610.97
 0: RDMA (addr:172.24.0.2 subnqn:nqn.2016-06.io.spdk:cnode1) NSID 1 from core  3:    4793.60      18.73     208.58      21.71    2533.66
 0: RDMA (addr:172.24.0.2 subnqn:nqn.2016-06.io.spdk:cnode1) NSID 1 from core  4:    4792.00      18.72     208.66      20.11    2795.04
 0: RDMA (addr:172.24.0.2 subnqn:nqn.2016-06.io.spdk:cnode1) NSID 1 from core  5:    4790.80      18.71     208.67      23.93    2908.66
 0: RDMA (addr:172.24.0.2 subnqn:nqn.2016-06.io.spdk:cnode1) NSID 1 from core  6:    4795.50      18.73     208.51      24.44    2839.48
 0: RDMA (addr:172.24.0.2 subnqn:nqn.2016-06.io.spdk:cnode1) NSID 1 from core  7:    4796.10      18.73     208.45      17.16    2616.14
 0: RDMA (addr:172.24.0.2 subnqn:nqn.2016-06.io.spdk:cnode1) NSID 1 from core  8:    4792.00      18.72     208.66      23.48    2587.33
 0: RDMA (addr:172.24.0.2 subnqn:nqn.2016-06.io.spdk:cnode1) NSID 1 from core  9:    4789.50      18.71     208.75      22.74    2600.76
 0: RDMA (addr:172.24.0.2 subnqn:nqn.2016-06.io.spdk:cnode1) NSID 1 from core 10:    4790.10      18.71     208.74      16.80    2445.58
 0: RDMA (addr:172.24.0.2 subnqn:nqn.2016-06.io.spdk:cnode1) NSID 1 from core 11:    4792.80      18.72     208.60      23.01    2836.20
 0: RDMA (addr:172.24.0.2 subnqn:nqn.2016-06.io.spdk:cnode1) NSID 1 from core 12:    4791.20      18.72     208.69      19.67    3328.28
 0: RDMA (addr:172.24.0.2 subnqn:nqn.2016-06.io.spdk:cnode1) NSID 1 from core 13:    4787.90      18.70     208.81      16.01    2461.16
 0: RDMA (addr:172.24.0.2 subnqn:nqn.2016-06.io.spdk:cnode1) NSID 1 from core 14:    4792.90      18.72     208.61      26.23    2533.13
 0: RDMA (addr:172.24.0.2 subnqn:nqn.2016-06.io.spdk:cnode1) NSID 1 from core 15:    4789.50      18.71     208.76      20.44    2761.72
 0: ========================================================
 0: Total                                                                       :   76662.00     299.46     208.67      12.10    3328.28
 0: 
17: Initializing NVMe Controllers
17: Attached to NVMe over Fabrics controller at 172.24.0.2:4420: nqn.2016-06.io.spdk:cnode1
17: Controller attach time is 18999.471 us (45598730 ticks)
17: Associating RDMA (addr:172.24.0.2 subnqn:nqn.2016-06.io.spdk:cnode1) NSID 1 with lcore 0
17: Associating RDMA (addr:172.24.0.2 subnqn:nqn.2016-06.io.spdk:cnode1) NSID 1 with lcore 1
17: Associating RDMA (addr:172.24.0.2 subnqn:nqn.2016-06.io.spdk:cnode1) NSID 1 with lcore 2
17: Associating RDMA (addr:172.24.0.2 subnqn:nqn.2016-06.io.spdk:cnode1) NSID 1 with lcore 3
17: Associating RDMA (addr:172.24.0.2 subnqn:nqn.2016-06.io.spdk:cnode1) NSID 1 with lcore 4
17: Associating RDMA (addr:172.24.0.2 subnqn:nqn.2016-06.io.spdk:cnode1) NSID 1 with lcore 5
17: Associating RDMA (addr:172.24.0.2 subnqn:nqn.2016-06.io.spdk:cnode1) NSID 1 with lcore 6
17: Associating RDMA (addr:172.24.0.2 subnqn:nqn.2016-06.io.spdk:cnode1) NSID 1 with lcore 7
17: Associating RDMA (addr:172.24.0.2 subnqn:nqn.2016-06.io.spdk:cnode1) NSID 1 with lcore 8
17: Associating RDMA (addr:172.24.0.2 subnqn:nqn.2016-06.io.spdk:cnode1) NSID 1 with lcore 9
17: Associating RDMA (addr:172.24.0.2 subnqn:nqn.2016-06.io.spdk:cnode1) NSID 1 with lcore 10
17: Associating RDMA (addr:172.24.0.2 subnqn:nqn.2016-06.io.spdk:cnode1) NSID 1 with lcore 11
17: Associating RDMA (addr:172.24.0.2 subnqn:nqn.2016-06.io.spdk:cnode1) NSID 1 with lcore 12
17: Associating RDMA (addr:172.24.0.2 subnqn:nqn.2016-06.io.spdk:cnode1) NSID 1 with lcore 13
17: Associating RDMA (addr:172.24.0.2 subnqn:nqn.2016-06.io.spdk:cnode1) NSID 1 with lcore 14
17: Associating RDMA (addr:172.24.0.2 subnqn:nqn.2016-06.io.spdk:cnode1) NSID 1 with lcore 15
17: Initialization complete. Launching workers.
17: IO qp on core 2 total time 18613.461 us (44672307 ticks), connect time 7949.818 us (19079562 ticks)
17: IO qp on core 3 total time 28408.027 us (68179264 ticks), connect time 17679.997 us (42431992 ticks)
17: IO qp on core 1 total time 37971.067 us (91130562 ticks), connect time 27240.315 us (65376757 ticks)
17: IO qp on core 5 total time 48568.615 us (116564676 ticks), connect time 37804.743 us (90731382 ticks)
17: IO qp on core 4 total time 57715.206 us (138516494 ticks), connect time 46870.183 us (112488440 ticks)
17: IO qp on core 6 total time 68073.295 us (163375907 ticks), connect time 57154.695 us (137171267 ticks)
17: IO qp on core 7 total time 78496.902 us (188392564 ticks), connect time 67294.339 us (161506414 ticks)
17: IO qp on core 0 total time 88034.761 us (211283427 ticks), connect time 75950.384 us (182280921 ticks)
17: IO qp on core 10 total time 96645.139 us (231948334 ticks), connect time 85238.418 us (204572203 ticks)
17: IO qp on core 11 total time 107708.379 us (258500109 ticks), connect time 95815.393 us (229956942 ticks)
17: IO qp on core 14 total time 116978.500 us (280748400 ticks), connect time 105083.119 us (252199485 ticks)
17: IO qp on core 8 total time 127457.296 us (305897510 ticks), connect time 115426.468 us (277023524 ticks)
17: IO qp on core 13 total time 137595.884 us (330230121 ticks), connect time 125478.695 us (301148868 ticks)
17: IO qp on core 12 total time 147191.023 us (353258455 ticks), connect time 134999.247 us (323998192 ticks)
17: IO qp on core 9 total time 157964.230 us (379114152 ticks), connect time 145579.965 us (349391916 ticks)
17: IO qp on core 15 total time 167172.182 us (401213238 ticks), connect time 154819.596 us (371567031 ticks)
17: ========================================================
17:                                                                                                                 Latency(us)
17: Device Information                                                          :       IOPS      MiB/s    Average        min        max
17: RDMA (addr:172.24.0.2 subnqn:nqn.2016-06.io.spdk:cnode1) NSID 1 from core  0:    4775.60      18.65     209.37      31.41    2742.09
17: RDMA (addr:172.24.0.2 subnqn:nqn.2016-06.io.spdk:cnode1) NSID 1 from core  1:    4777.50      18.66     209.28      35.75    2533.91
17: RDMA (addr:172.24.0.2 subnqn:nqn.2016-06.io.spdk:cnode1) NSID 1 from core  2:    4775.30      18.65     209.39      46.19    3948.29
 4: Initializing NVMe Controllers
 4: Attached to NVMe over Fabrics controller at 172.24.0.2:4420: nqn.2016-06.io.spdk:cnode1
 4: Controller attach time is 18695.183 us (44868440 ticks)
 4: Associating RDMA (addr:172.24.0.2 subnqn:nqn.2016-06.io.spdk:cnode1) NSID 1 with lcore 0
 4: Associating RDMA (addr:172.24.0.2 subnqn:nqn.2016-06.io.spdk:cnode1) NSID 1 with lcore 1
 4: Associating RDMA (addr:172.24.0.2 subnqn:nqn.2016-06.io.spdk:cnode1) NSID 1 with lcore 2
 4: Associating RDMA (addr:172.24.0.2 subnqn:nqn.2016-06.io.spdk:cnode1) NSID 1 with lcore 3
 4: Associating RDMA (addr:172.24.0.2 subnqn:nqn.2016-06.io.spdk:cnode1) NSID 1 with lcore 4
 4: Associating RDMA (addr:172.24.0.2 subnqn:nqn.2016-06.io.spdk:cnode1) NSID 1 with lcore 5
 4: Associating RDMA (addr:172.24.0.2 subnqn:nqn.2016-06.io.spdk:cnode1) NSID 1 with lcore 6
 4: Associating RDMA (addr:172.24.0.2 subnqn:nqn.2016-06.io.spdk:cnode1) NSID 1 with lcore 7
 4: Associating RDMA (addr:172.24.0.2 subnqn:nqn.2016-06.io.spdk:cnode1) NSID 1 with lcore 8
 4: Associating RDMA (addr:172.24.0.2 subnqn:nqn.2016-06.io.spdk:cnode1) NSID 1 with lcore 9
 4: Associating RDMA (addr:172.24.0.2 subnqn:nqn.2016-06.io.spdk:cnode1) NSID 1 with lcore 10
 4: Associating RDMA (addr:172.24.0.2 subnqn:nqn.2016-06.io.spdk:cnode1) NSID 1 with lcore 11
 4: Associating RDMA (addr:172.24.0.2 subnqn:nqn.2016-06.io.spdk:cnode1) NSID 1 with lcore 12
 4: Associating RDMA (addr:172.24.0.2 subnqn:nqn.2016-06.io.spdk:cnode1) NSID 1 with lcore 13
 4: Associating RDMA (addr:172.24.0.2 subnqn:nqn.2016-06.io.spdk:cnode1) NSID 1 with lcore 14
 4: Associating RDMA (addr:172.24.0.2 subnqn:nqn.2016-06.io.spdk:cnode1) NSID 1 with lcore 15
 4: Initialization complete. Launching workers.
 4: IO qp on core 2 total time 18556.655 us (44535972 ticks), connect time 7852.210 us (18845304 ticks)
 4: IO qp on core 4 total time 27811.890 us (66748536 ticks), connect time 17165.912 us (41198190 ticks)
 4: IO qp on core 8 total time 38008.480 us (91220352 ticks), connect time 27544.735 us (66107364 ticks)
 4: IO qp on core 7 total time 48255.860 us (115814064 ticks), connect time 37559.805 us (90143532 ticks)
 4: IO qp on core 6 total time 57916.368 us (138999282 ticks), connect time 47120.716 us (113089719 ticks)
 4: IO qp on core 5 total time 68579.885 us (164591724 ticks), connect time 57518.198 us (138043674 ticks)
 4: IO qp on core 11 total time 77842.150 us (186821160 ticks), connect time 66993.697 us (160784874 ticks)
 4: IO qp on core 10 total time 87585.117 us (210204282 ticks), connect time 76661.216 us (183986919 ticks)
 4: IO qp on core 12 total time 98361.322 us (236067174 ticks), connect time 87343.521 us (209624451 ticks)
 4: IO qp on core 9 total time 108426.615 us (260223876 ticks), connect time 97257.161 us (233417187 ticks)
 4: IO qp on core 1 total time 118436.732 us (284248156 ticks), connect time 106842.302 us (256421525 ticks)
 4: IO qp on core 3 total time 128007.923 us (307219014 ticks), connect time 116442.197 us (279461274 ticks)
 4: IO qp on core 0 total time 137930.154 us (331032370 ticks), connect time 126650.867 us (303962080 ticks)
 4: IO qp on core 14 total time 147359.022 us (353661652 ticks), connect time 136816.777 us (328360264 ticks)
 4: IO qp on core 15 total time 157050.205 us (376920491 ticks), connect time 145080.622 us (348193493 ticks)
 4: IO qp on core 13 total time 166932.761 us (400638626 ticks), connect time 154960.988 us (371906372 ticks)
 4: ========================================================
 4:                                                                                                                 Latency(us)
 4: Device Information                                                          :       IOPS      MiB/s    Average        min        max
 4: RDMA (addr:172.24.0.2 subnqn:nqn.2016-06.io.spdk:cnode1) NSID 1 from core  0:    4760.90      18.60     210.02      51.25    3326.22
 4: RDMA (addr:172.24.0.2 subnqn:nqn.2016-06.io.spdk:cnode1) NSID 1 from core  1:    4771.00      18.64     209.57      48.45    2651.59
 4: RDMA (addr:172.24.0.2 subnqn:nqn.2016-06.io.spdk:cnode1) NSID 1 from core  2:    4771.30      18.64     209.56      47.65    2743.55
17: RDMA (addr:172.24.0.2 subnqn:nqn.2016-06.io.spdk:cnode1) NSID 1 from core  3:    4774.20      18.65     209.43      47.01    2744.58
17: RDMA (addr:172.24.0.2 subnqn:nqn.2016-06.io.spdk:cnode1) NSID 1 from core  4:    4774.10      18.65     209.44      51.05    2599.55
17: RDMA (addr:172.24.0.2 subnqn:nqn.2016-06.io.spdk:cnode1) NSID 1 from core  5:    4776.40      18.66     209.29      34.38    2514.53
17: RDMA (addr:172.24.0.2 subnqn:nqn.2016-06.io.spdk:cnode1) NSID 1 from core  6:    4771.60      18.64     209.55      33.87    3335.35
17: RDMA (addr:172.24.0.2 subnqn:nqn.2016-06.io.spdk:cnode1) NSID 1 from core  7:    4774.40      18.65     209.41      32.92    3934.53
17: RDMA (addr:172.24.0.2 subnqn:nqn.2016-06.io.spdk:cnode1) NSID 1 from core  8:    4778.10      18.66     209.27      40.02    2554.43
17: RDMA (addr:172.24.0.2 subnqn:nqn.2016-06.io.spdk:cnode1) NSID 1 from core  9:    4770.10      18.63     209.60      28.77    2788.81
17: RDMA (addr:172.24.0.2 subnqn:nqn.2016-06.io.spdk:cnode1) NSID 1 from core 10:    4779.80      18.67     209.19      33.13    2649.78
17: RDMA (addr:172.24.0.2 subnqn:nqn.2016-06.io.spdk:cnode1) NSID 1 from core 11:    4774.40      18.65     209.39      39.72    2915.56
17: RDMA (addr:172.24.0.2 subnqn:nqn.2016-06.io.spdk:cnode1) NSID 1 from core 12:    4773.50      18.65     209.47      28.76    2891.12
17: RDMA (addr:172.24.0.2 subnqn:nqn.2016-06.io.spdk:cnode1) NSID 1 from core 13:    4778.00      18.66     209.24      27.54    2664.72
17: RDMA (addr:172.24.0.2 subnqn:nqn.2016-06.io.spdk:cnode1) NSID 1 from core 14:    4773.80      18.65     209.44      40.42    2772.61
17: RDMA (addr:172.24.0.2 subnqn:nqn.2016-06.io.spdk:cnode1) NSID 1 from core 15:    4778.40      18.67     209.23      25.06    2842.05
17: ========================================================
17: Total                                                                       :   76405.20     298.46     209.37      25.06    3948.29
17: 
 4: RDMA (addr:172.24.0.2 subnqn:nqn.2016-06.io.spdk:cnode1) NSID 1 from core  3:    4769.60      18.63     209.60      48.80    2518.51
 4: RDMA (addr:172.24.0.2 subnqn:nqn.2016-06.io.spdk:cnode1) NSID 1 from core  4:    4772.20      18.64     209.52      52.15    2839.95
 4: RDMA (addr:172.24.0.2 subnqn:nqn.2016-06.io.spdk:cnode1) NSID 1 from core  5:    4763.70      18.61     209.88      53.25    2805.72
 4: RDMA (addr:172.24.0.2 subnqn:nqn.2016-06.io.spdk:cnode1) NSID 1 from core  6:    4765.60      18.62     209.82      52.20    2675.93
 4: RDMA (addr:172.24.0.2 subnqn:nqn.2016-06.io.spdk:cnode1) NSID 1 from core  7:    4771.50      18.64     209.51      47.23    2519.19
 4: RDMA (addr:172.24.0.2 subnqn:nqn.2016-06.io.spdk:cnode1) NSID 1 from core  8:    4771.10      18.64     209.57      50.13    2838.58
 4: RDMA (addr:172.24.0.2 subnqn:nqn.2016-06.io.spdk:cnode1) NSID 1 from core  9:    4762.30      18.60     209.93      48.20    2460.86
 4: RDMA (addr:172.24.0.2 subnqn:nqn.2016-06.io.spdk:cnode1) NSID 1 from core 10:    4772.00      18.64     209.53      51.22    2519.54
 4: RDMA (addr:172.24.0.2 subnqn:nqn.2016-06.io.spdk:cnode1) NSID 1 from core 11:    4770.20      18.63     209.60      52.82    2742.94
 4: RDMA (addr:172.24.0.2 subnqn:nqn.2016-06.io.spdk:cnode1) NSID 1 from core 12:    4771.90      18.64     209.54      48.60    2596.63
 4: RDMA (addr:172.24.0.2 subnqn:nqn.2016-06.io.spdk:cnode1) NSID 1 from core 13:    4761.40      18.60     210.00      49.84    3333.66
 4: RDMA (addr:172.24.0.2 subnqn:nqn.2016-06.io.spdk:cnode1) NSID 1 from core 14:    4765.00      18.61     209.84      49.71    2788.21
 4: RDMA (addr:172.24.0.2 subnqn:nqn.2016-06.io.spdk:cnode1) NSID 1 from core 15:    4769.00      18.63     209.64      43.84    2419.49
 4: ========================================================
 4: Total                                                                       :   76288.70     298.00     209.69      43.84    3333.66
 4: 
 2: Initializing NVMe Controllers
 2: Attached to NVMe over Fabrics controller at 172.24.0.2:4420: nqn.2016-06.io.spdk:cnode1
 2: Controller attach time is 19781.492 us (47475580 ticks)
 2: Associating RDMA (addr:172.24.0.2 subnqn:nqn.2016-06.io.spdk:cnode1) NSID 1 with lcore 0
 2: Associating RDMA (addr:172.24.0.2 subnqn:nqn.2016-06.io.spdk:cnode1) NSID 1 with lcore 1
 2: Associating RDMA (addr:172.24.0.2 subnqn:nqn.2016-06.io.spdk:cnode1) NSID 1 with lcore 2
 2: Associating RDMA (addr:172.24.0.2 subnqn:nqn.2016-06.io.spdk:cnode1) NSID 1 with lcore 3
 2: Associating RDMA (addr:172.24.0.2 subnqn:nqn.2016-06.io.spdk:cnode1) NSID 1 with lcore 4
 2: Associating RDMA (addr:172.24.0.2 subnqn:nqn.2016-06.io.spdk:cnode1) NSID 1 with lcore 5
 2: Associating RDMA (addr:172.24.0.2 subnqn:nqn.2016-06.io.spdk:cnode1) NSID 1 with lcore 6
 2: Associating RDMA (addr:172.24.0.2 subnqn:nqn.2016-06.io.spdk:cnode1) NSID 1 with lcore 7
 2: Associating RDMA (addr:172.24.0.2 subnqn:nqn.2016-06.io.spdk:cnode1) NSID 1 with lcore 8
 2: Associating RDMA (addr:172.24.0.2 subnqn:nqn.2016-06.io.spdk:cnode1) NSID 1 with lcore 9
 2: Associating RDMA (addr:172.24.0.2 subnqn:nqn.2016-06.io.spdk:cnode1) NSID 1 with lcore 10
 2: Associating RDMA (addr:172.24.0.2 subnqn:nqn.2016-06.io.spdk:cnode1) NSID 1 with lcore 11
 2: Associating RDMA (addr:172.24.0.2 subnqn:nqn.2016-06.io.spdk:cnode1) NSID 1 with lcore 12
 2: Associating RDMA (addr:172.24.0.2 subnqn:nqn.2016-06.io.spdk:cnode1) NSID 1 with lcore 13
 2: Associating RDMA (addr:172.24.0.2 subnqn:nqn.2016-06.io.spdk:cnode1) NSID 1 with lcore 14
 2: Associating RDMA (addr:172.24.0.2 subnqn:nqn.2016-06.io.spdk:cnode1) NSID 1 with lcore 15
 2: Initialization complete. Launching workers.
 2: IO qp on core 5 total time 17571.930 us (42172632 ticks), connect time 7628.460 us (18308304 ticks)
 2: IO qp on core 1 total time 28431.281 us (68235074 ticks), connect time 17452.691 us (41886459 ticks)
 2: IO qp on core 2 total time 37775.585 us (90661404 ticks), connect time 26804.495 us (64330788 ticks)
 2: IO qp on core 3 total time 47507.953 us (114019088 ticks), connect time 37283.330 us (89479991 ticks)
 2: IO qp on core 4 total time 57023.812 us (136857148 ticks), connect time 46742.060 us (112180945 ticks)
 2: IO qp on core 0 total time 67112.032 us (161068876 ticks), connect time 56501.778 us (135604267 ticks)
 2: IO qp on core 6 total time 77820.179 us (186768430 ticks), connect time 67318.122 us (161563492 ticks)
 2: IO qp on core 13 total time 87022.898 us (208854956 ticks), connect time 76623.630 us (183896711 ticks)
 2: IO qp on core 11 total time 97385.517 us (233725240 ticks), connect time 86949.044 us (208677706 ticks)
 2: IO qp on core 15 total time 107052.275 us (256925461 ticks), connect time 96548.847 us (231717232 ticks)
 2: IO qp on core 14 total time 116971.458 us (280731499 ticks), connect time 104622.712 us (251094508 ticks)
 2: IO qp on core 12 total time 127244.820 us (305387567 ticks), connect time 114893.613 us (275744672 ticks)
 2: IO qp on core 7 total time 136945.029 us (328668070 ticks), connect time 124392.332 us (298541596 ticks)
 2: IO qp on core 10 total time 146881.301 us (352515123 ticks), connect time 134322.691 us (322374459 ticks)
 2: IO qp on core 9 total time 156690.115 us (376056275 ticks), connect time 143956.831 us (345496394 ticks)
 2: IO qp on core 8 total time 166556.290 us (399735096 ticks), connect time 153831.806 us (369196335 ticks)
 2: ========================================================
 2:                                                                                                                 Latency(us)
 2: Device Information                                                          :       IOPS      MiB/s    Average        min        max
 2: RDMA (addr:172.24.0.2 subnqn:nqn.2016-06.io.spdk:cnode1) NSID 1 from core  0:    4762.90      18.61     209.91      54.68    2833.71
 2: RDMA (addr:172.24.0.2 subnqn:nqn.2016-06.io.spdk:cnode1) NSID 1 from core  1:    4765.40      18.61     209.82      55.17    2599.27
 2: RDMA (addr:172.24.0.2 subnqn:nqn.2016-06.io.spdk:cnode1) NSID 1 from core  2:    4758.00      18.59     210.15      53.63    2584.70
 2: RDMA (addr:172.24.0.2 subnqn:nqn.2016-06.io.spdk:cnode1) NSID 1 from core  3:    4759.30      18.59     210.05      53.66    2795.05
 2: RDMA (addr:172.24.0.2 subnqn:nqn.2016-06.io.spdk:cnode1) NSID 1 from core  4:    4762.40      18.60     209.95      54.72    2533.12
 2: RDMA (addr:172.24.0.2 subnqn:nqn.2016-06.io.spdk:cnode1) NSID 1 from core  5:    4764.10      18.61     209.87      53.09    2515.65
 2: RDMA (addr:172.24.0.2 subnqn:nqn.2016-06.io.spdk:cnode1) NSID 1 from core  6:    4762.80      18.60     209.94      54.81    2594.92
 2: RDMA (addr:172.24.0.2 subnqn:nqn.2016-06.io.spdk:cnode1) NSID 1 from core  7:    4760.00      18.59     210.04      51.62    2386.65
 2: RDMA (addr:172.24.0.2 subnqn:nqn.2016-06.io.spdk:cnode1) NSID 1 from core  8:    4755.40      18.58     210.27      34.36    2798.25
 2: RDMA (addr:172.24.0.2 subnqn:nqn.2016-06.io.spdk:cnode1) NSID 1 from core  9:    4758.60      18.59     210.11      40.45    2670.49
 2: RDMA (addr:172.24.0.2 subnqn:nqn.2016-06.io.spdk:cnode1) NSID 1 from core 10:    4764.50      18.61     209.86      48.02    2499.87
 2: RDMA (addr:172.24.0.2 subnqn:nqn.2016-06.io.spdk:cnode1) NSID 1 from core 11:    4760.10      18.59     210.02      58.30    2535.13
 2: RDMA (addr:172.24.0.2 subnqn:nqn.2016-06.io.spdk:cnode1) NSID 1 from core 12:    4761.10      18.60     210.01      58.48    3954.25
 2: RDMA (addr:172.24.0.2 subnqn:nqn.2016-06.io.spdk:cnode1) NSID 1 from core 13:    4755.70      18.58     210.23      60.56    2776.43
 2: RDMA (addr:172.24.0.2 subnqn:nqn.2016-06.io.spdk:cnode1) NSID 1 from core 14:    4756.80      18.58     210.20      61.79    3326.96
 2: RDMA (addr:172.24.0.2 subnqn:nqn.2016-06.io.spdk:cnode1) NSID 1 from core 15:    4763.10      18.61     209.89      54.98    2367.47
 2: ========================================================
 2: Total                                                                       :   76170.20     297.54     210.02      34.36    3954.25
 2: 
18: Initializing NVMe Controllers
18: Attached to NVMe over Fabrics controller at 172.24.0.2:4420: nqn.2016-06.io.spdk:cnode1
18: Controller attach time is 21552.226 us (51725342 ticks)
18: Associating RDMA (addr:172.24.0.2 subnqn:nqn.2016-06.io.spdk:cnode1) NSID 1 with lcore 0
18: Associating RDMA (addr:172.24.0.2 subnqn:nqn.2016-06.io.spdk:cnode1) NSID 1 with lcore 1
18: Associating RDMA (addr:172.24.0.2 subnqn:nqn.2016-06.io.spdk:cnode1) NSID 1 with lcore 2
18: Associating RDMA (addr:172.24.0.2 subnqn:nqn.2016-06.io.spdk:cnode1) NSID 1 with lcore 3
18: Associating RDMA (addr:172.24.0.2 subnqn:nqn.2016-06.io.spdk:cnode1) NSID 1 with lcore 4
18: Associating RDMA (addr:172.24.0.2 subnqn:nqn.2016-06.io.spdk:cnode1) NSID 1 with lcore 5
18: Associating RDMA (addr:172.24.0.2 subnqn:nqn.2016-06.io.spdk:cnode1) NSID 1 with lcore 6
18: Associating RDMA (addr:172.24.0.2 subnqn:nqn.2016-06.io.spdk:cnode1) NSID 1 with lcore 7
18: Associating RDMA (addr:172.24.0.2 subnqn:nqn.2016-06.io.spdk:cnode1) NSID 1 with lcore 8
18: Associating RDMA (addr:172.24.0.2 subnqn:nqn.2016-06.io.spdk:cnode1) NSID 1 with lcore 9
18: Associating RDMA (addr:172.24.0.2 subnqn:nqn.2016-06.io.spdk:cnode1) NSID 1 with lcore 10
18: Associating RDMA (addr:172.24.0.2 subnqn:nqn.2016-06.io.spdk:cnode1) NSID 1 with lcore 11
18: Associating RDMA (addr:172.24.0.2 subnqn:nqn.2016-06.io.spdk:cnode1) NSID 1 with lcore 12
18: Associating RDMA (addr:172.24.0.2 subnqn:nqn.2016-06.io.spdk:cnode1) NSID 1 with lcore 13
18: Associating RDMA (addr:172.24.0.2 subnqn:nqn.2016-06.io.spdk:cnode1) NSID 1 with lcore 14
18: Associating RDMA (addr:172.24.0.2 subnqn:nqn.2016-06.io.spdk:cnode1) NSID 1 with lcore 15
18: Initialization complete. Launching workers.
18: IO qp on core 3 total time 26405.300 us (63372720 ticks), connect time 16485.623 us (39565496 ticks)
18: IO qp on core 11 total time 35922.484 us (86213962 ticks), connect time 26192.459 us (62861902 ticks)
18: IO qp on core 1 total time 45988.269 us (110371846 ticks), connect time 34973.905 us (83937372 ticks)
18: IO qp on core 2 total time 55653.853 us (133569248 ticks), connect time 44448.108 us (106675460 ticks)
18: IO qp on core 6 total time 66318.602 us (159164645 ticks), connect time 55217.312 us (132521549 ticks)
18: IO qp on core 5 total time 75874.034 us (182097681 ticks), connect time 63810.823 us (153145974 ticks)
18: IO qp on core 7 total time 85932.579 us (206238189 ticks), connect time 73194.693 us (175667262 ticks)
18: IO qp on core 8 total time 95659.320 us (229582367 ticks), connect time 82857.345 us (198857627 ticks)
18: IO qp on core 9 total time 105979.454 us (254350690 ticks), connect time 92589.977 us (222215944 ticks)
18: IO qp on core 10 total time 115707.165 us (277697197 ticks), connect time 101949.248 us (244678195 ticks)
18: IO qp on core 12 total time 125033.673 us (300080816 ticks), connect time 111026.516 us (266463638 ticks)
18: IO qp on core 4 total time 135461.375 us (325107300 ticks), connect time 120796.340 us (289911216 ticks)
18: IO qp on core 14 total time 145034.631 us (348083114 ticks), connect time 130729.881 us (313751714 ticks)
18: IO qp on core 0 total time 154817.342 us (371561622 ticks), connect time 139818.239 us (335563773 ticks)
18: IO qp on core 13 total time 164968.668 us (395924802 ticks), connect time 149656.306 us (359175135 ticks)
18: IO qp on core 15 total time 174988.237 us (419971770 ticks), connect time 160387.015 us (384928837 ticks)
18: ========================================================
18:                                                                                                                 Latency(us)
18: Device Information                                                          :       IOPS      MiB/s    Average        min        max
18: RDMA (addr:172.24.0.2 subnqn:nqn.2016-06.io.spdk:cnode1) NSID 1 from core  0:    4754.30      18.57     210.31      40.49    2783.63
18: RDMA (addr:172.24.0.2 subnqn:nqn.2016-06.io.spdk:cnode1) NSID 1 from core  1:    4759.00      18.59     210.10      55.49    2742.18
18: RDMA (addr:172.24.0.2 subnqn:nqn.2016-06.io.spdk:cnode1) NSID 1 from core  2:    4757.40      18.58     210.17      55.79    2519.42
18: RDMA (addr:172.24.0.2 subnqn:nqn.2016-06.io.spdk:cnode1) NSID 1 from core  3:    4753.80      18.57     210.32      55.26    3320.02
18: RDMA (addr:172.24.0.2 subnqn:nqn.2016-06.io.spdk:cnode1) NSID 1 from core  4:    4759.00      18.59     210.11      48.88    2600.06
18: RDMA (addr:172.24.0.2 subnqn:nqn.2016-06.io.spdk:cnode1) NSID 1 from core  5:    4752.70      18.57     210.35      52.36    3939.56
18: RDMA (addr:172.24.0.2 subnqn:nqn.2016-06.io.spdk:cnode1) NSID 1 from core  6:    4754.60      18.57     210.30      54.71    3328.82
18: RDMA (addr:172.24.0.2 subnqn:nqn.2016-06.io.spdk:cnode1) NSID 1 from core  7:    4759.00      18.59     210.09      54.62    2831.82
18: RDMA (addr:172.24.0.2 subnqn:nqn.2016-06.io.spdk:cnode1) NSID 1 from core  8:    4758.60      18.59     210.12      54.61    2615.92
18: RDMA (addr:172.24.0.2 subnqn:nqn.2016-06.io.spdk:cnode1) NSID 1 from core  9:    4753.40      18.57     210.32      54.19    2787.96
18: RDMA (addr:172.24.0.2 subnqn:nqn.2016-06.io.spdk:cnode1) NSID 1 from core 10:    4754.40      18.57     210.31      55.35    2742.88
18: RDMA (addr:172.24.0.2 subnqn:nqn.2016-06.io.spdk:cnode1) NSID 1 from core 11:    4755.50      18.58     210.25      55.78    2795.26
18: RDMA (addr:172.24.0.2 subnqn:nqn.2016-06.io.spdk:cnode1) NSID 1 from core 12:    4759.60      18.59     210.08      44.13    2840.63
18: RDMA (addr:172.24.0.2 subnqn:nqn.2016-06.io.spdk:cnode1) NSID 1 from core 13:    4756.80      18.58     210.17      24.71    2494.33
18: RDMA (addr:172.24.0.2 subnqn:nqn.2016-06.io.spdk:cnode1) NSID 1 from core 14:    4752.40      18.56     210.40      35.86    3226.03
18: RDMA (addr:172.24.0.2 subnqn:nqn.2016-06.io.spdk:cnode1) NSID 1 from core 15:    4759.00      18.59     210.08      28.36    2841.02
18: ========================================================
18: Total                                                                       :   76099.50     297.26     210.22      24.71    3939.56
18: 
10: Initializing NVMe Controllers
10: Attached to NVMe over Fabrics controller at 172.24.0.2:4420: nqn.2016-06.io.spdk:cnode1
10: Controller attach time is 20190.272 us (48456654 ticks)
10: Associating RDMA (addr:172.24.0.2 subnqn:nqn.2016-06.io.spdk:cnode1) NSID 1 with lcore 0
10: Associating RDMA (addr:172.24.0.2 subnqn:nqn.2016-06.io.spdk:cnode1) NSID 1 with lcore 1
10: Associating RDMA (addr:172.24.0.2 subnqn:nqn.2016-06.io.spdk:cnode1) NSID 1 with lcore 2
10: Associating RDMA (addr:172.24.0.2 subnqn:nqn.2016-06.io.spdk:cnode1) NSID 1 with lcore 3
10: Associating RDMA (addr:172.24.0.2 subnqn:nqn.2016-06.io.spdk:cnode1) NSID 1 with lcore 4
10: Associating RDMA (addr:172.24.0.2 subnqn:nqn.2016-06.io.spdk:cnode1) NSID 1 with lcore 5
10: Associating RDMA (addr:172.24.0.2 subnqn:nqn.2016-06.io.spdk:cnode1) NSID 1 with lcore 6
10: Associating RDMA (addr:172.24.0.2 subnqn:nqn.2016-06.io.spdk:cnode1) NSID 1 with lcore 7
10: Associating RDMA (addr:172.24.0.2 subnqn:nqn.2016-06.io.spdk:cnode1) NSID 1 with lcore 8
10: Associating RDMA (addr:172.24.0.2 subnqn:nqn.2016-06.io.spdk:cnode1) NSID 1 with lcore 9
10: Associating RDMA (addr:172.24.0.2 subnqn:nqn.2016-06.io.spdk:cnode1) NSID 1 with lcore 10
10: Associating RDMA (addr:172.24.0.2 subnqn:nqn.2016-06.io.spdk:cnode1) NSID 1 with lcore 11
10: Associating RDMA (addr:172.24.0.2 subnqn:nqn.2016-06.io.spdk:cnode1) NSID 1 with lcore 12
10: Associating RDMA (addr:172.24.0.2 subnqn:nqn.2016-06.io.spdk:cnode1) NSID 1 with lcore 13
10: Associating RDMA (addr:172.24.0.2 subnqn:nqn.2016-06.io.spdk:cnode1) NSID 1 with lcore 14
10: Associating RDMA (addr:172.24.0.2 subnqn:nqn.2016-06.io.spdk:cnode1) NSID 1 with lcore 15
10: Initialization complete. Launching workers.
10: IO qp on core 2 total time 18269.327 us (43846386 ticks), connect time 8135.011 us (19524027 ticks)
10: IO qp on core 1 total time 27125.628 us (65101508 ticks), connect time 16892.752 us (40542605 ticks)
10: IO qp on core 3 total time 37722.930 us (90535032 ticks), connect time 27453.512 us (65888428 ticks)
10: IO qp on core 4 total time 47067.811 us (112962746 ticks), connect time 36688.440 us (88052255 ticks)
10: IO qp on core 5 total time 57446.333 us (137871199 ticks), connect time 47118.110 us (113083465 ticks)
10: IO qp on core 6 total time 67555.817 us (162133961 ticks), connect time 56692.513 us (136062032 ticks)
10: IO qp on core 0 total time 76649.643 us (183959144 ticks), connect time 66081.300 us (158595119 ticks)
10: IO qp on core 7 total time 86536.071 us (207686571 ticks), connect time 76221.426 us (182931423 ticks)
10: IO qp on core 9 total time 96482.814 us (231558753 ticks), connect time 86235.962 us (206966310 ticks)
10: IO qp on core 11 total time 106451.594 us (255483826 ticks), connect time 96179.413 us (230830591 ticks)
10: IO qp on core 15 total time 116310.826 us (279145982 ticks), connect time 105298.410 us (252716183 ticks)
10: IO qp on core 13 total time 126556.090 us (303734616 ticks), connect time 115307.689 us (276738453 ticks)
10: IO qp on core 8 total time 136329.367 us (327190480 ticks), connect time 124543.480 us (298904351 ticks)
10: IO qp on core 10 total time 146082.922 us (350599012 ticks), connect time 134293.838 us (322305212 ticks)
10: IO qp on core 14 total time 155698.275 us (373675860 ticks), connect time 143750.302 us (345000724 ticks)
10: IO qp on core 12 total time 166857.409 us (400457782 ticks), connect time 154869.782 us (371687476 ticks)
10: ========================================================
10:                                                                                                                 Latency(us)
10: Device Information                                                          :       IOPS      MiB/s    Average        min        max
10: RDMA (addr:172.24.0.2 subnqn:nqn.2016-06.io.spdk:cnode1) NSID 1 from core  0:    4759.30      18.59     210.08      39.51    2840.95
10: RDMA (addr:172.24.0.2 subnqn:nqn.2016-06.io.spdk:cnode1) NSID 1 from core  1:    4760.20      18.59     210.02      35.28    2387.99
10: RDMA (addr:172.24.0.2 subnqn:nqn.2016-06.io.spdk:cnode1) NSID 1 from core  2:    4758.00      18.59     210.15      55.25    2676.14
 1: Initializing NVMe Controllers
 1: Attached to NVMe over Fabrics controller at 172.24.0.2:4420: nqn.2016-06.io.spdk:cnode1
 1: Controller attach time is 21190.464 us (50857114 ticks)
 1: Associating RDMA (addr:172.24.0.2 subnqn:nqn.2016-06.io.spdk:cnode1) NSID 1 with lcore 0
 1: Associating RDMA (addr:172.24.0.2 subnqn:nqn.2016-06.io.spdk:cnode1) NSID 1 with lcore 1
 1: Associating RDMA (addr:172.24.0.2 subnqn:nqn.2016-06.io.spdk:cnode1) NSID 1 with lcore 2
 1: Associating RDMA (addr:172.24.0.2 subnqn:nqn.2016-06.io.spdk:cnode1) NSID 1 with lcore 3
 1: Associating RDMA (addr:172.24.0.2 subnqn:nqn.2016-06.io.spdk:cnode1) NSID 1 with lcore 4
 1: Associating RDMA (addr:172.24.0.2 subnqn:nqn.2016-06.io.spdk:cnode1) NSID 1 with lcore 5
 1: Associating RDMA (addr:172.24.0.2 subnqn:nqn.2016-06.io.spdk:cnode1) NSID 1 with lcore 6
 1: Associating RDMA (addr:172.24.0.2 subnqn:nqn.2016-06.io.spdk:cnode1) NSID 1 with lcore 7
 1: Associating RDMA (addr:172.24.0.2 subnqn:nqn.2016-06.io.spdk:cnode1) NSID 1 with lcore 8
 1: Associating RDMA (addr:172.24.0.2 subnqn:nqn.2016-06.io.spdk:cnode1) NSID 1 with lcore 9
 1: Associating RDMA (addr:172.24.0.2 subnqn:nqn.2016-06.io.spdk:cnode1) NSID 1 with lcore 10
 1: Associating RDMA (addr:172.24.0.2 subnqn:nqn.2016-06.io.spdk:cnode1) NSID 1 with lcore 11
 1: Associating RDMA (addr:172.24.0.2 subnqn:nqn.2016-06.io.spdk:cnode1) NSID 1 with lcore 12
 1: Associating RDMA (addr:172.24.0.2 subnqn:nqn.2016-06.io.spdk:cnode1) NSID 1 with lcore 13
 1: Associating RDMA (addr:172.24.0.2 subnqn:nqn.2016-06.io.spdk:cnode1) NSID 1 with lcore 14
 1: Associating RDMA (addr:172.24.0.2 subnqn:nqn.2016-06.io.spdk:cnode1) NSID 1 with lcore 15
 1: Initialization complete. Launching workers.
 1: IO qp on core 3 total time 27756.966 us (66616719 ticks), connect time 17455.069 us (41892165 ticks)
 1: IO qp on core 0 total time 35375.878 us (84902108 ticks), connect time 25422.813 us (61014752 ticks)
 1: IO qp on core 4 total time 45608.443 us (109460264 ticks), connect time 35909.172 us (86182013 ticks)
 1: IO qp on core 1 total time 56161.730 us (134788152 ticks), connect time 45426.784 us (109024282 ticks)
 1: IO qp on core 2 total time 66701.296 us (160083110 ticks), connect time 55997.022 us (134392853 ticks)
 1: IO qp on core 6 total time 75893.352 us (182144044 ticks), connect time 66031.374 us (158475298 ticks)
 1: IO qp on core 5 total time 85357.450 us (204857879 ticks), connect time 75363.390 us (180872135 ticks)
 1: IO qp on core 13 total time 95198.677 us (228476824 ticks), connect time 85325.082 us (204780196 ticks)
 1: IO qp on core 15 total time 104828.973 us (251589536 ticks), connect time 94819.133 us (227565920 ticks)
 1: IO qp on core 11 total time 115160.121 us (276384290 ticks), connect time 104971.866 us (251932478 ticks)
 1: IO qp on core 8 total time 125312.241 us (300749378 ticks), connect time 115120.995 us (276290387 ticks)
 1: IO qp on core 9 total time 135654.345 us (325570427 ticks), connect time 125275.105 us (300660251 ticks)
 1: IO qp on core 12 total time 145448.434 us (349076242 ticks), connect time 134737.872 us (323370892 ticks)
 1: IO qp on core 14 total time 154881.026 us (371714462 ticks), connect time 141955.047 us (340692113 ticks)
 1: IO qp on core 10 total time 164960.302 us (395904724 ticks), connect time 152031.762 us (364876228 ticks)
 1: IO qp on core 7 total time 175974.694 us (422339265 ticks), connect time 162893.388 us (390944130 ticks)
 1: ========================================================
 1:                                                                                                                 Latency(us)
 1: Device Information                                                          :       IOPS      MiB/s    Average        min        max
 1: RDMA (addr:172.24.0.2 subnqn:nqn.2016-06.io.spdk:cnode1) NSID 1 from core  0:    4759.10      18.59     210.10      36.54    2765.93
 1: RDMA (addr:172.24.0.2 subnqn:nqn.2016-06.io.spdk:cnode1) NSID 1 from core  1:    4760.20      18.59     210.04      51.84    2418.48
 1: RDMA (addr:172.24.0.2 subnqn:nqn.2016-06.io.spdk:cnode1) NSID 1 from core  2:    4757.80      18.59     210.16      50.49    2648.72
10: RDMA (addr:172.24.0.2 subnqn:nqn.2016-06.io.spdk:cnode1) NSID 1 from core  3:    4758.10      18.59     210.14      52.37    2747.46
10: RDMA (addr:172.24.0.2 subnqn:nqn.2016-06.io.spdk:cnode1) NSID 1 from core  4:    4763.20      18.61     209.90      51.07    2615.26
10: RDMA (addr:172.24.0.2 subnqn:nqn.2016-06.io.spdk:cnode1) NSID 1 from core  5:    4758.30      18.59     210.12      50.17    2456.47
10: RDMA (addr:172.24.0.2 subnqn:nqn.2016-06.io.spdk:cnode1) NSID 1 from core  6:    4756.10      18.58     210.23      50.78    2743.37
10: RDMA (addr:172.24.0.2 subnqn:nqn.2016-06.io.spdk:cnode1) NSID 1 from core  7:    4757.60      18.58     210.15      45.00    2914.84
10: RDMA (addr:172.24.0.2 subnqn:nqn.2016-06.io.spdk:cnode1) NSID 1 from core  8:    4756.90      18.58     210.20      31.48    2494.23
10: RDMA (addr:172.24.0.2 subnqn:nqn.2016-06.io.spdk:cnode1) NSID 1 from core  9:    4750.80      18.56     210.43      33.17    2898.12
10: RDMA (addr:172.24.0.2 subnqn:nqn.2016-06.io.spdk:cnode1) NSID 1 from core 10:    4756.20      18.58     210.23      38.90    3225.20
10: RDMA (addr:172.24.0.2 subnqn:nqn.2016-06.io.spdk:cnode1) NSID 1 from core 11:    4754.00      18.57     210.30      36.97    2677.54
10: RDMA (addr:172.24.0.2 subnqn:nqn.2016-06.io.spdk:cnode1) NSID 1 from core 12:    4759.90      18.59     210.07      38.83    2253.90
10: RDMA (addr:172.24.0.2 subnqn:nqn.2016-06.io.spdk:cnode1) NSID 1 from core 13:    4758.70      18.59     210.10      31.26    2495.99
10: RDMA (addr:172.24.0.2 subnqn:nqn.2016-06.io.spdk:cnode1) NSID 1 from core 14:    4757.40      18.58     210.17      34.55    2604.88
10: RDMA (addr:172.24.0.2 subnqn:nqn.2016-06.io.spdk:cnode1) NSID 1 from core 15:    4759.40      18.59     210.06      31.50    2398.02
10: ========================================================
10: Total                                                                       :   76124.10     297.36     210.15      31.26    3225.20
10: 
 1: RDMA (addr:172.24.0.2 subnqn:nqn.2016-06.io.spdk:cnode1) NSID 1 from core  3:    4759.80      18.59     210.06      34.67    2517.35
 1: RDMA (addr:172.24.0.2 subnqn:nqn.2016-06.io.spdk:cnode1) NSID 1 from core  4:    4756.20      18.58     210.22      52.20    2760.69
 1: RDMA (addr:172.24.0.2 subnqn:nqn.2016-06.io.spdk:cnode1) NSID 1 from core  5:    4759.80      18.59     210.05      40.52    2512.99
 1: RDMA (addr:172.24.0.2 subnqn:nqn.2016-06.io.spdk:cnode1) NSID 1 from core  6:    4758.40      18.59     210.13      31.97    2744.62
 1: RDMA (addr:172.24.0.2 subnqn:nqn.2016-06.io.spdk:cnode1) NSID 1 from core  7:    4755.00      18.57     210.28      31.68    2604.27
 1: RDMA (addr:172.24.0.2 subnqn:nqn.2016-06.io.spdk:cnode1) NSID 1 from core  8:    4754.80      18.57     210.29      53.09    2581.66
 1: RDMA (addr:172.24.0.2 subnqn:nqn.2016-06.io.spdk:cnode1) NSID 1 from core  9:    4754.60      18.57     210.27      43.85    2840.72
 1: RDMA (addr:172.24.0.2 subnqn:nqn.2016-06.io.spdk:cnode1) NSID 1 from core 10:    4756.50      18.58     210.22      47.77    2676.00
 1: RDMA (addr:172.24.0.2 subnqn:nqn.2016-06.io.spdk:cnode1) NSID 1 from core 11:    4759.20      18.59     210.08      34.03    2382.44
 1: RDMA (addr:172.24.0.2 subnqn:nqn.2016-06.io.spdk:cnode1) NSID 1 from core 12:    4757.40      18.58     210.18      36.42    2910.40
 1: RDMA (addr:172.24.0.2 subnqn:nqn.2016-06.io.spdk:cnode1) NSID 1 from core 13:    4761.60      18.60     209.95      47.75    2600.37
 1: RDMA (addr:172.24.0.2 subnqn:nqn.2016-06.io.spdk:cnode1) NSID 1 from core 14:    4762.20      18.60     209.96      38.72    2454.90
 1: RDMA (addr:172.24.0.2 subnqn:nqn.2016-06.io.spdk:cnode1) NSID 1 from core 15:    4756.20      18.58     210.20      31.91    2458.36
 1: ========================================================
 1: Total                                                                       :   76128.80     297.38     210.14      31.68    2910.40
 1: 
 8: Initializing NVMe Controllers
 8: Attached to NVMe over Fabrics controller at 172.24.0.2:4420: nqn.2016-06.io.spdk:cnode1
 8: Controller attach time is 21267.618 us (51042282 ticks)
 8: Associating RDMA (addr:172.24.0.2 subnqn:nqn.2016-06.io.spdk:cnode1) NSID 1 with lcore 0
 8: Associating RDMA (addr:172.24.0.2 subnqn:nqn.2016-06.io.spdk:cnode1) NSID 1 with lcore 1
 8: Associating RDMA (addr:172.24.0.2 subnqn:nqn.2016-06.io.spdk:cnode1) NSID 1 with lcore 2
 8: Associating RDMA (addr:172.24.0.2 subnqn:nqn.2016-06.io.spdk:cnode1) NSID 1 with lcore 3
 8: Associating RDMA (addr:172.24.0.2 subnqn:nqn.2016-06.io.spdk:cnode1) NSID 1 with lcore 4
 8: Associating RDMA (addr:172.24.0.2 subnqn:nqn.2016-06.io.spdk:cnode1) NSID 1 with lcore 5
 8: Associating RDMA (addr:172.24.0.2 subnqn:nqn.2016-06.io.spdk:cnode1) NSID 1 with lcore 6
 8: Associating RDMA (addr:172.24.0.2 subnqn:nqn.2016-06.io.spdk:cnode1) NSID 1 with lcore 7
 8: Associating RDMA (addr:172.24.0.2 subnqn:nqn.2016-06.io.spdk:cnode1) NSID 1 with lcore 8
 8: Associating RDMA (addr:172.24.0.2 subnqn:nqn.2016-06.io.spdk:cnode1) NSID 1 with lcore 9
 8: Associating RDMA (addr:172.24.0.2 subnqn:nqn.2016-06.io.spdk:cnode1) NSID 1 with lcore 10
 8: Associating RDMA (addr:172.24.0.2 subnqn:nqn.2016-06.io.spdk:cnode1) NSID 1 with lcore 11
 8: Associating RDMA (addr:172.24.0.2 subnqn:nqn.2016-06.io.spdk:cnode1) NSID 1 with lcore 12
 8: Associating RDMA (addr:172.24.0.2 subnqn:nqn.2016-06.io.spdk:cnode1) NSID 1 with lcore 13
 8: Associating RDMA (addr:172.24.0.2 subnqn:nqn.2016-06.io.spdk:cnode1) NSID 1 with lcore 14
 8: Associating RDMA (addr:172.24.0.2 subnqn:nqn.2016-06.io.spdk:cnode1) NSID 1 with lcore 15
 8: Initialization complete. Launching workers.
 8: IO qp on core 3 total time 26905.514 us (64573234 ticks), connect time 16296.197 us (39110872 ticks)
 8: IO qp on core 2 total time 35899.317 us (86158360 ticks), connect time 25273.679 us (60656830 ticks)
 8: IO qp on core 4 total time 45763.939 us (109833453 ticks), connect time 35158.540 us (84380496 ticks)
 8: IO qp on core 6 total time 56015.470 us (134437127 ticks), connect time 45284.468 us (108682724 ticks)
 8: IO qp on core 7 total time 65458.115 us (157099475 ticks), connect time 55555.707 us (133333697 ticks)
 8: IO qp on core 1 total time 76267.380 us (183041712 ticks), connect time 65317.739 us (156762574 ticks)
 8: IO qp on core 0 total time 85800.932 us (205922236 ticks), connect time 75286.935 us (180688645 ticks)
 8: IO qp on core 5 total time 95875.677 us (230101624 ticks), connect time 84891.758 us (203740220 ticks)
 8: IO qp on core 12 total time 105779.435 us (253870643 ticks), connect time 95760.200 us (229824479 ticks)
 8: IO qp on core 9 total time 114939.134 us (275853922 ticks), connect time 104851.005 us (251642413 ticks)
 8: IO qp on core 11 total time 125406.185 us (300974845 ticks), connect time 113900.470 us (273361129 ticks)
 8: IO qp on core 13 total time 135096.532 us (324231676 ticks), connect time 123391.030 us (296138473 ticks)
 8: IO qp on core 8 total time 144943.672 us (347864812 ticks), connect time 133174.912 us (319619788 ticks)
 8: IO qp on core 14 total time 155209.110 us (372501864 ticks), connect time 143434.240 us (344242176 ticks)
 8: IO qp on core 15 total time 165516.710 us (397240104 ticks), connect time 153283.781 us (367881075 ticks)
 8: IO qp on core 10 total time 174721.170 us (419330808 ticks), connect time 162454.046 us (389889711 ticks)
 8: ========================================================
 8:                                                                                                                 Latency(us)
 8: Device Information                                                          :       IOPS      MiB/s    Average        min        max
 8: RDMA (addr:172.24.0.2 subnqn:nqn.2016-06.io.spdk:cnode1) NSID 1 from core  0:    4790.40      18.71     208.70      16.30    2453.85
 8: RDMA (addr:172.24.0.2 subnqn:nqn.2016-06.io.spdk:cnode1) NSID 1 from core  1:    4796.70      18.74     208.43      21.17    2493.89
 8: RDMA (addr:172.24.0.2 subnqn:nqn.2016-06.io.spdk:cnode1) NSID 1 from core  2:    4797.60      18.74     208.42      15.95    3753.26
 8: RDMA (addr:172.24.0.2 subnqn:nqn.2016-06.io.spdk:cnode1) NSID 1 from core  3:    4801.30      18.76     208.25      19.04    2522.49
 8: RDMA (addr:172.24.0.2 subnqn:nqn.2016-06.io.spdk:cnode1) NSID 1 from core  4:    4787.70      18.70     208.84      17.54    3271.76
 8: RDMA (addr:172.24.0.2 subnqn:nqn.2016-06.io.spdk:cnode1) NSID 1 from core  5:    4795.20      18.73     208.50      20.14    2917.29
 8: RDMA (addr:172.24.0.2 subnqn:nqn.2016-06.io.spdk:cnode1) NSID 1 from core  6:    4789.50      18.71     208.74      17.54    2708.47
 8: RDMA (addr:172.24.0.2 subnqn:nqn.2016-06.io.spdk:cnode1) NSID 1 from core  7:    4793.30      18.72     208.58      19.59    3336.82
 8: RDMA (addr:172.24.0.2 subnqn:nqn.2016-06.io.spdk:cnode1) NSID 1 from core  8:    4790.00      18.71     208.74      22.63    2431.56
 8: RDMA (addr:172.24.0.2 subnqn:nqn.2016-06.io.spdk:cnode1) NSID 1 from core  9:    4788.30      18.70     208.81      25.79    2698.03
 8: RDMA (addr:172.24.0.2 subnqn:nqn.2016-06.io.spdk:cnode1) NSID 1 from core 10:    4788.90      18.71     208.79      20.69    2779.33
 8: RDMA (addr:172.24.0.2 subnqn:nqn.2016-06.io.spdk:cnode1) NSID 1 from core 11:    4786.60      18.70     208.86      28.30    2703.47
 8: RDMA (addr:172.24.0.2 subnqn:nqn.2016-06.io.spdk:cnode1) NSID 1 from core 12:    4787.30      18.70     208.86      21.70    3262.69
 8: RDMA (addr:172.24.0.2 subnqn:nqn.2016-06.io.spdk:cnode1) NSID 1 from core 13:    4791.70      18.72     208.64      22.16    3334.36
 8: RDMA (addr:172.24.0.2 subnqn:nqn.2016-06.io.spdk:cnode1) NSID 1 from core 14:    4780.10      18.67     209.17      28.74    3055.66
 8: RDMA (addr:172.24.0.2 subnqn:nqn.2016-06.io.spdk:cnode1) NSID 1 from core 15:    4779.00      18.67     209.19      28.57    2708.60
 8: ========================================================
 8: Total                                                                       :   76643.60     299.39     208.72      15.95    3753.26
 8: 
 9: Initializing NVMe Controllers
 9: Attached to NVMe over Fabrics controller at 172.24.0.2:4420: nqn.2016-06.io.spdk:cnode1
 9: Controller attach time is 22795.540 us (54709296 ticks)
 9: Associating RDMA (addr:172.24.0.2 subnqn:nqn.2016-06.io.spdk:cnode1) NSID 1 with lcore 0
 9: Associating RDMA (addr:172.24.0.2 subnqn:nqn.2016-06.io.spdk:cnode1) NSID 1 with lcore 1
 9: Associating RDMA (addr:172.24.0.2 subnqn:nqn.2016-06.io.spdk:cnode1) NSID 1 with lcore 2
 9: Associating RDMA (addr:172.24.0.2 subnqn:nqn.2016-06.io.spdk:cnode1) NSID 1 with lcore 3
 9: Associating RDMA (addr:172.24.0.2 subnqn:nqn.2016-06.io.spdk:cnode1) NSID 1 with lcore 4
 9: Associating RDMA (addr:172.24.0.2 subnqn:nqn.2016-06.io.spdk:cnode1) NSID 1 with lcore 5
 9: Associating RDMA (addr:172.24.0.2 subnqn:nqn.2016-06.io.spdk:cnode1) NSID 1 with lcore 6
 9: Associating RDMA (addr:172.24.0.2 subnqn:nqn.2016-06.io.spdk:cnode1) NSID 1 with lcore 7
 9: Associating RDMA (addr:172.24.0.2 subnqn:nqn.2016-06.io.spdk:cnode1) NSID 1 with lcore 8
 9: Associating RDMA (addr:172.24.0.2 subnqn:nqn.2016-06.io.spdk:cnode1) NSID 1 with lcore 9
 9: Associating RDMA (addr:172.24.0.2 subnqn:nqn.2016-06.io.spdk:cnode1) NSID 1 with lcore 10
 9: Associating RDMA (addr:172.24.0.2 subnqn:nqn.2016-06.io.spdk:cnode1) NSID 1 with lcore 11
 9: Associating RDMA (addr:172.24.0.2 subnqn:nqn.2016-06.io.spdk:cnode1) NSID 1 with lcore 12
 9: Associating RDMA (addr:172.24.0.2 subnqn:nqn.2016-06.io.spdk:cnode1) NSID 1 with lcore 13
 9: Associating RDMA (addr:172.24.0.2 subnqn:nqn.2016-06.io.spdk:cnode1) NSID 1 with lcore 14
 9: Associating RDMA (addr:172.24.0.2 subnqn:nqn.2016-06.io.spdk:cnode1) NSID 1 with lcore 15
 9: Initialization complete. Launching workers.
 9: IO qp on core 2 total time 24597.446 us (59033871 ticks), connect time 14672.388 us (35213730 ticks)
 9: IO qp on core 1 total time 35328.286 us (84787886 ticks), connect time 25287.616 us (60690279 ticks)
 9: IO qp on core 3 total time 43265.615 us (103837477 ticks), connect time 34129.472 us (81910732 ticks)
 9: IO qp on core 0 total time 53789.136 us (129093927 ticks), connect time 43986.640 us (105567936 ticks)
 9: IO qp on core 4 total time 63413.479 us (152192349 ticks), connect time 53856.001 us (129254403 ticks)
 9: IO qp on core 6 total time 73130.156 us (175512374 ticks), connect time 63251.127 us (151802705 ticks)
 9: IO qp on core 5 total time 83533.062 us (200479350 ticks), connect time 73417.509 us (176202021 ticks)
 9: IO qp on core 7 total time 93611.827 us (224668386 ticks), connect time 83480.971 us (200354331 ticks)
 9: IO qp on core 11 total time 103604.872 us (248651694 ticks), connect time 93054.247 us (223330194 ticks)
 9: IO qp on core 13 total time 113556.355 us (272535252 ticks), connect time 102276.931 us (245464635 ticks)
 9: IO qp on core 12 total time 123542.998 us (296503196 ticks), connect time 112060.972 us (268946333 ticks)
 9: IO qp on core 9 total time 133871.753 us (321292207 ticks), connect time 121862.463 us (292469911 ticks)
 9: IO qp on core 10 total time 143386.175 us (344126820 ticks), connect time 131092.534 us (314622081 ticks)
 9: IO qp on core 15 total time 154028.315 us (369667956 ticks), connect time 141615.781 us (339877875 ticks)
 9: IO qp on core 14 total time 163788.808 us (393093140 ticks), connect time 151256.442 us (363015461 ticks)
 9: IO qp on core 8 total time 173524.178 us (416458028 ticks), connect time 160888.261 us (386131826 ticks)
 9: ========================================================
 9:                                                                                                                 Latency(us)
 9: Device Information                                                          :       IOPS      MiB/s    Average        min        max
 9: RDMA (addr:172.24.0.2 subnqn:nqn.2016-06.io.spdk:cnode1) NSID 1 from core  0:    4840.30      18.91     206.55      24.07    2864.31
 9: RDMA (addr:172.24.0.2 subnqn:nqn.2016-06.io.spdk:cnode1) NSID 1 from core  1:    4839.20      18.90     206.62      15.49    2686.03
 9: RDMA (addr:172.24.0.2 subnqn:nqn.2016-06.io.spdk:cnode1) NSID 1 from core  2:    4848.10      18.94     206.24      20.01    3476.03
 9: RDMA (addr:172.24.0.2 subnqn:nqn.2016-06.io.spdk:cnode1) NSID 1 from core  3:    4836.20      18.89     206.72      18.21    3992.91
 9: RDMA (addr:172.24.0.2 subnqn:nqn.2016-06.io.spdk:cnode1) NSID 1 from core  4:    4830.60      18.87     206.98      21.74    3181.21
 9: RDMA (addr:172.24.0.2 subnqn:nqn.2016-06.io.spdk:cnode1) NSID 1 from core  5:    4839.10      18.90     206.59      15.05    2626.11
 9: RDMA (addr:172.24.0.2 subnqn:nqn.2016-06.io.spdk:cnode1) NSID 1 from core  6:    4844.90      18.93     206.38      21.23    3572.22
 9: RDMA (addr:172.24.0.2 subnqn:nqn.2016-06.io.spdk:cnode1) NSID 1 from core  7:    4826.00      18.85     207.15      30.52    3250.10
 9: RDMA (addr:172.24.0.2 subnqn:nqn.2016-06.io.spdk:cnode1) NSID 1 from core  8:    4845.20      18.93     206.37      19.92    2900.61
 9: RDMA (addr:172.24.0.2 subnqn:nqn.2016-06.io.spdk:cnode1) NSID 1 from core  9:    4843.00      18.92     206.45      22.41    3556.80
 9: RDMA (addr:172.24.0.2 subnqn:nqn.2016-06.io.spdk:cnode1) NSID 1 from core 10:    4836.30      18.89     206.75      27.12    3582.42
 9: RDMA (addr:172.24.0.2 subnqn:nqn.2016-06.io.spdk:cnode1) NSID 1 from core 11:    4838.10      18.90     206.65      13.37    2826.56
 9: RDMA (addr:172.24.0.2 subnqn:nqn.2016-06.io.spdk:cnode1) NSID 1 from core 12:    4833.80      18.88     206.85      21.67    3487.89
 9: RDMA (addr:172.24.0.2 subnqn:nqn.2016-06.io.spdk:cnode1) NSID 1 from core 13:    4840.10      18.91     206.57      21.42    2686.61
 9: RDMA (addr:172.24.0.2 subnqn:nqn.2016-06.io.spdk:cnode1) NSID 1 from core 14:    4838.40      18.90     206.65      22.15    3816.07
 9: RDMA (addr:172.24.0.2 subnqn:nqn.2016-06.io.spdk:cnode1) NSID 1 from core 15:    4830.40      18.87     206.98      21.78    3995.99
 9: ========================================================
 9: Total                                                                       :   77409.70     302.38     206.66      13.37    3995.99
 9: 
11: Initializing NVMe Controllers
11: Attached to NVMe over Fabrics controller at 172.24.0.2:4420: nqn.2016-06.io.spdk:cnode1
11: Controller attach time is 22576.198 us (54182876 ticks)
11: Associating RDMA (addr:172.24.0.2 subnqn:nqn.2016-06.io.spdk:cnode1) NSID 1 with lcore 0
11: Associating RDMA (addr:172.24.0.2 subnqn:nqn.2016-06.io.spdk:cnode1) NSID 1 with lcore 1
11: Associating RDMA (addr:172.24.0.2 subnqn:nqn.2016-06.io.spdk:cnode1) NSID 1 with lcore 2
11: Associating RDMA (addr:172.24.0.2 subnqn:nqn.2016-06.io.spdk:cnode1) NSID 1 with lcore 3
11: Associating RDMA (addr:172.24.0.2 subnqn:nqn.2016-06.io.spdk:cnode1) NSID 1 with lcore 4
11: Associating RDMA (addr:172.24.0.2 subnqn:nqn.2016-06.io.spdk:cnode1) NSID 1 with lcore 5
11: Associating RDMA (addr:172.24.0.2 subnqn:nqn.2016-06.io.spdk:cnode1) NSID 1 with lcore 6
11: Associating RDMA (addr:172.24.0.2 subnqn:nqn.2016-06.io.spdk:cnode1) NSID 1 with lcore 7
11: Associating RDMA (addr:172.24.0.2 subnqn:nqn.2016-06.io.spdk:cnode1) NSID 1 with lcore 8
11: Associating RDMA (addr:172.24.0.2 subnqn:nqn.2016-06.io.spdk:cnode1) NSID 1 with lcore 9
11: Associating RDMA (addr:172.24.0.2 subnqn:nqn.2016-06.io.spdk:cnode1) NSID 1 with lcore 10
11: Associating RDMA (addr:172.24.0.2 subnqn:nqn.2016-06.io.spdk:cnode1) NSID 1 with lcore 11
11: Associating RDMA (addr:172.24.0.2 subnqn:nqn.2016-06.io.spdk:cnode1) NSID 1 with lcore 12
11: Associating RDMA (addr:172.24.0.2 subnqn:nqn.2016-06.io.spdk:cnode1) NSID 1 with lcore 13
11: Associating RDMA (addr:172.24.0.2 subnqn:nqn.2016-06.io.spdk:cnode1) NSID 1 with lcore 14
11: Associating RDMA (addr:172.24.0.2 subnqn:nqn.2016-06.io.spdk:cnode1) NSID 1 with lcore 15
11: Initialization complete. Launching workers.
11: IO qp on core 2 total time 25547.691 us (61314458 ticks), connect time 16213.785 us (38913084 ticks)
11: IO qp on core 1 total time 34435.659 us (82645581 ticks), connect time 24697.039 us (59272893 ticks)
11: IO qp on core 4 total time 44724.800 us (107339519 ticks), connect time 34899.611 us (83759066 ticks)
11: IO qp on core 3 total time 54592.887 us (131022930 ticks), connect time 44350.519 us (106441245 ticks)
11: IO qp on core 5 total time 63487.109 us (152369061 ticks), connect time 53379.311 us (128110347 ticks)
11: IO qp on core 6 total time 73361.519 us (176067646 ticks), connect time 63255.303 us (151812728 ticks)
11: IO qp on core 0 total time 83942.950 us (201463080 ticks), connect time 73164.240 us (175594177 ticks)
11: IO qp on core 7 total time 93666.850 us (224800440 ticks), connect time 83345.626 us (200029503 ticks)
11: IO qp on core 11 total time 103626.785 us (248704284 ticks), connect time 93034.466 us (223282719 ticks)
11: IO qp on core 13 total time 114163.400 us (273992160 ticks), connect time 103431.607 us (248235858 ticks)
11: IO qp on core 8 total time 123643.809 us (296745142 ticks), connect time 112549.576 us (270118983 ticks)
11: IO qp on core 15 total time 134104.291 us (321850299 ticks), connect time 122648.072 us (294355374 ticks)
11: IO qp on core 12 total time 144079.820 us (345791568 ticks), connect time 132504.505 us (318010813 ticks)
11: IO qp on core 10 total time 153848.218 us (369235724 ticks), connect time 142162.203 us (341189286 ticks)
11: IO qp on core 14 total time 163717.867 us (392922882 ticks), connect time 151910.052 us (364584125 ticks)
11: IO qp on core 9 total time 173322.693 us (415974462 ticks), connect time 160245.094 us (384588225 ticks)
11: ========================================================
11:                                                                                                                 Latency(us)
11: Device Information                                                          :       IOPS      MiB/s    Average        min        max
11: RDMA (addr:172.24.0.2 subnqn:nqn.2016-06.io.spdk:cnode1) NSID 1 from core  0:    4839.90      18.91     206.58      17.16    3256.48
11: RDMA (addr:172.24.0.2 subnqn:nqn.2016-06.io.spdk:cnode1) NSID 1 from core  1:    4856.40      18.97     205.87      12.82    3568.03
11: RDMA (addr:172.24.0.2 subnqn:nqn.2016-06.io.spdk:cnode1) NSID 1 from core  2:    4865.10      19.00     205.52      16.31    3744.02
11: RDMA (addr:172.24.0.2 subnqn:nqn.2016-06.io.spdk:cnode1) NSID 1 from core  3:    4853.20      18.96     205.98      19.17    2677.51
11: RDMA (addr:172.24.0.2 subnqn:nqn.2016-06.io.spdk:cnode1) NSID 1 from core  4:    4855.00      18.96     205.94      19.09    3817.34
11: RDMA (addr:172.24.0.2 subnqn:nqn.2016-06.io.spdk:cnode1) NSID 1 from core  5:    4849.20      18.94     206.19      19.01    3485.66
11: RDMA (addr:172.24.0.2 subnqn:nqn.2016-06.io.spdk:cnode1) NSID 1 from core  6:    4858.30      18.98     205.81      22.83    2921.76
11: RDMA (addr:172.24.0.2 subnqn:nqn.2016-06.io.spdk:cnode1) NSID 1 from core  7:    4849.00      18.94     206.19      17.47    2700.24
11: RDMA (addr:172.24.0.2 subnqn:nqn.2016-06.io.spdk:cnode1) NSID 1 from core  8:    4855.60      18.97     205.92      16.21    2918.55
11: RDMA (addr:172.24.0.2 subnqn:nqn.2016-06.io.spdk:cnode1) NSID 1 from core  9:    4849.20      18.94     206.16      23.82    3205.22
11: RDMA (addr:172.24.0.2 subnqn:nqn.2016-06.io.spdk:cnode1) NSID 1 from core 10:    4846.00      18.93     206.33      19.33    2783.63
11: RDMA (addr:172.24.0.2 subnqn:nqn.2016-06.io.spdk:cnode1) NSID 1 from core 11:    4855.20      18.97     205.93      21.94    2901.95
11: RDMA (addr:172.24.0.2 subnqn:nqn.2016-06.io.spdk:cnode1) NSID 1 from core 12:    4847.70      18.94     206.26      22.15    3580.63
11: RDMA (addr:172.24.0.2 subnqn:nqn.2016-06.io.spdk:cnode1) NSID 1 from core 13:    4854.20      18.96     205.96      25.35    2916.00
11: RDMA (addr:172.24.0.2 subnqn:nqn.2016-06.io.spdk:cnode1) NSID 1 from core 14:    4848.00      18.94     206.22      21.28    3230.87
11: RDMA (addr:172.24.0.2 subnqn:nqn.2016-06.io.spdk:cnode1) NSID 1 from core 15:    4834.80      18.89     206.77      28.04    3260.92
11: ========================================================
11: Total                                                                       :   77616.80     303.19     206.10      12.82    3817.34
11: 
srun: error: slurm_receive_msgs: Socket timed out on send/recv operation
 3: Initializing NVMe Controllers
 3: Attached to NVMe over Fabrics controller at 172.24.0.2:4420: nqn.2016-06.io.spdk:cnode1
 3: Controller attach time is 24291.062 us (58298550 ticks)
 3: Associating RDMA (addr:172.24.0.2 subnqn:nqn.2016-06.io.spdk:cnode1) NSID 1 with lcore 0
 3: Associating RDMA (addr:172.24.0.2 subnqn:nqn.2016-06.io.spdk:cnode1) NSID 1 with lcore 1
 3: Associating RDMA (addr:172.24.0.2 subnqn:nqn.2016-06.io.spdk:cnode1) NSID 1 with lcore 2
 3: Associating RDMA (addr:172.24.0.2 subnqn:nqn.2016-06.io.spdk:cnode1) NSID 1 with lcore 3
 3: Associating RDMA (addr:172.24.0.2 subnqn:nqn.2016-06.io.spdk:cnode1) NSID 1 with lcore 4
 3: Associating RDMA (addr:172.24.0.2 subnqn:nqn.2016-06.io.spdk:cnode1) NSID 1 with lcore 5
 3: Associating RDMA (addr:172.24.0.2 subnqn:nqn.2016-06.io.spdk:cnode1) NSID 1 with lcore 6
 3: Associating RDMA (addr:172.24.0.2 subnqn:nqn.2016-06.io.spdk:cnode1) NSID 1 with lcore 7
 3: Associating RDMA (addr:172.24.0.2 subnqn:nqn.2016-06.io.spdk:cnode1) NSID 1 with lcore 8
 3: Associating RDMA (addr:172.24.0.2 subnqn:nqn.2016-06.io.spdk:cnode1) NSID 1 with lcore 9
 3: Associating RDMA (addr:172.24.0.2 subnqn:nqn.2016-06.io.spdk:cnode1) NSID 1 with lcore 10
 3: Associating RDMA (addr:172.24.0.2 subnqn:nqn.2016-06.io.spdk:cnode1) NSID 1 with lcore 11
 3: Associating RDMA (addr:172.24.0.2 subnqn:nqn.2016-06.io.spdk:cnode1) NSID 1 with lcore 12
 3: Associating RDMA (addr:172.24.0.2 subnqn:nqn.2016-06.io.spdk:cnode1) NSID 1 with lcore 13
 3: Associating RDMA (addr:172.24.0.2 subnqn:nqn.2016-06.io.spdk:cnode1) NSID 1 with lcore 14
 3: Associating RDMA (addr:172.24.0.2 subnqn:nqn.2016-06.io.spdk:cnode1) NSID 1 with lcore 15
 3: Initialization complete. Launching workers.
 3: IO qp on core 3 total time 23761.751 us (57028203 ticks), connect time 11259.965 us (27023916 ticks)
 3: IO qp on core 2 total time 33031.180 us (79274832 ticks), connect time 20423.056 us (49015335 ticks)
 3: IO qp on core 5 total time 42985.344 us (103164826 ticks), connect time 30527.980 us (73267153 ticks)
 3: IO qp on core 6 total time 52850.948 us (126842274 ticks), connect time 40106.031 us (96254475 ticks)
 3: IO qp on core 4 total time 62716.279 us (150519070 ticks), connect time 49829.657 us (119591176 ticks)
 3: IO qp on core 1 total time 72777.524 us (174666058 ticks), connect time 59623.908 us (143097378 ticks)
 3: IO qp on core 7 total time 82837.506 us (198810015 ticks), connect time 69656.333 us (167175198 ticks)
 3: IO qp on core 9 total time 93297.848 us (223914834 ticks), connect time 79387.974 us (190531137 ticks)
 3: IO qp on core 8 total time 103237.098 us (247769036 ticks), connect time 89241.491 us (214179578 ticks)
 3: IO qp on core 10 total time 112795.695 us (270709669 ticks), connect time 98748.722 us (236996932 ticks)
 3: IO qp on core 11 total time 123427.198 us (296225276 ticks), connect time 108851.348 us (261243236 ticks)
 3: IO qp on core 14 total time 132814.289 us (318754293 ticks), connect time 118342.018 us (284020842 ticks)
 3: IO qp on core 13 total time 143028.409 us (343268181 ticks), connect time 128310.376 us (307944903 ticks)
 3: IO qp on core 0 total time 152579.890 us (366191736 ticks), connect time 137923.691 us (331016859 ticks)
 3: IO qp on core 12 total time 162644.774 us (390347458 ticks), connect time 147751.189 us (354602854 ticks)
 3: IO qp on core 15 total time 172567.031 us (414160874 ticks), connect time 157644.297 us (378346313 ticks)
 3: ========================================================
 3:                                                                                                                 Latency(us)
 3: Device Information                                                          :       IOPS      MiB/s    Average        min        max
 3: RDMA (addr:172.24.0.2 subnqn:nqn.2016-06.io.spdk:cnode1) NSID 1 from core  0:    4873.50      19.04     205.16      21.04    2300.51
 3: RDMA (addr:172.24.0.2 subnqn:nqn.2016-06.io.spdk:cnode1) NSID 1 from core  1:    4884.70      19.08     204.69      17.56    3796.32
 3: RDMA (addr:172.24.0.2 subnqn:nqn.2016-06.io.spdk:cnode1) NSID 1 from core  2:    4892.70      19.11     204.36      13.73    2898.47
srun: error: Task launch for StepId=60009.1 failed on node jazz14: Socket timed out on send/recv operation
srun: error: Application launch failed: Socket timed out on send/recv operation
 3: RDMA (addr:172.24.0.2 subnqn:nqn.2016-06.io.spdk:cnode1) NSID 1 from core  3:    4886.20      19.09     204.62      12.19    2845.95
 3: RDMA (addr:172.24.0.2 subnqn:nqn.2016-06.io.spdk:cnode1) NSID 1 from core  4:    4887.10      19.09     204.59      14.87    2433.98
 3: RDMA (addr:172.24.0.2 subnqn:nqn.2016-06.io.spdk:cnode1) NSID 1 from core  5:    4881.90      19.07     204.80      16.70    3130.76
 3: RDMA (addr:172.24.0.2 subnqn:nqn.2016-06.io.spdk:cnode1) NSID 1 from core  6:    4896.80      19.13     204.19      14.47    3740.55
 3: RDMA (addr:172.24.0.2 subnqn:nqn.2016-06.io.spdk:cnode1) NSID 1 from core  7:    4875.10      19.04     205.09      10.67    3154.92
 3: RDMA (addr:172.24.0.2 subnqn:nqn.2016-06.io.spdk:cnode1) NSID 1 from core  8:    4869.30      19.02     205.34      15.13    3063.13
 3: RDMA (addr:172.24.0.2 subnqn:nqn.2016-06.io.spdk:cnode1) NSID 1 from core  9:    4878.70      19.06     204.92      15.57    2323.91
 3: RDMA (addr:172.24.0.2 subnqn:nqn.2016-06.io.spdk:cnode1) NSID 1 from core 10:    4888.50      19.10     204.54      10.44    3635.72
 3: RDMA (addr:172.24.0.2 subnqn:nqn.2016-06.io.spdk:cnode1) NSID 1 from core 11:    4867.70      19.01     205.37      11.26    2670.83
 3: RDMA (addr:172.24.0.2 subnqn:nqn.2016-06.io.spdk:cnode1) NSID 1 from core 12:    4884.10      19.08     204.72      17.24    3485.27
 3: RDMA (addr:172.24.0.2 subnqn:nqn.2016-06.io.spdk:cnode1) NSID 1 from core 13:    4869.40      19.02     205.32      14.20    3153.13
 3: RDMA (addr:172.24.0.2 subnqn:nqn.2016-06.io.spdk:cnode1) NSID 1 from core 14:    4881.00      19.07     204.85      17.87    2838.17
 3: RDMA (addr:172.24.0.2 subnqn:nqn.2016-06.io.spdk:cnode1) NSID 1 from core 15:    4878.60      19.06     204.91      18.03    2667.19
 3: ========================================================
 3: Total                                                                       :   78095.30     305.06     204.84      10.44    3796.32
 3: 
srun: Job step aborted: Waiting up to 12 seconds for job step to finish.
srun: error: jazz13: task 5: Killed
srun: launch/slurm: _step_signal: Terminating StepId=60009.1
srun: error: jazz24: task 15: Killed
srun: error: jazz22: task 13: Killed
srun: First task exited 10s ago
srun: StepId=60009.1 tasks 5,13,15: exited abnormally
srun: StepId=60009.1 tasks 0-4,7-12,14,16-19: exited
srun: StepId=60009.1 task 6: unknown
srun: launch/slurm: _step_signal: Terminating StepId=60009.1
srun: error: Timed out waiting for job step to complete
== Servers stopping... 
srun -l -O --nodes 1 --ntasks 1 --nodelist=jazz02 --export=ALL ./stop_tgt.sh
0: == TGT Memory usage ==
0: Huge pages: 3524 MB, HWM: 1449.84
srun: error: jazz02: task 0: Exited with exit code 127
srun: launch/slurm: _step_signal: Terminating StepId=60009.0
jazz02: Error while connecting to /var/tmp/spdk.sock
jazz02: Is SPDK application running?
jazz02: Error details: [Errno -2] Name or service not known
pdsh@jazz02: jazz02: ssh exited with exit code 1
jazz07: Error while connecting to /var/tmp/spdk.sock
jazz07: Is SPDK application running?
jazz07: Error details: [Errno -2] Name or service not known
jazz19: Error while connecting to /var/tmp/spdk.sock
jazz19: Is SPDK application running?
jazz19: Error details: [Errno -2] Name or service not known
pdsh@jazz02: jazz07: ssh exited with exit code 1
jazz28: Error while connecting to /var/tmp/spdk.sock
jazz28: Is SPDK application running?
jazz28: Error details: [Errno -2] Name or service not known
jazz13: Error while connecting to /var/tmp/spdk.sock
jazz13: Is SPDK application running?
jazz13: Error details: [Errno -2] Name or service not known
pdsh@jazz02: jazz19: ssh exited with exit code 1
pdsh@jazz02: jazz28: ssh exited with exit code 1
pdsh@jazz02: jazz13: ssh exited with exit code 1
jazz27: Error while connecting to /var/tmp/spdk.sock
jazz27: Is SPDK application running?
jazz27: Error details: [Errno -2] Name or service not known
jazz26: Error while connecting to /var/tmp/spdk.sock
jazz26: Is SPDK application running?
jazz26: Error details: [Errno -2] Name or service not known
jazz23: Error while connecting to /var/tmp/spdk.sock
jazz23: Is SPDK application running?
jazz23: Error details: [Errno -2] Name or service not known
pdsh@jazz02: jazz27: ssh exited with exit code 1
jazz16: Error while connecting to /var/tmp/spdk.sock
jazz16: Is SPDK application running?
jazz16: Error details: [Errno 111] Connection refused
pdsh@jazz02: jazz26: ssh exited with exit code 1
pdsh@jazz02: jazz23: ssh exited with exit code 1
pdsh@jazz02: jazz16: ssh exited with exit code 1
jazz03: Error while connecting to /var/tmp/spdk.sock
jazz03: Is SPDK application running?
jazz03: Error details: [Errno -2] Name or service not known
jazz25: Error while connecting to /var/tmp/spdk.sock
jazz25: Is SPDK application running?
jazz25: Error details: [Errno -2] Name or service not known
jazz22: Error while connecting to /var/tmp/spdk.sock
jazz22: Is SPDK application running?
jazz22: Error details: [Errno -2] Name or service not known
pdsh@jazz02: jazz03: ssh exited with exit code 1
pdsh@jazz02: jazz25: ssh exited with exit code 1
jazz04: Error while connecting to /var/tmp/spdk.sock
jazz04: Is SPDK application running?
jazz04: Error details: [Errno -2] Name or service not known
pdsh@jazz02: jazz22: ssh exited with exit code 1
jazz05: Error while connecting to /var/tmp/spdk.sock
jazz05: Is SPDK application running?
jazz05: Error details: [Errno -2] Name or service not known
pdsh@jazz02: jazz04: ssh exited with exit code 1
pdsh@jazz02: jazz05: ssh exited with exit code 1
jazz17: Error while connecting to /var/tmp/spdk.sock
jazz17: Is SPDK application running?
jazz17: Error details: [Errno -2] Name or service not known
jazz24: Error while connecting to /var/tmp/spdk.sock
jazz24: Is SPDK application running?
jazz24: Error details: [Errno -2] Name or service not known
jazz20: Error while connecting to /var/tmp/spdk.sock
jazz20: Is SPDK application running?
jazz20: Error details: [Errno -2] Name or service not known
pdsh@jazz02: jazz17: ssh exited with exit code 1
jazz18: Error while connecting to /var/tmp/spdk.sock
jazz18: Is SPDK application running?
jazz18: Error details: [Errno -2] Name or service not known
jazz21: Error while connecting to /var/tmp/spdk.sock
jazz21: Is SPDK application running?
jazz21: Error details: [Errno -2] Name or service not known
pdsh@jazz02: jazz24: ssh exited with exit code 1
pdsh@jazz02: jazz20: ssh exited with exit code 1
pdsh@jazz02: jazz18: ssh exited with exit code 1
pdsh@jazz02: jazz21: ssh exited with exit code 1
jazz06: Error while connecting to /var/tmp/spdk.sock
jazz06: Is SPDK application running?
jazz06: Error details: [Errno -2] Name or service not known
pdsh@jazz02: jazz06: ssh exited with exit code 1
jazz14: Error while connecting to /var/tmp/spdk.sock
jazz14: Is SPDK application running?
jazz14: Error details: [Errno -2] Name or service not known
pdsh@jazz02: jazz14: ssh exited with exit code 1
