== Starting run at Mon Aug 16 12:28:02 IDT 2021
== Job ID: 59998
== Totally nodes: 
== Node list: jazz[02-07,13,16-28,30]
== Submit dir. : /hpc/local/work/denisn/dc/spdk/dc_testing
== Servers number: 1
== SPDK_DIR: /labhome/denisn/dc/spdk_release
== RDMA_CORE_DIR: /labhome/denisn/dc/rdma-core/build/lib
== TGT_MASK: 0x1FFF
== PERF_MASK: 0xFFFF
== Server nodelist: jazz02
== Client nodelist: jazz03,jazz04,jazz05,jazz06,jazz07,jazz13,jazz16,jazz17,jazz18,jazz19,jazz20,jazz21,jazz22,jazz23,jazz24,jazz25,jazz26,jazz27,jazz28,jazz30
== Servers running...
srun -l -O --nodes 1 --ntasks 1 --nodelist=jazz02 --export=ALL ./server_run.sh &
== Clients running... 
srun -l --nodes 20 --ntasks 20 --nodelist=jazz03,jazz04,jazz05,jazz06,jazz07,jazz13,jazz16,jazz17,jazz18,jazz19,jazz20,jazz21,jazz22,jazz23,jazz24,jazz25,jazz26,jazz27,jazz28,jazz30 --export=ALL ./nvmeperf_run.sh
0: Server's Servers number: 1
0: Server's SPDK_DIR: /labhome/denisn/dc/spdk_release
0: Server's RDMA_CORE_DIR: /labhome/denisn/dc/rdma-core/build/lib
0: Server's TGT_MASK: 0x1FFF
0: Server's PERF_MASK: 0xFFFF
 0: Initiator's Servers number: 1
 2: Initiator's Servers number: 1
 4: Initiator's Servers number: 1
 5: Initiator's Servers number: 1
 1: Initiator's Servers number: 1
 9: Initiator's Servers number: 1
 7: Initiator's Servers number: 1
 3: Initiator's Servers number: 1
 6: Initiator's Servers number: 1
14: Initiator's Servers number: 1
15: Initiator's Servers number: 1
17: Initiator's Servers number: 1
10: Initiator's Servers number: 1
12: Initiator's Servers number: 1
13: Initiator's Servers number: 1
16: Initiator's Servers number: 1
11: Initiator's Servers number: 1
 8: Initiator's Servers number: 1
19: Initiator's Servers number: 1
18: Initiator's Servers number: 1
 0: Initiator's SPDK_DIR: /labhome/denisn/dc/spdk_release
 0: Initiator's RDMA_CORE_DIR: /labhome/denisn/dc/rdma-core/build/lib
 0: Initiator's TGT_MASK: 0x1FFF
 0: Initiator's PERF_MASK: 0xFFFF
 2: Initiator's SPDK_DIR: /labhome/denisn/dc/spdk_release
 2: Initiator's RDMA_CORE_DIR: /labhome/denisn/dc/rdma-core/build/lib
 2: Initiator's TGT_MASK: 0x1FFF
 2: Initiator's PERF_MASK: 0xFFFF
 4: Initiator's SPDK_DIR: /labhome/denisn/dc/spdk_release
 5: Initiator's SPDK_DIR: /labhome/denisn/dc/spdk_release
 1: Initiator's SPDK_DIR: /labhome/denisn/dc/spdk_release
 4: Initiator's RDMA_CORE_DIR: /labhome/denisn/dc/rdma-core/build/lib
 5: Initiator's RDMA_CORE_DIR: /labhome/denisn/dc/rdma-core/build/lib
 1: Initiator's RDMA_CORE_DIR: /labhome/denisn/dc/rdma-core/build/lib
 4: Initiator's TGT_MASK: 0x1FFF
 5: Initiator's TGT_MASK: 0x1FFF
 1: Initiator's TGT_MASK: 0x1FFF
 4: Initiator's PERF_MASK: 0xFFFF
 5: Initiator's PERF_MASK: 0xFFFF
 1: Initiator's PERF_MASK: 0xFFFF
 9: Initiator's SPDK_DIR: /labhome/denisn/dc/spdk_release
 7: Initiator's SPDK_DIR: /labhome/denisn/dc/spdk_release
 9: Initiator's RDMA_CORE_DIR: /labhome/denisn/dc/rdma-core/build/lib
 7: Initiator's RDMA_CORE_DIR: /labhome/denisn/dc/rdma-core/build/lib
 9: Initiator's TGT_MASK: 0x1FFF
 7: Initiator's TGT_MASK: 0x1FFF
 9: Initiator's PERF_MASK: 0xFFFF
 7: Initiator's PERF_MASK: 0xFFFF
 6: Initiator's SPDK_DIR: /labhome/denisn/dc/spdk_release
 6: Initiator's RDMA_CORE_DIR: /labhome/denisn/dc/rdma-core/build/lib
 3: Initiator's SPDK_DIR: /labhome/denisn/dc/spdk_release
 6: Initiator's TGT_MASK: 0x1FFF
 3: Initiator's RDMA_CORE_DIR: /labhome/denisn/dc/rdma-core/build/lib
 6: Initiator's PERF_MASK: 0xFFFF
 3: Initiator's TGT_MASK: 0x1FFF
 3: Initiator's PERF_MASK: 0xFFFF
14: Initiator's SPDK_DIR: /labhome/denisn/dc/spdk_release
15: Initiator's SPDK_DIR: /labhome/denisn/dc/spdk_release
14: Initiator's RDMA_CORE_DIR: /labhome/denisn/dc/rdma-core/build/lib
15: Initiator's RDMA_CORE_DIR: /labhome/denisn/dc/rdma-core/build/lib
14: Initiator's TGT_MASK: 0x1FFF
15: Initiator's TGT_MASK: 0x1FFF
14: Initiator's PERF_MASK: 0xFFFF
15: Initiator's PERF_MASK: 0xFFFF
10: Initiator's SPDK_DIR: /labhome/denisn/dc/spdk_release
12: Initiator's SPDK_DIR: /labhome/denisn/dc/spdk_release
11: Initiator's SPDK_DIR: /labhome/denisn/dc/spdk_release
17: Initiator's SPDK_DIR: /labhome/denisn/dc/spdk_release
16: Initiator's SPDK_DIR: /labhome/denisn/dc/spdk_release
19: Initiator's SPDK_DIR: /labhome/denisn/dc/spdk_release
 8: Initiator's SPDK_DIR: /labhome/denisn/dc/spdk_release
10: Initiator's RDMA_CORE_DIR: /labhome/denisn/dc/rdma-core/build/lib
13: Initiator's SPDK_DIR: /labhome/denisn/dc/spdk_release
12: Initiator's RDMA_CORE_DIR: /labhome/denisn/dc/rdma-core/build/lib
11: Initiator's RDMA_CORE_DIR: /labhome/denisn/dc/rdma-core/build/lib
17: Initiator's RDMA_CORE_DIR: /labhome/denisn/dc/rdma-core/build/lib
16: Initiator's RDMA_CORE_DIR: /labhome/denisn/dc/rdma-core/build/lib
19: Initiator's RDMA_CORE_DIR: /labhome/denisn/dc/rdma-core/build/lib
 8: Initiator's RDMA_CORE_DIR: /labhome/denisn/dc/rdma-core/build/lib
10: Initiator's TGT_MASK: 0x1FFF
13: Initiator's RDMA_CORE_DIR: /labhome/denisn/dc/rdma-core/build/lib
12: Initiator's TGT_MASK: 0x1FFF
11: Initiator's TGT_MASK: 0x1FFF
17: Initiator's TGT_MASK: 0x1FFF
16: Initiator's TGT_MASK: 0x1FFF
19: Initiator's TGT_MASK: 0x1FFF
 8: Initiator's TGT_MASK: 0x1FFF
10: Initiator's PERF_MASK: 0xFFFF
13: Initiator's TGT_MASK: 0x1FFF
12: Initiator's PERF_MASK: 0xFFFF
11: Initiator's PERF_MASK: 0xFFFF
17: Initiator's PERF_MASK: 0xFFFF
16: Initiator's PERF_MASK: 0xFFFF
19: Initiator's PERF_MASK: 0xFFFF
 8: Initiator's PERF_MASK: 0xFFFF
13: Initiator's PERF_MASK: 0xFFFF
18: Initiator's SPDK_DIR: /labhome/denisn/dc/spdk_release
18: Initiator's RDMA_CORE_DIR: /labhome/denisn/dc/rdma-core/build/lib
18: Initiator's TGT_MASK: 0x1FFF
18: Initiator's PERF_MASK: 0xFFFF
0: Mounting hugetlbfs at /mnt/huge
 4: Mounting hugetlbfs at /mnt/huge
 2: Mounting hugetlbfs at /mnt/huge
 3: Mounting hugetlbfs at /mnt/huge
 1: Mounting hugetlbfs at /mnt/huge
 0: Mounting hugetlbfs at /mnt/huge
 5: Mounting hugetlbfs at /mnt/huge
 6: Mounting hugetlbfs at /mnt/huge
 9: Mounting hugetlbfs at /mnt/huge
10: Mounting hugetlbfs at /mnt/huge
17: Mounting hugetlbfs at /mnt/huge
14: Mounting hugetlbfs at /mnt/huge
 7: Mounting hugetlbfs at /mnt/huge
13: Mounting hugetlbfs at /mnt/huge
16: Mounting hugetlbfs at /mnt/huge
15: Mounting hugetlbfs at /mnt/huge
11: Mounting hugetlbfs at /mnt/huge
 8: Mounting hugetlbfs at /mnt/huge
18: Mounting hugetlbfs at /mnt/huge
19: Mounting hugetlbfs at /mnt/huge
12: Mounting hugetlbfs at /mnt/huge
 2: Waiting for 1 servers started... now there are 0 servers
 4: Waiting for 1 servers started... now there are 0 servers
 3: Waiting for 1 servers started... now there are 0 servers
 0: Waiting for 1 servers started... now there are 0 servers
 5: Waiting for 1 servers started... now there are 0 servers
 9: Waiting for 1 servers started... now there are 0 servers
 1: Waiting for 1 servers started... now there are 0 servers
13: Waiting for 1 servers started... now there are 0 servers
10: Waiting for 1 servers started... now there are 0 servers
16: Waiting for 1 servers started... now there are 0 servers
14: Waiting for 1 servers started... now there are 0 servers
 7: Waiting for 1 servers started... now there are 0 servers
11: Waiting for 1 servers started... now there are 0 servers
 8: Waiting for 1 servers started... now there are 0 servers
17: Waiting for 1 servers started... now there are 0 servers
15: Waiting for 1 servers started... now there are 0 servers
18: Waiting for 1 servers started... now there are 0 servers
19: Waiting for 1 servers started... now there are 0 servers
12: Waiting for 1 servers started... now there are 0 servers
 6: Waiting for 1 servers started... now there are 0 servers
0: sudo env LD_LIBRARY_PATH=/labhome/denisn/dc/rdma-core/build/lib /labhome/denisn/dc/spdk_release/install/bin/spdk_tgt -m 0x1FFF 2>&1 | tee -a /hpc/local/work/denisn/dc/spdk/dc_testing/job.59998/spdk_tgt.0.log &
0: Waiting for 3s after spdk_tgt run ...
 2: Waiting for 1 servers started... now there are 0 servers
 4: Waiting for 1 servers started... now there are 0 servers
 3: Waiting for 1 servers started... now there are 0 servers
 0: Waiting for 1 servers started... now there are 0 servers
 5: Waiting for 1 servers started... now there are 0 servers
 9: Waiting for 1 servers started... now there are 0 servers
 1: Waiting for 1 servers started... now there are 0 servers
10: Waiting for 1 servers started... now there are 0 servers
13: Waiting for 1 servers started... now there are 0 servers
16: Waiting for 1 servers started... now there are 0 servers
14: Waiting for 1 servers started... now there are 0 servers
 7: Waiting for 1 servers started... now there are 0 servers
 8: Waiting for 1 servers started... now there are 0 servers
11: Waiting for 1 servers started... now there are 0 servers
17: Waiting for 1 servers started... now there are 0 servers
15: Waiting for 1 servers started... now there are 0 servers
18: Waiting for 1 servers started... now there are 0 servers
19: Waiting for 1 servers started... now there are 0 servers
12: Waiting for 1 servers started... now there are 0 servers
 6: Waiting for 1 servers started... now there are 0 servers
0: [2021-08-16 12:28:04.164125] Starting SPDK v21.04 git sha1 8016710 / DPDK 21.05.0 initialization...
0: [2021-08-16 12:28:04.164188] [ DPDK EAL parameters: [2021-08-16 12:28:04.164197] spdk_tgt [2021-08-16 12:28:04.164204] --no-shconf [2021-08-16 12:28:04.164215] -c 0x1FFF [2021-08-16 12:28:04.164222] --log-level=lib.eal:6 [2021-08-16 12:28:04.164227] --log-level=lib.cryptodev:5 [2021-08-16 12:28:04.164233] --log-level=user1:6 [2021-08-16 12:28:04.164239] --base-virtaddr=0x200000000000 [2021-08-16 12:28:04.164244] --match-allocations [2021-08-16 12:28:04.164250] --file-prefix=spdk_pid75394 [2021-08-16 12:28:04.164256] ]
0: EAL: No available 1048576 kB hugepages reported
0: EAL: No free 2048 kB hugepages reported on node 1
0: TELEMETRY: No legacy callbacks, legacy socket not created
0: [2021-08-16 12:28:04.219222] app.c: 535:spdk_app_start: *NOTICE*: Total cores available: 13
0: [2021-08-16 12:28:04.399364] reactor.c: 929:reactor_run: *NOTICE*: Reactor started on core 1
0: [2021-08-16 12:28:04.399417] reactor.c: 929:reactor_run: *NOTICE*: Reactor started on core 2
0: [2021-08-16 12:28:04.399499] reactor.c: 929:reactor_run: *NOTICE*: Reactor started on core 3
0: [2021-08-16 12:28:04.399554] reactor.c: 929:reactor_run: *NOTICE*: Reactor started on core 4
0: [2021-08-16 12:28:04.399598] reactor.c: 929:reactor_run: *NOTICE*: Reactor started on core 5
0: [2021-08-16 12:28:04.399695] reactor.c: 929:reactor_run: *NOTICE*: Reactor started on core 7
0: [2021-08-16 12:28:04.399754] reactor.c: 929:reactor_run: *NOTICE*: Reactor started on core 9
0: [2021-08-16 12:28:04.399709] reactor.c: 929:reactor_run: *NOTICE*: Reactor started on core 8
0: [2021-08-16 12:28:04.399860] reactor.c: 929:reactor_run: *NOTICE*: Reactor started on core 12
0: [2021-08-16 12:28:04.399650] reactor.c: 929:reactor_run: *NOTICE*: Reactor started on core 6
0: [2021-08-16 12:28:04.399804] reactor.c: 929:reactor_run: *NOTICE*: Reactor started on core 10
0: [2021-08-16 12:28:04.399845] reactor.c: 929:reactor_run: *NOTICE*: Reactor started on core 11
0: [2021-08-16 12:28:04.399862] reactor.c: 929:reactor_run: *NOTICE*: Reactor started on core 0
0: [2021-08-16 12:28:04.400079] accel_engine.c: 852:spdk_accel_engine_initialize: *NOTICE*: Accel engine initialized to use software engine.
 2: Waiting for 1 servers started... now there are 0 servers
 4: Waiting for 1 servers started... now there are 0 servers
 3: Waiting for 1 servers started... now there are 0 servers
 0: Waiting for 1 servers started... now there are 0 servers
 5: Waiting for 1 servers started... now there are 0 servers
 9: Waiting for 1 servers started... now there are 0 servers
 1: Waiting for 1 servers started... now there are 0 servers
10: Waiting for 1 servers started... now there are 0 servers
13: Waiting for 1 servers started... now there are 0 servers
16: Waiting for 1 servers started... now there are 0 servers
 7: Waiting for 1 servers started... now there are 0 servers
14: Waiting for 1 servers started... now there are 0 servers
 8: Waiting for 1 servers started... now there are 0 servers
11: Waiting for 1 servers started... now there are 0 servers
15: Waiting for 1 servers started... now there are 0 servers
17: Waiting for 1 servers started... now there are 0 servers
18: Waiting for 1 servers started... now there are 0 servers
19: Waiting for 1 servers started... now there are 0 servers
12: Waiting for 1 servers started... now there are 0 servers
 6: Waiting for 1 servers started... now there are 0 servers
 2: Waiting for 1 servers started... now there are 0 servers
 4: Waiting for 1 servers started... now there are 0 servers
 3: Waiting for 1 servers started... now there are 0 servers
 0: Waiting for 1 servers started... now there are 0 servers
 5: Waiting for 1 servers started... now there are 0 servers
 9: Waiting for 1 servers started... now there are 0 servers
 1: Waiting for 1 servers started... now there are 0 servers
10: Waiting for 1 servers started... now there are 0 servers
13: Waiting for 1 servers started... now there are 0 servers
16: Waiting for 1 servers started... now there are 0 servers
 7: Waiting for 1 servers started... now there are 0 servers
14: Waiting for 1 servers started... now there are 0 servers
 8: Waiting for 1 servers started... now there are 0 servers
11: Waiting for 1 servers started... now there are 0 servers
15: Waiting for 1 servers started... now there are 0 servers
17: Waiting for 1 servers started... now there are 0 servers
18: Waiting for 1 servers started... now there are 0 servers
19: Waiting for 1 servers started... now there are 0 servers
12: Waiting for 1 servers started... now there are 0 servers
 6: Waiting for 1 servers started... now there are 0 servers
0: spdk_tgt pid: 75394
 2: Waiting for 1 servers started... now there are 0 servers
 4: Waiting for 1 servers started... now there are 0 servers
 3: Waiting for 1 servers started... now there are 0 servers
 0: Waiting for 1 servers started... now there are 0 servers
 5: Waiting for 1 servers started... now there are 0 servers
 9: Waiting for 1 servers started... now there are 0 servers
 1: Waiting for 1 servers started... now there are 0 servers
10: Waiting for 1 servers started... now there are 0 servers
13: Waiting for 1 servers started... now there are 0 servers
16: Waiting for 1 servers started... now there are 0 servers
 7: Waiting for 1 servers started... now there are 0 servers
14: Waiting for 1 servers started... now there are 0 servers
 8: Waiting for 1 servers started... now there are 0 servers
11: Waiting for 1 servers started... now there are 0 servers
17: Waiting for 1 servers started... now there are 0 servers
15: Waiting for 1 servers started... now there are 0 servers
18: Waiting for 1 servers started... now there are 0 servers
19: Waiting for 1 servers started... now there are 0 servers
12: Waiting for 1 servers started... now there are 0 servers
 6: Waiting for 1 servers started... now there are 0 servers
0: Null0
0: !!!! max_wqe_sz_sq:1024
0: !!!! max_wqe_sz_rq:512
0: !!!! max_wqe_sz_sq_dc:256
0: !!!! max_wqe_sz_sq:1024
0: !!!! max_wqe_sz_rq:512
0: !!!! max_wqe_sz_sq_dc:256
0: !!!! max_wqe_sz_sq:1024
0: !!!! max_wqe_sz_rq:512
0: !!!! max_wqe_sz_sq_dc:256
0: !!!! max_wqe_sz_sq:1024
0: !!!! max_wqe_sz_rq:512
0: !!!! max_wqe_sz_sq_dc:256
0: !!!! max_wqe_sz_sq:1024
0: !!!! max_wqe_sz_rq:512
0: !!!! max_wqe_sz_sq_dc:256
0: !!!! max_wqe_sz_sq:1024
0: !!!! max_wqe_sz_rq:512
0: !!!! max_wqe_sz_sq_dc:256
 2: Waiting for 1 servers started... now there are 0 servers
 3: Waiting for 1 servers started... now there are 0 servers
 4: Waiting for 1 servers started... now there are 0 servers
 0: Waiting for 1 servers started... now there are 0 servers
 5: Waiting for 1 servers started... now there are 0 servers
 9: Waiting for 1 servers started... now there are 0 servers
 1: Waiting for 1 servers started... now there are 0 servers
10: Waiting for 1 servers started... now there are 0 servers
13: Waiting for 1 servers started... now there are 0 servers
16: Waiting for 1 servers started... now there are 0 servers
 7: Waiting for 1 servers started... now there are 0 servers
14: Waiting for 1 servers started... now there are 0 servers
 8: Waiting for 1 servers started... now there are 0 servers
11: Waiting for 1 servers started... now there are 0 servers
17: Waiting for 1 servers started... now there are 0 servers
15: Waiting for 1 servers started... now there are 0 servers
18: Waiting for 1 servers started... now there are 0 servers
19: Waiting for 1 servers started... now there are 0 servers
12: Waiting for 1 servers started... now there are 0 servers
 6: Waiting for 1 servers started... now there are 0 servers
0: [2021-08-16 12:28:08.603879] rdma.c:2651:nvmf_rdma_listen: *NOTICE*: *** NVMe/RDMA Target Listening on 172.24.0.2 port 4420 ***
 2: Waiting for 1 servers started... now there are 0 servers
 3: Waiting for 1 servers started... now there are 0 servers
 4: Waiting for 1 servers started... now there are 0 servers
 0: Waiting for 1 servers started... now there are 0 servers
 5: Waiting for 1 servers started... now there are 0 servers
 9: Waiting for 1 servers started... now there are 0 servers
 1: Waiting for 1 servers started... now there are 0 servers
10: Waiting for 1 servers started... now there are 0 servers
13: Waiting for 1 servers started... now there are 0 servers
16: Waiting for 1 servers started... now there are 0 servers
 7: Waiting for 1 servers started... now there are 0 servers
14: Waiting for 1 servers started... now there are 0 servers
 8: Waiting for 1 servers started... now there are 0 servers
11: Waiting for 1 servers started... now there are 0 servers
15: Waiting for 1 servers started... now there are 0 servers
17: Waiting for 1 servers started... now there are 0 servers
18: Waiting for 1 servers started... now there are 0 servers
19: Waiting for 1 servers started... now there are 0 servers
12: Waiting for 1 servers started... now there are 0 servers
 6: Waiting for 1 servers started... now there are 0 servers
0: /hpc/local/work/denisn/dc/spdk/dc_testing/./server_run.sh: line 38: wait: pid 75394 is not a child of this shell
 2: 
 3: 
 4: 
 2: Got servers list: 172.24.0.2
 2: sudo env LD_LIBRARY_PATH=/labhome/denisn/dc/rdma-core/build/lib /labhome/denisn/dc/spdk_release/install/bin/spdk_nvme_perf 	 --srq-depth 128 -r "trtype:rdma adrfam:ipv4 traddr:172.24.0.2 trsvcid:4420" 	 -c 0xFFFF -q 1 -o 4096 -w randread -t 10 	  2>&1 | tee -a /hpc/local/work/denisn/dc/spdk/dc_testing/job.59998/perf.2.log
 3: Got servers list: 172.24.0.2
 4: Got servers list: 172.24.0.2
 4: sudo env LD_LIBRARY_PATH=/labhome/denisn/dc/rdma-core/build/lib /labhome/denisn/dc/spdk_release/install/bin/spdk_nvme_perf 	 --srq-depth 128 -r "trtype:rdma adrfam:ipv4 traddr:172.24.0.2 trsvcid:4420" 	 -c 0xFFFF -q 1 -o 4096 -w randread -t 10 	  2>&1 | tee -a /hpc/local/work/denisn/dc/spdk/dc_testing/job.59998/perf.4.log
 3: sudo env LD_LIBRARY_PATH=/labhome/denisn/dc/rdma-core/build/lib /labhome/denisn/dc/spdk_release/install/bin/spdk_nvme_perf 	 --srq-depth 128 -r "trtype:rdma adrfam:ipv4 traddr:172.24.0.2 trsvcid:4420" 	 -c 0xFFFF -q 1 -o 4096 -w randread -t 10 	  2>&1 | tee -a /hpc/local/work/denisn/dc/spdk/dc_testing/job.59998/perf.3.log
 0: 
 5: 
 0: Got servers list: 172.24.0.2
 0: sudo env LD_LIBRARY_PATH=/labhome/denisn/dc/rdma-core/build/lib /labhome/denisn/dc/spdk_release/install/bin/spdk_nvme_perf 	 --srq-depth 128 -r "trtype:rdma adrfam:ipv4 traddr:172.24.0.2 trsvcid:4420" 	 -c 0xFFFF -q 1 -o 4096 -w randread -t 10 	  2>&1 | tee -a /hpc/local/work/denisn/dc/spdk/dc_testing/job.59998/perf.0.log
 5: Got servers list: 172.24.0.2
 5: sudo env LD_LIBRARY_PATH=/labhome/denisn/dc/rdma-core/build/lib /labhome/denisn/dc/spdk_release/install/bin/spdk_nvme_perf 	 --srq-depth 128 -r "trtype:rdma adrfam:ipv4 traddr:172.24.0.2 trsvcid:4420" 	 -c 0xFFFF -q 1 -o 4096 -w randread -t 10 	  2>&1 | tee -a /hpc/local/work/denisn/dc/spdk/dc_testing/job.59998/perf.5.log
 1: 
 9: 
 1: Got servers list: 172.24.0.2
 9: Got servers list: 172.24.0.2
 1: sudo env LD_LIBRARY_PATH=/labhome/denisn/dc/rdma-core/build/lib /labhome/denisn/dc/spdk_release/install/bin/spdk_nvme_perf 	 --srq-depth 128 -r "trtype:rdma adrfam:ipv4 traddr:172.24.0.2 trsvcid:4420" 	 -c 0xFFFF -q 1 -o 4096 -w randread -t 10 	  2>&1 | tee -a /hpc/local/work/denisn/dc/spdk/dc_testing/job.59998/perf.1.log
 9: sudo env LD_LIBRARY_PATH=/labhome/denisn/dc/rdma-core/build/lib /labhome/denisn/dc/spdk_release/install/bin/spdk_nvme_perf 	 --srq-depth 128 -r "trtype:rdma adrfam:ipv4 traddr:172.24.0.2 trsvcid:4420" 	 -c 0xFFFF -q 1 -o 4096 -w randread -t 10 	  2>&1 | tee -a /hpc/local/work/denisn/dc/spdk/dc_testing/job.59998/perf.9.log
 7: 
14: 
17: 
12: 
 7: Got servers list: 172.24.0.2
14: Got servers list: 172.24.0.2
 7: sudo env LD_LIBRARY_PATH=/labhome/denisn/dc/rdma-core/build/lib /labhome/denisn/dc/spdk_release/install/bin/spdk_nvme_perf 	 --srq-depth 128 -r "trtype:rdma adrfam:ipv4 traddr:172.24.0.2 trsvcid:4420" 	 -c 0xFFFF -q 1 -o 4096 -w randread -t 10 	  2>&1 | tee -a /hpc/local/work/denisn/dc/spdk/dc_testing/job.59998/perf.7.log
14: sudo env LD_LIBRARY_PATH=/labhome/denisn/dc/rdma-core/build/lib /labhome/denisn/dc/spdk_release/install/bin/spdk_nvme_perf 	 --srq-depth 128 -r "trtype:rdma adrfam:ipv4 traddr:172.24.0.2 trsvcid:4420" 	 -c 0xFFFF -q 1 -o 4096 -w randread -t 10 	  2>&1 | tee -a /hpc/local/work/denisn/dc/spdk/dc_testing/job.59998/perf.14.log
17: Got servers list: 172.24.0.2
12: Got servers list: 172.24.0.2
17: sudo env LD_LIBRARY_PATH=/labhome/denisn/dc/rdma-core/build/lib /labhome/denisn/dc/spdk_release/install/bin/spdk_nvme_perf 	 --srq-depth 128 -r "trtype:rdma adrfam:ipv4 traddr:172.24.0.2 trsvcid:4420" 	 -c 0xFFFF -q 1 -o 4096 -w randread -t 10 	  2>&1 | tee -a /hpc/local/work/denisn/dc/spdk/dc_testing/job.59998/perf.17.log
12: sudo env LD_LIBRARY_PATH=/labhome/denisn/dc/rdma-core/build/lib /labhome/denisn/dc/spdk_release/install/bin/spdk_nvme_perf 	 --srq-depth 128 -r "trtype:rdma adrfam:ipv4 traddr:172.24.0.2 trsvcid:4420" 	 -c 0xFFFF -q 1 -o 4096 -w randread -t 10 	  2>&1 | tee -a /hpc/local/work/denisn/dc/spdk/dc_testing/job.59998/perf.12.log
 1: [2021-08-16 12:28:10.053357] Starting SPDK v21.04 git sha1 8016710 / DPDK 21.05.0 initialization...
 1: [2021-08-16 12:28:10.053431] [ DPDK EAL parameters: [2021-08-16 12:28:10.053438] perf [2021-08-16 12:28:10.053443] --no-shconf [2021-08-16 12:28:10.053447] -c 0xFFFF [2021-08-16 12:28:10.053455] --no-pci [2021-08-16 12:28:10.053462] --log-level=lib.eal:6 [2021-08-16 12:28:10.053467] --log-level=lib.cryptodev:5 [2021-08-16 12:28:10.053473] --log-level=user1:6 [2021-08-16 12:28:10.053478] --base-virtaddr=0x200000000000 [2021-08-16 12:28:10.053484] --match-allocations [2021-08-16 12:28:10.053489] --file-prefix=spdk_pid192079 [2021-08-16 12:28:10.053495] ]
 7: [2021-08-16 12:28:10.056078] Starting SPDK v21.04 git sha1 8016710 / DPDK 21.05.0 initialization...
 7: [2021-08-16 12:28:10.056150] [ DPDK EAL parameters: [2021-08-16 12:28:10.056157] perf [2021-08-16 12:28:10.056176] --no-shconf [2021-08-16 12:28:10.056180] -c 0xFFFF [2021-08-16 12:28:10.056210] --no-pci [2021-08-16 12:28:10.056233] --log-level=lib.eal:6 [2021-08-16 12:28:10.056238] --log-level=lib.cryptodev:5 [2021-08-16 12:28:10.056244] --log-level=user1:6 [2021-08-16 12:28:10.056249] --base-virtaddr=0x200000000000 [2021-08-16 12:28:10.056255] --match-allocations [2021-08-16 12:28:10.056260] --file-prefix=spdk_pid179388 [2021-08-16 12:28:10.056266] ]
 1: EAL: No available 1048576 kB hugepages reported
 1: EAL: No free 2048 kB hugepages reported on node 1
 7: EAL: No available 1048576 kB hugepages reported
 7: EAL: No free 2048 kB hugepages reported on node 1
 1: TELEMETRY: No legacy callbacks, legacy socket not created
 7: TELEMETRY: No legacy callbacks, legacy socket not created
 1: !!!! max_wqe_sz_sq:1024
 1: !!!! max_wqe_sz_rq:512
 1: !!!! max_wqe_sz_sq_dc:256
 1: !!!! max_wqe_sz_sq:1024
 1: !!!! max_wqe_sz_rq:512
 1: !!!! max_wqe_sz_sq_dc:256
 1: !!!! max_wqe_sz_sq:1024
 1: !!!! max_wqe_sz_rq:512
 1: !!!! max_wqe_sz_sq_dc:256
 7: !!!! max_wqe_sz_sq:1024
 7: !!!! max_wqe_sz_rq:512
 7: !!!! max_wqe_sz_sq_dc:256
 1: !!!! max_wqe_sz_sq:1024
 1: !!!! max_wqe_sz_rq:512
 1: !!!! max_wqe_sz_sq_dc:256
 7: !!!! max_wqe_sz_sq:1024
 7: !!!! max_wqe_sz_rq:512
 7: !!!! max_wqe_sz_sq_dc:256
 1: !!!! max_wqe_sz_sq:1024
 1: !!!! max_wqe_sz_rq:512
 1: !!!! max_wqe_sz_sq_dc:256
 1: !!!! max_wqe_sz_sq:1024
 1: !!!! max_wqe_sz_rq:512
 1: !!!! max_wqe_sz_sq_dc:256
 7: !!!! max_wqe_sz_sq:1024
 7: !!!! max_wqe_sz_rq:512
 7: !!!! max_wqe_sz_sq_dc:256
 7: !!!! max_wqe_sz_sq:1024
 7: !!!! max_wqe_sz_rq:512
 7: !!!! max_wqe_sz_sq_dc:256
 7: !!!! max_wqe_sz_sq:1024
 7: !!!! max_wqe_sz_rq:512
 7: !!!! max_wqe_sz_sq_dc:256
 7: !!!! max_wqe_sz_sq:1024
 7: !!!! max_wqe_sz_rq:512
 7: !!!! max_wqe_sz_sq_dc:256
10: 
13: 
10: Got servers list: 172.24.0.2
10: sudo env LD_LIBRARY_PATH=/labhome/denisn/dc/rdma-core/build/lib /labhome/denisn/dc/spdk_release/install/bin/spdk_nvme_perf 	 --srq-depth 128 -r "trtype:rdma adrfam:ipv4 traddr:172.24.0.2 trsvcid:4420" 	 -c 0xFFFF -q 1 -o 4096 -w randread -t 10 	  2>&1 | tee -a /hpc/local/work/denisn/dc/spdk/dc_testing/job.59998/perf.10.log
13: Got servers list: 172.24.0.2
13: sudo env LD_LIBRARY_PATH=/labhome/denisn/dc/rdma-core/build/lib /labhome/denisn/dc/spdk_release/install/bin/spdk_nvme_perf 	 --srq-depth 128 -r "trtype:rdma adrfam:ipv4 traddr:172.24.0.2 trsvcid:4420" 	 -c 0xFFFF -q 1 -o 4096 -w randread -t 10 	  2>&1 | tee -a /hpc/local/work/denisn/dc/spdk/dc_testing/job.59998/perf.13.log
16: 
16: Got servers list: 172.24.0.2
 8: 
16: sudo env LD_LIBRARY_PATH=/labhome/denisn/dc/rdma-core/build/lib /labhome/denisn/dc/spdk_release/install/bin/spdk_nvme_perf 	 --srq-depth 128 -r "trtype:rdma adrfam:ipv4 traddr:172.24.0.2 trsvcid:4420" 	 -c 0xFFFF -q 1 -o 4096 -w randread -t 10 	  2>&1 | tee -a /hpc/local/work/denisn/dc/spdk/dc_testing/job.59998/perf.16.log
18: 
19: 
 8: Got servers list: 172.24.0.2
 8: sudo env LD_LIBRARY_PATH=/labhome/denisn/dc/rdma-core/build/lib /labhome/denisn/dc/spdk_release/install/bin/spdk_nvme_perf 	 --srq-depth 128 -r "trtype:rdma adrfam:ipv4 traddr:172.24.0.2 trsvcid:4420" 	 -c 0xFFFF -q 1 -o 4096 -w randread -t 10 	  2>&1 | tee -a /hpc/local/work/denisn/dc/spdk/dc_testing/job.59998/perf.8.log
18: Got servers list: 172.24.0.2
18: sudo env LD_LIBRARY_PATH=/labhome/denisn/dc/rdma-core/build/lib /labhome/denisn/dc/spdk_release/install/bin/spdk_nvme_perf 	 --srq-depth 128 -r "trtype:rdma adrfam:ipv4 traddr:172.24.0.2 trsvcid:4420" 	 -c 0xFFFF -q 1 -o 4096 -w randread -t 10 	  2>&1 | tee -a /hpc/local/work/denisn/dc/spdk/dc_testing/job.59998/perf.18.log
19: Got servers list: 172.24.0.2
19: sudo env LD_LIBRARY_PATH=/labhome/denisn/dc/rdma-core/build/lib /labhome/denisn/dc/spdk_release/install/bin/spdk_nvme_perf 	 --srq-depth 128 -r "trtype:rdma adrfam:ipv4 traddr:172.24.0.2 trsvcid:4420" 	 -c 0xFFFF -q 1 -o 4096 -w randread -t 10 	  2>&1 | tee -a /hpc/local/work/denisn/dc/spdk/dc_testing/job.59998/perf.19.log
15: 
11: 
15: Got servers list: 172.24.0.2
15: sudo env LD_LIBRARY_PATH=/labhome/denisn/dc/rdma-core/build/lib /labhome/denisn/dc/spdk_release/install/bin/spdk_nvme_perf 	 --srq-depth 128 -r "trtype:rdma adrfam:ipv4 traddr:172.24.0.2 trsvcid:4420" 	 -c 0xFFFF -q 1 -o 4096 -w randread -t 10 	  2>&1 | tee -a /hpc/local/work/denisn/dc/spdk/dc_testing/job.59998/perf.15.log
11: Got servers list: 172.24.0.2
11: sudo env LD_LIBRARY_PATH=/labhome/denisn/dc/rdma-core/build/lib /labhome/denisn/dc/spdk_release/install/bin/spdk_nvme_perf 	 --srq-depth 128 -r "trtype:rdma adrfam:ipv4 traddr:172.24.0.2 trsvcid:4420" 	 -c 0xFFFF -q 1 -o 4096 -w randread -t 10 	  2>&1 | tee -a /hpc/local/work/denisn/dc/spdk/dc_testing/job.59998/perf.11.log
18: [2021-08-16 12:28:10.361893] Starting SPDK v21.04 git sha1 8016710 / DPDK 21.05.0 initialization...
18: [2021-08-16 12:28:10.361989] [ DPDK EAL parameters: [2021-08-16 12:28:10.361997] perf [2021-08-16 12:28:10.362002] --no-shconf [2021-08-16 12:28:10.362033] -c 0xFFFF [2021-08-16 12:28:10.362042] --no-pci [2021-08-16 12:28:10.362049] --log-level=lib.eal:6 [2021-08-16 12:28:10.362056] --log-level=lib.cryptodev:5 [2021-08-16 12:28:10.362062] --log-level=user1:6 [2021-08-16 12:28:10.362067] --base-virtaddr=0x200000000000 [2021-08-16 12:28:10.362074] --match-allocations [2021-08-16 12:28:10.362078] --file-prefix=spdk_pid59481 [2021-08-16 12:28:10.362084] ]
18: EAL: No available 1048576 kB hugepages reported
18: EAL: No free 2048 kB hugepages reported on node 1
18: TELEMETRY: No legacy callbacks, legacy socket not created
17: [2021-08-16 12:28:10.387953] Starting SPDK v21.04 git sha1 8016710 / DPDK 21.05.0 initialization...
17: [2021-08-16 12:28:10.388025] [ DPDK EAL parameters: [2021-08-16 12:28:10.388031] perf [2021-08-16 12:28:10.388036] --no-shconf [2021-08-16 12:28:10.388058] -c 0xFFFF [2021-08-16 12:28:10.388065] --no-pci [2021-08-16 12:28:10.388070] --log-level=lib.eal:6 [2021-08-16 12:28:10.388077] --log-level=lib.cryptodev:5 [2021-08-16 12:28:10.388081] --log-level=user1:6 [2021-08-16 12:28:10.388087] --base-virtaddr=0x200000000000 [2021-08-16 12:28:10.388094] --match-allocations [2021-08-16 12:28:10.388100] --file-prefix=spdk_pid114940 [2021-08-16 12:28:10.388106] ]
 9: [2021-08-16 12:28:10.390204] Starting SPDK v21.04 git sha1 8016710 / DPDK 21.05.0 initialization...
 9: [2021-08-16 12:28:10.390265] [ DPDK EAL parameters: [2021-08-16 12:28:10.390274] perf [2021-08-16 12:28:10.390279] --no-shconf [2021-08-16 12:28:10.390286] -c 0xFFFF [2021-08-16 12:28:10.390300] --no-pci [2021-08-16 12:28:10.390306] --log-level=lib.eal:6 [2021-08-16 12:28:10.390311] --log-level=lib.cryptodev:5 [2021-08-16 12:28:10.390317] --log-level=user1:6 [2021-08-16 12:28:10.390322] --base-virtaddr=0x200000000000 [2021-08-16 12:28:10.390328] --match-allocations [2021-08-16 12:28:10.390333] --file-prefix=spdk_pid23917 [2021-08-16 12:28:10.390339] ]
17: EAL: No available 1048576 kB hugepages reported
17: EAL: No free 2048 kB hugepages reported on node 1
 9: EAL: No available 1048576 kB hugepages reported
 9: EAL: No free 2048 kB hugepages reported on node 1
15: [2021-08-16 12:28:10.400765] Starting SPDK v21.04 git sha1 8016710 / DPDK 21.05.0 initialization...
15: [2021-08-16 12:28:10.400826] [ DPDK EAL parameters: [2021-08-16 12:28:10.400835] perf [2021-08-16 12:28:10.400842] --no-shconf [2021-08-16 12:28:10.400849] -c 0xFFFF [2021-08-16 12:28:10.400853] --no-pci [2021-08-16 12:28:10.400860] --log-level=lib.eal:6 [2021-08-16 12:28:10.400866] --log-level=lib.cryptodev:5 [2021-08-16 12:28:10.400872] --log-level=user1:6 [2021-08-16 12:28:10.400878] --base-virtaddr=0x200000000000 [2021-08-16 12:28:10.400885] --match-allocations [2021-08-16 12:28:10.400891] --file-prefix=spdk_pid128749 [2021-08-16 12:28:10.400897] ]
17: TELEMETRY: No legacy callbacks, legacy socket not created
15: EAL: No available 1048576 kB hugepages reported
15: EAL: No free 2048 kB hugepages reported on node 1
 9: TELEMETRY: No legacy callbacks, legacy socket not created
15: TELEMETRY: No legacy callbacks, legacy socket not created
18: !!!! max_wqe_sz_sq:1024
18: !!!! max_wqe_sz_rq:512
18: !!!! max_wqe_sz_sq_dc:256
18: !!!! max_wqe_sz_sq:1024
18: !!!! max_wqe_sz_rq:512
18: !!!! max_wqe_sz_sq_dc:256
18: !!!! max_wqe_sz_sq:1024
18: !!!! max_wqe_sz_rq:512
18: !!!! max_wqe_sz_sq_dc:256
18: !!!! max_wqe_sz_sq:1024
18: !!!! max_wqe_sz_rq:512
18: !!!! max_wqe_sz_sq_dc:256
18: !!!! max_wqe_sz_sq:1024
18: !!!! max_wqe_sz_rq:512
18: !!!! max_wqe_sz_sq_dc:256
18: !!!! max_wqe_sz_sq:1024
18: !!!! max_wqe_sz_rq:512
18: !!!! max_wqe_sz_sq_dc:256
 6: 
 6: Got servers list: 172.24.0.2
 6: sudo env LD_LIBRARY_PATH=/labhome/denisn/dc/rdma-core/build/lib /labhome/denisn/dc/spdk_release/install/bin/spdk_nvme_perf 	 --srq-depth 128 -r "trtype:rdma adrfam:ipv4 traddr:172.24.0.2 trsvcid:4420" 	 -c 0xFFFF -q 1 -o 4096 -w randread -t 10 	  2>&1 | tee -a /hpc/local/work/denisn/dc/spdk/dc_testing/job.59998/perf.6.log
17: !!!! max_wqe_sz_sq:1024
17: !!!! max_wqe_sz_rq:512
17: !!!! max_wqe_sz_sq_dc:256
17: !!!! max_wqe_sz_sq:1024
17: !!!! max_wqe_sz_rq:512
17: !!!! max_wqe_sz_sq_dc:256
17: !!!! max_wqe_sz_sq:1024
17: !!!! max_wqe_sz_rq:512
17: !!!! max_wqe_sz_sq_dc:256
17: !!!! max_wqe_sz_sq:1024
17: !!!! max_wqe_sz_rq:512
17: !!!! max_wqe_sz_sq_dc:256
17: !!!! max_wqe_sz_sq:1024
17: !!!! max_wqe_sz_rq:512
17: !!!! max_wqe_sz_sq_dc:256
17: !!!! max_wqe_sz_sq:1024
17: !!!! max_wqe_sz_rq:512
17: !!!! max_wqe_sz_sq_dc:256
 4: [2021-08-16 12:28:10.578306] Starting SPDK v21.04 git sha1 8016710 / DPDK 21.05.0 initialization...
 4: [2021-08-16 12:28:10.578381] [ DPDK EAL parameters: [2021-08-16 12:28:10.578389] perf [2021-08-16 12:28:10.578394] --no-shconf [2021-08-16 12:28:10.578399] -c 0xFFFF [2021-08-16 12:28:10.578405] --no-pci [2021-08-16 12:28:10.578412] --log-level=lib.eal:6 [2021-08-16 12:28:10.578417] --log-level=lib.cryptodev:5 [2021-08-16 12:28:10.578423] --log-level=user1:6 [2021-08-16 12:28:10.578428] --base-virtaddr=0x200000000000 [2021-08-16 12:28:10.578433] --match-allocations [2021-08-16 12:28:10.578438] --file-prefix=spdk_pid28788 [2021-08-16 12:28:10.578444] ]
 4: EAL: No available 1048576 kB hugepages reported
 4: EAL: No free 2048 kB hugepages reported on node 1
 9: !!!! max_wqe_sz_sq:1024
 9: !!!! max_wqe_sz_rq:512
 9: !!!! max_wqe_sz_sq_dc:256
 4: TELEMETRY: No legacy callbacks, legacy socket not created
 9: !!!! max_wqe_sz_sq:1024
 9: !!!! max_wqe_sz_rq:512
 9: !!!! max_wqe_sz_sq_dc:256
 9: !!!! max_wqe_sz_sq:1024
 9: !!!! max_wqe_sz_rq:512
 9: !!!! max_wqe_sz_sq_dc:256
 9: !!!! max_wqe_sz_sq:1024
 9: !!!! max_wqe_sz_rq:512
 9: !!!! max_wqe_sz_sq_dc:256
 9: !!!! max_wqe_sz_sq:1024
 9: !!!! max_wqe_sz_rq:512
 9: !!!! max_wqe_sz_sq_dc:256
 5: [2021-08-16 12:28:10.615550] Starting SPDK v21.04 git sha1 8016710 / DPDK 21.05.0 initialization...
 5: [2021-08-16 12:28:10.615627] [ DPDK EAL parameters: [2021-08-16 12:28:10.615636] perf [2021-08-16 12:28:10.615649] --no-shconf [2021-08-16 12:28:10.615653] -c 0xFFFF [2021-08-16 12:28:10.615660] --no-pci [2021-08-16 12:28:10.615669] --log-level=lib.eal:6 [2021-08-16 12:28:10.615675] --log-level=lib.cryptodev:5 [2021-08-16 12:28:10.615681] --log-level=user1:6 [2021-08-16 12:28:10.615687] --base-virtaddr=0x200000000000 [2021-08-16 12:28:10.615693] --match-allocations [2021-08-16 12:28:10.615698] --file-prefix=spdk_pid178910 [2021-08-16 12:28:10.615704] ]
 9: !!!! max_wqe_sz_sq:1024
 9: !!!! max_wqe_sz_rq:512
 9: !!!! max_wqe_sz_sq_dc:256
15: !!!! max_wqe_sz_sq:1024
15: !!!! max_wqe_sz_rq:512
15: !!!! max_wqe_sz_sq_dc:256
15: !!!! max_wqe_sz_sq:1024
15: !!!! max_wqe_sz_rq:512
15: !!!! max_wqe_sz_sq_dc:256
 5: EAL: No available 1048576 kB hugepages reported
 5: EAL: No free 2048 kB hugepages reported on node 1
15: !!!! max_wqe_sz_sq:1024
15: !!!! max_wqe_sz_rq:512
15: !!!! max_wqe_sz_sq_dc:256
15: !!!! max_wqe_sz_sq:1024
15: !!!! max_wqe_sz_rq:512
15: !!!! max_wqe_sz_sq_dc:256
15: !!!! max_wqe_sz_sq:1024
15: !!!! max_wqe_sz_rq:512
15: !!!! max_wqe_sz_sq_dc:256
15: !!!! max_wqe_sz_sq:1024
15: !!!! max_wqe_sz_rq:512
15: !!!! max_wqe_sz_sq_dc:256
 5: TELEMETRY: No legacy callbacks, legacy socket not created
12: [2021-08-16 12:28:10.642713] Starting SPDK v21.04 git sha1 8016710 / DPDK 21.05.0 initialization...
12: [2021-08-16 12:28:10.642782] [ DPDK EAL parameters: [2021-08-16 12:28:10.642789] perf [2021-08-16 12:28:10.642811] --no-shconf [2021-08-16 12:28:10.642819] -c 0xFFFF [2021-08-16 12:28:10.642823] --no-pci [2021-08-16 12:28:10.642830] --log-level=lib.eal:6 [2021-08-16 12:28:10.642834] --log-level=lib.cryptodev:5 [2021-08-16 12:28:10.642841] --log-level=user1:6 [2021-08-16 12:28:10.642845] --base-virtaddr=0x200000000000 [2021-08-16 12:28:10.642851] --match-allocations [2021-08-16 12:28:10.642857] --file-prefix=spdk_pid696 [2021-08-16 12:28:10.642863] ]
12: EAL: No available 1048576 kB hugepages reported
12: EAL: No free 2048 kB hugepages reported on node 1
13: [2021-08-16 12:28:10.662551] Starting SPDK v21.04 git sha1 8016710 / DPDK 21.05.0 initialization...
13: [2021-08-16 12:28:10.662611] [ DPDK EAL parameters: [2021-08-16 12:28:10.662618] perf [2021-08-16 12:28:10.662623] --no-shconf [2021-08-16 12:28:10.662628] -c 0xFFFF [2021-08-16 12:28:10.662653] --no-pci [2021-08-16 12:28:10.662658] --log-level=lib.eal:6 [2021-08-16 12:28:10.662662] --log-level=lib.cryptodev:5 [2021-08-16 12:28:10.662667] --log-level=user1:6 [2021-08-16 12:28:10.662683] --base-virtaddr=0x200000000000 [2021-08-16 12:28:10.662688] --match-allocations [2021-08-16 12:28:10.662694] --file-prefix=spdk_pid4674 [2021-08-16 12:28:10.662699] ]
 3: [2021-08-16 12:28:10.663248] Starting SPDK v21.04 git sha1 8016710 / DPDK 21.05.0 initialization...
 3: [2021-08-16 12:28:10.663331] [ DPDK EAL parameters: [2021-08-16 12:28:10.663338] perf [2021-08-16 12:28:10.663343] --no-shconf [2021-08-16 12:28:10.663364] -c 0xFFFF [2021-08-16 12:28:10.663370] --no-pci [2021-08-16 12:28:10.663377] --log-level=lib.eal:6 [2021-08-16 12:28:10.663381] --log-level=lib.cryptodev:5 [2021-08-16 12:28:10.663387] --log-level=user1:6 [2021-08-16 12:28:10.663392] --base-virtaddr=0x200000000000 [2021-08-16 12:28:10.663398] --match-allocations [2021-08-16 12:28:10.663402] --file-prefix=spdk_pid100656 [2021-08-16 12:28:10.663408] ]
12: TELEMETRY: No legacy callbacks, legacy socket not created
13: EAL: No available 1048576 kB hugepages reported
13: EAL: No free 2048 kB hugepages reported on node 1
 3: EAL: No available 1048576 kB hugepages reported
 3: EAL: No free 2048 kB hugepages reported on node 1
 6: [2021-08-16 12:28:10.682879] Starting SPDK v21.04 git sha1 8016710 / DPDK 21.05.0 initialization...
 6: [2021-08-16 12:28:10.682961] [ DPDK EAL parameters: [2021-08-16 12:28:10.682969] perf [2021-08-16 12:28:10.682974] --no-shconf [2021-08-16 12:28:10.682987] -c 0xFFFF [2021-08-16 12:28:10.682992] --no-pci [2021-08-16 12:28:10.682999] --log-level=lib.eal:6 [2021-08-16 12:28:10.683004] --log-level=lib.cryptodev:5 [2021-08-16 12:28:10.683010] --log-level=user1:6 [2021-08-16 12:28:10.683014] --base-virtaddr=0x200000000000 [2021-08-16 12:28:10.683020] --match-allocations [2021-08-16 12:28:10.683025] --file-prefix=spdk_pid11732 [2021-08-16 12:28:10.683031] ]
13: TELEMETRY: No legacy callbacks, legacy socket not created
 3: TELEMETRY: No legacy callbacks, legacy socket not created
 6: EAL: No available 1048576 kB hugepages reported
 6: EAL: No free 2048 kB hugepages reported on node 1
 6: TELEMETRY: No legacy callbacks, legacy socket not created
 5: !!!! max_wqe_sz_sq:1024
 5: !!!! max_wqe_sz_rq:512
 5: !!!! max_wqe_sz_sq_dc:256
 5: !!!! max_wqe_sz_sq:1024
 5: !!!! max_wqe_sz_rq:512
 5: !!!! max_wqe_sz_sq_dc:256
 5: !!!! max_wqe_sz_sq:1024
 5: !!!! max_wqe_sz_rq:512
 5: !!!! max_wqe_sz_sq_dc:256
 5: !!!! max_wqe_sz_sq:1024
 5: !!!! max_wqe_sz_rq:512
 5: !!!! max_wqe_sz_sq_dc:256
 5: !!!! max_wqe_sz_sq:1024
 5: !!!! max_wqe_sz_rq:512
 5: !!!! max_wqe_sz_sq_dc:256
 5: !!!! max_wqe_sz_sq:1024
 5: !!!! max_wqe_sz_rq:512
 5: !!!! max_wqe_sz_sq_dc:256
12: !!!! max_wqe_sz_sq:1024
12: !!!! max_wqe_sz_rq:512
12: !!!! max_wqe_sz_sq_dc:256
12: !!!! max_wqe_sz_sq:1024
12: !!!! max_wqe_sz_rq:512
12: !!!! max_wqe_sz_sq_dc:256
12: !!!! max_wqe_sz_sq:1024
12: !!!! max_wqe_sz_rq:512
12: !!!! max_wqe_sz_sq_dc:256
12: !!!! max_wqe_sz_sq:1024
12: !!!! max_wqe_sz_rq:512
12: !!!! max_wqe_sz_sq_dc:256
12: !!!! max_wqe_sz_sq:1024
12: !!!! max_wqe_sz_rq:512
12: !!!! max_wqe_sz_sq_dc:256
12: !!!! max_wqe_sz_sq:1024
12: !!!! max_wqe_sz_rq:512
12: !!!! max_wqe_sz_sq_dc:256
 0: [2021-08-16 12:28:10.807105] Starting SPDK v21.04 git sha1 8016710 / DPDK 21.05.0 initialization...
 0: [2021-08-16 12:28:10.807168] [ DPDK EAL parameters: [2021-08-16 12:28:10.807191] perf [2021-08-16 12:28:10.807198] --no-shconf [2021-08-16 12:28:10.807202] -c 0xFFFF [2021-08-16 12:28:10.807207] --no-pci [2021-08-16 12:28:10.807211] --log-level=lib.eal:6 [2021-08-16 12:28:10.807216] --log-level=lib.cryptodev:5 [2021-08-16 12:28:10.807220] --log-level=user1:6 [2021-08-16 12:28:10.807238] --base-virtaddr=0x200000000000 [2021-08-16 12:28:10.807261] --match-allocations [2021-08-16 12:28:10.807265] --file-prefix=spdk_pid120450 [2021-08-16 12:28:10.807270] ]
10: [2021-08-16 12:28:10.814285] Starting SPDK v21.04 git sha1 8016710 / DPDK 21.05.0 initialization...
10: [2021-08-16 12:28:10.814343] [ DPDK EAL parameters: [2021-08-16 12:28:10.814351] perf [2021-08-16 12:28:10.814355] --no-shconf [2021-08-16 12:28:10.814360] -c 0xFFFF [2021-08-16 12:28:10.814364] --no-pci [2021-08-16 12:28:10.814369] --log-level=lib.eal:6 [2021-08-16 12:28:10.814373] --log-level=lib.cryptodev:5 [2021-08-16 12:28:10.814382] --log-level=user1:6 [2021-08-16 12:28:10.814388] --base-virtaddr=0x200000000000 [2021-08-16 12:28:10.814395] --match-allocations [2021-08-16 12:28:10.814401] --file-prefix=spdk_pid65385 [2021-08-16 12:28:10.814407] ]
 0: EAL: No available 1048576 kB hugepages reported
 0: EAL: No free 2048 kB hugepages reported on node 1
 3: !!!! max_wqe_sz_sq:1024
 3: !!!! max_wqe_sz_rq:512
 3: !!!! max_wqe_sz_sq_dc:256
 3: !!!! max_wqe_sz_sq:1024
 3: !!!! max_wqe_sz_rq:512
 3: !!!! max_wqe_sz_sq_dc:256
10: EAL: No available 1048576 kB hugepages reported
10: EAL: No free 2048 kB hugepages reported on node 1
 3: !!!! max_wqe_sz_sq:1024
 3: !!!! max_wqe_sz_rq:512
 3: !!!! max_wqe_sz_sq_dc:256
 0: TELEMETRY: No legacy callbacks, legacy socket not created
 3: !!!! max_wqe_sz_sq:1024
 3: !!!! max_wqe_sz_rq:512
 3: !!!! max_wqe_sz_sq_dc:256
10: TELEMETRY: No legacy callbacks, legacy socket not created
 3: !!!! max_wqe_sz_sq:1024
 3: !!!! max_wqe_sz_rq:512
 3: !!!! max_wqe_sz_sq_dc:256
 3: !!!! max_wqe_sz_sq:1024
 3: !!!! max_wqe_sz_rq:512
 3: !!!! max_wqe_sz_sq_dc:256
16: [2021-08-16 12:28:10.853424] Starting SPDK v21.04 git sha1 8016710 / DPDK 21.05.0 initialization...
16: [2021-08-16 12:28:10.853483] [ DPDK EAL parameters: [2021-08-16 12:28:10.853509] perf [2021-08-16 12:28:10.853515] --no-shconf [2021-08-16 12:28:10.853521] -c 0xFFFF [2021-08-16 12:28:10.853525] --no-pci [2021-08-16 12:28:10.853531] --log-level=lib.eal:6 [2021-08-16 12:28:10.853536] --log-level=lib.cryptodev:5 [2021-08-16 12:28:10.853542] --log-level=user1:6 [2021-08-16 12:28:10.853548] --base-virtaddr=0x200000000000 [2021-08-16 12:28:10.853554] --match-allocations [2021-08-16 12:28:10.853559] --file-prefix=spdk_pid74720 [2021-08-16 12:28:10.853563] ]
 8: [2021-08-16 12:28:10.855586] Starting SPDK v21.04 git sha1 8016710 / DPDK 21.05.0 initialization...
 8: [2021-08-16 12:28:10.855662] [ DPDK EAL parameters: [2021-08-16 12:28:10.855669] perf [2021-08-16 12:28:10.855691] --no-shconf [2021-08-16 12:28:10.855697] -c 0xFFFF [2021-08-16 12:28:10.855705] --no-pci [2021-08-16 12:28:10.855710] --log-level=lib.eal:6 [2021-08-16 12:28:10.855725] --log-level=lib.cryptodev:5 [2021-08-16 12:28:10.855732] --log-level=user1:6 [2021-08-16 12:28:10.855736] --base-virtaddr=0x200000000000 [2021-08-16 12:28:10.855742] --match-allocations [2021-08-16 12:28:10.855747] --file-prefix=spdk_pid97437 [2021-08-16 12:28:10.855753] ]
16: EAL: No available 1048576 kB hugepages reported
16: EAL: No free 2048 kB hugepages reported on node 1
 8: EAL: No available 1048576 kB hugepages reported
 8: EAL: No free 2048 kB hugepages reported on node 1
 8: TELEMETRY: No legacy callbacks, legacy socket not created
16: TELEMETRY: No legacy callbacks, legacy socket not created
19: [2021-08-16 12:28:10.889223] Starting SPDK v21.04 git sha1 8016710 / DPDK 21.05.0 initialization...
19: [2021-08-16 12:28:10.889299] [ DPDK EAL parameters: [2021-08-16 12:28:10.889322] perf [2021-08-16 12:28:10.889327] --no-shconf [2021-08-16 12:28:10.889334] -c 0xFFFF [2021-08-16 12:28:10.889339] --no-pci [2021-08-16 12:28:10.889345] --log-level=lib.eal:6 [2021-08-16 12:28:10.889350] --log-level=lib.cryptodev:5 [2021-08-16 12:28:10.889356] --log-level=user1:6 [2021-08-16 12:28:10.889363] --base-virtaddr=0x200000000000 [2021-08-16 12:28:10.889369] --match-allocations [2021-08-16 12:28:10.889373] --file-prefix=spdk_pid116117 [2021-08-16 12:28:10.889379] ]
19: EAL: No available 1048576 kB hugepages reported
19: EAL: No free 2048 kB hugepages reported on node 1
19: TELEMETRY: No legacy callbacks, legacy socket not created
 0: !!!! max_wqe_sz_sq:1024
 0: !!!! max_wqe_sz_rq:512
 0: !!!! max_wqe_sz_sq_dc:256
 0: !!!! max_wqe_sz_sq:1024
 0: !!!! max_wqe_sz_rq:512
 0: !!!! max_wqe_sz_sq_dc:256
 0: !!!! max_wqe_sz_sq:1024
 0: !!!! max_wqe_sz_rq:512
 0: !!!! max_wqe_sz_sq_dc:256
 0: !!!! max_wqe_sz_sq:1024
 0: !!!! max_wqe_sz_rq:512
 0: !!!! max_wqe_sz_sq_dc:256
 0: !!!! max_wqe_sz_sq:1024
 0: !!!! max_wqe_sz_rq:512
 0: !!!! max_wqe_sz_sq_dc:256
 0: !!!! max_wqe_sz_sq:1024
 0: !!!! max_wqe_sz_rq:512
 0: !!!! max_wqe_sz_sq_dc:256
10: !!!! max_wqe_sz_sq:1024
10: !!!! max_wqe_sz_rq:512
10: !!!! max_wqe_sz_sq_dc:256
10: !!!! max_wqe_sz_sq:1024
10: !!!! max_wqe_sz_rq:512
10: !!!! max_wqe_sz_sq_dc:256
10: !!!! max_wqe_sz_sq:1024
10: !!!! max_wqe_sz_rq:512
10: !!!! max_wqe_sz_sq_dc:256
10: !!!! max_wqe_sz_sq:1024
10: !!!! max_wqe_sz_rq:512
10: !!!! max_wqe_sz_sq_dc:256
10: !!!! max_wqe_sz_sq:1024
10: !!!! max_wqe_sz_rq:512
10: !!!! max_wqe_sz_sq_dc:256
10: !!!! max_wqe_sz_sq:1024
10: !!!! max_wqe_sz_rq:512
10: !!!! max_wqe_sz_sq_dc:256
 8: !!!! max_wqe_sz_sq:1024
 8: !!!! max_wqe_sz_rq:512
 8: !!!! max_wqe_sz_sq_dc:256
 8: !!!! max_wqe_sz_sq:1024
 8: !!!! max_wqe_sz_rq:512
 8: !!!! max_wqe_sz_sq_dc:256
 8: !!!! max_wqe_sz_sq:1024
 8: !!!! max_wqe_sz_rq:512
 8: !!!! max_wqe_sz_sq_dc:256
 8: !!!! max_wqe_sz_sq:1024
 8: !!!! max_wqe_sz_rq:512
 8: !!!! max_wqe_sz_sq_dc:256
 8: !!!! max_wqe_sz_sq:1024
 8: !!!! max_wqe_sz_rq:512
 8: !!!! max_wqe_sz_sq_dc:256
 8: !!!! max_wqe_sz_sq:1024
 8: !!!! max_wqe_sz_rq:512
 8: !!!! max_wqe_sz_sq_dc:256
19: !!!! max_wqe_sz_sq:1024
19: !!!! max_wqe_sz_rq:512
19: !!!! max_wqe_sz_sq_dc:256
19: !!!! max_wqe_sz_sq:1024
19: !!!! max_wqe_sz_rq:512
19: !!!! max_wqe_sz_sq_dc:256
13: !!!! max_wqe_sz_sq:1024
13: !!!! max_wqe_sz_rq:512
13: !!!! max_wqe_sz_sq_dc:256
13: !!!! max_wqe_sz_sq:1024
13: !!!! max_wqe_sz_rq:512
13: !!!! max_wqe_sz_sq_dc:256
19: !!!! max_wqe_sz_sq:1024
19: !!!! max_wqe_sz_rq:512
19: !!!! max_wqe_sz_sq_dc:256
19: !!!! max_wqe_sz_sq:1024
19: !!!! max_wqe_sz_rq:512
19: !!!! max_wqe_sz_sq_dc:256
13: !!!! max_wqe_sz_sq:1024
13: !!!! max_wqe_sz_rq:512
13: !!!! max_wqe_sz_sq_dc:256
19: !!!! max_wqe_sz_sq:1024
19: !!!! max_wqe_sz_rq:512
19: !!!! max_wqe_sz_sq_dc:256
19: !!!! max_wqe_sz_sq:1024
19: !!!! max_wqe_sz_rq:512
19: !!!! max_wqe_sz_sq_dc:256
14: [2021-08-16 12:28:11.060177] Starting SPDK v21.04 git sha1 8016710 / DPDK 21.05.0 initialization...
14: [2021-08-16 12:28:11.060267] [ DPDK EAL parameters: [2021-08-16 12:28:11.060274] perf [2021-08-16 12:28:11.060279] --no-shconf [2021-08-16 12:28:11.060308] -c 0xFFFF [2021-08-16 12:28:11.060316] --no-pci [2021-08-16 12:28:11.060323] --log-level=lib.eal:6 [2021-08-16 12:28:11.060328] --log-level=lib.cryptodev:5 [2021-08-16 12:28:11.060334] --log-level=user1:6 [2021-08-16 12:28:11.060339] --base-virtaddr=0x200000000000 [2021-08-16 12:28:11.060345] --match-allocations [2021-08-16 12:28:11.060349] --file-prefix=spdk_pid153073 [2021-08-16 12:28:11.060355] ]
13: !!!! max_wqe_sz_sq:1024
13: !!!! max_wqe_sz_rq:512
13: !!!! max_wqe_sz_sq_dc:256
13: !!!! max_wqe_sz_sq:1024
13: !!!! max_wqe_sz_rq:512
13: !!!! max_wqe_sz_sq_dc:256
13: !!!! max_wqe_sz_sq:1024
13: !!!! max_wqe_sz_rq:512
13: !!!! max_wqe_sz_sq_dc:256
14: EAL: No available 1048576 kB hugepages reported
14: EAL: No free 2048 kB hugepages reported on node 1
14: TELEMETRY: No legacy callbacks, legacy socket not created
 6: !!!! max_wqe_sz_sq:1024
 6: !!!! max_wqe_sz_rq:512
 6: !!!! max_wqe_sz_sq_dc:256
 6: !!!! max_wqe_sz_sq:1024
 6: !!!! max_wqe_sz_rq:512
 6: !!!! max_wqe_sz_sq_dc:256
 6: !!!! max_wqe_sz_sq:1024
 6: !!!! max_wqe_sz_rq:512
 6: !!!! max_wqe_sz_sq_dc:256
 6: !!!! max_wqe_sz_sq:1024
 6: !!!! max_wqe_sz_rq:512
 6: !!!! max_wqe_sz_sq_dc:256
 6: !!!! max_wqe_sz_sq:1024
 6: !!!! max_wqe_sz_rq:512
 6: !!!! max_wqe_sz_sq_dc:256
 6: !!!! max_wqe_sz_sq:1024
 6: !!!! max_wqe_sz_rq:512
 6: !!!! max_wqe_sz_sq_dc:256
11: [2021-08-16 12:28:11.113259] Starting SPDK v21.04 git sha1 8016710 / DPDK 21.05.0 initialization...
11: [2021-08-16 12:28:11.113323] [ DPDK EAL parameters: [2021-08-16 12:28:11.113332] perf [2021-08-16 12:28:11.113346] --no-shconf [2021-08-16 12:28:11.113352] -c 0xFFFF [2021-08-16 12:28:11.113357] --no-pci [2021-08-16 12:28:11.113363] --log-level=lib.eal:6 [2021-08-16 12:28:11.113368] --log-level=lib.cryptodev:5 [2021-08-16 12:28:11.113374] --log-level=user1:6 [2021-08-16 12:28:11.113379] --base-virtaddr=0x200000000000 [2021-08-16 12:28:11.113385] --match-allocations [2021-08-16 12:28:11.113391] --file-prefix=spdk_pid146938 [2021-08-16 12:28:11.113396] ]
11: EAL: No available 1048576 kB hugepages reported
11: EAL: No free 2048 kB hugepages reported on node 1
11: TELEMETRY: No legacy callbacks, legacy socket not created
14: !!!! max_wqe_sz_sq:1024
14: !!!! max_wqe_sz_rq:512
14: !!!! max_wqe_sz_sq_dc:256
14: !!!! max_wqe_sz_sq:1024
14: !!!! max_wqe_sz_rq:512
14: !!!! max_wqe_sz_sq_dc:256
14: !!!! max_wqe_sz_sq:1024
14: !!!! max_wqe_sz_rq:512
14: !!!! max_wqe_sz_sq_dc:256
14: !!!! max_wqe_sz_sq:1024
14: !!!! max_wqe_sz_rq:512
14: !!!! max_wqe_sz_sq_dc:256
14: !!!! max_wqe_sz_sq:1024
14: !!!! max_wqe_sz_rq:512
14: !!!! max_wqe_sz_sq_dc:256
14: !!!! max_wqe_sz_sq:1024
14: !!!! max_wqe_sz_rq:512
14: !!!! max_wqe_sz_sq_dc:256
 2: [2021-08-16 12:28:11.246842] Starting SPDK v21.04 git sha1 8016710 / DPDK 21.05.0 initialization...
 2: [2021-08-16 12:28:11.246920] [ DPDK EAL parameters: [2021-08-16 12:28:11.246927] perf [2021-08-16 12:28:11.246950] --no-shconf [2021-08-16 12:28:11.246964] -c 0xFFFF [2021-08-16 12:28:11.246971] --no-pci [2021-08-16 12:28:11.246977] --log-level=lib.eal:6 [2021-08-16 12:28:11.246982] --log-level=lib.cryptodev:5 [2021-08-16 12:28:11.246988] --log-level=user1:6 [2021-08-16 12:28:11.246994] --base-virtaddr=0x200000000000 [2021-08-16 12:28:11.247000] --match-allocations [2021-08-16 12:28:11.247006] --file-prefix=spdk_pid161455 [2021-08-16 12:28:11.247012] ]
 4: !!!! max_wqe_sz_sq:1024
 4: !!!! max_wqe_sz_rq:512
 4: !!!! max_wqe_sz_sq_dc:256
 4: !!!! max_wqe_sz_sq:1024
 4: !!!! max_wqe_sz_rq:512
 4: !!!! max_wqe_sz_sq_dc:256
 2: EAL: No available 1048576 kB hugepages reported
 2: EAL: No free 2048 kB hugepages reported on node 1
 4: !!!! max_wqe_sz_sq:1024
 4: !!!! max_wqe_sz_rq:512
 4: !!!! max_wqe_sz_sq_dc:256
11: !!!! max_wqe_sz_sq:1024
11: !!!! max_wqe_sz_rq:512
11: !!!! max_wqe_sz_sq_dc:256
11: !!!! max_wqe_sz_sq:1024
11: !!!! max_wqe_sz_rq:512
11: !!!! max_wqe_sz_sq_dc:256
 4: !!!! max_wqe_sz_sq:1024
 4: !!!! max_wqe_sz_rq:512
 4: !!!! max_wqe_sz_sq_dc:256
 4: !!!! max_wqe_sz_sq:1024
 4: !!!! max_wqe_sz_rq:512
 4: !!!! max_wqe_sz_sq_dc:256
 4: !!!! max_wqe_sz_sq:1024
 4: !!!! max_wqe_sz_rq:512
 4: !!!! max_wqe_sz_sq_dc:256
11: !!!! max_wqe_sz_sq:1024
11: !!!! max_wqe_sz_rq:512
11: !!!! max_wqe_sz_sq_dc:256
 2: TELEMETRY: No legacy callbacks, legacy socket not created
11: !!!! max_wqe_sz_sq:1024
11: !!!! max_wqe_sz_rq:512
11: !!!! max_wqe_sz_sq_dc:256
11: !!!! max_wqe_sz_sq:1024
11: !!!! max_wqe_sz_rq:512
11: !!!! max_wqe_sz_sq_dc:256
11: !!!! max_wqe_sz_sq:1024
11: !!!! max_wqe_sz_rq:512
11: !!!! max_wqe_sz_sq_dc:256
 2: !!!! max_wqe_sz_sq:1024
 2: !!!! max_wqe_sz_rq:512
 2: !!!! max_wqe_sz_sq_dc:256
 2: !!!! max_wqe_sz_sq:1024
 2: !!!! max_wqe_sz_rq:512
 2: !!!! max_wqe_sz_sq_dc:256
 2: !!!! max_wqe_sz_sq:1024
 2: !!!! max_wqe_sz_rq:512
 2: !!!! max_wqe_sz_sq_dc:256
 2: !!!! max_wqe_sz_sq:1024
 2: !!!! max_wqe_sz_rq:512
 2: !!!! max_wqe_sz_sq_dc:256
 2: !!!! max_wqe_sz_sq:1024
 2: !!!! max_wqe_sz_rq:512
 2: !!!! max_wqe_sz_sq_dc:256
 2: !!!! max_wqe_sz_sq:1024
 2: !!!! max_wqe_sz_rq:512
 2: !!!! max_wqe_sz_sq_dc:256
16: !!!! max_wqe_sz_sq:1024
16: !!!! max_wqe_sz_rq:512
16: !!!! max_wqe_sz_sq_dc:256
16: !!!! max_wqe_sz_sq:1024
16: !!!! max_wqe_sz_rq:512
16: !!!! max_wqe_sz_sq_dc:256
16: !!!! max_wqe_sz_sq:1024
16: !!!! max_wqe_sz_rq:512
16: !!!! max_wqe_sz_sq_dc:256
16: !!!! max_wqe_sz_sq:1024
16: !!!! max_wqe_sz_rq:512
16: !!!! max_wqe_sz_sq_dc:256
16: !!!! max_wqe_sz_sq:1024
16: !!!! max_wqe_sz_rq:512
16: !!!! max_wqe_sz_sq_dc:256
16: !!!! max_wqe_sz_sq:1024
16: !!!! max_wqe_sz_rq:512
16: !!!! max_wqe_sz_sq_dc:256
 1: Initializing NVMe Controllers
 1: Attached to NVMe over Fabrics controller at 172.24.0.2:4420: nqn.2016-06.io.spdk:cnode1
 1: Controller attach time is 24520.218 us (58848524 ticks)
 1: Associating RDMA (addr:172.24.0.2 subnqn:nqn.2016-06.io.spdk:cnode1) NSID 1 with lcore 0
 1: Associating RDMA (addr:172.24.0.2 subnqn:nqn.2016-06.io.spdk:cnode1) NSID 1 with lcore 1
 1: Associating RDMA (addr:172.24.0.2 subnqn:nqn.2016-06.io.spdk:cnode1) NSID 1 with lcore 2
 1: Associating RDMA (addr:172.24.0.2 subnqn:nqn.2016-06.io.spdk:cnode1) NSID 1 with lcore 3
 1: Associating RDMA (addr:172.24.0.2 subnqn:nqn.2016-06.io.spdk:cnode1) NSID 1 with lcore 4
 1: Associating RDMA (addr:172.24.0.2 subnqn:nqn.2016-06.io.spdk:cnode1) NSID 1 with lcore 5
 1: Associating RDMA (addr:172.24.0.2 subnqn:nqn.2016-06.io.spdk:cnode1) NSID 1 with lcore 6
 1: Associating RDMA (addr:172.24.0.2 subnqn:nqn.2016-06.io.spdk:cnode1) NSID 1 with lcore 7
 1: Associating RDMA (addr:172.24.0.2 subnqn:nqn.2016-06.io.spdk:cnode1) NSID 1 with lcore 8
 1: Associating RDMA (addr:172.24.0.2 subnqn:nqn.2016-06.io.spdk:cnode1) NSID 1 with lcore 9
 1: Associating RDMA (addr:172.24.0.2 subnqn:nqn.2016-06.io.spdk:cnode1) NSID 1 with lcore 10
 1: Associating RDMA (addr:172.24.0.2 subnqn:nqn.2016-06.io.spdk:cnode1) NSID 1 with lcore 11
 1: Associating RDMA (addr:172.24.0.2 subnqn:nqn.2016-06.io.spdk:cnode1) NSID 1 with lcore 12
 1: Associating RDMA (addr:172.24.0.2 subnqn:nqn.2016-06.io.spdk:cnode1) NSID 1 with lcore 13
 1: Associating RDMA (addr:172.24.0.2 subnqn:nqn.2016-06.io.spdk:cnode1) NSID 1 with lcore 14
 1: Associating RDMA (addr:172.24.0.2 subnqn:nqn.2016-06.io.spdk:cnode1) NSID 1 with lcore 15
 1: Initialization complete. Launching workers.
 1: IO qp on core 3 total time 18472.593 us (44334224 ticks), connect time 8363.382 us (20072117 ticks)
 1: IO qp on core 0 total time 27422.550 us (65814119 ticks), connect time 16865.397 us (40476953 ticks)
 1: IO qp on core 1 total time 38208.518 us (91700442 ticks), connect time 26967.420 us (64721808 ticks)
 7: Initializing NVMe Controllers
 7: Attached to NVMe over Fabrics controller at 172.24.0.2:4420: nqn.2016-06.io.spdk:cnode1
 7: Controller attach time is 19748.272 us (47395854 ticks)
 7: Associating RDMA (addr:172.24.0.2 subnqn:nqn.2016-06.io.spdk:cnode1) NSID 1 with lcore 0
 7: Associating RDMA (addr:172.24.0.2 subnqn:nqn.2016-06.io.spdk:cnode1) NSID 1 with lcore 1
 7: Associating RDMA (addr:172.24.0.2 subnqn:nqn.2016-06.io.spdk:cnode1) NSID 1 with lcore 2
 7: Associating RDMA (addr:172.24.0.2 subnqn:nqn.2016-06.io.spdk:cnode1) NSID 1 with lcore 3
 7: Associating RDMA (addr:172.24.0.2 subnqn:nqn.2016-06.io.spdk:cnode1) NSID 1 with lcore 4
 7: Associating RDMA (addr:172.24.0.2 subnqn:nqn.2016-06.io.spdk:cnode1) NSID 1 with lcore 5
 7: Associating RDMA (addr:172.24.0.2 subnqn:nqn.2016-06.io.spdk:cnode1) NSID 1 with lcore 6
 7: Associating RDMA (addr:172.24.0.2 subnqn:nqn.2016-06.io.spdk:cnode1) NSID 1 with lcore 7
 7: Associating RDMA (addr:172.24.0.2 subnqn:nqn.2016-06.io.spdk:cnode1) NSID 1 with lcore 8
 1: IO qp on core 9 total time 46642.750 us (111942600 ticks), connect time 36430.838 us (87434010 ticks)
 1: IO qp on core 5 total time 57070.881 us (136970115 ticks), connect time 46671.802 us (112012326 ticks)
 1: IO qp on core 4 total time 66791.215 us (160298917 ticks), connect time 56392.532 us (135342076 ticks)
 1: IO qp on core 13 total time 76947.201 us (184673283 ticks), connect time 66530.780 us (159673872 ticks)
 1: IO qp on core 14 total time 87668.487 us (210404369 ticks), connect time 76734.993 us (184163984 ticks)
 1: IO qp on core 7 total time 96921.955 us (232612692 ticks), connect time 85847.494 us (206033985 ticks)
 1: IO qp on core 10 total time 106722.157 us (256133177 ticks), connect time 95711.701 us (229708082 ticks)
 1: IO qp on core 8 total time 116656.398 us (279975354 ticks), connect time 105585.878 us (253406106 ticks)
 1: IO qp on core 11 total time 126678.519 us (304028445 ticks), connect time 115522.999 us (277255197 ticks)
 7: Associating RDMA (addr:172.24.0.2 subnqn:nqn.2016-06.io.spdk:cnode1) NSID 1 with lcore 9
 7: Associating RDMA (addr:172.24.0.2 subnqn:nqn.2016-06.io.spdk:cnode1) NSID 1 with lcore 10
 7: Associating RDMA (addr:172.24.0.2 subnqn:nqn.2016-06.io.spdk:cnode1) NSID 1 with lcore 11
 7: Associating RDMA (addr:172.24.0.2 subnqn:nqn.2016-06.io.spdk:cnode1) NSID 1 with lcore 12
 7: Associating RDMA (addr:172.24.0.2 subnqn:nqn.2016-06.io.spdk:cnode1) NSID 1 with lcore 13
 7: Associating RDMA (addr:172.24.0.2 subnqn:nqn.2016-06.io.spdk:cnode1) NSID 1 with lcore 14
 7: Associating RDMA (addr:172.24.0.2 subnqn:nqn.2016-06.io.spdk:cnode1) NSID 1 with lcore 15
 7: Initialization complete. Launching workers.
 7: IO qp on core 2 total time 18894.708 us (45347298 ticks), connect time 8978.675 us (21548820 ticks)
 7: IO qp on core 1 total time 28610.360 us (68664864 ticks), connect time 18607.351 us (44657642 ticks)
 7: IO qp on core 3 total time 38035.801 us (91285923 ticks), connect time 27900.429 us (66961029 ticks)
 1: IO qp on core 12 total time 136720.431 us (328129034 ticks), connect time 125345.600 us (300829439 ticks)
 1: IO qp on core 6 total time 146508.448 us (351620275 ticks), connect time 135013.864 us (324033274 ticks)
 1: IO qp on core 15 total time 156656.402 us (375975366 ticks), connect time 145277.829 us (348666789 ticks)
 1: IO qp on core 2 total time 166851.421 us (400443410 ticks), connect time 155249.306 us (372598334 ticks)
 1: ========================================================
 1:                                                                                                                 Latency(us)
 1: Device Information                                                          :       IOPS      MiB/s    Average        min        max
 1: RDMA (addr:172.24.0.2 subnqn:nqn.2016-06.io.spdk:cnode1) NSID 1 from core  0:    6180.10      24.14     161.77       6.60    3116.93
 1: RDMA (addr:172.24.0.2 subnqn:nqn.2016-06.io.spdk:cnode1) NSID 1 from core  1:    6308.40      24.64     158.48       6.16    5644.19
 7: IO qp on core 4 total time 46599.226 us (111838143 ticks), connect time 36872.456 us (88493895 ticks)
 7: IO qp on core 0 total time 57098.913 us (137037391 ticks), connect time 46915.635 us (112597525 ticks)
 7: IO qp on core 6 total time 66702.685 us (160086444 ticks), connect time 56361.410 us (135267384 ticks)
 7: IO qp on core 5 total time 77130.231 us (185112555 ticks), connect time 66676.335 us (160023204 ticks)
 7: IO qp on core 7 total time 87799.139 us (210717933 ticks), connect time 77393.482 us (185744358 ticks)
 7: IO qp on core 13 total time 96789.717 us (232295322 ticks), connect time 86351.046 us (207242511 ticks)
 7: IO qp on core 9 total time 106614.819 us (255875565 ticks), connect time 95265.378 us (228636906 ticks)
 7: IO qp on core 8 total time 116462.508 us (279510018 ticks), connect time 105106.715 us (252256116 ticks)
 7: IO qp on core 14 total time 126666.183 us (303998839 ticks), connect time 115308.162 us (276739588 ticks)
 1: RDMA (addr:172.24.0.2 subnqn:nqn.2016-06.io.spdk:cnode1) NSID 1 from core  2:    6181.90      24.15     161.74       6.95    5625.16
 7: IO qp on core 10 total time 136684.774 us (328043458 ticks), connect time 124623.844 us (299097226 ticks)
 7: IO qp on core 11 total time 146643.069 us (351943366 ticks), connect time 134343.307 us (322423936 ticks)
 7: IO qp on core 12 total time 156460.987 us (375506369 ticks), connect time 144181.471 us (346035530 ticks)
 7: IO qp on core 15 total time 166895.581 us (400549395 ticks), connect time 154589.720 us (371015328 ticks)
 7: ========================================================
 7:                                                                                                                 Latency(us)
 7: Device Information                                                          :       IOPS      MiB/s    Average        min        max
 7: RDMA (addr:172.24.0.2 subnqn:nqn.2016-06.io.spdk:cnode1) NSID 1 from core  0:    6111.50      23.87     163.59       7.16    3292.05
 7: RDMA (addr:172.24.0.2 subnqn:nqn.2016-06.io.spdk:cnode1) NSID 1 from core  1:    6300.10      24.61     158.69       6.47    3098.82
 7: RDMA (addr:172.24.0.2 subnqn:nqn.2016-06.io.spdk:cnode1) NSID 1 from core  2:    6267.50      24.48     159.53       6.48    3287.30
 1: RDMA (addr:172.24.0.2 subnqn:nqn.2016-06.io.spdk:cnode1) NSID 1 from core  3:    6420.50      25.08     155.73       6.08    9039.13
 1: RDMA (addr:172.24.0.2 subnqn:nqn.2016-06.io.spdk:cnode1) NSID 1 from core  4:    6425.40      25.10     155.60       6.36    3591.44
 1: RDMA (addr:172.24.0.2 subnqn:nqn.2016-06.io.spdk:cnode1) NSID 1 from core  5:    6418.70      25.07     155.76       5.99    3573.95
 1: RDMA (addr:172.24.0.2 subnqn:nqn.2016-06.io.spdk:cnode1) NSID 1 from core  6:    6342.70      24.78     157.64       6.17    9055.37
 1: RDMA (addr:172.24.0.2 subnqn:nqn.2016-06.io.spdk:cnode1) NSID 1 from core  7:    6389.00      24.96     156.47       5.82    3115.21
 1: RDMA (addr:172.24.0.2 subnqn:nqn.2016-06.io.spdk:cnode1) NSID 1 from core  8:    6350.00      24.80     157.46       6.50    3379.40
 1: RDMA (addr:172.24.0.2 subnqn:nqn.2016-06.io.spdk:cnode1) NSID 1 from core  9:    6452.70      25.21     154.90       5.99    3374.40
 7: RDMA (addr:172.24.0.2 subnqn:nqn.2016-06.io.spdk:cnode1) NSID 1 from core  3:    6373.60      24.90     156.87       6.05    3551.80
 7: RDMA (addr:172.24.0.2 subnqn:nqn.2016-06.io.spdk:cnode1) NSID 1 from core  4:    6244.40      24.39     160.07       6.74    3295.52
 7: RDMA (addr:172.24.0.2 subnqn:nqn.2016-06.io.spdk:cnode1) NSID 1 from core  5:    6393.20      24.97     156.39       6.16    3578.19
 7: RDMA (addr:172.24.0.2 subnqn:nqn.2016-06.io.spdk:cnode1) NSID 1 from core  6:    6335.10      24.75     157.83       6.96    3577.95
 7: RDMA (addr:172.24.0.2 subnqn:nqn.2016-06.io.spdk:cnode1) NSID 1 from core  7:    6288.40      24.56     158.99       6.39    3112.66
 7: RDMA (addr:172.24.0.2 subnqn:nqn.2016-06.io.spdk:cnode1) NSID 1 from core  8:    6309.50      24.65     158.47       6.37    3305.97
 7: RDMA (addr:172.24.0.2 subnqn:nqn.2016-06.io.spdk:cnode1) NSID 1 from core  9:    6402.20      25.01     156.15       5.89    3552.64
 7: RDMA (addr:172.24.0.2 subnqn:nqn.2016-06.io.spdk:cnode1) NSID 1 from core 10:    6247.80      24.41     160.04       6.87    3556.34
 7: RDMA (addr:172.24.0.2 subnqn:nqn.2016-06.io.spdk:cnode1) NSID 1 from core 11:    6199.30      24.22     161.26       6.67    3286.88
 7: RDMA (addr:172.24.0.2 subnqn:nqn.2016-06.io.spdk:cnode1) NSID 1 from core 12:    6293.90      24.59     158.86       6.55    3096.45
 7: RDMA (addr:172.24.0.2 subnqn:nqn.2016-06.io.spdk:cnode1) NSID 1 from core 13:    6287.50      24.56     159.01       6.54    5627.79
 7: RDMA (addr:172.24.0.2 subnqn:nqn.2016-06.io.spdk:cnode1) NSID 1 from core 14:    6406.70      25.03     156.06       6.07    3577.51
 7: RDMA (addr:172.24.0.2 subnqn:nqn.2016-06.io.spdk:cnode1) NSID 1 from core 15:    6256.90      24.44     159.79       5.97    3553.39
 7: ========================================================
 7: Total                                                                       :  100717.60     393.43     158.83       5.89    5627.79
 7: 
 1: RDMA (addr:172.24.0.2 subnqn:nqn.2016-06.io.spdk:cnode1) NSID 1 from core 10:    6256.30      24.44     159.82       6.83    3314.30
 1: RDMA (addr:172.24.0.2 subnqn:nqn.2016-06.io.spdk:cnode1) NSID 1 from core 11:    6333.40      24.74     157.86       6.08    3556.32
 1: RDMA (addr:172.24.0.2 subnqn:nqn.2016-06.io.spdk:cnode1) NSID 1 from core 12:    6356.10      24.83     157.31       6.33    3601.94
 1: RDMA (addr:172.24.0.2 subnqn:nqn.2016-06.io.spdk:cnode1) NSID 1 from core 13:    6241.60      24.38     160.17       6.65    3284.93
 1: RDMA (addr:172.24.0.2 subnqn:nqn.2016-06.io.spdk:cnode1) NSID 1 from core 14:    6306.90      24.64     158.53       6.02    9034.79
 1: RDMA (addr:172.24.0.2 subnqn:nqn.2016-06.io.spdk:cnode1) NSID 1 from core 15:    6190.80      24.18     161.49       6.72    3094.22
 1: ========================================================
 1: Total                                                                       :  101154.50     395.13     158.14       5.82    9055.37
 1: 
18: Initializing NVMe Controllers
18: Attached to NVMe over Fabrics controller at 172.24.0.2:4420: nqn.2016-06.io.spdk:cnode1
18: Controller attach time is 27053.558 us (64928540 ticks)
18: Associating RDMA (addr:172.24.0.2 subnqn:nqn.2016-06.io.spdk:cnode1) NSID 1 with lcore 0
18: Associating RDMA (addr:172.24.0.2 subnqn:nqn.2016-06.io.spdk:cnode1) NSID 1 with lcore 1
18: Associating RDMA (addr:172.24.0.2 subnqn:nqn.2016-06.io.spdk:cnode1) NSID 1 with lcore 2
18: Associating RDMA (addr:172.24.0.2 subnqn:nqn.2016-06.io.spdk:cnode1) NSID 1 with lcore 3
18: Associating RDMA (addr:172.24.0.2 subnqn:nqn.2016-06.io.spdk:cnode1) NSID 1 with lcore 4
18: Associating RDMA (addr:172.24.0.2 subnqn:nqn.2016-06.io.spdk:cnode1) NSID 1 with lcore 5
18: Associating RDMA (addr:172.24.0.2 subnqn:nqn.2016-06.io.spdk:cnode1) NSID 1 with lcore 6
18: Associating RDMA (addr:172.24.0.2 subnqn:nqn.2016-06.io.spdk:cnode1) NSID 1 with lcore 7
18: Associating RDMA (addr:172.24.0.2 subnqn:nqn.2016-06.io.spdk:cnode1) NSID 1 with lcore 8
18: Associating RDMA (addr:172.24.0.2 subnqn:nqn.2016-06.io.spdk:cnode1) NSID 1 with lcore 9
18: Associating RDMA (addr:172.24.0.2 subnqn:nqn.2016-06.io.spdk:cnode1) NSID 1 with lcore 10
18: Associating RDMA (addr:172.24.0.2 subnqn:nqn.2016-06.io.spdk:cnode1) NSID 1 with lcore 11
18: Associating RDMA (addr:172.24.0.2 subnqn:nqn.2016-06.io.spdk:cnode1) NSID 1 with lcore 12
18: Associating RDMA (addr:172.24.0.2 subnqn:nqn.2016-06.io.spdk:cnode1) NSID 1 with lcore 13
18: Associating RDMA (addr:172.24.0.2 subnqn:nqn.2016-06.io.spdk:cnode1) NSID 1 with lcore 14
18: Associating RDMA (addr:172.24.0.2 subnqn:nqn.2016-06.io.spdk:cnode1) NSID 1 with lcore 15
18: Initialization complete. Launching workers.
18: IO qp on core 3 total time 18346.757 us (44032218 ticks), connect time 8427.056 us (20224935 ticks)
18: IO qp on core 2 total time 27321.727 us (65572144 ticks), connect time 16382.734 us (39318562 ticks)
18: IO qp on core 4 total time 36522.564 us (87654154 ticks), connect time 26437.569 us (63450165 ticks)
18: IO qp on core 5 total time 46977.245 us (112745388 ticks), connect time 36829.736 us (88391367 ticks)
18: IO qp on core 0 total time 57264.225 us (137434140 ticks), connect time 46503.342 us (111608022 ticks)
18: IO qp on core 6 total time 65972.919 us (158335006 ticks), connect time 55694.605 us (133667051 ticks)
18: IO qp on core 11 total time 76320.909 us (183170181 ticks), connect time 66014.421 us (158434611 ticks)
18: IO qp on core 12 total time 87154.482 us (209170756 ticks), connect time 76809.263 us (184342232 ticks)
18: IO qp on core 1 total time 97233.596 us (233360631 ticks), connect time 85492.298 us (205181514 ticks)
18: IO qp on core 15 total time 106886.896 us (256528551 ticks), connect time 93076.158 us (223382778 ticks)
18: IO qp on core 13 total time 116702.128 us (280085106 ticks), connect time 102888.134 us (246931521 ticks)
18: IO qp on core 14 total time 127439.789 us (305855494 ticks), connect time 113370.650 us (272089559 ticks)
18: IO qp on core 9 total time 138034.445 us (331282668 ticks), connect time 123941.738 us (297460170 ticks)
18: IO qp on core 8 total time 146371.689 us (351292054 ticks), connect time 132177.221 us (317225331 ticks)
18: IO qp on core 7 total time 156779.671 us (376271211 ticks), connect time 142350.065 us (341640156 ticks)
18: IO qp on core 10 total time 166280.044 us (399072106 ticks), connect time 151867.355 us (364481652 ticks)
18: ========================================================
18:                                                                                                                 Latency(us)
18: Device Information                                                          :       IOPS      MiB/s    Average        min        max
18: RDMA (addr:172.24.0.2 subnqn:nqn.2016-06.io.spdk:cnode1) NSID 1 from core  0:    4896.30      19.13     204.21      12.31    3558.14
18: RDMA (addr:172.24.0.2 subnqn:nqn.2016-06.io.spdk:cnode1) NSID 1 from core  1:    4922.70      19.23     203.09      10.37    3252.38
18: RDMA (addr:172.24.0.2 subnqn:nqn.2016-06.io.spdk:cnode1) NSID 1 from core  2:    4947.90      19.33     202.08      10.02    3376.55
18: RDMA (addr:172.24.0.2 subnqn:nqn.2016-06.io.spdk:cnode1) NSID 1 from core  3:    4942.00      19.30     202.31      10.59    3030.61
18: RDMA (addr:172.24.0.2 subnqn:nqn.2016-06.io.spdk:cnode1) NSID 1 from core  4:    4936.00      19.28     202.55      10.00    3282.00
18: RDMA (addr:172.24.0.2 subnqn:nqn.2016-06.io.spdk:cnode1) NSID 1 from core  5:    4937.10      19.29     202.46       8.92    3251.80
18: RDMA (addr:172.24.0.2 subnqn:nqn.2016-06.io.spdk:cnode1) NSID 1 from core  6:    4931.70      19.26     202.75       9.94    3585.47
18: RDMA (addr:172.24.0.2 subnqn:nqn.2016-06.io.spdk:cnode1) NSID 1 from core  7:    4935.00      19.28     202.59       9.64    3268.70
18: RDMA (addr:172.24.0.2 subnqn:nqn.2016-06.io.spdk:cnode1) NSID 1 from core  8:    4931.80      19.26     202.73      10.81    3073.56
18: RDMA (addr:172.24.0.2 subnqn:nqn.2016-06.io.spdk:cnode1) NSID 1 from core  9:    4916.60      19.21     203.34       9.46    3560.78
18: RDMA (addr:172.24.0.2 subnqn:nqn.2016-06.io.spdk:cnode1) NSID 1 from core 10:    4946.40      19.32     202.14       9.11    3230.05
18: RDMA (addr:172.24.0.2 subnqn:nqn.2016-06.io.spdk:cnode1) NSID 1 from core 11:    4918.40      19.21     203.28      10.54    3250.83
18: RDMA (addr:172.24.0.2 subnqn:nqn.2016-06.io.spdk:cnode1) NSID 1 from core 12:    4922.20      19.23     203.14      11.44    3093.62
18: RDMA (addr:172.24.0.2 subnqn:nqn.2016-06.io.spdk:cnode1) NSID 1 from core 13:    4937.40      19.29     202.50       9.79    3251.97
18: RDMA (addr:172.24.0.2 subnqn:nqn.2016-06.io.spdk:cnode1) NSID 1 from core 14:    4928.60      19.25     202.85       8.67    3576.69
18: RDMA (addr:172.24.0.2 subnqn:nqn.2016-06.io.spdk:cnode1) NSID 1 from core 15:    4936.20      19.28     202.55       9.72    3009.52
18: ========================================================
18: Total                                                                       :   78886.30     308.15     202.79       8.67    3585.47
18: 
17: Initializing NVMe Controllers
17: Attached to NVMe over Fabrics controller at 172.24.0.2:4420: nqn.2016-06.io.spdk:cnode1
17: Controller attach time is 20144.160 us (48345984 ticks)
17: Associating RDMA (addr:172.24.0.2 subnqn:nqn.2016-06.io.spdk:cnode1) NSID 1 with lcore 0
17: Associating RDMA (addr:172.24.0.2 subnqn:nqn.2016-06.io.spdk:cnode1) NSID 1 with lcore 1
17: Associating RDMA (addr:172.24.0.2 subnqn:nqn.2016-06.io.spdk:cnode1) NSID 1 with lcore 2
17: Associating RDMA (addr:172.24.0.2 subnqn:nqn.2016-06.io.spdk:cnode1) NSID 1 with lcore 3
17: Associating RDMA (addr:172.24.0.2 subnqn:nqn.2016-06.io.spdk:cnode1) NSID 1 with lcore 4
17: Associating RDMA (addr:172.24.0.2 subnqn:nqn.2016-06.io.spdk:cnode1) NSID 1 with lcore 5
17: Associating RDMA (addr:172.24.0.2 subnqn:nqn.2016-06.io.spdk:cnode1) NSID 1 with lcore 6
17: Associating RDMA (addr:172.24.0.2 subnqn:nqn.2016-06.io.spdk:cnode1) NSID 1 with lcore 7
17: Associating RDMA (addr:172.24.0.2 subnqn:nqn.2016-06.io.spdk:cnode1) NSID 1 with lcore 8
17: Associating RDMA (addr:172.24.0.2 subnqn:nqn.2016-06.io.spdk:cnode1) NSID 1 with lcore 9
17: Associating RDMA (addr:172.24.0.2 subnqn:nqn.2016-06.io.spdk:cnode1) NSID 1 with lcore 10
17: Associating RDMA (addr:172.24.0.2 subnqn:nqn.2016-06.io.spdk:cnode1) NSID 1 with lcore 11
17: Associating RDMA (addr:172.24.0.2 subnqn:nqn.2016-06.io.spdk:cnode1) NSID 1 with lcore 12
17: Associating RDMA (addr:172.24.0.2 subnqn:nqn.2016-06.io.spdk:cnode1) NSID 1 with lcore 13
17: Associating RDMA (addr:172.24.0.2 subnqn:nqn.2016-06.io.spdk:cnode1) NSID 1 with lcore 14
17: Associating RDMA (addr:172.24.0.2 subnqn:nqn.2016-06.io.spdk:cnode1) NSID 1 with lcore 15
17: Initialization complete. Launching workers.
17: IO qp on core 8 total time 17562.103 us (42149046 ticks), connect time 9067.246 us (21761391 ticks)
17: IO qp on core 2 total time 27841.792 us (66820302 ticks), connect time 18714.231 us (44914155 ticks)
17: IO qp on core 12 total time 38001.259 us (91203021 ticks), connect time 28511.650 us (68427960 ticks)
17: IO qp on core 0 total time 46927.530 us (112626071 ticks), connect time 37375.955 us (89702291 ticks)
17: IO qp on core 5 total time 58257.473 us (139817934 ticks), connect time 48276.181 us (115862835 ticks)
17: IO qp on core 7 total time 68207.125 us (163697100 ticks), connect time 58238.605 us (139772652 ticks)
17: IO qp on core 6 total time 78975.718 us (189541723 ticks), connect time 68398.458 us (164156299 ticks)
17: IO qp on core 1 total time 89095.716 us (213829719 ticks), connect time 78301.104 us (187922649 ticks)
17: IO qp on core 9 total time 97681.462 us (234435510 ticks), connect time 86998.260 us (208795824 ticks)
17: IO qp on core 10 total time 107435.928 us (257846228 ticks), connect time 96190.456 us (230857094 ticks)
17: IO qp on core 11 total time 117670.474 us (282409137 ticks), connect time 106295.439 us (255109053 ticks)
17: IO qp on core 14 total time 127695.970 us (306470327 ticks), connect time 115936.636 us (278247926 ticks)
17: IO qp on core 4 total time 138268.143 us (331843544 ticks), connect time 125922.163 us (302213192 ticks)
17: IO qp on core 13 total time 147615.527 us (354277266 ticks), connect time 135595.633 us (325429518 ticks)
17: IO qp on core 3 total time 157815.289 us (378756693 ticks), connect time 144008.301 us (345619923 ticks)
17: IO qp on core 15 total time 168243.568 us (403784562 ticks), connect time 154535.705 us (370885692 ticks)
17: ========================================================
17:                                                                                                                 Latency(us)
17: Device Information                                                          :       IOPS      MiB/s    Average        min        max
17: RDMA (addr:172.24.0.2 subnqn:nqn.2016-06.io.spdk:cnode1) NSID 1 from core  0:    4804.70      18.77     208.08      12.46    3690.82
17: RDMA (addr:172.24.0.2 subnqn:nqn.2016-06.io.spdk:cnode1) NSID 1 from core  1:    4797.40      18.74     208.40      10.71    3278.43
17: RDMA (addr:172.24.0.2 subnqn:nqn.2016-06.io.spdk:cnode1) NSID 1 from core  2:    4787.80      18.70     208.84      10.96    9053.71
17: RDMA (addr:172.24.0.2 subnqn:nqn.2016-06.io.spdk:cnode1) NSID 1 from core  3:    4823.60      18.84     207.27       9.89    3677.80
17: RDMA (addr:172.24.0.2 subnqn:nqn.2016-06.io.spdk:cnode1) NSID 1 from core  4:    4806.90      18.78     208.00      13.54    3290.95
17: RDMA (addr:172.24.0.2 subnqn:nqn.2016-06.io.spdk:cnode1) NSID 1 from core  5:    4808.30      18.78     207.94      14.16    3374.18
17: RDMA (addr:172.24.0.2 subnqn:nqn.2016-06.io.spdk:cnode1) NSID 1 from core  6:    4802.60      18.76     208.20      12.12    3577.97
17: RDMA (addr:172.24.0.2 subnqn:nqn.2016-06.io.spdk:cnode1) NSID 1 from core  7:    4801.60      18.76     208.22      11.64    3253.41
17: RDMA (addr:172.24.0.2 subnqn:nqn.2016-06.io.spdk:cnode1) NSID 1 from core  8:    4791.30      18.72     208.69      10.41    3579.49
17: RDMA (addr:172.24.0.2 subnqn:nqn.2016-06.io.spdk:cnode1) NSID 1 from core  9:    4791.40      18.72     208.66      10.94    9134.54
17: RDMA (addr:172.24.0.2 subnqn:nqn.2016-06.io.spdk:cnode1) NSID 1 from core 10:    4816.60      18.81     207.59      11.65    3676.34
17: RDMA (addr:172.24.0.2 subnqn:nqn.2016-06.io.spdk:cnode1) NSID 1 from core 11:    4817.00      18.82     207.54       8.79    3530.43
17: RDMA (addr:172.24.0.2 subnqn:nqn.2016-06.io.spdk:cnode1) NSID 1 from core 12:    4802.30      18.76     208.21      10.32    3073.58
17: RDMA (addr:172.24.0.2 subnqn:nqn.2016-06.io.spdk:cnode1) NSID 1 from core 13:    4794.00      18.73     208.54      11.60    9047.62
17: RDMA (addr:172.24.0.2 subnqn:nqn.2016-06.io.spdk:cnode1) NSID 1 from core 14:    4808.40      18.78     207.94      15.43    3556.22
17: RDMA (addr:172.24.0.2 subnqn:nqn.2016-06.io.spdk:cnode1) NSID 1 from core 15:    4811.80      18.80     207.80      12.42    3260.53
17: ========================================================
17: Total                                                                       :   76865.70     300.26     208.12       8.79    9134.54
17: 
15: Initializing NVMe Controllers
15: Attached to NVMe over Fabrics controller at 172.24.0.2:4420: nqn.2016-06.io.spdk:cnode1
15: Controller attach time is 20737.260 us (49769424 ticks)
15: Associating RDMA (addr:172.24.0.2 subnqn:nqn.2016-06.io.spdk:cnode1) NSID 1 with lcore 0
15: Associating RDMA (addr:172.24.0.2 subnqn:nqn.2016-06.io.spdk:cnode1) NSID 1 with lcore 1
15: Associating RDMA (addr:172.24.0.2 subnqn:nqn.2016-06.io.spdk:cnode1) NSID 1 with lcore 2
15: Associating RDMA (addr:172.24.0.2 subnqn:nqn.2016-06.io.spdk:cnode1) NSID 1 with lcore 3
15: Associating RDMA (addr:172.24.0.2 subnqn:nqn.2016-06.io.spdk:cnode1) NSID 1 with lcore 4
15: Associating RDMA (addr:172.24.0.2 subnqn:nqn.2016-06.io.spdk:cnode1) NSID 1 with lcore 5
15: Associating RDMA (addr:172.24.0.2 subnqn:nqn.2016-06.io.spdk:cnode1) NSID 1 with lcore 6
15: Associating RDMA (addr:172.24.0.2 subnqn:nqn.2016-06.io.spdk:cnode1) NSID 1 with lcore 7
15: Associating RDMA (addr:172.24.0.2 subnqn:nqn.2016-06.io.spdk:cnode1) NSID 1 with lcore 8
15: Associating RDMA (addr:172.24.0.2 subnqn:nqn.2016-06.io.spdk:cnode1) NSID 1 with lcore 9
15: Associating RDMA (addr:172.24.0.2 subnqn:nqn.2016-06.io.spdk:cnode1) NSID 1 with lcore 10
15: Associating RDMA (addr:172.24.0.2 subnqn:nqn.2016-06.io.spdk:cnode1) NSID 1 with lcore 11
15: Associating RDMA (addr:172.24.0.2 subnqn:nqn.2016-06.io.spdk:cnode1) NSID 1 with lcore 12
15: Associating RDMA (addr:172.24.0.2 subnqn:nqn.2016-06.io.spdk:cnode1) NSID 1 with lcore 13
15: Associating RDMA (addr:172.24.0.2 subnqn:nqn.2016-06.io.spdk:cnode1) NSID 1 with lcore 14
15: Associating RDMA (addr:172.24.0.2 subnqn:nqn.2016-06.io.spdk:cnode1) NSID 1 with lcore 15
15: Initialization complete. Launching workers.
15: IO qp on core 3 total time 17815.651 us (42757562 ticks), connect time 8592.782 us (20622678 ticks)
15: IO qp on core 1 total time 26680.687 us (64033649 ticks), connect time 17453.265 us (41887836 ticks)
15: IO qp on core 2 total time 36816.408 us (88359378 ticks), connect time 27288.386 us (65492127 ticks)
15: IO qp on core 4 total time 46832.145 us (112397148 ticks), connect time 36888.521 us (88532451 ticks)
15: IO qp on core 5 total time 57677.768 us (138426642 ticks), connect time 47352.416 us (113645799 ticks)
15: IO qp on core 6 total time 66706.330 us (160095192 ticks), connect time 56266.234 us (135038961 ticks)
15: IO qp on core 7 total time 76907.625 us (184578300 ticks), connect time 66432.031 us (159436875 ticks)
15: IO qp on core 0 total time 88335.468 us (212005123 ticks), connect time 77877.420 us (186905809 ticks)
15: IO qp on core 9 total time 96686.628 us (232047906 ticks), connect time 86613.301 us (207871923 ticks)
15: IO qp on core 8 total time 108066.795 us (259360308 ticks), connect time 97044.500 us (232906800 ticks)
15: IO qp on core 11 total time 116527.080 us (279664992 ticks), connect time 106346.303 us (255231126 ticks)
15: IO qp on core 10 total time 126022.751 us (302454603 ticks), connect time 115509.950 us (277223880 ticks)
15: IO qp on core 13 total time 136922.571 us (328614171 ticks), connect time 126271.494 us (303051585 ticks)
15: IO qp on core 12 total time 146013.688 us (350432852 ticks), connect time 134338.285 us (322411883 ticks)
15: IO qp on core 14 total time 156724.876 us (376139702 ticks), connect time 144870.016 us (347688038 ticks)
15: IO qp on core 15 total time 165829.793 us (397991502 ticks), connect time 153996.735 us (369592164 ticks)
15: ========================================================
15:                                                                                                                 Latency(us)
15: Device Information                                                          :       IOPS      MiB/s    Average        min        max
15: RDMA (addr:172.24.0.2 subnqn:nqn.2016-06.io.spdk:cnode1) NSID 1 from core  0:    4672.50      18.25     213.99      15.76    2985.24
15: RDMA (addr:172.24.0.2 subnqn:nqn.2016-06.io.spdk:cnode1) NSID 1 from core  1:    4672.70      18.25     213.97      12.83    3006.06
15: RDMA (addr:172.24.0.2 subnqn:nqn.2016-06.io.spdk:cnode1) NSID 1 from core  2:    4678.20      18.27     213.73      16.89    2987.49
15: RDMA (addr:172.24.0.2 subnqn:nqn.2016-06.io.spdk:cnode1) NSID 1 from core  3:    4660.30      18.20     214.55      13.53    3119.40
15: RDMA (addr:172.24.0.2 subnqn:nqn.2016-06.io.spdk:cnode1) NSID 1 from core  4:    4678.00      18.27     213.68      18.03    3599.23
15: RDMA (addr:172.24.0.2 subnqn:nqn.2016-06.io.spdk:cnode1) NSID 1 from core  5:    4672.30      18.25     213.98      18.64    3556.53
15: RDMA (addr:172.24.0.2 subnqn:nqn.2016-06.io.spdk:cnode1) NSID 1 from core  6:    4674.60      18.26     213.90      14.52    2727.41
15: RDMA (addr:172.24.0.2 subnqn:nqn.2016-06.io.spdk:cnode1) NSID 1 from core  7:    4663.30      18.22     214.38      15.84    3069.23
15: RDMA (addr:172.24.0.2 subnqn:nqn.2016-06.io.spdk:cnode1) NSID 1 from core  8:    4678.10      18.27     213.73      16.36    2753.88
15: RDMA (addr:172.24.0.2 subnqn:nqn.2016-06.io.spdk:cnode1) NSID 1 from core  9:    4680.50      18.28     213.60      15.86    3526.79
15: RDMA (addr:172.24.0.2 subnqn:nqn.2016-06.io.spdk:cnode1) NSID 1 from core 10:    4676.30      18.27     213.82      16.24    3099.24
15: RDMA (addr:172.24.0.2 subnqn:nqn.2016-06.io.spdk:cnode1) NSID 1 from core 11:    4674.10      18.26     213.90      14.23    3577.93
15: RDMA (addr:172.24.0.2 subnqn:nqn.2016-06.io.spdk:cnode1) NSID 1 from core 12:    4669.70      18.24     214.12      12.89    3251.75
15: RDMA (addr:172.24.0.2 subnqn:nqn.2016-06.io.spdk:cnode1) NSID 1 from core 13:    4664.20      18.22     214.34      12.59    9138.24
15: RDMA (addr:172.24.0.2 subnqn:nqn.2016-06.io.spdk:cnode1) NSID 1 from core 14:    4676.30      18.27     213.82      13.66    2892.82
15: RDMA (addr:172.24.0.2 subnqn:nqn.2016-06.io.spdk:cnode1) NSID 1 from core 15:    4672.20      18.25     214.01      15.00    3579.81
15: ========================================================
15: Total                                                                       :   74763.30     292.04     213.97      12.59    9138.24
15: 
 9: Initializing NVMe Controllers
 9: Attached to NVMe over Fabrics controller at 172.24.0.2:4420: nqn.2016-06.io.spdk:cnode1
 9: Controller attach time is 22318.595 us (53564628 ticks)
 9: Associating RDMA (addr:172.24.0.2 subnqn:nqn.2016-06.io.spdk:cnode1) NSID 1 with lcore 0
 9: Associating RDMA (addr:172.24.0.2 subnqn:nqn.2016-06.io.spdk:cnode1) NSID 1 with lcore 1
 9: Associating RDMA (addr:172.24.0.2 subnqn:nqn.2016-06.io.spdk:cnode1) NSID 1 with lcore 2
 9: Associating RDMA (addr:172.24.0.2 subnqn:nqn.2016-06.io.spdk:cnode1) NSID 1 with lcore 3
 9: Associating RDMA (addr:172.24.0.2 subnqn:nqn.2016-06.io.spdk:cnode1) NSID 1 with lcore 4
 9: Associating RDMA (addr:172.24.0.2 subnqn:nqn.2016-06.io.spdk:cnode1) NSID 1 with lcore 5
 9: Associating RDMA (addr:172.24.0.2 subnqn:nqn.2016-06.io.spdk:cnode1) NSID 1 with lcore 6
 9: Associating RDMA (addr:172.24.0.2 subnqn:nqn.2016-06.io.spdk:cnode1) NSID 1 with lcore 7
 9: Associating RDMA (addr:172.24.0.2 subnqn:nqn.2016-06.io.spdk:cnode1) NSID 1 with lcore 8
 9: Associating RDMA (addr:172.24.0.2 subnqn:nqn.2016-06.io.spdk:cnode1) NSID 1 with lcore 9
 9: Associating RDMA (addr:172.24.0.2 subnqn:nqn.2016-06.io.spdk:cnode1) NSID 1 with lcore 10
 9: Associating RDMA (addr:172.24.0.2 subnqn:nqn.2016-06.io.spdk:cnode1) NSID 1 with lcore 11
 9: Associating RDMA (addr:172.24.0.2 subnqn:nqn.2016-06.io.spdk:cnode1) NSID 1 with lcore 12
 9: Associating RDMA (addr:172.24.0.2 subnqn:nqn.2016-06.io.spdk:cnode1) NSID 1 with lcore 13
 9: Associating RDMA (addr:172.24.0.2 subnqn:nqn.2016-06.io.spdk:cnode1) NSID 1 with lcore 14
 9: Associating RDMA (addr:172.24.0.2 subnqn:nqn.2016-06.io.spdk:cnode1) NSID 1 with lcore 15
 9: Initialization complete. Launching workers.
 9: IO qp on core 1 total time 17307.381 us (41537715 ticks), connect time 7957.858 us (19098858 ticks)
 9: IO qp on core 0 total time 25461.362 us (61107269 ticks), connect time 16366.112 us (39278669 ticks)
 9: IO qp on core 2 total time 36037.206 us (86489295 ticks), connect time 26469.597 us (63527034 ticks)
 9: IO qp on core 3 total time 44992.665 us (107982396 ticks), connect time 35993.316 us (86383959 ticks)
 9: IO qp on core 5 total time 55045.140 us (132108336 ticks), connect time 45583.355 us (109400052 ticks)
 9: IO qp on core 4 total time 65744.510 us (157786823 ticks), connect time 55835.075 us (134004179 ticks)
 9: IO qp on core 11 total time 74708.143 us (179299542 ticks), connect time 64615.592 us (155077422 ticks)
 9: IO qp on core 6 total time 84645.867 us (203150081 ticks), connect time 74428.153 us (178627568 ticks)
 9: IO qp on core 9 total time 94737.944 us (227371065 ticks), connect time 83980.379 us (201552909 ticks)
 9: IO qp on core 8 total time 104824.420 us (251578607 ticks), connect time 93685.077 us (224844185 ticks)
 9: IO qp on core 14 total time 116255.403 us (279012967 ticks), connect time 105115.764 us (252277834 ticks)
 9: IO qp on core 15 total time 124885.764 us (299725833 ticks), connect time 113587.106 us (272609055 ticks)
 9: IO qp on core 12 total time 134868.437 us (323684248 ticks), connect time 123415.192 us (296196460 ticks)
 9: IO qp on core 10 total time 145833.593 us (350000623 ticks), connect time 133249.010 us (319797625 ticks)
 9: IO qp on core 7 total time 154949.930 us (371879832 ticks), connect time 142364.430 us (341674632 ticks)
 9: IO qp on core 13 total time 165105.714 us (396253713 ticks), connect time 152500.514 us (366001233 ticks)
 9: ========================================================
 9:                                                                                                                 Latency(us)
 9: Device Information                                                          :       IOPS      MiB/s    Average        min        max
 9: RDMA (addr:172.24.0.2 subnqn:nqn.2016-06.io.spdk:cnode1) NSID 1 from core  0:    4563.40      17.83     219.06      20.49    3597.13
 9: RDMA (addr:172.24.0.2 subnqn:nqn.2016-06.io.spdk:cnode1) NSID 1 from core  1:    4560.60      17.81     219.24      22.57    2740.52
 9: RDMA (addr:172.24.0.2 subnqn:nqn.2016-06.io.spdk:cnode1) NSID 1 from core  2:    4560.70      17.82     219.24       9.14    2358.45
 9: RDMA (addr:172.24.0.2 subnqn:nqn.2016-06.io.spdk:cnode1) NSID 1 from core  3:    4557.50      17.80     219.36      21.35    2753.57
 9: RDMA (addr:172.24.0.2 subnqn:nqn.2016-06.io.spdk:cnode1) NSID 1 from core  4:    4561.80      17.82     219.18      20.04    2893.03
 9: RDMA (addr:172.24.0.2 subnqn:nqn.2016-06.io.spdk:cnode1) NSID 1 from core  5:    4559.90      17.81     219.25      18.81    3006.36
 9: RDMA (addr:172.24.0.2 subnqn:nqn.2016-06.io.spdk:cnode1) NSID 1 from core  6:    4558.90      17.81     219.33      20.70    2604.73
 9: RDMA (addr:172.24.0.2 subnqn:nqn.2016-06.io.spdk:cnode1) NSID 1 from core  7:    4557.00      17.80     219.39      14.12    2609.60
 9: RDMA (addr:172.24.0.2 subnqn:nqn.2016-06.io.spdk:cnode1) NSID 1 from core  8:    4561.50      17.82     219.20      19.52    2912.20
 9: RDMA (addr:172.24.0.2 subnqn:nqn.2016-06.io.spdk:cnode1) NSID 1 from core  9:    4566.10      17.84     218.95      15.64    3675.40
 9: RDMA (addr:172.24.0.2 subnqn:nqn.2016-06.io.spdk:cnode1) NSID 1 from core 10:    4561.10      17.82     219.23      19.87    2897.99
 9: RDMA (addr:172.24.0.2 subnqn:nqn.2016-06.io.spdk:cnode1) NSID 1 from core 11:    4557.30      17.80     219.37      16.16    2363.00
 9: RDMA (addr:172.24.0.2 subnqn:nqn.2016-06.io.spdk:cnode1) NSID 1 from core 12:    4561.60      17.82     219.20      14.88    3197.43
 9: RDMA (addr:172.24.0.2 subnqn:nqn.2016-06.io.spdk:cnode1) NSID 1 from core 13:    4557.10      17.80     219.41      14.61    3264.60
 9: RDMA (addr:172.24.0.2 subnqn:nqn.2016-06.io.spdk:cnode1) NSID 1 from core 14:    4562.60      17.82     219.15      21.36    3176.79
 9: RDMA (addr:172.24.0.2 subnqn:nqn.2016-06.io.spdk:cnode1) NSID 1 from core 15:    4562.40      17.82     219.15      23.92    3167.77
 9: ========================================================
 9: Total                                                                       :   72969.50     285.04     219.23       9.14    3675.40
 9: 
 5: Initializing NVMe Controllers
 5: Attached to NVMe over Fabrics controller at 172.24.0.2:4420: nqn.2016-06.io.spdk:cnode1
 5: Controller attach time is 19833.014 us (47599234 ticks)
 5: Associating RDMA (addr:172.24.0.2 subnqn:nqn.2016-06.io.spdk:cnode1) NSID 1 with lcore 0
 5: Associating RDMA (addr:172.24.0.2 subnqn:nqn.2016-06.io.spdk:cnode1) NSID 1 with lcore 1
 5: Associating RDMA (addr:172.24.0.2 subnqn:nqn.2016-06.io.spdk:cnode1) NSID 1 with lcore 2
 5: Associating RDMA (addr:172.24.0.2 subnqn:nqn.2016-06.io.spdk:cnode1) NSID 1 with lcore 3
 5: Associating RDMA (addr:172.24.0.2 subnqn:nqn.2016-06.io.spdk:cnode1) NSID 1 with lcore 4
 5: Associating RDMA (addr:172.24.0.2 subnqn:nqn.2016-06.io.spdk:cnode1) NSID 1 with lcore 5
 5: Associating RDMA (addr:172.24.0.2 subnqn:nqn.2016-06.io.spdk:cnode1) NSID 1 with lcore 6
 5: Associating RDMA (addr:172.24.0.2 subnqn:nqn.2016-06.io.spdk:cnode1) NSID 1 with lcore 7
 5: Associating RDMA (addr:172.24.0.2 subnqn:nqn.2016-06.io.spdk:cnode1) NSID 1 with lcore 8
 5: Associating RDMA (addr:172.24.0.2 subnqn:nqn.2016-06.io.spdk:cnode1) NSID 1 with lcore 9
 5: Associating RDMA (addr:172.24.0.2 subnqn:nqn.2016-06.io.spdk:cnode1) NSID 1 with lcore 10
 5: Associating RDMA (addr:172.24.0.2 subnqn:nqn.2016-06.io.spdk:cnode1) NSID 1 with lcore 11
 5: Associating RDMA (addr:172.24.0.2 subnqn:nqn.2016-06.io.spdk:cnode1) NSID 1 with lcore 12
 5: Associating RDMA (addr:172.24.0.2 subnqn:nqn.2016-06.io.spdk:cnode1) NSID 1 with lcore 13
 5: Associating RDMA (addr:172.24.0.2 subnqn:nqn.2016-06.io.spdk:cnode1) NSID 1 with lcore 14
 5: Associating RDMA (addr:172.24.0.2 subnqn:nqn.2016-06.io.spdk:cnode1) NSID 1 with lcore 15
 5: Initialization complete. Launching workers.
 5: IO qp on core 2 total time 17485.861 us (41966067 ticks), connect time 8432.634 us (20238321 ticks)
 5: IO qp on core 4 total time 27541.224 us (66098937 ticks), connect time 18462.737 us (44310570 ticks)
 5: IO qp on core 1 total time 38280.429 us (91873030 ticks), connect time 28946.231 us (69470954 ticks)
 5: IO qp on core 7 total time 46958.174 us (112699618 ticks), connect time 36950.475 us (88681141 ticks)
 5: IO qp on core 3 total time 57351.141 us (137642738 ticks), connect time 47064.818 us (112955563 ticks)
 5: IO qp on core 5 total time 67278.156 us (161467574 ticks), connect time 57098.755 us (137037013 ticks)
 5: IO qp on core 6 total time 77625.703 us (186301687 ticks), connect time 67190.160 us (161256385 ticks)
 5: IO qp on core 10 total time 88598.246 us (212635791 ticks), connect time 78021.440 us (187251456 ticks)
 5: IO qp on core 8 total time 96876.430 us (232503433 ticks), connect time 86196.042 us (206870500 ticks)
 5: IO qp on core 11 total time 108096.130 us (259430712 ticks), connect time 97277.409 us (233465781 ticks)
 5: IO qp on core 9 total time 117586.122 us (282206694 ticks), connect time 106606.786 us (255856287 ticks)
 5: IO qp on core 0 total time 126861.158 us (304466778 ticks), connect time 114015.300 us (273636720 ticks)
 5: IO qp on core 14 total time 136133.094 us (326719425 ticks), connect time 123896.351 us (297351243 ticks)
 5: IO qp on core 13 total time 146267.895 us (351042947 ticks), connect time 133808.520 us (321140447 ticks)
 5: IO qp on core 12 total time 156137.693 us (374730464 ticks), connect time 143675.180 us (344820431 ticks)
 5: IO qp on core 15 total time 166227.521 us (398946050 ticks), connect time 153657.665 us (368778395 ticks)
 5: ========================================================
 5:                                                                                                                 Latency(us)
 5: Device Information                                                          :       IOPS      MiB/s    Average        min        max
 5: RDMA (addr:172.24.0.2 subnqn:nqn.2016-06.io.spdk:cnode1) NSID 1 from core  0:    4534.10      17.71     220.53      22.87    2546.10
 5: RDMA (addr:172.24.0.2 subnqn:nqn.2016-06.io.spdk:cnode1) NSID 1 from core  1:    4532.40      17.70     220.59      27.56    3532.71
 5: RDMA (addr:172.24.0.2 subnqn:nqn.2016-06.io.spdk:cnode1) NSID 1 from core  2:    4534.10      17.71     220.53      28.83    3010.57
 5: RDMA (addr:172.24.0.2 subnqn:nqn.2016-06.io.spdk:cnode1) NSID 1 from core  3:    4528.80      17.69     220.76      27.60    9138.19
 5: RDMA (addr:172.24.0.2 subnqn:nqn.2016-06.io.spdk:cnode1) NSID 1 from core  4:    4538.70      17.73     220.30      28.00    3689.50
 5: RDMA (addr:172.24.0.2 subnqn:nqn.2016-06.io.spdk:cnode1) NSID 1 from core  5:    4525.00      17.68     220.95      22.01    3271.24
 5: RDMA (addr:172.24.0.2 subnqn:nqn.2016-06.io.spdk:cnode1) NSID 1 from core  6:    4535.00      17.71     220.48      25.05    2884.80
 5: RDMA (addr:172.24.0.2 subnqn:nqn.2016-06.io.spdk:cnode1) NSID 1 from core  7:    4536.30      17.72     220.37      23.59    3600.05
 5: RDMA (addr:172.24.0.2 subnqn:nqn.2016-06.io.spdk:cnode1) NSID 1 from core  8:    4531.20      17.70     220.67      27.64    2605.44
 5: RDMA (addr:172.24.0.2 subnqn:nqn.2016-06.io.spdk:cnode1) NSID 1 from core  9:    4537.00      17.72     220.37      20.59    3600.15
 5: RDMA (addr:172.24.0.2 subnqn:nqn.2016-06.io.spdk:cnode1) NSID 1 from core 10:    4533.60      17.71     220.55      27.11    2567.30
 5: RDMA (addr:172.24.0.2 subnqn:nqn.2016-06.io.spdk:cnode1) NSID 1 from core 11:    4524.00      17.67     220.98      20.09    3270.40
 5: RDMA (addr:172.24.0.2 subnqn:nqn.2016-06.io.spdk:cnode1) NSID 1 from core 12:    4536.50      17.72     220.41      16.53    2973.86
 5: RDMA (addr:172.24.0.2 subnqn:nqn.2016-06.io.spdk:cnode1) NSID 1 from core 13:    4533.70      17.71     220.54      20.12    3374.78
 5: RDMA (addr:172.24.0.2 subnqn:nqn.2016-06.io.spdk:cnode1) NSID 1 from core 14:    4539.30      17.73     220.27      21.63    3674.99
 5: RDMA (addr:172.24.0.2 subnqn:nqn.2016-06.io.spdk:cnode1) NSID 1 from core 15:    4537.00      17.72     220.38      21.13    3178.74
 5: ========================================================
 5: Total                                                                       :   72536.70     283.35     220.54      16.53    9138.19
 5: 
12: Initializing NVMe Controllers
12: Attached to NVMe over Fabrics controller at 172.24.0.2:4420: nqn.2016-06.io.spdk:cnode1
12: Controller attach time is 20006.215 us (48014916 ticks)
12: Associating RDMA (addr:172.24.0.2 subnqn:nqn.2016-06.io.spdk:cnode1) NSID 1 with lcore 0
12: Associating RDMA (addr:172.24.0.2 subnqn:nqn.2016-06.io.spdk:cnode1) NSID 1 with lcore 1
12: Associating RDMA (addr:172.24.0.2 subnqn:nqn.2016-06.io.spdk:cnode1) NSID 1 with lcore 2
12: Associating RDMA (addr:172.24.0.2 subnqn:nqn.2016-06.io.spdk:cnode1) NSID 1 with lcore 3
12: Associating RDMA (addr:172.24.0.2 subnqn:nqn.2016-06.io.spdk:cnode1) NSID 1 with lcore 4
12: Associating RDMA (addr:172.24.0.2 subnqn:nqn.2016-06.io.spdk:cnode1) NSID 1 with lcore 5
12: Associating RDMA (addr:172.24.0.2 subnqn:nqn.2016-06.io.spdk:cnode1) NSID 1 with lcore 6
12: Associating RDMA (addr:172.24.0.2 subnqn:nqn.2016-06.io.spdk:cnode1) NSID 1 with lcore 7
12: Associating RDMA (addr:172.24.0.2 subnqn:nqn.2016-06.io.spdk:cnode1) NSID 1 with lcore 8
12: Associating RDMA (addr:172.24.0.2 subnqn:nqn.2016-06.io.spdk:cnode1) NSID 1 with lcore 9
12: Associating RDMA (addr:172.24.0.2 subnqn:nqn.2016-06.io.spdk:cnode1) NSID 1 with lcore 10
12: Associating RDMA (addr:172.24.0.2 subnqn:nqn.2016-06.io.spdk:cnode1) NSID 1 with lcore 11
12: Associating RDMA (addr:172.24.0.2 subnqn:nqn.2016-06.io.spdk:cnode1) NSID 1 with lcore 12
12: Associating RDMA (addr:172.24.0.2 subnqn:nqn.2016-06.io.spdk:cnode1) NSID 1 with lcore 13
12: Associating RDMA (addr:172.24.0.2 subnqn:nqn.2016-06.io.spdk:cnode1) NSID 1 with lcore 14
12: Associating RDMA (addr:172.24.0.2 subnqn:nqn.2016-06.io.spdk:cnode1) NSID 1 with lcore 15
12: Initialization complete. Launching workers.
12: IO qp on core 2 total time 17860.207 us (42864497 ticks), connect time 8297.477 us (19913945 ticks)
12: IO qp on core 4 total time 27656.748 us (66376194 ticks), connect time 18017.619 us (43242285 ticks)
12: IO qp on core 6 total time 37426.692 us (89824061 ticks), connect time 27630.868 us (66314084 ticks)
12: IO qp on core 1 total time 47935.381 us (115044914 ticks), connect time 37266.177 us (89438826 ticks)
12: IO qp on core 7 total time 58430.574 us (140233377 ticks), connect time 48053.978 us (115329546 ticks)
12: IO qp on core 0 total time 66976.083 us (160742599 ticks), connect time 56074.000 us (134577601 ticks)
12: IO qp on core 3 total time 77924.083 us (187017798 ticks), connect time 66433.255 us (159439813 ticks)
12: IO qp on core 5 total time 88115.111 us (211476266 ticks), connect time 76568.105 us (183763452 ticks)
12: IO qp on core 10 total time 96840.094 us (232416226 ticks), connect time 85672.919 us (205615006 ticks)
12: IO qp on core 9 total time 106915.139 us (256596333 ticks), connect time 95744.283 us (229786278 ticks)
12: IO qp on core 11 total time 116961.966 us (280708719 ticks), connect time 105711.985 us (253708764 ticks)
12: IO qp on core 13 total time 126890.883 us (304538118 ticks), connect time 115551.019 us (277322445 ticks)
12: IO qp on core 12 total time 136583.300 us (327799921 ticks), connect time 124962.715 us (299910517 ticks)
12: IO qp on core 14 total time 146633.613 us (351920672 ticks), connect time 135010.753 us (324025808 ticks)
12: IO qp on core 15 total time 156947.876 us (376674902 ticks), connect time 144063.072 us (345751373 ticks)
12: IO qp on core 8 total time 166102.267 us (398645440 ticks), connect time 153213.325 us (367711981 ticks)
12: ========================================================
12:                                                                                                                 Latency(us)
12: Device Information                                                          :       IOPS      MiB/s    Average        min        max
12: RDMA (addr:172.24.0.2 subnqn:nqn.2016-06.io.spdk:cnode1) NSID 1 from core  0:    4509.60      17.62     221.70      25.46    9157.86
12: RDMA (addr:172.24.0.2 subnqn:nqn.2016-06.io.spdk:cnode1) NSID 1 from core  1:    4517.10      17.64     221.35      20.89    3532.50
12: RDMA (addr:172.24.0.2 subnqn:nqn.2016-06.io.spdk:cnode1) NSID 1 from core  2:    4514.40      17.63     221.49      28.04    3161.38
12: RDMA (addr:172.24.0.2 subnqn:nqn.2016-06.io.spdk:cnode1) NSID 1 from core  3:    4519.70      17.66     221.19      19.59    3694.08
12: RDMA (addr:172.24.0.2 subnqn:nqn.2016-06.io.spdk:cnode1) NSID 1 from core  4:    4516.90      17.64     221.37      26.71    2983.99
12: RDMA (addr:172.24.0.2 subnqn:nqn.2016-06.io.spdk:cnode1) NSID 1 from core  5:    4513.50      17.63     221.52      16.67    3176.34
12: RDMA (addr:172.24.0.2 subnqn:nqn.2016-06.io.spdk:cnode1) NSID 1 from core  6:    4517.80      17.65     221.33      19.46    2989.79
12: RDMA (addr:172.24.0.2 subnqn:nqn.2016-06.io.spdk:cnode1) NSID 1 from core  7:    4517.60      17.65     221.32      16.96    3592.67
12: RDMA (addr:172.24.0.2 subnqn:nqn.2016-06.io.spdk:cnode1) NSID 1 from core  8:    4516.60      17.64     221.38      17.46    3400.18
12: RDMA (addr:172.24.0.2 subnqn:nqn.2016-06.io.spdk:cnode1) NSID 1 from core  9:    4515.80      17.64     221.39      19.49    3196.18
12: RDMA (addr:172.24.0.2 subnqn:nqn.2016-06.io.spdk:cnode1) NSID 1 from core 10:    4509.60      17.62     221.73      24.61    9136.60
12: RDMA (addr:172.24.0.2 subnqn:nqn.2016-06.io.spdk:cnode1) NSID 1 from core 11:    4511.80      17.62     221.59      21.13    2894.70
12: RDMA (addr:172.24.0.2 subnqn:nqn.2016-06.io.spdk:cnode1) NSID 1 from core 12:    4510.10      17.62     221.70      36.08    2606.79
12: RDMA (addr:172.24.0.2 subnqn:nqn.2016-06.io.spdk:cnode1) NSID 1 from core 13:    4516.80      17.64     221.35      17.73    3600.84
12: RDMA (addr:172.24.0.2 subnqn:nqn.2016-06.io.spdk:cnode1) NSID 1 from core 14:    4517.90      17.65     221.31      19.22    3003.30
12: RDMA (addr:172.24.0.2 subnqn:nqn.2016-06.io.spdk:cnode1) NSID 1 from core 15:    4515.70      17.64     221.40      19.89    3004.57
12: ========================================================
12: Total                                                                       :   72240.90     282.19     221.45      16.67    9157.86
12: 
 3: Initializing NVMe Controllers
 3: Attached to NVMe over Fabrics controller at 172.24.0.2:4420: nqn.2016-06.io.spdk:cnode1
 3: Controller attach time is 20100.924 us (48242218 ticks)
 3: Associating RDMA (addr:172.24.0.2 subnqn:nqn.2016-06.io.spdk:cnode1) NSID 1 with lcore 0
 3: Associating RDMA (addr:172.24.0.2 subnqn:nqn.2016-06.io.spdk:cnode1) NSID 1 with lcore 1
 3: Associating RDMA (addr:172.24.0.2 subnqn:nqn.2016-06.io.spdk:cnode1) NSID 1 with lcore 2
 3: Associating RDMA (addr:172.24.0.2 subnqn:nqn.2016-06.io.spdk:cnode1) NSID 1 with lcore 3
 3: Associating RDMA (addr:172.24.0.2 subnqn:nqn.2016-06.io.spdk:cnode1) NSID 1 with lcore 4
 3: Associating RDMA (addr:172.24.0.2 subnqn:nqn.2016-06.io.spdk:cnode1) NSID 1 with lcore 5
 3: Associating RDMA (addr:172.24.0.2 subnqn:nqn.2016-06.io.spdk:cnode1) NSID 1 with lcore 6
 3: Associating RDMA (addr:172.24.0.2 subnqn:nqn.2016-06.io.spdk:cnode1) NSID 1 with lcore 7
 3: Associating RDMA (addr:172.24.0.2 subnqn:nqn.2016-06.io.spdk:cnode1) NSID 1 with lcore 8
 3: Associating RDMA (addr:172.24.0.2 subnqn:nqn.2016-06.io.spdk:cnode1) NSID 1 with lcore 9
 3: Associating RDMA (addr:172.24.0.2 subnqn:nqn.2016-06.io.spdk:cnode1) NSID 1 with lcore 10
 3: Associating RDMA (addr:172.24.0.2 subnqn:nqn.2016-06.io.spdk:cnode1) NSID 1 with lcore 11
 3: Associating RDMA (addr:172.24.0.2 subnqn:nqn.2016-06.io.spdk:cnode1) NSID 1 with lcore 12
 3: Associating RDMA (addr:172.24.0.2 subnqn:nqn.2016-06.io.spdk:cnode1) NSID 1 with lcore 13
 3: Associating RDMA (addr:172.24.0.2 subnqn:nqn.2016-06.io.spdk:cnode1) NSID 1 with lcore 14
 3: Associating RDMA (addr:172.24.0.2 subnqn:nqn.2016-06.io.spdk:cnode1) NSID 1 with lcore 15
 3: Initialization complete. Launching workers.
 3: IO qp on core 1 total time 16830.673 us (40393616 ticks), connect time 7135.863 us (17126072 ticks)
 3: IO qp on core 3 total time 26816.627 us (64359904 ticks), connect time 17009.384 us (40822522 ticks)
 3: IO qp on core 6 total time 36641.855 us (87940452 ticks), connect time 26564.419 us (63754605 ticks)
 3: IO qp on core 4 total time 46363.732 us (111272958 ticks), connect time 35938.084 us (86251401 ticks)
 3: IO qp on core 2 total time 56498.926 us (135597422 ticks), connect time 45874.948 us (110099876 ticks)
 3: IO qp on core 5 total time 66646.076 us (159950582 ticks), connect time 55602.873 us (133446896 ticks)
 3: IO qp on core 0 total time 76065.149 us (182556357 ticks), connect time 65162.793 us (156390702 ticks)
 3: IO qp on core 7 total time 86111.186 us (206666846 ticks), connect time 74807.811 us (179538746 ticks)
 3: IO qp on core 11 total time 95142.236 us (228341367 ticks), connect time 84451.634 us (202683921 ticks)
 3: IO qp on core 10 total time 106523.192 us (255655660 ticks), connect time 95691.675 us (229660021 ticks)
 3: IO qp on core 8 total time 115092.143 us (276221144 ticks), connect time 104096.487 us (249831569 ticks)
 3: IO qp on core 13 total time 126045.240 us (302508576 ticks), connect time 114881.629 us (275715909 ticks)
 3: IO qp on core 12 total time 135814.675 us (325955221 ticks), connect time 124229.373 us (298150495 ticks)
 3: IO qp on core 14 total time 145222.316 us (348533558 ticks), connect time 133569.032 us (320565677 ticks)
 3: IO qp on core 9 total time 155659.828 us (373583587 ticks), connect time 143675.149 us (344820358 ticks)
 3: IO qp on core 15 total time 165508.314 us (397219953 ticks), connect time 153545.159 us (368508381 ticks)
 3: ========================================================
 3:                                                                                                                 Latency(us)
 3: Device Information                                                          :       IOPS      MiB/s    Average        min        max
 3: RDMA (addr:172.24.0.2 subnqn:nqn.2016-06.io.spdk:cnode1) NSID 1 from core  0:    4489.80      17.54     222.70      21.70    2568.64
 3: RDMA (addr:172.24.0.2 subnqn:nqn.2016-06.io.spdk:cnode1) NSID 1 from core  1:    4494.10      17.56     222.48      21.94    3195.38
 3: RDMA (addr:172.24.0.2 subnqn:nqn.2016-06.io.spdk:cnode1) NSID 1 from core  2:    4495.20      17.56     222.43      22.83    3004.82
 3: RDMA (addr:172.24.0.2 subnqn:nqn.2016-06.io.spdk:cnode1) NSID 1 from core  3:    4495.10      17.56     222.41      22.17    3394.65
 3: RDMA (addr:172.24.0.2 subnqn:nqn.2016-06.io.spdk:cnode1) NSID 1 from core  4:    4494.40      17.56     222.42      22.71    3178.87
 3: RDMA (addr:172.24.0.2 subnqn:nqn.2016-06.io.spdk:cnode1) NSID 1 from core  5:    4494.10      17.56     222.46      21.23    2895.49
 3: RDMA (addr:172.24.0.2 subnqn:nqn.2016-06.io.spdk:cnode1) NSID 1 from core  6:    4495.70      17.56     222.41      15.85    2898.50
 3: RDMA (addr:172.24.0.2 subnqn:nqn.2016-06.io.spdk:cnode1) NSID 1 from core  7:    4486.80      17.53     222.83      22.64    9135.74
 3: RDMA (addr:172.24.0.2 subnqn:nqn.2016-06.io.spdk:cnode1) NSID 1 from core  8:    4494.70      17.56     222.45      16.64    2884.33
 3: RDMA (addr:172.24.0.2 subnqn:nqn.2016-06.io.spdk:cnode1) NSID 1 from core  9:    4492.90      17.55     222.54      23.59    3175.40
 3: RDMA (addr:172.24.0.2 subnqn:nqn.2016-06.io.spdk:cnode1) NSID 1 from core 10:    4488.30      17.53     222.78      18.87    3137.92
 3: RDMA (addr:172.24.0.2 subnqn:nqn.2016-06.io.spdk:cnode1) NSID 1 from core 11:    4492.80      17.55     222.51      18.29    3675.82
 3: RDMA (addr:172.24.0.2 subnqn:nqn.2016-06.io.spdk:cnode1) NSID 1 from core 12:    4491.60      17.55     222.61      15.17    2966.42
 3: RDMA (addr:172.24.0.2 subnqn:nqn.2016-06.io.spdk:cnode1) NSID 1 from core 13:    4491.20      17.54     222.61      14.13    2892.93
 3: RDMA (addr:172.24.0.2 subnqn:nqn.2016-06.io.spdk:cnode1) NSID 1 from core 14:    4492.20      17.55     222.58      16.52    3612.45
 3: RDMA (addr:172.24.0.2 subnqn:nqn.2016-06.io.spdk:cnode1) NSID 1 from core 15:    4487.60      17.53     222.81      23.15    9034.23
 3: ========================================================
 3: Total                                                                       :   71876.50     280.77     222.56      14.13    9135.74
 3: 
 0: Initializing NVMe Controllers
 0: Attached to NVMe over Fabrics controller at 172.24.0.2:4420: nqn.2016-06.io.spdk:cnode1
 0: Controller attach time is 22764.783 us (54635478 ticks)
 0: Associating RDMA (addr:172.24.0.2 subnqn:nqn.2016-06.io.spdk:cnode1) NSID 1 with lcore 0
 0: Associating RDMA (addr:172.24.0.2 subnqn:nqn.2016-06.io.spdk:cnode1) NSID 1 with lcore 1
 0: Associating RDMA (addr:172.24.0.2 subnqn:nqn.2016-06.io.spdk:cnode1) NSID 1 with lcore 2
 0: Associating RDMA (addr:172.24.0.2 subnqn:nqn.2016-06.io.spdk:cnode1) NSID 1 with lcore 3
 0: Associating RDMA (addr:172.24.0.2 subnqn:nqn.2016-06.io.spdk:cnode1) NSID 1 with lcore 4
 0: Associating RDMA (addr:172.24.0.2 subnqn:nqn.2016-06.io.spdk:cnode1) NSID 1 with lcore 5
 0: Associating RDMA (addr:172.24.0.2 subnqn:nqn.2016-06.io.spdk:cnode1) NSID 1 with lcore 6
 0: Associating RDMA (addr:172.24.0.2 subnqn:nqn.2016-06.io.spdk:cnode1) NSID 1 with lcore 7
 0: Associating RDMA (addr:172.24.0.2 subnqn:nqn.2016-06.io.spdk:cnode1) NSID 1 with lcore 8
 0: Associating RDMA (addr:172.24.0.2 subnqn:nqn.2016-06.io.spdk:cnode1) NSID 1 with lcore 9
 0: Associating RDMA (addr:172.24.0.2 subnqn:nqn.2016-06.io.spdk:cnode1) NSID 1 with lcore 10
 0: Associating RDMA (addr:172.24.0.2 subnqn:nqn.2016-06.io.spdk:cnode1) NSID 1 with lcore 11
 0: Associating RDMA (addr:172.24.0.2 subnqn:nqn.2016-06.io.spdk:cnode1) NSID 1 with lcore 12
 0: Associating RDMA (addr:172.24.0.2 subnqn:nqn.2016-06.io.spdk:cnode1) NSID 1 with lcore 13
 0: Associating RDMA (addr:172.24.0.2 subnqn:nqn.2016-06.io.spdk:cnode1) NSID 1 with lcore 14
 0: Associating RDMA (addr:172.24.0.2 subnqn:nqn.2016-06.io.spdk:cnode1) NSID 1 with lcore 15
 0: Initialization complete. Launching workers.
 0: IO qp on core 2 total time 25017.551 us (60042122 ticks), connect time 14255.090 us (34212215 ticks)
 0: IO qp on core 4 total time 34264.891 us (82235739 ticks), connect time 23410.285 us (56184684 ticks)
 0: IO qp on core 0 total time 43883.242 us (105319780 ticks), connect time 33431.822 us (80236372 ticks)
 0: IO qp on core 3 total time 55047.071 us (132112971 ticks), connect time 43875.516 us (105301239 ticks)
 0: IO qp on core 1 total time 64514.429 us (154834630 ticks), connect time 53244.251 us (127786203 ticks)
 0: IO qp on core 6 total time 73645.426 us (176749023 ticks), connect time 63328.805 us (151989132 ticks)
 0: IO qp on core 10 total time 83261.316 us (199827158 ticks), connect time 72427.131 us (173825114 ticks)
 0: IO qp on core 5 total time 94015.470 us (225637128 ticks), connect time 83045.467 us (199309122 ticks)
 0: IO qp on core 13 total time 103489.942 us (248375860 ticks), connect time 92585.918 us (222206203 ticks)
 0: IO qp on core 8 total time 113770.917 us (273050200 ticks), connect time 102672.032 us (246412876 ticks)
 0: IO qp on core 11 total time 123624.514 us (296698833 ticks), connect time 112276.159 us (269462781 ticks)
 0: IO qp on core 15 total time 134110.078 us (321864186 ticks), connect time 122749.070 us (294597768 ticks)
 0: IO qp on core 14 total time 143518.235 us (344443764 ticks), connect time 131537.935 us (315691044 ticks)
 0: IO qp on core 12 total time 153197.934 us (367675042 ticks), connect time 141083.215 us (338599717 ticks)
 0: IO qp on core 7 total time 164790.966 us (395498319 ticks), connect time 152673.139 us (366415533 ticks)
 0: IO qp on core 9 total time 173460.822 us (416305973 ticks), connect time 160490.100 us (385176239 ticks)
 0: ========================================================
 0:                                                                                                                 Latency(us)
 0: Device Information                                                          :       IOPS      MiB/s    Average        min        max
 0: RDMA (addr:172.24.0.2 subnqn:nqn.2016-06.io.spdk:cnode1) NSID 1 from core  0:    4454.60      17.40     224.46      49.86    3574.61
 0: RDMA (addr:172.24.0.2 subnqn:nqn.2016-06.io.spdk:cnode1) NSID 1 from core  1:    4457.40      17.41     224.30      28.30    3375.65
 0: RDMA (addr:172.24.0.2 subnqn:nqn.2016-06.io.spdk:cnode1) NSID 1 from core  2:    4458.40      17.42     224.27      38.58    2574.08
 0: RDMA (addr:172.24.0.2 subnqn:nqn.2016-06.io.spdk:cnode1) NSID 1 from core  3:    4454.40      17.40     224.41      30.51    3135.30
 0: RDMA (addr:172.24.0.2 subnqn:nqn.2016-06.io.spdk:cnode1) NSID 1 from core  4:    4458.70      17.42     224.26      35.65    2834.72
 0: RDMA (addr:172.24.0.2 subnqn:nqn.2016-06.io.spdk:cnode1) NSID 1 from core  5:    4453.70      17.40     224.50      26.50    5302.02
 0: RDMA (addr:172.24.0.2 subnqn:nqn.2016-06.io.spdk:cnode1) NSID 1 from core  6:    4459.10      17.42     224.24      30.64    3180.91
 0: RDMA (addr:172.24.0.2 subnqn:nqn.2016-06.io.spdk:cnode1) NSID 1 from core  7:    4453.90      17.40     224.48      39.51    3009.82
 0: RDMA (addr:172.24.0.2 subnqn:nqn.2016-06.io.spdk:cnode1) NSID 1 from core  8:    4456.70      17.41     224.36      25.13    2986.26
 0: RDMA (addr:172.24.0.2 subnqn:nqn.2016-06.io.spdk:cnode1) NSID 1 from core  9:    4457.80      17.41     224.30      39.83    2685.13
 0: RDMA (addr:172.24.0.2 subnqn:nqn.2016-06.io.spdk:cnode1) NSID 1 from core 10:    4455.10      17.40     224.44      40.34    3110.71
 0: RDMA (addr:172.24.0.2 subnqn:nqn.2016-06.io.spdk:cnode1) NSID 1 from core 11:    4457.60      17.41     224.30      39.94    2826.54
 0: RDMA (addr:172.24.0.2 subnqn:nqn.2016-06.io.spdk:cnode1) NSID 1 from core 12:    4454.20      17.40     224.48      33.16    3114.83
 0: RDMA (addr:172.24.0.2 subnqn:nqn.2016-06.io.spdk:cnode1) NSID 1 from core 13:    4454.80      17.40     224.42      37.47    3131.08
 0: RDMA (addr:172.24.0.2 subnqn:nqn.2016-06.io.spdk:cnode1) NSID 1 from core 14:    4456.30      17.41     224.37      34.90    2804.18
 0: RDMA (addr:172.24.0.2 subnqn:nqn.2016-06.io.spdk:cnode1) NSID 1 from core 15:    4453.50      17.40     224.49      40.77    3007.49
 0: ========================================================
 0: Total                                                                       :   71296.20     278.50     224.38      25.13    5302.02
 0: 
10: Initializing NVMe Controllers
10: Attached to NVMe over Fabrics controller at 172.24.0.2:4420: nqn.2016-06.io.spdk:cnode1
10: Controller attach time is 21009.909 us (50423782 ticks)
10: Associating RDMA (addr:172.24.0.2 subnqn:nqn.2016-06.io.spdk:cnode1) NSID 1 with lcore 0
10: Associating RDMA (addr:172.24.0.2 subnqn:nqn.2016-06.io.spdk:cnode1) NSID 1 with lcore 1
10: Associating RDMA (addr:172.24.0.2 subnqn:nqn.2016-06.io.spdk:cnode1) NSID 1 with lcore 2
10: Associating RDMA (addr:172.24.0.2 subnqn:nqn.2016-06.io.spdk:cnode1) NSID 1 with lcore 3
10: Associating RDMA (addr:172.24.0.2 subnqn:nqn.2016-06.io.spdk:cnode1) NSID 1 with lcore 4
10: Associating RDMA (addr:172.24.0.2 subnqn:nqn.2016-06.io.spdk:cnode1) NSID 1 with lcore 5
10: Associating RDMA (addr:172.24.0.2 subnqn:nqn.2016-06.io.spdk:cnode1) NSID 1 with lcore 6
10: Associating RDMA (addr:172.24.0.2 subnqn:nqn.2016-06.io.spdk:cnode1) NSID 1 with lcore 7
10: Associating RDMA (addr:172.24.0.2 subnqn:nqn.2016-06.io.spdk:cnode1) NSID 1 with lcore 8
10: Associating RDMA (addr:172.24.0.2 subnqn:nqn.2016-06.io.spdk:cnode1) NSID 1 with lcore 9
10: Associating RDMA (addr:172.24.0.2 subnqn:nqn.2016-06.io.spdk:cnode1) NSID 1 with lcore 10
10: Associating RDMA (addr:172.24.0.2 subnqn:nqn.2016-06.io.spdk:cnode1) NSID 1 with lcore 11
10: Associating RDMA (addr:172.24.0.2 subnqn:nqn.2016-06.io.spdk:cnode1) NSID 1 with lcore 12
10: Associating RDMA (addr:172.24.0.2 subnqn:nqn.2016-06.io.spdk:cnode1) NSID 1 with lcore 13
10: Associating RDMA (addr:172.24.0.2 subnqn:nqn.2016-06.io.spdk:cnode1) NSID 1 with lcore 14
10: Associating RDMA (addr:172.24.0.2 subnqn:nqn.2016-06.io.spdk:cnode1) NSID 1 with lcore 15
10: Initialization complete. Launching workers.
10: IO qp on core 2 total time 25786.210 us (61886904 ticks), connect time 14466.743 us (34720182 ticks)
10: IO qp on core 4 total time 36297.446 us (87113871 ticks), connect time 24970.175 us (59928420 ticks)
10: IO qp on core 1 total time 45402.882 us (108966916 ticks), connect time 33924.213 us (81418110 ticks)
10: IO qp on core 3 total time 55502.302 us (133205525 ticks), connect time 43888.651 us (105332763 ticks)
10: IO qp on core 5 total time 65606.142 us (157454741 ticks), connect time 54017.848 us (129642834 ticks)
10: IO qp on core 6 total time 75614.598 us (181475036 ticks), connect time 64048.313 us (153715952 ticks)
10: IO qp on core 7 total time 85453.811 us (205089146 ticks), connect time 71743.780 us (172185072 ticks)
10: IO qp on core 9 total time 94195.750 us (226069799 ticks), connect time 81524.628 us (195659106 ticks)
10: IO qp on core 12 total time 104259.975 us (250223939 ticks), connect time 91439.126 us (219453902 ticks)
10: IO qp on core 13 total time 115027.938 us (276067052 ticks), connect time 101985.824 us (244765977 ticks)
10: IO qp on core 14 total time 124445.691 us (298669659 ticks), connect time 111108.334 us (266660001 ticks)
10: IO qp on core 0 total time 135070.340 us (324168815 ticks), connect time 120983.813 us (290361152 ticks)
10: IO qp on core 10 total time 144223.316 us (346135958 ticks), connect time 130553.453 us (313328288 ticks)
10: IO qp on core 11 total time 154604.988 us (371051972 ticks), connect time 140931.956 us (338236694 ticks)
10: IO qp on core 15 total time 164080.975 us (393794341 ticks), connect time 150283.219 us (360679725 ticks)
10: IO qp on core 8 total time 174026.549 us (417663717 ticks), connect time 160174.818 us (384419562 ticks)
10: ========================================================
10:                                                                                                                 Latency(us)
10: Device Information                                                          :       IOPS      MiB/s    Average        min        max
10: RDMA (addr:172.24.0.2 subnqn:nqn.2016-06.io.spdk:cnode1) NSID 1 from core  0:    4451.70      17.39     224.61      54.62    3674.31
10: RDMA (addr:172.24.0.2 subnqn:nqn.2016-06.io.spdk:cnode1) NSID 1 from core  1:    4456.50      17.41     224.34      28.51    2988.17
10: RDMA (addr:172.24.0.2 subnqn:nqn.2016-06.io.spdk:cnode1) NSID 1 from core  2:    4458.90      17.42     224.25      32.34    3150.28
10: RDMA (addr:172.24.0.2 subnqn:nqn.2016-06.io.spdk:cnode1) NSID 1 from core  3:    4455.80      17.41     224.38      47.54    2654.05
10: RDMA (addr:172.24.0.2 subnqn:nqn.2016-06.io.spdk:cnode1) NSID 1 from core  4:    4453.90      17.40     224.49      43.97    3009.52
10: RDMA (addr:172.24.0.2 subnqn:nqn.2016-06.io.spdk:cnode1) NSID 1 from core  5:    4457.00      17.41     224.30      33.13    2555.07
10: RDMA (addr:172.24.0.2 subnqn:nqn.2016-06.io.spdk:cnode1) NSID 1 from core  6:    4455.80      17.41     224.40      45.89    2813.81
10: RDMA (addr:172.24.0.2 subnqn:nqn.2016-06.io.spdk:cnode1) NSID 1 from core  7:    4453.70      17.40     224.50      26.29    3010.82
10: RDMA (addr:172.24.0.2 subnqn:nqn.2016-06.io.spdk:cnode1) NSID 1 from core  8:    4455.60      17.40     224.41      51.26    2839.85
10: RDMA (addr:172.24.0.2 subnqn:nqn.2016-06.io.spdk:cnode1) NSID 1 from core  9:    4455.70      17.41     224.39      30.66    2817.39
10: RDMA (addr:172.24.0.2 subnqn:nqn.2016-06.io.spdk:cnode1) NSID 1 from core 10:    4455.90      17.41     224.40      46.29    3398.47
10: RDMA (addr:172.24.0.2 subnqn:nqn.2016-06.io.spdk:cnode1) NSID 1 from core 11:    4456.90      17.41     224.31      42.35    3600.81
10: RDMA (addr:172.24.0.2 subnqn:nqn.2016-06.io.spdk:cnode1) NSID 1 from core 12:    4452.20      17.39     224.59      26.26    3093.93
10: RDMA (addr:172.24.0.2 subnqn:nqn.2016-06.io.spdk:cnode1) NSID 1 from core 13:    4457.60      17.41     224.30      26.33    3133.13
10: RDMA (addr:172.24.0.2 subnqn:nqn.2016-06.io.spdk:cnode1) NSID 1 from core 14:    4457.10      17.41     224.34      41.99    3181.01
10: RDMA (addr:172.24.0.2 subnqn:nqn.2016-06.io.spdk:cnode1) NSID 1 from core 15:    4452.90      17.39     224.52      42.05    3036.61
10: ========================================================
10: Total                                                                       :   71287.20     278.47     224.41      26.26    3674.31
10: 
 8: Initializing NVMe Controllers
 8: Attached to NVMe over Fabrics controller at 172.24.0.2:4420: nqn.2016-06.io.spdk:cnode1
 8: Controller attach time is 23335.949 us (56006277 ticks)
 8: Associating RDMA (addr:172.24.0.2 subnqn:nqn.2016-06.io.spdk:cnode1) NSID 1 with lcore 0
 8: Associating RDMA (addr:172.24.0.2 subnqn:nqn.2016-06.io.spdk:cnode1) NSID 1 with lcore 1
 8: Associating RDMA (addr:172.24.0.2 subnqn:nqn.2016-06.io.spdk:cnode1) NSID 1 with lcore 2
 8: Associating RDMA (addr:172.24.0.2 subnqn:nqn.2016-06.io.spdk:cnode1) NSID 1 with lcore 3
 8: Associating RDMA (addr:172.24.0.2 subnqn:nqn.2016-06.io.spdk:cnode1) NSID 1 with lcore 4
 8: Associating RDMA (addr:172.24.0.2 subnqn:nqn.2016-06.io.spdk:cnode1) NSID 1 with lcore 5
 8: Associating RDMA (addr:172.24.0.2 subnqn:nqn.2016-06.io.spdk:cnode1) NSID 1 with lcore 6
 8: Associating RDMA (addr:172.24.0.2 subnqn:nqn.2016-06.io.spdk:cnode1) NSID 1 with lcore 7
 8: Associating RDMA (addr:172.24.0.2 subnqn:nqn.2016-06.io.spdk:cnode1) NSID 1 with lcore 8
 8: Associating RDMA (addr:172.24.0.2 subnqn:nqn.2016-06.io.spdk:cnode1) NSID 1 with lcore 9
 8: Associating RDMA (addr:172.24.0.2 subnqn:nqn.2016-06.io.spdk:cnode1) NSID 1 with lcore 10
 8: Associating RDMA (addr:172.24.0.2 subnqn:nqn.2016-06.io.spdk:cnode1) NSID 1 with lcore 11
 8: Associating RDMA (addr:172.24.0.2 subnqn:nqn.2016-06.io.spdk:cnode1) NSID 1 with lcore 12
 8: Associating RDMA (addr:172.24.0.2 subnqn:nqn.2016-06.io.spdk:cnode1) NSID 1 with lcore 13
 8: Associating RDMA (addr:172.24.0.2 subnqn:nqn.2016-06.io.spdk:cnode1) NSID 1 with lcore 14
 8: Associating RDMA (addr:172.24.0.2 subnqn:nqn.2016-06.io.spdk:cnode1) NSID 1 with lcore 15
 8: Initialization complete. Launching workers.
 8: IO qp on core 2 total time 24299.994 us (58319985 ticks), connect time 15010.964 us (36026313 ticks)
 8: IO qp on core 1 total time 34454.159 us (82689982 ticks), connect time 24907.340 us (59777616 ticks)
 8: IO qp on core 3 total time 45381.989 us (108916774 ticks), connect time 35685.394 us (85644946 ticks)
 8: IO qp on core 0 total time 53099.082 us (127437797 ticks), connect time 43557.257 us (104537417 ticks)
 8: IO qp on core 4 total time 63781.356 us (153075254 ticks), connect time 53473.241 us (128335778 ticks)
 8: IO qp on core 5 total time 73754.647 us (177011152 ticks), connect time 63480.848 us (152354035 ticks)
 8: IO qp on core 6 total time 83177.250 us (199625400 ticks), connect time 72904.110 us (174969864 ticks)
 8: IO qp on core 14 total time 92869.919 us (222887806 ticks), connect time 82339.722 us (197615332 ticks)
 8: IO qp on core 7 total time 103211.589 us (247707814 ticks), connect time 92602.714 us (222246514 ticks)
 8: IO qp on core 9 total time 112984.619 us (271163085 ticks), connect time 102343.792 us (245625102 ticks)
 8: IO qp on core 12 total time 122473.458 us (293936300 ticks), connect time 111601.628 us (267843908 ticks)
 8: IO qp on core 15 total time 132596.024 us (318230457 ticks), connect time 121398.891 us (291357339 ticks)
 8: IO qp on core 8 total time 143324.651 us (343979163 ticks), connect time 131928.241 us (316627779 ticks)
 8: IO qp on core 13 total time 152536.080 us (366086592 ticks), connect time 140538.034 us (337291281 ticks)
 8: IO qp on core 11 total time 163121.608 us (391491859 ticks), connect time 151118.623 us (362684695 ticks)
 8: IO qp on core 10 total time 172699.256 us (414478215 ticks), connect time 160645.611 us (385549467 ticks)
 8: ========================================================
 8:                                                                                                                 Latency(us)
 8: Device Information                                                          :       IOPS      MiB/s    Average        min        max
 8: RDMA (addr:172.24.0.2 subnqn:nqn.2016-06.io.spdk:cnode1) NSID 1 from core  0:    4461.10      17.43     224.12      43.46    3178.29
 8: RDMA (addr:172.24.0.2 subnqn:nqn.2016-06.io.spdk:cnode1) NSID 1 from core  1:    4466.60      17.45     223.85      26.93    3126.01
 8: RDMA (addr:172.24.0.2 subnqn:nqn.2016-06.io.spdk:cnode1) NSID 1 from core  2:    4461.00      17.43     224.14      38.91    3422.46
 8: RDMA (addr:172.24.0.2 subnqn:nqn.2016-06.io.spdk:cnode1) NSID 1 from core  3:    4456.90      17.41     224.32      32.12    2503.35
 8: RDMA (addr:172.24.0.2 subnqn:nqn.2016-06.io.spdk:cnode1) NSID 1 from core  4:    4460.90      17.43     224.14      35.64    2558.18
 8: RDMA (addr:172.24.0.2 subnqn:nqn.2016-06.io.spdk:cnode1) NSID 1 from core  5:    4459.20      17.42     224.23      50.55    3132.76
 8: RDMA (addr:172.24.0.2 subnqn:nqn.2016-06.io.spdk:cnode1) NSID 1 from core  6:    4460.80      17.43     224.15      45.93    2579.86
 8: RDMA (addr:172.24.0.2 subnqn:nqn.2016-06.io.spdk:cnode1) NSID 1 from core  7:    4460.70      17.42     224.12      37.42    3158.66
 8: RDMA (addr:172.24.0.2 subnqn:nqn.2016-06.io.spdk:cnode1) NSID 1 from core  8:    4461.50      17.43     224.12      41.52    3127.24
 8: RDMA (addr:172.24.0.2 subnqn:nqn.2016-06.io.spdk:cnode1) NSID 1 from core  9:    4460.00      17.42     224.17      41.40    3177.03
 8: RDMA (addr:172.24.0.2 subnqn:nqn.2016-06.io.spdk:cnode1) NSID 1 from core 10:    4461.30      17.43     224.13      42.76    3141.01
 8: RDMA (addr:172.24.0.2 subnqn:nqn.2016-06.io.spdk:cnode1) NSID 1 from core 11:    4458.90      17.42     224.23      40.60    2834.39
 8: RDMA (addr:172.24.0.2 subnqn:nqn.2016-06.io.spdk:cnode1) NSID 1 from core 12:    4459.10      17.42     224.24      46.70    3135.40
 8: RDMA (addr:172.24.0.2 subnqn:nqn.2016-06.io.spdk:cnode1) NSID 1 from core 13:    4457.80      17.41     224.27      46.45    3127.14
 8: RDMA (addr:172.24.0.2 subnqn:nqn.2016-06.io.spdk:cnode1) NSID 1 from core 14:    4461.50      17.43     224.11      45.33    2699.99
 8: RDMA (addr:172.24.0.2 subnqn:nqn.2016-06.io.spdk:cnode1) NSID 1 from core 15:    4460.70      17.42     224.14      37.49    3177.95
 8: ========================================================
 8: Total                                                                       :   71368.00     278.78     224.15      26.93    3422.46
 8: 
19: Initializing NVMe Controllers
19: Attached to NVMe over Fabrics controller at 172.24.0.2:4420: nqn.2016-06.io.spdk:cnode1
19: Controller attach time is 24193.812 us (58065148 ticks)
19: Associating RDMA (addr:172.24.0.2 subnqn:nqn.2016-06.io.spdk:cnode1) NSID 1 with lcore 0
19: Associating RDMA (addr:172.24.0.2 subnqn:nqn.2016-06.io.spdk:cnode1) NSID 1 with lcore 1
19: Associating RDMA (addr:172.24.0.2 subnqn:nqn.2016-06.io.spdk:cnode1) NSID 1 with lcore 2
19: Associating RDMA (addr:172.24.0.2 subnqn:nqn.2016-06.io.spdk:cnode1) NSID 1 with lcore 3
19: Associating RDMA (addr:172.24.0.2 subnqn:nqn.2016-06.io.spdk:cnode1) NSID 1 with lcore 4
19: Associating RDMA (addr:172.24.0.2 subnqn:nqn.2016-06.io.spdk:cnode1) NSID 1 with lcore 5
19: Associating RDMA (addr:172.24.0.2 subnqn:nqn.2016-06.io.spdk:cnode1) NSID 1 with lcore 6
19: Associating RDMA (addr:172.24.0.2 subnqn:nqn.2016-06.io.spdk:cnode1) NSID 1 with lcore 7
19: Associating RDMA (addr:172.24.0.2 subnqn:nqn.2016-06.io.spdk:cnode1) NSID 1 with lcore 8
19: Associating RDMA (addr:172.24.0.2 subnqn:nqn.2016-06.io.spdk:cnode1) NSID 1 with lcore 9
19: Associating RDMA (addr:172.24.0.2 subnqn:nqn.2016-06.io.spdk:cnode1) NSID 1 with lcore 10
19: Associating RDMA (addr:172.24.0.2 subnqn:nqn.2016-06.io.spdk:cnode1) NSID 1 with lcore 11
19: Associating RDMA (addr:172.24.0.2 subnqn:nqn.2016-06.io.spdk:cnode1) NSID 1 with lcore 12
19: Associating RDMA (addr:172.24.0.2 subnqn:nqn.2016-06.io.spdk:cnode1) NSID 1 with lcore 13
19: Associating RDMA (addr:172.24.0.2 subnqn:nqn.2016-06.io.spdk:cnode1) NSID 1 with lcore 14
19: Associating RDMA (addr:172.24.0.2 subnqn:nqn.2016-06.io.spdk:cnode1) NSID 1 with lcore 15
19: Initialization complete. Launching workers.
19: IO qp on core 2 total time 23732.985 us (56959163 ticks), connect time 13255.170 us (31812407 ticks)
19: IO qp on core 0 total time 32966.661 us (79119987 ticks), connect time 22917.740 us (55002576 ticks)
19: IO qp on core 4 total time 44075.272 us (105780654 ticks), connect time 33349.371 us (80038491 ticks)
19: IO qp on core 6 total time 52829.308 us (126790338 ticks), connect time 42954.698 us (103091274 ticks)
19: IO qp on core 3 total time 63765.100 us (153036239 ticks), connect time 52841.055 us (126818531 ticks)
19: IO qp on core 1 total time 73743.169 us (176983606 ticks), connect time 62612.621 us (150270290 ticks)
19: IO qp on core 7 total time 82852.146 us (198845150 ticks), connect time 70764.586 us (169835006 ticks)
19: IO qp on core 11 total time 92201.154 us (221282770 ticks), connect time 80082.072 us (192196972 ticks)
19: IO qp on core 15 total time 102309.973 us (245543934 ticks), connect time 89743.400 us (215384160 ticks)
19: IO qp on core 5 total time 113167.830 us (271602793 ticks), connect time 100474.220 us (241138129 ticks)
19: IO qp on core 8 total time 122139.707 us (293135296 ticks), connect time 109429.388 us (262630531 ticks)
19: IO qp on core 12 total time 132603.390 us (318248137 ticks), connect time 119770.932 us (287450236 ticks)
19: IO qp on core 10 total time 142194.691 us (341267258 ticks), connect time 126990.933 us (304778240 ticks)
19: IO qp on core 14 total time 152374.234 us (365698161 ticks), connect time 137068.216 us (328963719 ticks)
19: IO qp on core 13 total time 162805.639 us (390733534 ticks), connect time 147446.552 us (353871724 ticks)
19: IO qp on core 9 total time 172554.408 us (414130580 ticks), connect time 157186.240 us (377246975 ticks)
19: ========================================================
19:                                                                                                                 Latency(us)
19: Device Information                                                          :       IOPS      MiB/s    Average        min        max
19: RDMA (addr:172.24.0.2 subnqn:nqn.2016-06.io.spdk:cnode1) NSID 1 from core  0:    4468.10      17.45     223.78      44.20    3132.57
19: RDMA (addr:172.24.0.2 subnqn:nqn.2016-06.io.spdk:cnode1) NSID 1 from core  1:    4467.20      17.45     223.81      34.77    2818.07
19: RDMA (addr:172.24.0.2 subnqn:nqn.2016-06.io.spdk:cnode1) NSID 1 from core  2:    4470.60      17.46     223.66      24.77    3380.54
19: RDMA (addr:172.24.0.2 subnqn:nqn.2016-06.io.spdk:cnode1) NSID 1 from core  3:    4467.50      17.45     223.79      42.09    3149.50
19: RDMA (addr:172.24.0.2 subnqn:nqn.2016-06.io.spdk:cnode1) NSID 1 from core  4:    4467.90      17.45     223.79      34.30    2696.11
19: RDMA (addr:172.24.0.2 subnqn:nqn.2016-06.io.spdk:cnode1) NSID 1 from core  5:    4474.30      17.48     223.44      34.99    3010.45
19: RDMA (addr:172.24.0.2 subnqn:nqn.2016-06.io.spdk:cnode1) NSID 1 from core  6:    4471.30      17.47     223.61      37.56    3601.43
19: RDMA (addr:172.24.0.2 subnqn:nqn.2016-06.io.spdk:cnode1) NSID 1 from core  7:    4471.90      17.47     223.58      31.71    2553.65
19: RDMA (addr:172.24.0.2 subnqn:nqn.2016-06.io.spdk:cnode1) NSID 1 from core  8:    4467.20      17.45     223.83      34.30    3036.64
19: RDMA (addr:172.24.0.2 subnqn:nqn.2016-06.io.spdk:cnode1) NSID 1 from core  9:    4468.40      17.45     223.77      42.45    3172.87
19: RDMA (addr:172.24.0.2 subnqn:nqn.2016-06.io.spdk:cnode1) NSID 1 from core 10:    4468.20      17.45     223.78      45.95    2697.77
19: RDMA (addr:172.24.0.2 subnqn:nqn.2016-06.io.spdk:cnode1) NSID 1 from core 11:    4469.30      17.46     223.69      29.81    3506.39
19: RDMA (addr:172.24.0.2 subnqn:nqn.2016-06.io.spdk:cnode1) NSID 1 from core 12:    4467.40      17.45     223.82      37.23    2835.24
19: RDMA (addr:172.24.0.2 subnqn:nqn.2016-06.io.spdk:cnode1) NSID 1 from core 13:    4470.60      17.46     223.65      34.10    3600.03
19: RDMA (addr:172.24.0.2 subnqn:nqn.2016-06.io.spdk:cnode1) NSID 1 from core 14:    4467.00      17.45     223.83      36.73    2698.39
19: RDMA (addr:172.24.0.2 subnqn:nqn.2016-06.io.spdk:cnode1) NSID 1 from core 15:    4471.00      17.46     223.62      42.77    3619.11
19: ========================================================
19: Total                                                                       :   71507.90     279.33     223.72      24.77    3619.11
19: 
13: Initializing NVMe Controllers
13: Attached to NVMe over Fabrics controller at 172.24.0.2:4420: nqn.2016-06.io.spdk:cnode1
13: Controller attach time is 22150.987 us (53162370 ticks)
13: Associating RDMA (addr:172.24.0.2 subnqn:nqn.2016-06.io.spdk:cnode1) NSID 1 with lcore 0
13: Associating RDMA (addr:172.24.0.2 subnqn:nqn.2016-06.io.spdk:cnode1) NSID 1 with lcore 1
13: Associating RDMA (addr:172.24.0.2 subnqn:nqn.2016-06.io.spdk:cnode1) NSID 1 with lcore 2
13: Associating RDMA (addr:172.24.0.2 subnqn:nqn.2016-06.io.spdk:cnode1) NSID 1 with lcore 3
13: Associating RDMA (addr:172.24.0.2 subnqn:nqn.2016-06.io.spdk:cnode1) NSID 1 with lcore 4
13: Associating RDMA (addr:172.24.0.2 subnqn:nqn.2016-06.io.spdk:cnode1) NSID 1 with lcore 5
13: Associating RDMA (addr:172.24.0.2 subnqn:nqn.2016-06.io.spdk:cnode1) NSID 1 with lcore 6
13: Associating RDMA (addr:172.24.0.2 subnqn:nqn.2016-06.io.spdk:cnode1) NSID 1 with lcore 7
13: Associating RDMA (addr:172.24.0.2 subnqn:nqn.2016-06.io.spdk:cnode1) NSID 1 with lcore 8
13: Associating RDMA (addr:172.24.0.2 subnqn:nqn.2016-06.io.spdk:cnode1) NSID 1 with lcore 9
13: Associating RDMA (addr:172.24.0.2 subnqn:nqn.2016-06.io.spdk:cnode1) NSID 1 with lcore 10
13: Associating RDMA (addr:172.24.0.2 subnqn:nqn.2016-06.io.spdk:cnode1) NSID 1 with lcore 11
13: Associating RDMA (addr:172.24.0.2 subnqn:nqn.2016-06.io.spdk:cnode1) NSID 1 with lcore 12
13: Associating RDMA (addr:172.24.0.2 subnqn:nqn.2016-06.io.spdk:cnode1) NSID 1 with lcore 13
13: Associating RDMA (addr:172.24.0.2 subnqn:nqn.2016-06.io.spdk:cnode1) NSID 1 with lcore 14
13: Associating RDMA (addr:172.24.0.2 subnqn:nqn.2016-06.io.spdk:cnode1) NSID 1 with lcore 15
13: Initialization complete. Launching workers.
13: IO qp on core 4 total time 26038.124 us (62491497 ticks), connect time 15748.728 us (37796946 ticks)
13: IO qp on core 2 total time 35997.006 us (86392815 ticks), connect time 25644.165 us (61545996 ticks)
13: IO qp on core 3 total time 46058.736 us (110540967 ticks), connect time 35706.893 us (85696542 ticks)
13: IO qp on core 5 total time 55207.245 us (132497389 ticks), connect time 44899.681 us (107759235 ticks)
13: IO qp on core 6 total time 65529.706 us (157271295 ticks), connect time 55060.951 us (132146283 ticks)
13: IO qp on core 7 total time 82515.114 us (198036273 ticks), connect time 71966.970 us (172720728 ticks)
13: IO qp on core 8 total time 95050.224 us (228120537 ticks), connect time 84410.714 us (202585713 ticks)
13: IO qp on core 10 total time 105793.921 us (253905411 ticks), connect time 95091.425 us (228219420 ticks)
13: IO qp on core 1 total time 115998.960 us (278397505 ticks), connect time 104679.477 us (251230746 ticks)
13: IO qp on core 9 total time 125497.878 us (301194908 ticks), connect time 113574.476 us (272578743 ticks)
13: IO qp on core 0 total time 134717.476 us (323321942 ticks), connect time 122196.911 us (293272586 ticks)
13: IO qp on core 11 total time 145169.239 us (348406173 ticks), connect time 132501.465 us (318003516 ticks)
13: IO qp on core 14 total time 154233.975 us (370161539 ticks), connect time 142188.655 us (341252771 ticks)
13: IO qp on core 13 total time 164812.221 us (395549331 ticks), connect time 152762.949 us (366631077 ticks)
13: IO qp on core 12 total time 174449.585 us (418679003 ticks), connect time 162294.825 us (389507579 ticks)
13: IO qp on core 15 total time 184319.699 us (442367277 ticks), connect time 171310.581 us (411145395 ticks)
13: ========================================================
13:                                                                                                                 Latency(us)
13: Device Information                                                          :       IOPS      MiB/s    Average        min        max
13: RDMA (addr:172.24.0.2 subnqn:nqn.2016-06.io.spdk:cnode1) NSID 1 from core  0:    4478.50      17.49     223.26      34.16    3177.89
13: RDMA (addr:172.24.0.2 subnqn:nqn.2016-06.io.spdk:cnode1) NSID 1 from core  1:    4477.70      17.49     223.29      23.97    2714.70
13: RDMA (addr:172.24.0.2 subnqn:nqn.2016-06.io.spdk:cnode1) NSID 1 from core  2:    4483.10      17.51     223.04      26.05    2575.31
13: RDMA (addr:172.24.0.2 subnqn:nqn.2016-06.io.spdk:cnode1) NSID 1 from core  3:    4478.90      17.50     223.22      25.24    2803.21
13: RDMA (addr:172.24.0.2 subnqn:nqn.2016-06.io.spdk:cnode1) NSID 1 from core  4:    4481.50      17.51     223.12      26.37    3608.45
13: RDMA (addr:172.24.0.2 subnqn:nqn.2016-06.io.spdk:cnode1) NSID 1 from core  5:    4483.00      17.51     222.98      34.55    3150.50
13: RDMA (addr:172.24.0.2 subnqn:nqn.2016-06.io.spdk:cnode1) NSID 1 from core  6:    4479.90      17.50     223.20      25.20    2818.38
13: RDMA (addr:172.24.0.2 subnqn:nqn.2016-06.io.spdk:cnode1) NSID 1 from core  7:    4472.20      17.47     223.56      41.92    3131.33
13: RDMA (addr:172.24.0.2 subnqn:nqn.2016-06.io.spdk:cnode1) NSID 1 from core  8:    4479.60      17.50     223.21      27.56    2839.60
13: RDMA (addr:172.24.0.2 subnqn:nqn.2016-06.io.spdk:cnode1) NSID 1 from core  9:    4480.00      17.50     223.16      31.79    3601.61
13: RDMA (addr:172.24.0.2 subnqn:nqn.2016-06.io.spdk:cnode1) NSID 1 from core 10:    4479.70      17.50     223.21      25.13    2704.60
13: RDMA (addr:172.24.0.2 subnqn:nqn.2016-06.io.spdk:cnode1) NSID 1 from core 11:    4478.50      17.49     223.26      36.18    3121.92
13: RDMA (addr:172.24.0.2 subnqn:nqn.2016-06.io.spdk:cnode1) NSID 1 from core 12:    4478.60      17.49     223.26      32.17    3135.57
13: RDMA (addr:172.24.0.2 subnqn:nqn.2016-06.io.spdk:cnode1) NSID 1 from core 13:    4478.00      17.49     223.27      30.57    2550.08
13: RDMA (addr:172.24.0.2 subnqn:nqn.2016-06.io.spdk:cnode1) NSID 1 from core 14:    4479.20      17.50     223.22      28.00    2832.26
13: RDMA (addr:172.24.0.2 subnqn:nqn.2016-06.io.spdk:cnode1) NSID 1 from core 15:    4479.10      17.50     223.23      26.88    3030.81
13: ========================================================
13: Total                                                                       :   71667.50     279.95     223.22      23.97    3608.45
13: 
 6: Initializing NVMe Controllers
 6: Attached to NVMe over Fabrics controller at 172.24.0.2:4420: nqn.2016-06.io.spdk:cnode1
 6: Controller attach time is 23117.094 us (55481026 ticks)
 6: Associating RDMA (addr:172.24.0.2 subnqn:nqn.2016-06.io.spdk:cnode1) NSID 1 with lcore 0
 6: Associating RDMA (addr:172.24.0.2 subnqn:nqn.2016-06.io.spdk:cnode1) NSID 1 with lcore 1
 6: Associating RDMA (addr:172.24.0.2 subnqn:nqn.2016-06.io.spdk:cnode1) NSID 1 with lcore 2
 6: Associating RDMA (addr:172.24.0.2 subnqn:nqn.2016-06.io.spdk:cnode1) NSID 1 with lcore 3
 6: Associating RDMA (addr:172.24.0.2 subnqn:nqn.2016-06.io.spdk:cnode1) NSID 1 with lcore 4
 6: Associating RDMA (addr:172.24.0.2 subnqn:nqn.2016-06.io.spdk:cnode1) NSID 1 with lcore 5
 6: Associating RDMA (addr:172.24.0.2 subnqn:nqn.2016-06.io.spdk:cnode1) NSID 1 with lcore 6
 6: Associating RDMA (addr:172.24.0.2 subnqn:nqn.2016-06.io.spdk:cnode1) NSID 1 with lcore 7
 6: Associating RDMA (addr:172.24.0.2 subnqn:nqn.2016-06.io.spdk:cnode1) NSID 1 with lcore 8
 6: Associating RDMA (addr:172.24.0.2 subnqn:nqn.2016-06.io.spdk:cnode1) NSID 1 with lcore 9
 6: Associating RDMA (addr:172.24.0.2 subnqn:nqn.2016-06.io.spdk:cnode1) NSID 1 with lcore 10
 6: Associating RDMA (addr:172.24.0.2 subnqn:nqn.2016-06.io.spdk:cnode1) NSID 1 with lcore 11
 6: Associating RDMA (addr:172.24.0.2 subnqn:nqn.2016-06.io.spdk:cnode1) NSID 1 with lcore 12
 6: Associating RDMA (addr:172.24.0.2 subnqn:nqn.2016-06.io.spdk:cnode1) NSID 1 with lcore 13
 6: Associating RDMA (addr:172.24.0.2 subnqn:nqn.2016-06.io.spdk:cnode1) NSID 1 with lcore 14
 6: Associating RDMA (addr:172.24.0.2 subnqn:nqn.2016-06.io.spdk:cnode1) NSID 1 with lcore 15
 6: Initialization complete. Launching workers.
 6: IO qp on core 3 total time 25667.643 us (61602342 ticks), connect time 15450.814 us (37081953 ticks)
 6: IO qp on core 1 total time 35203.044 us (84487305 ticks), connect time 24826.309 us (59583141 ticks)
 6: IO qp on core 2 total time 45540.754 us (109297809 ticks), connect time 35255.988 us (84614370 ticks)
 6: IO qp on core 6 total time 53402.008 us (128164819 ticks), connect time 43549.710 us (104519305 ticks)
 6: IO qp on core 0 total time 65161.231 us (156386955 ticks), connect time 54778.959 us (131469501 ticks)
 6: IO qp on core 13 total time 73597.241 us (176633379 ticks), connect time 63619.552 us (152686926 ticks)
 6: IO qp on core 4 total time 85004.181 us (204010034 ticks), connect time 74117.777 us (177882665 ticks)
 6: IO qp on core 5 total time 94094.450 us (225826680 ticks), connect time 83900.482 us (201361158 ticks)
 6: IO qp on core 9 total time 104143.867 us (249945282 ticks), connect time 93953.725 us (225488940 ticks)
 6: IO qp on core 11 total time 114562.979 us (274951149 ticks), connect time 102918.967 us (247005522 ticks)
 6: IO qp on core 8 total time 123798.289 us (297115894 ticks), connect time 110947.843 us (266274823 ticks)
 6: IO qp on core 7 total time 133870.264 us (321288633 ticks), connect time 120806.074 us (289934577 ticks)
 6: IO qp on core 15 total time 144032.763 us (345678630 ticks), connect time 130822.126 us (313973103 ticks)
 6: IO qp on core 14 total time 154326.810 us (370384345 ticks), connect time 140712.919 us (337711006 ticks)
 6: IO qp on core 12 total time 165037.484 us (396089962 ticks), connect time 151334.782 us (363203476 ticks)
 6: IO qp on core 10 total time 173689.581 us (416854994 ticks), connect time 159916.271 us (383799050 ticks)
 6: ========================================================
 6:                                                                                                                 Latency(us)
 6: Device Information                                                          :       IOPS      MiB/s    Average        min        max
 6: RDMA (addr:172.24.0.2 subnqn:nqn.2016-06.io.spdk:cnode1) NSID 1 from core  0:    4494.70      17.56     222.45      23.24    3182.44
 6: RDMA (addr:172.24.0.2 subnqn:nqn.2016-06.io.spdk:cnode1) NSID 1 from core  1:    4507.80      17.61     221.77      17.61    3130.95
 6: RDMA (addr:172.24.0.2 subnqn:nqn.2016-06.io.spdk:cnode1) NSID 1 from core  2:    4498.60      17.57     222.27      23.31    2712.60
 6: RDMA (addr:172.24.0.2 subnqn:nqn.2016-06.io.spdk:cnode1) NSID 1 from core  3:    4501.40      17.58     222.12      15.89    3128.94
 6: RDMA (addr:172.24.0.2 subnqn:nqn.2016-06.io.spdk:cnode1) NSID 1 from core  4:    4508.00      17.61     221.80      22.71    3173.88
 6: RDMA (addr:172.24.0.2 subnqn:nqn.2016-06.io.spdk:cnode1) NSID 1 from core  5:    4508.70      17.61     221.76      18.91    3006.45
 6: RDMA (addr:172.24.0.2 subnqn:nqn.2016-06.io.spdk:cnode1) NSID 1 from core  6:    4507.30      17.61     221.82      18.16    2536.73
 6: RDMA (addr:172.24.0.2 subnqn:nqn.2016-06.io.spdk:cnode1) NSID 1 from core  7:    4507.20      17.61     221.81      23.82    3135.13
 6: RDMA (addr:172.24.0.2 subnqn:nqn.2016-06.io.spdk:cnode1) NSID 1 from core  8:    4497.60      17.57     222.32      28.43    2793.98
 6: RDMA (addr:172.24.0.2 subnqn:nqn.2016-06.io.spdk:cnode1) NSID 1 from core  9:    4498.50      17.57     222.26      24.91    3025.31
 6: RDMA (addr:172.24.0.2 subnqn:nqn.2016-06.io.spdk:cnode1) NSID 1 from core 10:    4500.50      17.58     222.18      20.65    3134.50
 6: RDMA (addr:172.24.0.2 subnqn:nqn.2016-06.io.spdk:cnode1) NSID 1 from core 11:    4500.40      17.58     222.16      25.51    2276.83
 6: RDMA (addr:172.24.0.2 subnqn:nqn.2016-06.io.spdk:cnode1) NSID 1 from core 12:    4494.60      17.56     222.49      32.38    4057.56
 6: RDMA (addr:172.24.0.2 subnqn:nqn.2016-06.io.spdk:cnode1) NSID 1 from core 13:    4502.20      17.59     222.07      26.60    2570.81
 6: RDMA (addr:172.24.0.2 subnqn:nqn.2016-06.io.spdk:cnode1) NSID 1 from core 14:    4507.50      17.61     221.83      22.77    3045.29
 6: RDMA (addr:172.24.0.2 subnqn:nqn.2016-06.io.spdk:cnode1) NSID 1 from core 15:    4501.60      17.58     222.09      18.12    2575.17
 6: ========================================================
 6: Total                                                                       :   72036.60     281.39     222.07      15.89    4057.56
 6: 
14: Initializing NVMe Controllers
14: Attached to NVMe over Fabrics controller at 172.24.0.2:4420: nqn.2016-06.io.spdk:cnode1
14: Controller attach time is 24404.385 us (58570524 ticks)
14: Associating RDMA (addr:172.24.0.2 subnqn:nqn.2016-06.io.spdk:cnode1) NSID 1 with lcore 0
14: Associating RDMA (addr:172.24.0.2 subnqn:nqn.2016-06.io.spdk:cnode1) NSID 1 with lcore 1
14: Associating RDMA (addr:172.24.0.2 subnqn:nqn.2016-06.io.spdk:cnode1) NSID 1 with lcore 2
14: Associating RDMA (addr:172.24.0.2 subnqn:nqn.2016-06.io.spdk:cnode1) NSID 1 with lcore 3
14: Associating RDMA (addr:172.24.0.2 subnqn:nqn.2016-06.io.spdk:cnode1) NSID 1 with lcore 4
14: Associating RDMA (addr:172.24.0.2 subnqn:nqn.2016-06.io.spdk:cnode1) NSID 1 with lcore 5
14: Associating RDMA (addr:172.24.0.2 subnqn:nqn.2016-06.io.spdk:cnode1) NSID 1 with lcore 6
14: Associating RDMA (addr:172.24.0.2 subnqn:nqn.2016-06.io.spdk:cnode1) NSID 1 with lcore 7
14: Associating RDMA (addr:172.24.0.2 subnqn:nqn.2016-06.io.spdk:cnode1) NSID 1 with lcore 8
14: Associating RDMA (addr:172.24.0.2 subnqn:nqn.2016-06.io.spdk:cnode1) NSID 1 with lcore 9
14: Associating RDMA (addr:172.24.0.2 subnqn:nqn.2016-06.io.spdk:cnode1) NSID 1 with lcore 10
14: Associating RDMA (addr:172.24.0.2 subnqn:nqn.2016-06.io.spdk:cnode1) NSID 1 with lcore 11
14: Associating RDMA (addr:172.24.0.2 subnqn:nqn.2016-06.io.spdk:cnode1) NSID 1 with lcore 12
14: Associating RDMA (addr:172.24.0.2 subnqn:nqn.2016-06.io.spdk:cnode1) NSID 1 with lcore 13
14: Associating RDMA (addr:172.24.0.2 subnqn:nqn.2016-06.io.spdk:cnode1) NSID 1 with lcore 14
14: Associating RDMA (addr:172.24.0.2 subnqn:nqn.2016-06.io.spdk:cnode1) NSID 1 with lcore 15
14: Initialization complete. Launching workers.
14: IO qp on core 1 total time 24108.720 us (57860927 ticks), connect time 15180.424 us (36433017 ticks)
14: IO qp on core 2 total time 33412.844 us (80190825 ticks), connect time 24215.739 us (58117773 ticks)
14: IO qp on core 3 total time 43823.463 us (105176310 ticks), connect time 34446.835 us (82672404 ticks)
14: IO qp on core 4 total time 53541.754 us (128500209 ticks), connect time 43532.976 us (104479143 ticks)
14: IO qp on core 5 total time 63739.698 us (152975274 ticks), connect time 52864.035 us (126873684 ticks)
14: IO qp on core 6 total time 72513.761 us (174033027 ticks), connect time 62246.696 us (149392071 ticks)
14: IO qp on core 0 total time 84639.154 us (203133970 ticks), connect time 73828.097 us (177187432 ticks)
14: IO qp on core 7 total time 92704.742 us (222491382 ticks), connect time 81611.727 us (195868146 ticks)
14: IO qp on core 10 total time 102384.008 us (245721620 ticks), connect time 91178.796 us (218829110 ticks)
14: IO qp on core 12 total time 112439.717 us (269855322 ticks), connect time 100987.401 us (242369763 ticks)
14: IO qp on core 14 total time 122612.001 us (294268803 ticks), connect time 111223.803 us (266937126 ticks)
14: IO qp on core 11 total time 133406.449 us (320175477 ticks), connect time 122016.726 us (292840143 ticks)
14: IO qp on core 15 total time 142332.951 us (341599083 ticks), connect time 130789.501 us (313894803 ticks)
14: IO qp on core 9 total time 152587.568 us (366210162 ticks), connect time 140942.614 us (338262273 ticks)
14: IO qp on core 13 total time 162632.234 us (390317361 ticks), connect time 149943.487 us (359864370 ticks)
14: IO qp on core 8 total time 172343.889 us (413625333 ticks), connect time 159533.686 us (382880847 ticks)
14: ========================================================
14:                                                                                                                 Latency(us)
14: Device Information                                                          :       IOPS      MiB/s    Average        min        max
14: RDMA (addr:172.24.0.2 subnqn:nqn.2016-06.io.spdk:cnode1) NSID 1 from core  0:    4568.50      17.85     218.86      14.78    2935.96
14: RDMA (addr:172.24.0.2 subnqn:nqn.2016-06.io.spdk:cnode1) NSID 1 from core  1:    4584.60      17.91     218.09      18.95    2490.27
14: RDMA (addr:172.24.0.2 subnqn:nqn.2016-06.io.spdk:cnode1) NSID 1 from core  2:    4589.80      17.93     217.85      13.44    2574.08
14: RDMA (addr:172.24.0.2 subnqn:nqn.2016-06.io.spdk:cnode1) NSID 1 from core  3:    4578.40      17.88     218.38      13.85    3179.70
14: RDMA (addr:172.24.0.2 subnqn:nqn.2016-06.io.spdk:cnode1) NSID 1 from core  4:    4575.50      17.87     218.49      19.12    3137.65
14: RDMA (addr:172.24.0.2 subnqn:nqn.2016-06.io.spdk:cnode1) NSID 1 from core  5:    4581.00      17.89     218.24      14.60    2505.34
14: RDMA (addr:172.24.0.2 subnqn:nqn.2016-06.io.spdk:cnode1) NSID 1 from core  6:    4582.70      17.90     218.19      16.23    2752.83
14: RDMA (addr:172.24.0.2 subnqn:nqn.2016-06.io.spdk:cnode1) NSID 1 from core  7:    4580.40      17.89     218.28      14.22    2542.82
14: RDMA (addr:172.24.0.2 subnqn:nqn.2016-06.io.spdk:cnode1) NSID 1 from core  8:    4574.40      17.87     218.58      17.01    2476.53
14: RDMA (addr:172.24.0.2 subnqn:nqn.2016-06.io.spdk:cnode1) NSID 1 from core  9:    4582.30      17.90     218.17      12.81    4056.01
14: RDMA (addr:172.24.0.2 subnqn:nqn.2016-06.io.spdk:cnode1) NSID 1 from core 10:    4580.60      17.89     218.29      15.92    3177.96
14: RDMA (addr:172.24.0.2 subnqn:nqn.2016-06.io.spdk:cnode1) NSID 1 from core 11:    4575.40      17.87     218.50      16.91    3518.96
14: RDMA (addr:172.24.0.2 subnqn:nqn.2016-06.io.spdk:cnode1) NSID 1 from core 12:    4591.00      17.93     217.79      12.80    4254.13
14: RDMA (addr:172.24.0.2 subnqn:nqn.2016-06.io.spdk:cnode1) NSID 1 from core 13:    4587.00      17.92     217.96      13.10    4241.09
14: RDMA (addr:172.24.0.2 subnqn:nqn.2016-06.io.spdk:cnode1) NSID 1 from core 14:    4577.80      17.88     218.42      12.88    2504.59
14: RDMA (addr:172.24.0.2 subnqn:nqn.2016-06.io.spdk:cnode1) NSID 1 from core 15:    4571.80      17.86     218.67      13.88    3153.08
14: ========================================================
14: Total                                                                       :   73281.20     286.25     218.30      12.80    4254.13
14: 
 4: Initializing NVMe Controllers
 4: Attached to NVMe over Fabrics controller at 172.24.0.2:4420: nqn.2016-06.io.spdk:cnode1
 4: Controller attach time is 24986.632 us (59967918 ticks)
 4: Associating RDMA (addr:172.24.0.2 subnqn:nqn.2016-06.io.spdk:cnode1) NSID 1 with lcore 0
 4: Associating RDMA (addr:172.24.0.2 subnqn:nqn.2016-06.io.spdk:cnode1) NSID 1 with lcore 1
 4: Associating RDMA (addr:172.24.0.2 subnqn:nqn.2016-06.io.spdk:cnode1) NSID 1 with lcore 2
 4: Associating RDMA (addr:172.24.0.2 subnqn:nqn.2016-06.io.spdk:cnode1) NSID 1 with lcore 3
 4: Associating RDMA (addr:172.24.0.2 subnqn:nqn.2016-06.io.spdk:cnode1) NSID 1 with lcore 4
 4: Associating RDMA (addr:172.24.0.2 subnqn:nqn.2016-06.io.spdk:cnode1) NSID 1 with lcore 5
 4: Associating RDMA (addr:172.24.0.2 subnqn:nqn.2016-06.io.spdk:cnode1) NSID 1 with lcore 6
 4: Associating RDMA (addr:172.24.0.2 subnqn:nqn.2016-06.io.spdk:cnode1) NSID 1 with lcore 7
 4: Associating RDMA (addr:172.24.0.2 subnqn:nqn.2016-06.io.spdk:cnode1) NSID 1 with lcore 8
 4: Associating RDMA (addr:172.24.0.2 subnqn:nqn.2016-06.io.spdk:cnode1) NSID 1 with lcore 9
 4: Associating RDMA (addr:172.24.0.2 subnqn:nqn.2016-06.io.spdk:cnode1) NSID 1 with lcore 10
 4: Associating RDMA (addr:172.24.0.2 subnqn:nqn.2016-06.io.spdk:cnode1) NSID 1 with lcore 11
 4: Associating RDMA (addr:172.24.0.2 subnqn:nqn.2016-06.io.spdk:cnode1) NSID 1 with lcore 12
 4: Associating RDMA (addr:172.24.0.2 subnqn:nqn.2016-06.io.spdk:cnode1) NSID 1 with lcore 13
 4: Associating RDMA (addr:172.24.0.2 subnqn:nqn.2016-06.io.spdk:cnode1) NSID 1 with lcore 14
 4: Associating RDMA (addr:172.24.0.2 subnqn:nqn.2016-06.io.spdk:cnode1) NSID 1 with lcore 15
 4: Initialization complete. Launching workers.
 4: IO qp on core 4 total time 22898.796 us (54957111 ticks), connect time 12458.733 us (29900958 ticks)
 4: IO qp on core 3 total time 32825.527 us (78781266 ticks), connect time 22350.466 us (53641119 ticks)
 4: IO qp on core 1 total time 42591.507 us (102219616 ticks), connect time 31984.865 us (76763675 ticks)
 4: IO qp on core 5 total time 52507.276 us (126017463 ticks), connect time 41916.660 us (100599984 ticks)
 4: IO qp on core 2 total time 62401.407 us (149763376 ticks), connect time 51633.944 us (123921466 ticks)
 4: IO qp on core 0 total time 72059.739 us (172943373 ticks), connect time 60502.020 us (145204848 ticks)
 4: IO qp on core 6 total time 81447.060 us (195472944 ticks), connect time 70389.755 us (168935412 ticks)
 4: IO qp on core 7 total time 91318.711 us (219164907 ticks), connect time 79426.411 us (190623387 ticks)
 4: IO qp on core 9 total time 101288.431 us (243092235 ticks), connect time 89312.379 us (214349709 ticks)
 4: IO qp on core 8 total time 111543.333 us (267703998 ticks), connect time 99243.776 us (238185063 ticks)
 4: IO qp on core 13 total time 121764.825 us (292235580 ticks), connect time 109461.548 us (262707714 ticks)
 4: IO qp on core 11 total time 131209.706 us (314903295 ticks), connect time 118608.372 us (284660094 ticks)
 4: IO qp on core 12 total time 141705.446 us (340093071 ticks), connect time 129087.464 us (309809913 ticks)
 4: IO qp on core 14 total time 151469.261 us (363526227 ticks), connect time 138672.443 us (332813862 ticks)
 4: IO qp on core 15 total time 161455.966 us (387494319 ticks), connect time 148660.699 us (356785677 ticks)
 4: IO qp on core 10 total time 171455.560 us (411493345 ticks), connect time 158528.528 us (380468467 ticks)
 4: ========================================================
 4:                                                                                                                 Latency(us)
 4: Device Information                                                          :       IOPS      MiB/s    Average        min        max
 4: RDMA (addr:172.24.0.2 subnqn:nqn.2016-06.io.spdk:cnode1) NSID 1 from core  0:    4699.60      18.36     212.75      15.96    3149.42
 4: RDMA (addr:172.24.0.2 subnqn:nqn.2016-06.io.spdk:cnode1) NSID 1 from core  1:    4739.40      18.51     210.96      12.09    2699.23
 4: RDMA (addr:172.24.0.2 subnqn:nqn.2016-06.io.spdk:cnode1) NSID 1 from core  2:    4726.10      18.46     211.57      12.94    2540.71
 4: RDMA (addr:172.24.0.2 subnqn:nqn.2016-06.io.spdk:cnode1) NSID 1 from core  3:    4737.10      18.50     211.07      13.69    3140.30
 4: RDMA (addr:172.24.0.2 subnqn:nqn.2016-06.io.spdk:cnode1) NSID 1 from core  4:    4746.80      18.54     210.63      12.32    3349.99
 4: RDMA (addr:172.24.0.2 subnqn:nqn.2016-06.io.spdk:cnode1) NSID 1 from core  5:    4737.50      18.51     211.01      12.38    2938.22
 4: RDMA (addr:172.24.0.2 subnqn:nqn.2016-06.io.spdk:cnode1) NSID 1 from core  6:    4718.60      18.43     211.90      13.00    3517.07
 4: RDMA (addr:172.24.0.2 subnqn:nqn.2016-06.io.spdk:cnode1) NSID 1 from core  7:    4711.50      18.40     212.22      11.92    2706.30
 4: RDMA (addr:172.24.0.2 subnqn:nqn.2016-06.io.spdk:cnode1) NSID 1 from core  8:    4705.70      18.38     212.48      12.32    2561.21
 4: RDMA (addr:172.24.0.2 subnqn:nqn.2016-06.io.spdk:cnode1) NSID 1 from core  9:    4717.80      18.43     211.91      10.51    2913.34
 4: RDMA (addr:172.24.0.2 subnqn:nqn.2016-06.io.spdk:cnode1) NSID 1 from core 10:    4688.50      18.31     213.27      14.56    3177.39
 4: RDMA (addr:172.24.0.2 subnqn:nqn.2016-06.io.spdk:cnode1) NSID 1 from core 11:    4719.20      18.43     211.86      13.63    3333.08
 4: RDMA (addr:172.24.0.2 subnqn:nqn.2016-06.io.spdk:cnode1) NSID 1 from core 12:    4701.90      18.37     212.66      11.54    3672.96
 4: RDMA (addr:172.24.0.2 subnqn:nqn.2016-06.io.spdk:cnode1) NSID 1 from core 13:    4696.30      18.34     212.87      13.56    3129.13
 4: RDMA (addr:172.24.0.2 subnqn:nqn.2016-06.io.spdk:cnode1) NSID 1 from core 14:    4704.50      18.38     212.54      14.79    3546.65
 4: RDMA (addr:172.24.0.2 subnqn:nqn.2016-06.io.spdk:cnode1) NSID 1 from core 15:    4703.60      18.37     212.56      12.80    2990.84
 4: ========================================================
 4: Total                                                                       :   75454.10     294.74     212.01      10.51    3672.96
 4: 
11: Initializing NVMe Controllers
11: Attached to NVMe over Fabrics controller at 172.24.0.2:4420: nqn.2016-06.io.spdk:cnode1
11: Controller attach time is 32899.603 us (78959048 ticks)
11: Associating RDMA (addr:172.24.0.2 subnqn:nqn.2016-06.io.spdk:cnode1) NSID 1 with lcore 0
11: Associating RDMA (addr:172.24.0.2 subnqn:nqn.2016-06.io.spdk:cnode1) NSID 1 with lcore 1
11: Associating RDMA (addr:172.24.0.2 subnqn:nqn.2016-06.io.spdk:cnode1) NSID 1 with lcore 2
11: Associating RDMA (addr:172.24.0.2 subnqn:nqn.2016-06.io.spdk:cnode1) NSID 1 with lcore 3
11: Associating RDMA (addr:172.24.0.2 subnqn:nqn.2016-06.io.spdk:cnode1) NSID 1 with lcore 4
11: Associating RDMA (addr:172.24.0.2 subnqn:nqn.2016-06.io.spdk:cnode1) NSID 1 with lcore 5
11: Associating RDMA (addr:172.24.0.2 subnqn:nqn.2016-06.io.spdk:cnode1) NSID 1 with lcore 6
11: Associating RDMA (addr:172.24.0.2 subnqn:nqn.2016-06.io.spdk:cnode1) NSID 1 with lcore 7
11: Associating RDMA (addr:172.24.0.2 subnqn:nqn.2016-06.io.spdk:cnode1) NSID 1 with lcore 8
11: Associating RDMA (addr:172.24.0.2 subnqn:nqn.2016-06.io.spdk:cnode1) NSID 1 with lcore 9
11: Associating RDMA (addr:172.24.0.2 subnqn:nqn.2016-06.io.spdk:cnode1) NSID 1 with lcore 10
11: Associating RDMA (addr:172.24.0.2 subnqn:nqn.2016-06.io.spdk:cnode1) NSID 1 with lcore 11
11: Associating RDMA (addr:172.24.0.2 subnqn:nqn.2016-06.io.spdk:cnode1) NSID 1 with lcore 12
11: Associating RDMA (addr:172.24.0.2 subnqn:nqn.2016-06.io.spdk:cnode1) NSID 1 with lcore 13
11: Associating RDMA (addr:172.24.0.2 subnqn:nqn.2016-06.io.spdk:cnode1) NSID 1 with lcore 14
11: Associating RDMA (addr:172.24.0.2 subnqn:nqn.2016-06.io.spdk:cnode1) NSID 1 with lcore 15
11: Initialization complete. Launching workers.
11: IO qp on core 2 total time 22552.160 us (54125185 ticks), connect time 13004.703 us (31211287 ticks)
11: IO qp on core 1 total time 32547.104 us (78113050 ticks), connect time 22921.320 us (55011167 ticks)
11: IO qp on core 3 total time 42493.306 us (101983934 ticks), connect time 32735.157 us (78564377 ticks)
11: IO qp on core 4 total time 52033.837 us (124881209 ticks), connect time 41799.087 us (100317809 ticks)
11: IO qp on core 5 total time 63163.659 us (151592781 ticks), connect time 52908.760 us (126981024 ticks)
11: IO qp on core 6 total time 71857.869 us (172458886 ticks), connect time 61117.450 us (146681881 ticks)
11: IO qp on core 0 total time 81664.616 us (195995078 ticks), connect time 71164.088 us (170793812 ticks)
11: IO qp on core 9 total time 92124.673 us (221099215 ticks), connect time 82018.507 us (196844416 ticks)
11: IO qp on core 7 total time 101576.661 us (243783987 ticks), connect time 91074.369 us (218578485 ticks)
11: IO qp on core 8 total time 112052.995 us (268927188 ticks), connect time 101403.816 us (243369159 ticks)
11: IO qp on core 10 total time 121234.732 us (290963358 ticks), connect time 110077.184 us (264185241 ticks)
11: IO qp on core 11 total time 131384.178 us (315322027 ticks), connect time 120070.648 us (288169555 ticks)
11: IO qp on core 13 total time 141741.098 us (340178636 ticks), connect time 129889.852 us (311735645 ticks)
11: IO qp on core 14 total time 151193.766 us (362865039 ticks), connect time 138951.719 us (333484125 ticks)
11: IO qp on core 12 total time 163109.835 us (391463605 ticks), connect time 150800.745 us (361921789 ticks)
11: IO qp on core 15 total time 171274.497 us (411058792 ticks), connect time 158720.729 us (380929750 ticks)
11: ========================================================
11:                                                                                                                 Latency(us)
11: Device Information                                                          :       IOPS      MiB/s    Average        min        max
11: RDMA (addr:172.24.0.2 subnqn:nqn.2016-06.io.spdk:cnode1) NSID 1 from core  0:    4780.60      18.67     209.14      11.64    4035.05
11: RDMA (addr:172.24.0.2 subnqn:nqn.2016-06.io.spdk:cnode1) NSID 1 from core  1:    4802.30      18.76     208.17      12.30    3177.42
11: RDMA (addr:172.24.0.2 subnqn:nqn.2016-06.io.spdk:cnode1) NSID 1 from core  2:    4807.10      18.78     208.00      13.14    2766.78
11: RDMA (addr:172.24.0.2 subnqn:nqn.2016-06.io.spdk:cnode1) NSID 1 from core  3:    4802.00      18.76     208.21      11.69    3322.65
11: RDMA (addr:172.24.0.2 subnqn:nqn.2016-06.io.spdk:cnode1) NSID 1 from core  4:    4777.60      18.66     209.22      13.14    3146.06
11: RDMA (addr:172.24.0.2 subnqn:nqn.2016-06.io.spdk:cnode1) NSID 1 from core  5:    4784.70      18.69     208.95      13.41    2991.64
11: RDMA (addr:172.24.0.2 subnqn:nqn.2016-06.io.spdk:cnode1) NSID 1 from core  6:    4770.80      18.64     209.58      12.95    3177.24
11: RDMA (addr:172.24.0.2 subnqn:nqn.2016-06.io.spdk:cnode1) NSID 1 from core  7:    4779.10      18.67     209.21      11.70    4275.81
11: RDMA (addr:172.24.0.2 subnqn:nqn.2016-06.io.spdk:cnode1) NSID 1 from core  8:    4770.40      18.63     209.59      11.01    3121.67
11: RDMA (addr:172.24.0.2 subnqn:nqn.2016-06.io.spdk:cnode1) NSID 1 from core  9:    4786.90      18.70     208.87      12.29    3180.40
11: RDMA (addr:172.24.0.2 subnqn:nqn.2016-06.io.spdk:cnode1) NSID 1 from core 10:    4765.40      18.61     209.82      12.11    2702.74
11: RDMA (addr:172.24.0.2 subnqn:nqn.2016-06.io.spdk:cnode1) NSID 1 from core 11:    4780.00      18.67     209.15      10.78    2903.99
11: RDMA (addr:172.24.0.2 subnqn:nqn.2016-06.io.spdk:cnode1) NSID 1 from core 12:    4771.40      18.64     209.56      11.76    3163.04
11: RDMA (addr:172.24.0.2 subnqn:nqn.2016-06.io.spdk:cnode1) NSID 1 from core 13:    4791.10      18.72     208.67      10.44    4032.45
11: RDMA (addr:172.24.0.2 subnqn:nqn.2016-06.io.spdk:cnode1) NSID 1 from core 14:    4775.40      18.65     209.37      13.41    2575.52
11: RDMA (addr:172.24.0.2 subnqn:nqn.2016-06.io.spdk:cnode1) NSID 1 from core 15:    4764.80      18.61     209.84      11.61    3128.78
11: ========================================================
11: Total                                                                       :   76509.60     298.87     209.08      10.44    4275.81
11: 
 2: Initializing NVMe Controllers
 2: Attached to NVMe over Fabrics controller at 172.24.0.2:4420: nqn.2016-06.io.spdk:cnode1
 2: Controller attach time is 26603.785 us (63849085 ticks)
 2: Associating RDMA (addr:172.24.0.2 subnqn:nqn.2016-06.io.spdk:cnode1) NSID 1 with lcore 0
 2: Associating RDMA (addr:172.24.0.2 subnqn:nqn.2016-06.io.spdk:cnode1) NSID 1 with lcore 1
 2: Associating RDMA (addr:172.24.0.2 subnqn:nqn.2016-06.io.spdk:cnode1) NSID 1 with lcore 2
 2: Associating RDMA (addr:172.24.0.2 subnqn:nqn.2016-06.io.spdk:cnode1) NSID 1 with lcore 3
 2: Associating RDMA (addr:172.24.0.2 subnqn:nqn.2016-06.io.spdk:cnode1) NSID 1 with lcore 4
 2: Associating RDMA (addr:172.24.0.2 subnqn:nqn.2016-06.io.spdk:cnode1) NSID 1 with lcore 5
 2: Associating RDMA (addr:172.24.0.2 subnqn:nqn.2016-06.io.spdk:cnode1) NSID 1 with lcore 6
 2: Associating RDMA (addr:172.24.0.2 subnqn:nqn.2016-06.io.spdk:cnode1) NSID 1 with lcore 7
 2: Associating RDMA (addr:172.24.0.2 subnqn:nqn.2016-06.io.spdk:cnode1) NSID 1 with lcore 8
 2: Associating RDMA (addr:172.24.0.2 subnqn:nqn.2016-06.io.spdk:cnode1) NSID 1 with lcore 9
 2: Associating RDMA (addr:172.24.0.2 subnqn:nqn.2016-06.io.spdk:cnode1) NSID 1 with lcore 10
 2: Associating RDMA (addr:172.24.0.2 subnqn:nqn.2016-06.io.spdk:cnode1) NSID 1 with lcore 11
 2: Associating RDMA (addr:172.24.0.2 subnqn:nqn.2016-06.io.spdk:cnode1) NSID 1 with lcore 12
 2: Associating RDMA (addr:172.24.0.2 subnqn:nqn.2016-06.io.spdk:cnode1) NSID 1 with lcore 13
 2: Associating RDMA (addr:172.24.0.2 subnqn:nqn.2016-06.io.spdk:cnode1) NSID 1 with lcore 14
 2: Associating RDMA (addr:172.24.0.2 subnqn:nqn.2016-06.io.spdk:cnode1) NSID 1 with lcore 15
 2: Initialization complete. Launching workers.
 2: IO qp on core 3 total time 21234.594 us (50963025 ticks), connect time 10377.192 us (24905262 ticks)
 2: IO qp on core 5 total time 30627.941 us (73507059 ticks), connect time 19672.216 us (47213319 ticks)
 2: IO qp on core 6 total time 39744.530 us (95386871 ticks), connect time 29526.480 us (70863551 ticks)
 2: IO qp on core 2 total time 50739.981 us (121775954 ticks), connect time 39488.933 us (94773440 ticks)
 2: IO qp on core 14 total time 59609.985 us (143063964 ticks), connect time 49305.323 us (118332774 ticks)
 2: IO qp on core 1 total time 70544.815 us (169307556 ticks), connect time 59025.370 us (141660888 ticks)
 2: IO qp on core 4 total time 80434.337 us (193042409 ticks), connect time 69115.988 us (165878372 ticks)
 2: IO qp on core 9 total time 90070.315 us (216168755 ticks), connect time 79430.260 us (190632623 ticks)
 2: IO qp on core 8 total time 99532.342 us (238877622 ticks), connect time 88817.249 us (213161397 ticks)
 2: IO qp on core 7 total time 109764.413 us (263434590 ticks), connect time 98891.785 us (237340284 ticks)
 2: IO qp on core 0 total time 120290.042 us (288696101 ticks), connect time 108949.237 us (261478169 ticks)
 2: IO qp on core 13 total time 130563.671 us (313352810 ticks), connect time 118317.353 us (283961648 ticks)
 2: IO qp on core 11 total time 140398.663 us (336956790 ticks), connect time 128102.679 us (307446429 ticks)
 2: IO qp on core 15 total time 149700.399 us (359280958 ticks), connect time 137285.628 us (329485507 ticks)
 2: IO qp on core 12 total time 159444.633 us (382667118 ticks), connect time 146598.469 us (351836325 ticks)
 2: IO qp on core 10 total time 170091.601 us (408219843 ticks), connect time 157235.206 us (377364495 ticks)
 2: ========================================================
 2:                                                                                                                 Latency(us)
 2: Device Information                                                          :       IOPS      MiB/s    Average        min        max
 2: RDMA (addr:172.24.0.2 subnqn:nqn.2016-06.io.spdk:cnode1) NSID 1 from core  0:    5295.50      20.69     188.79       9.72    2552.73
 2: RDMA (addr:172.24.0.2 subnqn:nqn.2016-06.io.spdk:cnode1) NSID 1 from core  1:    5353.90      20.91     186.73       8.52    2697.72
 2: RDMA (addr:172.24.0.2 subnqn:nqn.2016-06.io.spdk:cnode1) NSID 1 from core  2:    5343.70      20.87     187.09       8.25    2821.00
 2: RDMA (addr:172.24.0.2 subnqn:nqn.2016-06.io.spdk:cnode1) NSID 1 from core  3:    5347.70      20.89     186.97       9.01    3360.35
 2: RDMA (addr:172.24.0.2 subnqn:nqn.2016-06.io.spdk:cnode1) NSID 1 from core  4:    5333.30      20.83     187.46       9.36    2987.31
 2: RDMA (addr:172.24.0.2 subnqn:nqn.2016-06.io.spdk:cnode1) NSID 1 from core  5:    5394.20      21.07     185.32       7.84    4268.23
 2: RDMA (addr:172.24.0.2 subnqn:nqn.2016-06.io.spdk:cnode1) NSID 1 from core  6:    5360.20      20.94     186.54       8.43    3697.39
 2: RDMA (addr:172.24.0.2 subnqn:nqn.2016-06.io.spdk:cnode1) NSID 1 from core  7:    5419.20      21.17     184.50       8.24    4035.59
 2: RDMA (addr:172.24.0.2 subnqn:nqn.2016-06.io.spdk:cnode1) NSID 1 from core  8:    5347.20      20.89     186.96       7.34    3177.54
 2: RDMA (addr:172.24.0.2 subnqn:nqn.2016-06.io.spdk:cnode1) NSID 1 from core  9:    5421.40      21.18     184.42       7.53    2935.44
 2: RDMA (addr:172.24.0.2 subnqn:nqn.2016-06.io.spdk:cnode1) NSID 1 from core 10:    5345.40      20.88     187.05       8.20    3347.87
 2: RDMA (addr:172.24.0.2 subnqn:nqn.2016-06.io.spdk:cnode1) NSID 1 from core 11:    5402.20      21.10     185.06       7.85    3138.38
 2: RDMA (addr:172.24.0.2 subnqn:nqn.2016-06.io.spdk:cnode1) NSID 1 from core 12:    5357.40      20.93     186.63       8.43    4312.08
 2: RDMA (addr:172.24.0.2 subnqn:nqn.2016-06.io.spdk:cnode1) NSID 1 from core 13:    5376.60      21.00     185.93       8.48    2987.84
 2: RDMA (addr:172.24.0.2 subnqn:nqn.2016-06.io.spdk:cnode1) NSID 1 from core 14:    5318.30      20.77     188.00       8.96    3548.47
 2: RDMA (addr:172.24.0.2 subnqn:nqn.2016-06.io.spdk:cnode1) NSID 1 from core 15:    5361.70      20.94     186.46       9.01    3360.38
 2: ========================================================
 2: Total                                                                       :   85777.90     335.07     186.49       7.34    4312.08
 2: 
16: Initializing NVMe Controllers
16: Attached to NVMe over Fabrics controller at 172.24.0.2:4420: nqn.2016-06.io.spdk:cnode1
16: Controller attach time is 26706.321 us (64095170 ticks)
16: Associating RDMA (addr:172.24.0.2 subnqn:nqn.2016-06.io.spdk:cnode1) NSID 1 with lcore 0
16: Associating RDMA (addr:172.24.0.2 subnqn:nqn.2016-06.io.spdk:cnode1) NSID 1 with lcore 1
16: Associating RDMA (addr:172.24.0.2 subnqn:nqn.2016-06.io.spdk:cnode1) NSID 1 with lcore 2
16: Associating RDMA (addr:172.24.0.2 subnqn:nqn.2016-06.io.spdk:cnode1) NSID 1 with lcore 3
16: Associating RDMA (addr:172.24.0.2 subnqn:nqn.2016-06.io.spdk:cnode1) NSID 1 with lcore 4
16: Associating RDMA (addr:172.24.0.2 subnqn:nqn.2016-06.io.spdk:cnode1) NSID 1 with lcore 5
16: Associating RDMA (addr:172.24.0.2 subnqn:nqn.2016-06.io.spdk:cnode1) NSID 1 with lcore 6
16: Associating RDMA (addr:172.24.0.2 subnqn:nqn.2016-06.io.spdk:cnode1) NSID 1 with lcore 7
16: Associating RDMA (addr:172.24.0.2 subnqn:nqn.2016-06.io.spdk:cnode1) NSID 1 with lcore 8
16: Associating RDMA (addr:172.24.0.2 subnqn:nqn.2016-06.io.spdk:cnode1) NSID 1 with lcore 9
16: Associating RDMA (addr:172.24.0.2 subnqn:nqn.2016-06.io.spdk:cnode1) NSID 1 with lcore 10
16: Associating RDMA (addr:172.24.0.2 subnqn:nqn.2016-06.io.spdk:cnode1) NSID 1 with lcore 11
16: Associating RDMA (addr:172.24.0.2 subnqn:nqn.2016-06.io.spdk:cnode1) NSID 1 with lcore 12
16: Associating RDMA (addr:172.24.0.2 subnqn:nqn.2016-06.io.spdk:cnode1) NSID 1 with lcore 13
16: Associating RDMA (addr:172.24.0.2 subnqn:nqn.2016-06.io.spdk:cnode1) NSID 1 with lcore 14
16: Associating RDMA (addr:172.24.0.2 subnqn:nqn.2016-06.io.spdk:cnode1) NSID 1 with lcore 15
16: Initialization complete. Launching workers.
16: IO qp on core 10 total time 19890.658 us (47737580 ticks), connect time 10634.023 us (25521656 ticks)
16: IO qp on core 4 total time 30412.598 us (72990236 ticks), connect time 20879.893 us (50111744 ticks)
16: IO qp on core 3 total time 40023.547 us (96056512 ticks), connect time 29640.837 us (71138009 ticks)
16: IO qp on core 5 total time 50014.435 us (120034644 ticks), connect time 39666.486 us (95199567 ticks)
16: IO qp on core 2 total time 59575.499 us (142981198 ticks), connect time 49070.822 us (117769972 ticks)
16: IO qp on core 6 total time 69661.857 us (167188457 ticks), connect time 59125.240 us (141900575 ticks)
16: IO qp on core 7 total time 79635.129 us (191124309 ticks), connect time 69186.143 us (166046742 ticks)
16: IO qp on core 9 total time 89420.704 us (214609690 ticks), connect time 78258.384 us (187820122 ticks)
16: IO qp on core 8 total time 99496.564 us (238791754 ticks), connect time 88291.945 us (211900669 ticks)
16: IO qp on core 11 total time 109268.387 us (262244128 ticks), connect time 96934.810 us (232643545 ticks)
16: IO qp on core 1 total time 119942.943 us (287863064 ticks), connect time 106995.058 us (256788140 ticks)
16: IO qp on core 13 total time 129336.882 us (310408516 ticks), connect time 116745.755 us (280189813 ticks)
16: IO qp on core 12 total time 139451.739 us (334684173 ticks), connect time 126339.120 us (303213888 ticks)
16: IO qp on core 14 total time 149025.052 us (357660125 ticks), connect time 135810.842 us (325946021 ticks)
16: IO qp on core 15 total time 159281.817 us (382276360 ticks), connect time 145529.907 us (349271776 ticks)
16: IO qp on core 0 total time 169208.941 us (406101458 ticks), connect time 155436.205 us (373046891 ticks)
16: ========================================================
16:                                                                                                                 Latency(us)
16: Device Information                                                          :       IOPS      MiB/s    Average        min        max
16: RDMA (addr:172.24.0.2 subnqn:nqn.2016-06.io.spdk:cnode1) NSID 1 from core  0:    6297.10      24.60     158.75       7.88    2703.79
16: RDMA (addr:172.24.0.2 subnqn:nqn.2016-06.io.spdk:cnode1) NSID 1 from core  1:    6413.00      25.05     155.88       7.75    3362.95
16: RDMA (addr:172.24.0.2 subnqn:nqn.2016-06.io.spdk:cnode1) NSID 1 from core  2:    6467.70      25.26     154.59       7.47    2927.96
16: RDMA (addr:172.24.0.2 subnqn:nqn.2016-06.io.spdk:cnode1) NSID 1 from core  3:    6408.00      25.03     156.02       8.13    2700.23
16: RDMA (addr:172.24.0.2 subnqn:nqn.2016-06.io.spdk:cnode1) NSID 1 from core  4:    6318.50      24.68     158.22       7.71    3587.45
16: RDMA (addr:172.24.0.2 subnqn:nqn.2016-06.io.spdk:cnode1) NSID 1 from core  5:    6393.60      24.98     156.31       7.89    2988.45
16: RDMA (addr:172.24.0.2 subnqn:nqn.2016-06.io.spdk:cnode1) NSID 1 from core  6:    6432.00      25.12     155.45       7.40    3178.35
16: RDMA (addr:172.24.0.2 subnqn:nqn.2016-06.io.spdk:cnode1) NSID 1 from core  7:    6521.20      25.47     153.30       7.17    4024.58
16: RDMA (addr:172.24.0.2 subnqn:nqn.2016-06.io.spdk:cnode1) NSID 1 from core  8:    6370.80      24.89     156.92       8.70    2987.93
16: RDMA (addr:172.24.0.2 subnqn:nqn.2016-06.io.spdk:cnode1) NSID 1 from core  9:    6486.40      25.34     154.13       7.33    2565.30
16: RDMA (addr:172.24.0.2 subnqn:nqn.2016-06.io.spdk:cnode1) NSID 1 from core 10:    6359.10      24.84     157.23       8.57    3675.77
16: RDMA (addr:172.24.0.2 subnqn:nqn.2016-06.io.spdk:cnode1) NSID 1 from core 11:    6527.30      25.50     153.17       7.25    3349.00
16: RDMA (addr:172.24.0.2 subnqn:nqn.2016-06.io.spdk:cnode1) NSID 1 from core 12:    6349.40      24.80     157.47       8.81    3697.12
16: RDMA (addr:172.24.0.2 subnqn:nqn.2016-06.io.spdk:cnode1) NSID 1 from core 13:    6439.80      25.16     155.25       7.36    4310.86
16: RDMA (addr:172.24.0.2 subnqn:nqn.2016-06.io.spdk:cnode1) NSID 1 from core 14:    6439.40      25.15     155.26       7.58    3346.91
16: RDMA (addr:172.24.0.2 subnqn:nqn.2016-06.io.spdk:cnode1) NSID 1 from core 15:    6382.00      24.93     156.65       6.89    3588.22
16: ========================================================
16: Total                                                                       :  102605.30     400.80     155.90       6.89    4310.86
16: 
== Servers stopping... 
srun -l -O --nodes 1 --ntasks 1 --nodelist=jazz02 --export=ALL ./stop_tgt.sh
0: == TGT Memory usage ==
0: Huge pages: 2270 MB, HWM: 879.488
srun: error: jazz02: task 0: Exited with exit code 127
srun: launch/slurm: _step_signal: Terminating StepId=59998.0
jazz02: Error while connecting to /var/tmp/spdk.sock
jazz02: Is SPDK application running?
jazz02: Error details: [Errno -2] Name or service not known
pdsh@jazz02: jazz02: ssh exited with exit code 1
jazz28: Error while connecting to /var/tmp/spdk.sock
jazz28: Is SPDK application running?
jazz28: Error details: [Errno -2] Name or service not known
jazz22: Error while connecting to /var/tmp/spdk.sock
jazz22: Is SPDK application running?
jazz22: Error details: [Errno -2] Name or service not known
pdsh@jazz02: jazz28: ssh exited with exit code 1
pdsh@jazz02: jazz22: ssh exited with exit code 1
jazz26: Error while connecting to /var/tmp/spdk.sock
jazz26: Is SPDK application running?
jazz26: Error details: [Errno -2] Name or service not known
jazz19: Error while connecting to /var/tmp/spdk.sock
jazz19: Is SPDK application running?
jazz19: Error details: [Errno -2] Name or service not known
jazz30: Error while connecting to /var/tmp/spdk.sock
jazz30: Is SPDK application running?
jazz30: Error details: [Errno -2] Name or service not known
jazz21: Error while connecting to /var/tmp/spdk.sock
jazz21: Is SPDK application running?
jazz21: Error details: [Errno -2] Name or service not known
jazz27: Error while connecting to /var/tmp/spdk.sock
jazz27: Is SPDK application running?
jazz27: Error details: [Errno -2] Name or service not known
jazz18: Error while connecting to /var/tmp/spdk.sock
jazz18: Is SPDK application running?
jazz18: Error details: [Errno -2] Name or service not known
pdsh@jazz02: jazz26: ssh exited with exit code 1
pdsh@jazz02: jazz19: ssh exited with exit code 1
pdsh@jazz02: jazz21: ssh exited with exit code 1
pdsh@jazz02: jazz30: ssh exited with exit code 1
pdsh@jazz02: jazz27: ssh exited with exit code 1
pdsh@jazz02: jazz18: ssh exited with exit code 1
jazz16: Error while connecting to /var/tmp/spdk.sock
jazz16: Is SPDK application running?
jazz16: Error details: [Errno 111] Connection refused
pdsh@jazz02: jazz16: ssh exited with exit code 1
jazz03: Error while connecting to /var/tmp/spdk.sock
jazz03: Is SPDK application running?
jazz03: Error details: [Errno -2] Name or service not known
jazz04: Error while connecting to /var/tmp/spdk.sock
jazz04: Is SPDK application running?
jazz04: Error details: [Errno -2] Name or service not known
pdsh@jazz02: jazz03: ssh exited with exit code 1
jazz06: Error while connecting to /var/tmp/spdk.sock
jazz06: Is SPDK application running?
jazz06: Error details: [Errno -2] Name or service not known
pdsh@jazz02: jazz04: ssh exited with exit code 1
jazz13: Error while connecting to /var/tmp/spdk.sock
jazz13: Is SPDK application running?
jazz13: Error details: [Errno -2] Name or service not known
pdsh@jazz02: jazz06: ssh exited with exit code 1
pdsh@jazz02: jazz13: ssh exited with exit code 1
jazz05: Error while connecting to /var/tmp/spdk.sock
jazz05: Is SPDK application running?
jazz05: Error details: [Errno -2] Name or service not known
jazz17: Error while connecting to /var/tmp/spdk.sock
jazz17: Is SPDK application running?
jazz17: Error details: [Errno -2] Name or service not known
pdsh@jazz02: jazz05: ssh exited with exit code 1
pdsh@jazz02: jazz17: ssh exited with exit code 1
jazz25: Error while connecting to /var/tmp/spdk.sock
jazz25: Is SPDK application running?
jazz25: Error details: [Errno -2] Name or service not known
jazz24: Error while connecting to /var/tmp/spdk.sock
jazz24: Is SPDK application running?
jazz24: Error details: [Errno -2] Name or service not known
jazz23: Error while connecting to /var/tmp/spdk.sock
jazz23: Is SPDK application running?
jazz23: Error details: [Errno -2] Name or service not known
pdsh@jazz02: jazz25: ssh exited with exit code 1
pdsh@jazz02: jazz24: ssh exited with exit code 1
pdsh@jazz02: jazz23: ssh exited with exit code 1
jazz20: Error while connecting to /var/tmp/spdk.sock
jazz20: Is SPDK application running?
jazz20: Error details: [Errno -2] Name or service not known
pdsh@jazz02: jazz20: ssh exited with exit code 1
jazz07: Error while connecting to /var/tmp/spdk.sock
jazz07: Is SPDK application running?
jazz07: Error details: [Errno -2] Name or service not known
pdsh@jazz02: jazz07: ssh exited with exit code 1
