== Starting run at Mon Aug 16 12:21:40 IDT 2021
== Job ID: 59995
== Totally nodes: 
== Node list: jazz[02-07,13,16-28,30]
== Submit dir. : /hpc/local/work/denisn/dc/spdk/dc_testing
== Servers number: 1
== SPDK_DIR: /labhome/denisn/dc/spdk_release
== RDMA_CORE_DIR: /labhome/denisn/dc/rdma-core/build/lib
== TGT_MASK: 0x3FF
== PERF_MASK: 0xFFFF
== Server nodelist: jazz02
== Client nodelist: jazz03,jazz04,jazz05,jazz06,jazz07,jazz13,jazz16,jazz17,jazz18,jazz19,jazz20,jazz21,jazz22,jazz23,jazz24,jazz25,jazz26,jazz27,jazz28,jazz30
== Servers running...
srun -l -O --nodes 1 --ntasks 1 --nodelist=jazz02 --export=ALL ./server_run.sh &
== Clients running... 
srun -l --nodes 20 --ntasks 20 --nodelist=jazz03,jazz04,jazz05,jazz06,jazz07,jazz13,jazz16,jazz17,jazz18,jazz19,jazz20,jazz21,jazz22,jazz23,jazz24,jazz25,jazz26,jazz27,jazz28,jazz30 --export=ALL ./nvmeperf_run.sh
0: Server's Servers number: 1
 2: Initiator's Servers number: 1
 0: Initiator's Servers number: 1
 1: Initiator's Servers number: 1
 4: Initiator's Servers number: 1
 7: Initiator's Servers number: 1
 2: Initiator's SPDK_DIR: /labhome/denisn/dc/spdk_release
 4: Initiator's SPDK_DIR: /labhome/denisn/dc/spdk_release
 3: Initiator's Servers number: 1
 0: Initiator's SPDK_DIR: /labhome/denisn/dc/spdk_release
 1: Initiator's SPDK_DIR: /labhome/denisn/dc/spdk_release
 8: Initiator's Servers number: 1
 2: Initiator's RDMA_CORE_DIR: /labhome/denisn/dc/rdma-core/build/lib
 7: Initiator's SPDK_DIR: /labhome/denisn/dc/spdk_release
 5: Initiator's Servers number: 1
11: Initiator's Servers number: 1
 9: Initiator's Servers number: 1
12: Initiator's Servers number: 1
 4: Initiator's RDMA_CORE_DIR: /labhome/denisn/dc/rdma-core/build/lib
 1: Initiator's RDMA_CORE_DIR: /labhome/denisn/dc/rdma-core/build/lib
 3: Initiator's SPDK_DIR: /labhome/denisn/dc/spdk_release
 7: Initiator's RDMA_CORE_DIR: /labhome/denisn/dc/rdma-core/build/lib
 0: Initiator's RDMA_CORE_DIR: /labhome/denisn/dc/rdma-core/build/lib
 2: Initiator's TGT_MASK: 0x3FF
 8: Initiator's SPDK_DIR: /labhome/denisn/dc/spdk_release
 5: Initiator's SPDK_DIR: /labhome/denisn/dc/spdk_release
10: Initiator's Servers number: 1
 9: Initiator's SPDK_DIR: /labhome/denisn/dc/spdk_release
15: Initiator's Servers number: 1
 3: Initiator's RDMA_CORE_DIR: /labhome/denisn/dc/rdma-core/build/lib
 7: Initiator's TGT_MASK: 0x3FF
13: Initiator's Servers number: 1
 4: Initiator's TGT_MASK: 0x3FF
11: Initiator's SPDK_DIR: /labhome/denisn/dc/spdk_release
18: Initiator's Servers number: 1
 1: Initiator's TGT_MASK: 0x3FF
 2: Initiator's PERF_MASK: 0xFFFF
16: Initiator's Servers number: 1
12: Initiator's SPDK_DIR: /labhome/denisn/dc/spdk_release
 0: Initiator's TGT_MASK: 0x3FF
14: Initiator's Servers number: 1
 5: Initiator's RDMA_CORE_DIR: /labhome/denisn/dc/rdma-core/build/lib
 8: Initiator's RDMA_CORE_DIR: /labhome/denisn/dc/rdma-core/build/lib
 7: Initiator's PERF_MASK: 0xFFFF
19: Initiator's Servers number: 1
17: Initiator's Servers number: 1
 9: Initiator's RDMA_CORE_DIR: /labhome/denisn/dc/rdma-core/build/lib
 3: Initiator's TGT_MASK: 0x3FF
10: Initiator's SPDK_DIR: /labhome/denisn/dc/spdk_release
15: Initiator's SPDK_DIR: /labhome/denisn/dc/spdk_release
 4: Initiator's PERF_MASK: 0xFFFF
11: Initiator's RDMA_CORE_DIR: /labhome/denisn/dc/rdma-core/build/lib
13: Initiator's SPDK_DIR: /labhome/denisn/dc/spdk_release
18: Initiator's SPDK_DIR: /labhome/denisn/dc/spdk_release
 1: Initiator's PERF_MASK: 0xFFFF
16: Initiator's SPDK_DIR: /labhome/denisn/dc/spdk_release
12: Initiator's RDMA_CORE_DIR: /labhome/denisn/dc/rdma-core/build/lib
 0: Initiator's PERF_MASK: 0xFFFF
 5: Initiator's TGT_MASK: 0x3FF
 8: Initiator's TGT_MASK: 0x3FF
14: Initiator's SPDK_DIR: /labhome/denisn/dc/spdk_release
 3: Initiator's PERF_MASK: 0xFFFF
17: Initiator's SPDK_DIR: /labhome/denisn/dc/spdk_release
 9: Initiator's TGT_MASK: 0x3FF
19: Initiator's SPDK_DIR: /labhome/denisn/dc/spdk_release
11: Initiator's TGT_MASK: 0x3FF
10: Initiator's RDMA_CORE_DIR: /labhome/denisn/dc/rdma-core/build/lib
15: Initiator's RDMA_CORE_DIR: /labhome/denisn/dc/rdma-core/build/lib
13: Initiator's RDMA_CORE_DIR: /labhome/denisn/dc/rdma-core/build/lib
18: Initiator's RDMA_CORE_DIR: /labhome/denisn/dc/rdma-core/build/lib
16: Initiator's RDMA_CORE_DIR: /labhome/denisn/dc/rdma-core/build/lib
12: Initiator's TGT_MASK: 0x3FF
 8: Initiator's PERF_MASK: 0xFFFF
 5: Initiator's PERF_MASK: 0xFFFF
14: Initiator's RDMA_CORE_DIR: /labhome/denisn/dc/rdma-core/build/lib
17: Initiator's RDMA_CORE_DIR: /labhome/denisn/dc/rdma-core/build/lib
 9: Initiator's PERF_MASK: 0xFFFF
11: Initiator's PERF_MASK: 0xFFFF
19: Initiator's RDMA_CORE_DIR: /labhome/denisn/dc/rdma-core/build/lib
15: Initiator's TGT_MASK: 0x3FF
10: Initiator's TGT_MASK: 0x3FF
13: Initiator's TGT_MASK: 0x3FF
16: Initiator's TGT_MASK: 0x3FF
18: Initiator's TGT_MASK: 0x3FF
12: Initiator's PERF_MASK: 0xFFFF
14: Initiator's TGT_MASK: 0x3FF
17: Initiator's TGT_MASK: 0x3FF
10: Initiator's PERF_MASK: 0xFFFF
15: Initiator's PERF_MASK: 0xFFFF
13: Initiator's PERF_MASK: 0xFFFF
19: Initiator's TGT_MASK: 0x3FF
16: Initiator's PERF_MASK: 0xFFFF
18: Initiator's PERF_MASK: 0xFFFF
14: Initiator's PERF_MASK: 0xFFFF
17: Initiator's PERF_MASK: 0xFFFF
19: Initiator's PERF_MASK: 0xFFFF
0: Server's SPDK_DIR: /labhome/denisn/dc/spdk_release
0: Server's RDMA_CORE_DIR: /labhome/denisn/dc/rdma-core/build/lib
0: Server's TGT_MASK: 0x3FF
0: Server's PERF_MASK: 0xFFFF
0: Mounting hugetlbfs at /mnt/huge
 2: Mounting hugetlbfs at /mnt/huge
 6: Initiator's Servers number: 1
10: Mounting hugetlbfs at /mnt/huge
 7: Mounting hugetlbfs at /mnt/huge
 4: Mounting hugetlbfs at /mnt/huge
 1: Mounting hugetlbfs at /mnt/huge
 3: Mounting hugetlbfs at /mnt/huge
 0: Mounting hugetlbfs at /mnt/huge
 8: Mounting hugetlbfs at /mnt/huge
11: Mounting hugetlbfs at /mnt/huge
 5: Mounting hugetlbfs at /mnt/huge
12: Mounting hugetlbfs at /mnt/huge
17: Mounting hugetlbfs at /mnt/huge
 9: Mounting hugetlbfs at /mnt/huge
16: Mounting hugetlbfs at /mnt/huge
 6: Initiator's SPDK_DIR: /labhome/denisn/dc/spdk_release
 6: Initiator's RDMA_CORE_DIR: /labhome/denisn/dc/rdma-core/build/lib
 6: Initiator's TGT_MASK: 0x3FF
 6: Initiator's PERF_MASK: 0xFFFF
15: Mounting hugetlbfs at /mnt/huge
13: Mounting hugetlbfs at /mnt/huge
19: Mounting hugetlbfs at /mnt/huge
18: Mounting hugetlbfs at /mnt/huge
14: Mounting hugetlbfs at /mnt/huge
 2: Waiting for 1 servers started... now there are 0 servers
10: Waiting for 1 servers started... now there are 0 servers
 7: Waiting for 1 servers started... now there are 0 servers
 4: Waiting for 1 servers started... now there are 0 servers
 0: Waiting for 1 servers started... now there are 0 servers
 1: Waiting for 1 servers started... now there are 0 servers
 3: Waiting for 1 servers started... now there are 0 servers
11: Waiting for 1 servers started... now there are 0 servers
 8: Waiting for 1 servers started... now there are 0 servers
 5: Waiting for 1 servers started... now there are 0 servers
17: Waiting for 1 servers started... now there are 0 servers
 9: Waiting for 1 servers started... now there are 0 servers
15: Waiting for 1 servers started... now there are 0 servers
12: Waiting for 1 servers started... now there are 0 servers
16: Waiting for 1 servers started... now there are 0 servers
13: Waiting for 1 servers started... now there are 0 servers
19: Waiting for 1 servers started... now there are 0 servers
18: Waiting for 1 servers started... now there are 0 servers
14: Waiting for 1 servers started... now there are 0 servers
 6: Mounting hugetlbfs at /mnt/huge
 6: Waiting for 1 servers started... now there are 0 servers
0: sudo env LD_LIBRARY_PATH=/labhome/denisn/dc/rdma-core/build/lib /labhome/denisn/dc/spdk_release/install/bin/spdk_tgt -m 0x3FF 2>&1 | tee -a /hpc/local/work/denisn/dc/spdk/dc_testing/job.59995/spdk_tgt.0.log &
0: Waiting for 3s after spdk_tgt run ...
 2: Waiting for 1 servers started... now there are 0 servers
10: Waiting for 1 servers started... now there are 0 servers
 4: Waiting for 1 servers started... now there are 0 servers
 7: Waiting for 1 servers started... now there are 0 servers
 0: Waiting for 1 servers started... now there are 0 servers
 1: Waiting for 1 servers started... now there are 0 servers
 3: Waiting for 1 servers started... now there are 0 servers
11: Waiting for 1 servers started... now there are 0 servers
 8: Waiting for 1 servers started... now there are 0 servers
 5: Waiting for 1 servers started... now there are 0 servers
17: Waiting for 1 servers started... now there are 0 servers
 9: Waiting for 1 servers started... now there are 0 servers
15: Waiting for 1 servers started... now there are 0 servers
12: Waiting for 1 servers started... now there are 0 servers
16: Waiting for 1 servers started... now there are 0 servers
19: Waiting for 1 servers started... now there are 0 servers
13: Waiting for 1 servers started... now there are 0 servers
18: Waiting for 1 servers started... now there are 0 servers
14: Waiting for 1 servers started... now there are 0 servers
0: [2021-08-16 12:21:42.393567] Starting SPDK v21.04 git sha1 8016710 / DPDK 21.05.0 initialization...
0: [2021-08-16 12:21:42.393627] [ DPDK EAL parameters: [2021-08-16 12:21:42.393633] spdk_tgt [2021-08-16 12:21:42.393637] --no-shconf [2021-08-16 12:21:42.393641] -c 0x3FF [2021-08-16 12:21:42.393645] --log-level=lib.eal:6 [2021-08-16 12:21:42.393649] --log-level=lib.cryptodev:5 [2021-08-16 12:21:42.393656] --log-level=user1:6 [2021-08-16 12:21:42.393660] --base-virtaddr=0x200000000000 [2021-08-16 12:21:42.393666] --match-allocations [2021-08-16 12:21:42.393670] --file-prefix=spdk_pid64220 [2021-08-16 12:21:42.393676] ]
0: EAL: No available 1048576 kB hugepages reported
0: EAL: No free 2048 kB hugepages reported on node 1
0: TELEMETRY: No legacy callbacks, legacy socket not created
0: [2021-08-16 12:21:42.445039] app.c: 535:spdk_app_start: *NOTICE*: Total cores available: 10
0: [2021-08-16 12:21:42.616219] reactor.c: 929:reactor_run: *NOTICE*: Reactor started on core 1
0: [2021-08-16 12:21:42.616268] reactor.c: 929:reactor_run: *NOTICE*: Reactor started on core 2
0: [2021-08-16 12:21:42.616322] reactor.c: 929:reactor_run: *NOTICE*: Reactor started on core 3
0: [2021-08-16 12:21:42.616366] reactor.c: 929:reactor_run: *NOTICE*: Reactor started on core 4
0: [2021-08-16 12:21:42.616435] reactor.c: 929:reactor_run: *NOTICE*: Reactor started on core 5
0: [2021-08-16 12:21:42.616535] reactor.c: 929:reactor_run: *NOTICE*: Reactor started on core 7
0: [2021-08-16 12:21:42.616490] reactor.c: 929:reactor_run: *NOTICE*: Reactor started on core 6
0: [2021-08-16 12:21:42.616576] reactor.c: 929:reactor_run: *NOTICE*: Reactor started on core 9
0: [2021-08-16 12:21:42.616579] reactor.c: 929:reactor_run: *NOTICE*: Reactor started on core 0
0: [2021-08-16 12:21:42.616562] reactor.c: 929:reactor_run: *NOTICE*: Reactor started on core 8
0: [2021-08-16 12:21:42.616774] accel_engine.c: 852:spdk_accel_engine_initialize: *NOTICE*: Accel engine initialized to use software engine.
 6: Waiting for 1 servers started... now there are 0 servers
 2: Waiting for 1 servers started... now there are 0 servers
10: Waiting for 1 servers started... now there are 0 servers
 4: Waiting for 1 servers started... now there are 0 servers
 7: Waiting for 1 servers started... now there are 0 servers
 0: Waiting for 1 servers started... now there are 0 servers
 1: Waiting for 1 servers started... now there are 0 servers
 3: Waiting for 1 servers started... now there are 0 servers
11: Waiting for 1 servers started... now there are 0 servers
 8: Waiting for 1 servers started... now there are 0 servers
 5: Waiting for 1 servers started... now there are 0 servers
17: Waiting for 1 servers started... now there are 0 servers
 9: Waiting for 1 servers started... now there are 0 servers
15: Waiting for 1 servers started... now there are 0 servers
12: Waiting for 1 servers started... now there are 0 servers
16: Waiting for 1 servers started... now there are 0 servers
19: Waiting for 1 servers started... now there are 0 servers
13: Waiting for 1 servers started... now there are 0 servers
18: Waiting for 1 servers started... now there are 0 servers
14: Waiting for 1 servers started... now there are 0 servers
 6: Waiting for 1 servers started... now there are 0 servers
 2: Waiting for 1 servers started... now there are 0 servers
10: Waiting for 1 servers started... now there are 0 servers
 4: Waiting for 1 servers started... now there are 0 servers
 7: Waiting for 1 servers started... now there are 0 servers
 0: Waiting for 1 servers started... now there are 0 servers
 1: Waiting for 1 servers started... now there are 0 servers
 3: Waiting for 1 servers started... now there are 0 servers
11: Waiting for 1 servers started... now there are 0 servers
 8: Waiting for 1 servers started... now there are 0 servers
 5: Waiting for 1 servers started... now there are 0 servers
17: Waiting for 1 servers started... now there are 0 servers
 9: Waiting for 1 servers started... now there are 0 servers
15: Waiting for 1 servers started... now there are 0 servers
12: Waiting for 1 servers started... now there are 0 servers
16: Waiting for 1 servers started... now there are 0 servers
19: Waiting for 1 servers started... now there are 0 servers
13: Waiting for 1 servers started... now there are 0 servers
18: Waiting for 1 servers started... now there are 0 servers
14: Waiting for 1 servers started... now there are 0 servers
 6: Waiting for 1 servers started... now there are 0 servers
 2: Waiting for 1 servers started... now there are 0 servers
0: spdk_tgt pid: 64220
10: Waiting for 1 servers started... now there are 0 servers
 4: Waiting for 1 servers started... now there are 0 servers
 7: Waiting for 1 servers started... now there are 0 servers
 0: Waiting for 1 servers started... now there are 0 servers
 1: Waiting for 1 servers started... now there are 0 servers
 3: Waiting for 1 servers started... now there are 0 servers
11: Waiting for 1 servers started... now there are 0 servers
 8: Waiting for 1 servers started... now there are 0 servers
 5: Waiting for 1 servers started... now there are 0 servers
17: Waiting for 1 servers started... now there are 0 servers
 9: Waiting for 1 servers started... now there are 0 servers
15: Waiting for 1 servers started... now there are 0 servers
12: Waiting for 1 servers started... now there are 0 servers
16: Waiting for 1 servers started... now there are 0 servers
19: Waiting for 1 servers started... now there are 0 servers
13: Waiting for 1 servers started... now there are 0 servers
18: Waiting for 1 servers started... now there are 0 servers
14: Waiting for 1 servers started... now there are 0 servers
0: Null0
 6: Waiting for 1 servers started... now there are 0 servers
0: !!!! max_wqe_sz_sq:1024
0: !!!! max_wqe_sz_rq:512
0: !!!! max_wqe_sz_sq_dc:256
0: !!!! max_wqe_sz_sq:1024
0: !!!! max_wqe_sz_rq:512
0: !!!! max_wqe_sz_sq_dc:256
0: !!!! max_wqe_sz_sq:1024
0: !!!! max_wqe_sz_rq:512
0: !!!! max_wqe_sz_sq_dc:256
0: !!!! max_wqe_sz_sq:1024
0: !!!! max_wqe_sz_rq:512
0: !!!! max_wqe_sz_sq_dc:256
0: !!!! max_wqe_sz_sq:1024
0: !!!! max_wqe_sz_rq:512
0: !!!! max_wqe_sz_sq_dc:256
0: !!!! max_wqe_sz_sq:1024
0: !!!! max_wqe_sz_rq:512
0: !!!! max_wqe_sz_sq_dc:256
 2: Waiting for 1 servers started... now there are 0 servers
10: Waiting for 1 servers started... now there are 0 servers
 4: Waiting for 1 servers started... now there are 0 servers
 7: Waiting for 1 servers started... now there are 0 servers
 0: Waiting for 1 servers started... now there are 0 servers
 1: Waiting for 1 servers started... now there are 0 servers
 3: Waiting for 1 servers started... now there are 0 servers
11: Waiting for 1 servers started... now there are 0 servers
 8: Waiting for 1 servers started... now there are 0 servers
 5: Waiting for 1 servers started... now there are 0 servers
17: Waiting for 1 servers started... now there are 0 servers
 9: Waiting for 1 servers started... now there are 0 servers
15: Waiting for 1 servers started... now there are 0 servers
12: Waiting for 1 servers started... now there are 0 servers
16: Waiting for 1 servers started... now there are 0 servers
19: Waiting for 1 servers started... now there are 0 servers
18: Waiting for 1 servers started... now there are 0 servers
13: Waiting for 1 servers started... now there are 0 servers
14: Waiting for 1 servers started... now there are 0 servers
 6: Waiting for 1 servers started... now there are 0 servers
0: [2021-08-16 12:21:46.864258] rdma.c:2651:nvmf_rdma_listen: *NOTICE*: *** NVMe/RDMA Target Listening on 172.24.0.2 port 4420 ***
 2: Waiting for 1 servers started... now there are 0 servers
10: Waiting for 1 servers started... now there are 0 servers
 7: Waiting for 1 servers started... now there are 0 servers
 4: Waiting for 1 servers started... now there are 0 servers
 0: Waiting for 1 servers started... now there are 0 servers
 1: Waiting for 1 servers started... now there are 0 servers
 3: Waiting for 1 servers started... now there are 0 servers
11: Waiting for 1 servers started... now there are 0 servers
 8: Waiting for 1 servers started... now there are 0 servers
 5: Waiting for 1 servers started... now there are 0 servers
17: Waiting for 1 servers started... now there are 0 servers
 9: Waiting for 1 servers started... now there are 0 servers
15: Waiting for 1 servers started... now there are 0 servers
12: Waiting for 1 servers started... now there are 0 servers
16: Waiting for 1 servers started... now there are 0 servers
19: Waiting for 1 servers started... now there are 0 servers
18: Waiting for 1 servers started... now there are 0 servers
13: Waiting for 1 servers started... now there are 0 servers
14: Waiting for 1 servers started... now there are 0 servers
 6: Waiting for 1 servers started... now there are 0 servers
0: /hpc/local/work/denisn/dc/spdk/dc_testing/./server_run.sh: line 38: wait: pid 64220 is not a child of this shell
 2: 
 2: Got servers list: 172.24.0.2
 2: sudo env LD_LIBRARY_PATH=/labhome/denisn/dc/rdma-core/build/lib /labhome/denisn/dc/spdk_release/install/bin/spdk_nvme_perf 	 --srq-depth 128 -r "trtype:rdma adrfam:ipv4 traddr:172.24.0.2 trsvcid:4420" 	 -c 0xFFFF -q 1 -o 4096 -w randread -t 10 	  2>&1 | tee -a /hpc/local/work/denisn/dc/spdk/dc_testing/job.59995/perf.2.log
10: 
 7: 
 4: 
10: Got servers list: 172.24.0.2
10: sudo env LD_LIBRARY_PATH=/labhome/denisn/dc/rdma-core/build/lib /labhome/denisn/dc/spdk_release/install/bin/spdk_nvme_perf 	 --srq-depth 128 -r "trtype:rdma adrfam:ipv4 traddr:172.24.0.2 trsvcid:4420" 	 -c 0xFFFF -q 1 -o 4096 -w randread -t 10 	  2>&1 | tee -a /hpc/local/work/denisn/dc/spdk/dc_testing/job.59995/perf.10.log
 0: 
 1: 
 4: Got servers list: 172.24.0.2
 7: Got servers list: 172.24.0.2
 7: sudo env LD_LIBRARY_PATH=/labhome/denisn/dc/rdma-core/build/lib /labhome/denisn/dc/spdk_release/install/bin/spdk_nvme_perf 	 --srq-depth 128 -r "trtype:rdma adrfam:ipv4 traddr:172.24.0.2 trsvcid:4420" 	 -c 0xFFFF -q 1 -o 4096 -w randread -t 10 	  2>&1 | tee -a /hpc/local/work/denisn/dc/spdk/dc_testing/job.59995/perf.7.log
 4: sudo env LD_LIBRARY_PATH=/labhome/denisn/dc/rdma-core/build/lib /labhome/denisn/dc/spdk_release/install/bin/spdk_nvme_perf 	 --srq-depth 128 -r "trtype:rdma adrfam:ipv4 traddr:172.24.0.2 trsvcid:4420" 	 -c 0xFFFF -q 1 -o 4096 -w randread -t 10 	  2>&1 | tee -a /hpc/local/work/denisn/dc/spdk/dc_testing/job.59995/perf.4.log
 3: 
 0: Got servers list: 172.24.0.2
 0: sudo env LD_LIBRARY_PATH=/labhome/denisn/dc/rdma-core/build/lib /labhome/denisn/dc/spdk_release/install/bin/spdk_nvme_perf 	 --srq-depth 128 -r "trtype:rdma adrfam:ipv4 traddr:172.24.0.2 trsvcid:4420" 	 -c 0xFFFF -q 1 -o 4096 -w randread -t 10 	  2>&1 | tee -a /hpc/local/work/denisn/dc/spdk/dc_testing/job.59995/perf.0.log
 1: Got servers list: 172.24.0.2
 1: sudo env LD_LIBRARY_PATH=/labhome/denisn/dc/rdma-core/build/lib /labhome/denisn/dc/spdk_release/install/bin/spdk_nvme_perf 	 --srq-depth 128 -r "trtype:rdma adrfam:ipv4 traddr:172.24.0.2 trsvcid:4420" 	 -c 0xFFFF -q 1 -o 4096 -w randread -t 10 	  2>&1 | tee -a /hpc/local/work/denisn/dc/spdk/dc_testing/job.59995/perf.1.log
 3: Got servers list: 172.24.0.2
 3: sudo env LD_LIBRARY_PATH=/labhome/denisn/dc/rdma-core/build/lib /labhome/denisn/dc/spdk_release/install/bin/spdk_nvme_perf 	 --srq-depth 128 -r "trtype:rdma adrfam:ipv4 traddr:172.24.0.2 trsvcid:4420" 	 -c 0xFFFF -q 1 -o 4096 -w randread -t 10 	  2>&1 | tee -a /hpc/local/work/denisn/dc/spdk/dc_testing/job.59995/perf.3.log
11: 
 8: 
11: Got servers list: 172.24.0.2
11: sudo env LD_LIBRARY_PATH=/labhome/denisn/dc/rdma-core/build/lib /labhome/denisn/dc/spdk_release/install/bin/spdk_nvme_perf 	 --srq-depth 128 -r "trtype:rdma adrfam:ipv4 traddr:172.24.0.2 trsvcid:4420" 	 -c 0xFFFF -q 1 -o 4096 -w randread -t 10 	  2>&1 | tee -a /hpc/local/work/denisn/dc/spdk/dc_testing/job.59995/perf.11.log
 8: Got servers list: 172.24.0.2
17: 
 8: sudo env LD_LIBRARY_PATH=/labhome/denisn/dc/rdma-core/build/lib /labhome/denisn/dc/spdk_release/install/bin/spdk_nvme_perf 	 --srq-depth 128 -r "trtype:rdma adrfam:ipv4 traddr:172.24.0.2 trsvcid:4420" 	 -c 0xFFFF -q 1 -o 4096 -w randread -t 10 	  2>&1 | tee -a /hpc/local/work/denisn/dc/spdk/dc_testing/job.59995/perf.8.log
 9: 
15: 
12: 
16: 
17: Got servers list: 172.24.0.2
17: sudo env LD_LIBRARY_PATH=/labhome/denisn/dc/rdma-core/build/lib /labhome/denisn/dc/spdk_release/install/bin/spdk_nvme_perf 	 --srq-depth 128 -r "trtype:rdma adrfam:ipv4 traddr:172.24.0.2 trsvcid:4420" 	 -c 0xFFFF -q 1 -o 4096 -w randread -t 10 	  2>&1 | tee -a /hpc/local/work/denisn/dc/spdk/dc_testing/job.59995/perf.17.log
19: 
18: 
 9: Got servers list: 172.24.0.2
 9: sudo env LD_LIBRARY_PATH=/labhome/denisn/dc/rdma-core/build/lib /labhome/denisn/dc/spdk_release/install/bin/spdk_nvme_perf 	 --srq-depth 128 -r "trtype:rdma adrfam:ipv4 traddr:172.24.0.2 trsvcid:4420" 	 -c 0xFFFF -q 1 -o 4096 -w randread -t 10 	  2>&1 | tee -a /hpc/local/work/denisn/dc/spdk/dc_testing/job.59995/perf.9.log
14: 
15: Got servers list: 172.24.0.2
15: sudo env LD_LIBRARY_PATH=/labhome/denisn/dc/rdma-core/build/lib /labhome/denisn/dc/spdk_release/install/bin/spdk_nvme_perf 	 --srq-depth 128 -r "trtype:rdma adrfam:ipv4 traddr:172.24.0.2 trsvcid:4420" 	 -c 0xFFFF -q 1 -o 4096 -w randread -t 10 	  2>&1 | tee -a /hpc/local/work/denisn/dc/spdk/dc_testing/job.59995/perf.15.log
12: Got servers list: 172.24.0.2
12: sudo env LD_LIBRARY_PATH=/labhome/denisn/dc/rdma-core/build/lib /labhome/denisn/dc/spdk_release/install/bin/spdk_nvme_perf 	 --srq-depth 128 -r "trtype:rdma adrfam:ipv4 traddr:172.24.0.2 trsvcid:4420" 	 -c 0xFFFF -q 1 -o 4096 -w randread -t 10 	  2>&1 | tee -a /hpc/local/work/denisn/dc/spdk/dc_testing/job.59995/perf.12.log
16: Got servers list: 172.24.0.2
19: Got servers list: 172.24.0.2
18: Got servers list: 172.24.0.2
16: sudo env LD_LIBRARY_PATH=/labhome/denisn/dc/rdma-core/build/lib /labhome/denisn/dc/spdk_release/install/bin/spdk_nvme_perf 	 --srq-depth 128 -r "trtype:rdma adrfam:ipv4 traddr:172.24.0.2 trsvcid:4420" 	 -c 0xFFFF -q 1 -o 4096 -w randread -t 10 	  2>&1 | tee -a /hpc/local/work/denisn/dc/spdk/dc_testing/job.59995/perf.16.log
19: sudo env LD_LIBRARY_PATH=/labhome/denisn/dc/rdma-core/build/lib /labhome/denisn/dc/spdk_release/install/bin/spdk_nvme_perf 	 --srq-depth 128 -r "trtype:rdma adrfam:ipv4 traddr:172.24.0.2 trsvcid:4420" 	 -c 0xFFFF -q 1 -o 4096 -w randread -t 10 	  2>&1 | tee -a /hpc/local/work/denisn/dc/spdk/dc_testing/job.59995/perf.19.log
18: sudo env LD_LIBRARY_PATH=/labhome/denisn/dc/rdma-core/build/lib /labhome/denisn/dc/spdk_release/install/bin/spdk_nvme_perf 	 --srq-depth 128 -r "trtype:rdma adrfam:ipv4 traddr:172.24.0.2 trsvcid:4420" 	 -c 0xFFFF -q 1 -o 4096 -w randread -t 10 	  2>&1 | tee -a /hpc/local/work/denisn/dc/spdk/dc_testing/job.59995/perf.18.log
 5: 
 5: Got servers list: 172.24.0.2
 5: sudo env LD_LIBRARY_PATH=/labhome/denisn/dc/rdma-core/build/lib /labhome/denisn/dc/spdk_release/install/bin/spdk_nvme_perf 	 --srq-depth 128 -r "trtype:rdma adrfam:ipv4 traddr:172.24.0.2 trsvcid:4420" 	 -c 0xFFFF -q 1 -o 4096 -w randread -t 10 	  2>&1 | tee -a /hpc/local/work/denisn/dc/spdk/dc_testing/job.59995/perf.5.log
14: Got servers list: 172.24.0.2
14: sudo env LD_LIBRARY_PATH=/labhome/denisn/dc/rdma-core/build/lib /labhome/denisn/dc/spdk_release/install/bin/spdk_nvme_perf 	 --srq-depth 128 -r "trtype:rdma adrfam:ipv4 traddr:172.24.0.2 trsvcid:4420" 	 -c 0xFFFF -q 1 -o 4096 -w randread -t 10 	  2>&1 | tee -a /hpc/local/work/denisn/dc/spdk/dc_testing/job.59995/perf.14.log
 6: 
 6: Got servers list: 172.24.0.2
 6: sudo env LD_LIBRARY_PATH=/labhome/denisn/dc/rdma-core/build/lib /labhome/denisn/dc/spdk_release/install/bin/spdk_nvme_perf 	 --srq-depth 128 -r "trtype:rdma adrfam:ipv4 traddr:172.24.0.2 trsvcid:4420" 	 -c 0xFFFF -q 1 -o 4096 -w randread -t 10 	  2>&1 | tee -a /hpc/local/work/denisn/dc/spdk/dc_testing/job.59995/perf.6.log
13: 
13: Got servers list: 172.24.0.2
13: sudo env LD_LIBRARY_PATH=/labhome/denisn/dc/rdma-core/build/lib /labhome/denisn/dc/spdk_release/install/bin/spdk_nvme_perf 	 --srq-depth 128 -r "trtype:rdma adrfam:ipv4 traddr:172.24.0.2 trsvcid:4420" 	 -c 0xFFFF -q 1 -o 4096 -w randread -t 10 	  2>&1 | tee -a /hpc/local/work/denisn/dc/spdk/dc_testing/job.59995/perf.13.log
 4: [2021-08-16 12:21:48.733318] Starting SPDK v21.04 git sha1 8016710 / DPDK 21.05.0 initialization...
 4: [2021-08-16 12:21:48.733398] [ DPDK EAL parameters: [2021-08-16 12:21:48.733405] perf [2021-08-16 12:21:48.733410] --no-shconf [2021-08-16 12:21:48.733418] -c 0xFFFF [2021-08-16 12:21:48.733423] --no-pci [2021-08-16 12:21:48.733429] --log-level=lib.eal:6 [2021-08-16 12:21:48.733434] --log-level=lib.cryptodev:5 [2021-08-16 12:21:48.733440] --log-level=user1:6 [2021-08-16 12:21:48.733445] --base-virtaddr=0x200000000000 [2021-08-16 12:21:48.733451] --match-allocations [2021-08-16 12:21:48.733455] --file-prefix=spdk_pid18768 [2021-08-16 12:21:48.733461] ]
 4: EAL: No available 1048576 kB hugepages reported
 4: EAL: No free 2048 kB hugepages reported on node 1
 4: TELEMETRY: No legacy callbacks, legacy socket not created
 4: !!!! max_wqe_sz_sq:1024
 4: !!!! max_wqe_sz_rq:512
 4: !!!! max_wqe_sz_sq_dc:256
 4: !!!! max_wqe_sz_sq:1024
 4: !!!! max_wqe_sz_rq:512
 4: !!!! max_wqe_sz_sq_dc:256
 4: !!!! max_wqe_sz_sq:1024
 4: !!!! max_wqe_sz_rq:512
 4: !!!! max_wqe_sz_sq_dc:256
13: [2021-08-16 12:21:48.848417] Starting SPDK v21.04 git sha1 8016710 / DPDK 21.05.0 initialization...
13: [2021-08-16 12:21:48.848495] [ DPDK EAL parameters: [2021-08-16 12:21:48.848502] perf [2021-08-16 12:21:48.848524] --no-shconf [2021-08-16 12:21:48.848528] -c 0xFFFF [2021-08-16 12:21:48.848541] --no-pci [2021-08-16 12:21:48.848545] --log-level=lib.eal:6 [2021-08-16 12:21:48.848552] --log-level=lib.cryptodev:5 [2021-08-16 12:21:48.848556] --log-level=user1:6 [2021-08-16 12:21:48.848561] --base-virtaddr=0x200000000000 [2021-08-16 12:21:48.848567] --match-allocations [2021-08-16 12:21:48.848572] --file-prefix=spdk_pid190968 [2021-08-16 12:21:48.848578] ]
 4: !!!! max_wqe_sz_sq:1024
 4: !!!! max_wqe_sz_rq:512
 4: !!!! max_wqe_sz_sq_dc:256
 4: !!!! max_wqe_sz_sq:1024
 4: !!!! max_wqe_sz_rq:512
 4: !!!! max_wqe_sz_sq_dc:256
 4: !!!! max_wqe_sz_sq:1024
 4: !!!! max_wqe_sz_rq:512
 4: !!!! max_wqe_sz_sq_dc:256
13: EAL: No available 1048576 kB hugepages reported
13: EAL: No free 2048 kB hugepages reported on node 1
13: TELEMETRY: No legacy callbacks, legacy socket not created
13: !!!! max_wqe_sz_sq:1024
13: !!!! max_wqe_sz_rq:512
13: !!!! max_wqe_sz_sq_dc:256
13: !!!! max_wqe_sz_sq:1024
13: !!!! max_wqe_sz_rq:512
13: !!!! max_wqe_sz_sq_dc:256
13: !!!! max_wqe_sz_sq:1024
13: !!!! max_wqe_sz_rq:512
13: !!!! max_wqe_sz_sq_dc:256
13: !!!! max_wqe_sz_sq:1024
13: !!!! max_wqe_sz_rq:512
13: !!!! max_wqe_sz_sq_dc:256
13: !!!! max_wqe_sz_sq:1024
13: !!!! max_wqe_sz_rq:512
13: !!!! max_wqe_sz_sq_dc:256
13: !!!! max_wqe_sz_sq:1024
13: !!!! max_wqe_sz_rq:512
13: !!!! max_wqe_sz_sq_dc:256
 2: [2021-08-16 12:21:48.962325] Starting SPDK v21.04 git sha1 8016710 / DPDK 21.05.0 initialization...
 2: [2021-08-16 12:21:48.962406] [ DPDK EAL parameters: [2021-08-16 12:21:48.962413] perf [2021-08-16 12:21:48.962434] --no-shconf [2021-08-16 12:21:48.962439] -c 0xFFFF [2021-08-16 12:21:48.962451] --no-pci [2021-08-16 12:21:48.962458] --log-level=lib.eal:6 [2021-08-16 12:21:48.962464] --log-level=lib.cryptodev:5 [2021-08-16 12:21:48.962469] --log-level=user1:6 [2021-08-16 12:21:48.962475] --base-virtaddr=0x200000000000 [2021-08-16 12:21:48.962479] --match-allocations [2021-08-16 12:21:48.962485] --file-prefix=spdk_pid151507 [2021-08-16 12:21:48.962491] ]
 2: EAL: No available 1048576 kB hugepages reported
 2: EAL: No free 2048 kB hugepages reported on node 1
 2: TELEMETRY: No legacy callbacks, legacy socket not created
 5: [2021-08-16 12:21:49.010716] Starting SPDK v21.04 git sha1 8016710 / DPDK 21.05.0 initialization...
 5: [2021-08-16 12:21:49.010779] [ DPDK EAL parameters: [2021-08-16 12:21:49.010804] perf [2021-08-16 12:21:49.010810] --no-shconf [2021-08-16 12:21:49.010816] -c 0xFFFF [2021-08-16 12:21:49.010821] --no-pci [2021-08-16 12:21:49.010826] --log-level=lib.eal:6 [2021-08-16 12:21:49.010832] --log-level=lib.cryptodev:5 [2021-08-16 12:21:49.010837] --log-level=user1:6 [2021-08-16 12:21:49.010844] --base-virtaddr=0x200000000000 [2021-08-16 12:21:49.010849] --match-allocations [2021-08-16 12:21:49.010855] --file-prefix=spdk_pid168959 [2021-08-16 12:21:49.010860] ]
 5: EAL: No available 1048576 kB hugepages reported
 5: EAL: No free 2048 kB hugepages reported on node 1
 5: TELEMETRY: No legacy callbacks, legacy socket not created
 3: [2021-08-16 12:21:49.058067] Starting SPDK v21.04 git sha1 8016710 / DPDK 21.05.0 initialization...
 3: [2021-08-16 12:21:49.058143] [ DPDK EAL parameters: [2021-08-16 12:21:49.058150] perf [2021-08-16 12:21:49.058155] --no-shconf [2021-08-16 12:21:49.058176] -c 0xFFFF [2021-08-16 12:21:49.058190] --no-pci [2021-08-16 12:21:49.058195] --log-level=lib.eal:6 [2021-08-16 12:21:49.058201] --log-level=lib.cryptodev:5 [2021-08-16 12:21:49.058207] --log-level=user1:6 [2021-08-16 12:21:49.058213] --base-virtaddr=0x200000000000 [2021-08-16 12:21:49.058218] --match-allocations [2021-08-16 12:21:49.058224] --file-prefix=spdk_pid90712 [2021-08-16 12:21:49.058229] ]
 1: [2021-08-16 12:21:49.067476] Starting SPDK v21.04 git sha1 8016710 / DPDK 21.05.0 initialization...
 1: [2021-08-16 12:21:49.067540] [ DPDK EAL parameters: [2021-08-16 12:21:49.067548] perf [2021-08-16 12:21:49.067553] --no-shconf [2021-08-16 12:21:49.067557] -c 0xFFFF [2021-08-16 12:21:49.067561] --no-pci [2021-08-16 12:21:49.067566] --log-level=lib.eal:6 [2021-08-16 12:21:49.067570] --log-level=lib.cryptodev:5 [2021-08-16 12:21:49.067581] --log-level=user1:6 [2021-08-16 12:21:49.067588] --base-virtaddr=0x200000000000 [2021-08-16 12:21:49.067604] --match-allocations [2021-08-16 12:21:49.067611] --file-prefix=spdk_pid181969 [2021-08-16 12:21:49.067615] ]
 3: EAL: No available 1048576 kB hugepages reported
 3: EAL: No free 2048 kB hugepages reported on node 1
 6: [2021-08-16 12:21:49.076971] Starting SPDK v21.04 git sha1 8016710 / DPDK 21.05.0 initialization...
 6: [2021-08-16 12:21:49.077036] [ DPDK EAL parameters: [2021-08-16 12:21:49.077062] perf [2021-08-16 12:21:49.077070] --no-shconf [2021-08-16 12:21:49.077076] -c 0xFFFF [2021-08-16 12:21:49.077083] --no-pci [2021-08-16 12:21:49.077087] --log-level=lib.eal:6 [2021-08-16 12:21:49.077093] --log-level=lib.cryptodev:5 [2021-08-16 12:21:49.077100] --log-level=user1:6 [2021-08-16 12:21:49.077107] --base-virtaddr=0x200000000000 [2021-08-16 12:21:49.077113] --match-allocations [2021-08-16 12:21:49.077118] --file-prefix=spdk_pid1633 [2021-08-16 12:21:49.077123] ]
 1: EAL: No available 1048576 kB hugepages reported
 1: EAL: No free 2048 kB hugepages reported on node 1
 3: TELEMETRY: No legacy callbacks, legacy socket not created
 0: [2021-08-16 12:21:49.085059] Starting SPDK v21.04 git sha1 8016710 / DPDK 21.05.0 initialization...
 0: [2021-08-16 12:21:49.085134] [ DPDK EAL parameters: [2021-08-16 12:21:49.085142] perf [2021-08-16 12:21:49.085147] --no-shconf [2021-08-16 12:21:49.085158] -c 0xFFFF [2021-08-16 12:21:49.085163] --no-pci [2021-08-16 12:21:49.085169] --log-level=lib.eal:6 [2021-08-16 12:21:49.085174] --log-level=lib.cryptodev:5 [2021-08-16 12:21:49.085180] --log-level=user1:6 [2021-08-16 12:21:49.085184] --base-virtaddr=0x200000000000 [2021-08-16 12:21:49.085191] --match-allocations [2021-08-16 12:21:49.085196] --file-prefix=spdk_pid110425 [2021-08-16 12:21:49.085201] ]
 6: EAL: No available 1048576 kB hugepages reported
 6: EAL: No free 2048 kB hugepages reported on node 1
 1: TELEMETRY: No legacy callbacks, legacy socket not created
 0: EAL: No available 1048576 kB hugepages reported
 0: EAL: No free 2048 kB hugepages reported on node 1
 6: TELEMETRY: No legacy callbacks, legacy socket not created
 0: TELEMETRY: No legacy callbacks, legacy socket not created
 3: !!!! max_wqe_sz_sq:1024
 3: !!!! max_wqe_sz_rq:512
 3: !!!! max_wqe_sz_sq_dc:256
 3: !!!! max_wqe_sz_sq:1024
 3: !!!! max_wqe_sz_rq:512
 3: !!!! max_wqe_sz_sq_dc:256
 6: !!!! max_wqe_sz_sq:1024
 6: !!!! max_wqe_sz_rq:512
 6: !!!! max_wqe_sz_sq_dc:256
 6: !!!! max_wqe_sz_sq:1024
 6: !!!! max_wqe_sz_rq:512
 6: !!!! max_wqe_sz_sq_dc:256
 3: !!!! max_wqe_sz_sq:1024
 3: !!!! max_wqe_sz_rq:512
 3: !!!! max_wqe_sz_sq_dc:256
 1: !!!! max_wqe_sz_sq:1024
 1: !!!! max_wqe_sz_rq:512
 1: !!!! max_wqe_sz_sq_dc:256
 6: !!!! max_wqe_sz_sq:1024
 6: !!!! max_wqe_sz_rq:512
 6: !!!! max_wqe_sz_sq_dc:256
 1: !!!! max_wqe_sz_sq:1024
 1: !!!! max_wqe_sz_rq:512
 1: !!!! max_wqe_sz_sq_dc:256
 3: !!!! max_wqe_sz_sq:1024
 3: !!!! max_wqe_sz_rq:512
 3: !!!! max_wqe_sz_sq_dc:256
 3: !!!! max_wqe_sz_sq:1024
 3: !!!! max_wqe_sz_rq:512
 3: !!!! max_wqe_sz_sq_dc:256
 6: !!!! max_wqe_sz_sq:1024
 6: !!!! max_wqe_sz_rq:512
 6: !!!! max_wqe_sz_sq_dc:256
 3: !!!! max_wqe_sz_sq:1024
 3: !!!! max_wqe_sz_rq:512
 3: !!!! max_wqe_sz_sq_dc:256
 6: !!!! max_wqe_sz_sq:1024
 6: !!!! max_wqe_sz_rq:512
 6: !!!! max_wqe_sz_sq_dc:256
 1: !!!! max_wqe_sz_sq:1024
 1: !!!! max_wqe_sz_rq:512
 1: !!!! max_wqe_sz_sq_dc:256
 6: !!!! max_wqe_sz_sq:1024
 6: !!!! max_wqe_sz_rq:512
 6: !!!! max_wqe_sz_sq_dc:256
 1: !!!! max_wqe_sz_sq:1024
 1: !!!! max_wqe_sz_rq:512
 1: !!!! max_wqe_sz_sq_dc:256
 1: !!!! max_wqe_sz_sq:1024
 1: !!!! max_wqe_sz_rq:512
 1: !!!! max_wqe_sz_sq_dc:256
 1: !!!! max_wqe_sz_sq:1024
 1: !!!! max_wqe_sz_rq:512
 1: !!!! max_wqe_sz_sq_dc:256
14: [2021-08-16 12:21:49.239773] Starting SPDK v21.04 git sha1 8016710 / DPDK 21.05.0 initialization...
14: [2021-08-16 12:21:49.239846] [ DPDK EAL parameters: [2021-08-16 12:21:49.239870] perf [2021-08-16 12:21:49.239885] --no-shconf [2021-08-16 12:21:49.239890] -c 0xFFFF [2021-08-16 12:21:49.239911] --no-pci [2021-08-16 12:21:49.239916] --log-level=lib.eal:6 [2021-08-16 12:21:49.239920] --log-level=lib.cryptodev:5 [2021-08-16 12:21:49.239925] --log-level=user1:6 [2021-08-16 12:21:49.239929] --base-virtaddr=0x200000000000 [2021-08-16 12:21:49.239940] --match-allocations [2021-08-16 12:21:49.239944] --file-prefix=spdk_pid143070 [2021-08-16 12:21:49.239949] ]
12: [2021-08-16 12:21:49.256078] Starting SPDK v21.04 git sha1 8016710 / DPDK 21.05.0 initialization...
12: [2021-08-16 12:21:49.256152] [ DPDK EAL parameters: [2021-08-16 12:21:49.256159] perf [2021-08-16 12:21:49.256163] --no-shconf [2021-08-16 12:21:49.256175] -c 0xFFFF [2021-08-16 12:21:49.256179] --no-pci [2021-08-16 12:21:49.256183] --log-level=lib.eal:6 [2021-08-16 12:21:49.256187] --log-level=lib.cryptodev:5 [2021-08-16 12:21:49.256195] --log-level=user1:6 [2021-08-16 12:21:49.256200] --base-virtaddr=0x200000000000 [2021-08-16 12:21:49.256204] --match-allocations [2021-08-16 12:21:49.256210] --file-prefix=spdk_pid187051 [2021-08-16 12:21:49.256216] ]
12: EAL: No available 1048576 kB hugepages reported
12: EAL: No free 2048 kB hugepages reported on node 1
12: TELEMETRY: No legacy callbacks, legacy socket not created
 8: [2021-08-16 12:21:49.287484] Starting SPDK v21.04 git sha1 8016710 / DPDK 21.05.0 initialization...
 8: [2021-08-16 12:21:49.287558] [ DPDK EAL parameters: [2021-08-16 12:21:49.287566] perf [2021-08-16 12:21:49.287571] --no-shconf [2021-08-16 12:21:49.287576] -c 0xFFFF [2021-08-16 12:21:49.287580] --no-pci [2021-08-16 12:21:49.287609] --log-level=lib.eal:6 [2021-08-16 12:21:49.287619] --log-level=lib.cryptodev:5 [2021-08-16 12:21:49.287626] --log-level=user1:6 [2021-08-16 12:21:49.287630] --base-virtaddr=0x200000000000 [2021-08-16 12:21:49.287637] --match-allocations [2021-08-16 12:21:49.287641] --file-prefix=spdk_pid87417 [2021-08-16 12:21:49.287647] ]
10: [2021-08-16 12:21:49.297195] Starting SPDK v21.04 git sha1 8016710 / DPDK 21.05.0 initialization...
10: [2021-08-16 12:21:49.297278] [ DPDK EAL parameters: [2021-08-16 12:21:49.297285] perf [2021-08-16 12:21:49.297290] --no-shconf [2021-08-16 12:21:49.297298] -c 0xFFFF [2021-08-16 12:21:49.297304] --no-pci [2021-08-16 12:21:49.297309] --log-level=lib.eal:6 [2021-08-16 12:21:49.297315] --log-level=lib.cryptodev:5 [2021-08-16 12:21:49.297322] --log-level=user1:6 [2021-08-16 12:21:49.297337] --base-virtaddr=0x200000000000 [2021-08-16 12:21:49.297342] --match-allocations [2021-08-16 12:21:49.297348] --file-prefix=spdk_pid55458 [2021-08-16 12:21:49.297353] ]
 8: EAL: No available 1048576 kB hugepages reported
 8: EAL: No free 2048 kB hugepages reported on node 1
17: [2021-08-16 12:21:49.303216] Starting SPDK v21.04 git sha1 8016710 / DPDK 21.05.0 initialization...
17: [2021-08-16 12:21:49.303290] [ DPDK EAL parameters: [2021-08-16 12:21:49.303297] perf [2021-08-16 12:21:49.303302] --no-shconf [2021-08-16 12:21:49.303312] -c 0xFFFF [2021-08-16 12:21:49.303319] --no-pci [2021-08-16 12:21:49.303325] --log-level=lib.eal:6 [2021-08-16 12:21:49.303330] --log-level=lib.cryptodev:5 [2021-08-16 12:21:49.303336] --log-level=user1:6 [2021-08-16 12:21:49.303340] --base-virtaddr=0x200000000000 [2021-08-16 12:21:49.303345] --match-allocations [2021-08-16 12:21:49.303351] --file-prefix=spdk_pid104938 [2021-08-16 12:21:49.303355] ]
10: EAL: No available 1048576 kB hugepages reported
10: EAL: No free 2048 kB hugepages reported on node 1
 8: TELEMETRY: No legacy callbacks, legacy socket not created
17: EAL: No available 1048576 kB hugepages reported
17: EAL: No free 2048 kB hugepages reported on node 1
16: [2021-08-16 12:21:49.320025] Starting SPDK v21.04 git sha1 8016710 / DPDK 21.05.0 initialization...
16: [2021-08-16 12:21:49.320100] [ DPDK EAL parameters: [2021-08-16 12:21:49.320107] perf [2021-08-16 12:21:49.320139] --no-shconf [2021-08-16 12:21:49.320148] -c 0xFFFF [2021-08-16 12:21:49.320154] --no-pci [2021-08-16 12:21:49.320159] --log-level=lib.eal:6 [2021-08-16 12:21:49.320166] --log-level=lib.cryptodev:5 [2021-08-16 12:21:49.320170] --log-level=user1:6 [2021-08-16 12:21:49.320176] --base-virtaddr=0x200000000000 [2021-08-16 12:21:49.320181] --match-allocations [2021-08-16 12:21:49.320187] --file-prefix=spdk_pid64644 [2021-08-16 12:21:49.320191] ]
18: [2021-08-16 12:21:49.320200] Starting SPDK v21.04 git sha1 8016710 / DPDK 21.05.0 initialization...
18: [2021-08-16 12:21:49.320286] [ DPDK EAL parameters: [2021-08-16 12:21:49.320295] perf [2021-08-16 12:21:49.320308] --no-shconf [2021-08-16 12:21:49.320316] -c 0xFFFF [2021-08-16 12:21:49.320321] --no-pci [2021-08-16 12:21:49.320328] --log-level=lib.eal:6 [2021-08-16 12:21:49.320336] --log-level=lib.cryptodev:5 [2021-08-16 12:21:49.320343] --log-level=user1:6 [2021-08-16 12:21:49.320351] --base-virtaddr=0x200000000000 [2021-08-16 12:21:49.320357] --match-allocations [2021-08-16 12:21:49.320373] --file-prefix=spdk_pid49410 [2021-08-16 12:21:49.320380] ]
10: TELEMETRY: No legacy callbacks, legacy socket not created
17: TELEMETRY: No legacy callbacks, legacy socket not created
19: [2021-08-16 12:21:49.330017] Starting SPDK v21.04 git sha1 8016710 / DPDK 21.05.0 initialization...
19: [2021-08-16 12:21:49.330120] [ DPDK EAL parameters: [2021-08-16 12:21:49.330128] perf [2021-08-16 12:21:49.330139] --no-shconf [2021-08-16 12:21:49.330145] -c 0xFFFF [2021-08-16 12:21:49.330150] --no-pci [2021-08-16 12:21:49.330156] --log-level=lib.eal:6 [2021-08-16 12:21:49.330160] --log-level=lib.cryptodev:5 [2021-08-16 12:21:49.330167] --log-level=user1:6 [2021-08-16 12:21:49.330173] --base-virtaddr=0x200000000000 [2021-08-16 12:21:49.330179] --match-allocations [2021-08-16 12:21:49.330184] --file-prefix=spdk_pid109236 [2021-08-16 12:21:49.330190] ]
18: EAL: No available 1048576 kB hugepages reported
18: EAL: No free 2048 kB hugepages reported on node 1
19: EAL: No available 1048576 kB hugepages reported
19: EAL: No free 2048 kB hugepages reported on node 1
18: TELEMETRY: No legacy callbacks, legacy socket not created
 9: [2021-08-16 12:21:49.355090] Starting SPDK v21.04 git sha1 8016710 / DPDK 21.05.0 initialization...
 9: [2021-08-16 12:21:49.355150] [ DPDK EAL parameters: [2021-08-16 12:21:49.355157] perf [2021-08-16 12:21:49.355162] --no-shconf [2021-08-16 12:21:49.355167] -c 0xFFFF [2021-08-16 12:21:49.355172] --no-pci [2021-08-16 12:21:49.355184] --log-level=lib.eal:6 [2021-08-16 12:21:49.355189] --log-level=lib.cryptodev:5 [2021-08-16 12:21:49.355193] --log-level=user1:6 [2021-08-16 12:21:49.355198] --base-virtaddr=0x200000000000 [2021-08-16 12:21:49.355203] --match-allocations [2021-08-16 12:21:49.355207] --file-prefix=spdk_pid13822 [2021-08-16 12:21:49.355212] ]
19: TELEMETRY: No legacy callbacks, legacy socket not created
 9: EAL: No available 1048576 kB hugepages reported
 9: EAL: No free 2048 kB hugepages reported on node 1
 9: TELEMETRY: No legacy callbacks, legacy socket not created
19: !!!! max_wqe_sz_sq:1024
19: !!!! max_wqe_sz_rq:512
19: !!!! max_wqe_sz_sq_dc:256
19: !!!! max_wqe_sz_sq:1024
19: !!!! max_wqe_sz_rq:512
19: !!!! max_wqe_sz_sq_dc:256
14: EAL: No available 1048576 kB hugepages reported
14: EAL: No free 2048 kB hugepages reported on node 1
19: !!!! max_wqe_sz_sq:1024
19: !!!! max_wqe_sz_rq:512
19: !!!! max_wqe_sz_sq_dc:256
 0: !!!! max_wqe_sz_sq:1024
 0: !!!! max_wqe_sz_rq:512
 0: !!!! max_wqe_sz_sq_dc:256
 0: !!!! max_wqe_sz_sq:1024
 0: !!!! max_wqe_sz_rq:512
 0: !!!! max_wqe_sz_sq_dc:256
19: !!!! max_wqe_sz_sq:1024
19: !!!! max_wqe_sz_rq:512
19: !!!! max_wqe_sz_sq_dc:256
18: !!!! max_wqe_sz_sq:1024
18: !!!! max_wqe_sz_rq:512
18: !!!! max_wqe_sz_sq_dc:256
19: !!!! max_wqe_sz_sq:1024
19: !!!! max_wqe_sz_rq:512
19: !!!! max_wqe_sz_sq_dc:256
19: !!!! max_wqe_sz_sq:1024
19: !!!! max_wqe_sz_rq:512
19: !!!! max_wqe_sz_sq_dc:256
18: !!!! max_wqe_sz_sq:1024
18: !!!! max_wqe_sz_rq:512
18: !!!! max_wqe_sz_sq_dc:256
 0: !!!! max_wqe_sz_sq:1024
 0: !!!! max_wqe_sz_rq:512
 0: !!!! max_wqe_sz_sq_dc:256
14: TELEMETRY: No legacy callbacks, legacy socket not created
 0: !!!! max_wqe_sz_sq:1024
 0: !!!! max_wqe_sz_rq:512
 0: !!!! max_wqe_sz_sq_dc:256
18: !!!! max_wqe_sz_sq:1024
18: !!!! max_wqe_sz_rq:512
18: !!!! max_wqe_sz_sq_dc:256
 0: !!!! max_wqe_sz_sq:1024
 0: !!!! max_wqe_sz_rq:512
 0: !!!! max_wqe_sz_sq_dc:256
 0: !!!! max_wqe_sz_sq:1024
 0: !!!! max_wqe_sz_rq:512
 0: !!!! max_wqe_sz_sq_dc:256
 9: !!!! max_wqe_sz_sq:1024
 9: !!!! max_wqe_sz_rq:512
 9: !!!! max_wqe_sz_sq_dc:256
18: !!!! max_wqe_sz_sq:1024
18: !!!! max_wqe_sz_rq:512
18: !!!! max_wqe_sz_sq_dc:256
18: !!!! max_wqe_sz_sq:1024
18: !!!! max_wqe_sz_rq:512
18: !!!! max_wqe_sz_sq_dc:256
 9: !!!! max_wqe_sz_sq:1024
 9: !!!! max_wqe_sz_rq:512
 9: !!!! max_wqe_sz_sq_dc:256
18: !!!! max_wqe_sz_sq:1024
18: !!!! max_wqe_sz_rq:512
18: !!!! max_wqe_sz_sq_dc:256
 9: !!!! max_wqe_sz_sq:1024
 9: !!!! max_wqe_sz_rq:512
 9: !!!! max_wqe_sz_sq_dc:256
 9: !!!! max_wqe_sz_sq:1024
 9: !!!! max_wqe_sz_rq:512
 9: !!!! max_wqe_sz_sq_dc:256
 9: !!!! max_wqe_sz_sq:1024
 9: !!!! max_wqe_sz_rq:512
 9: !!!! max_wqe_sz_sq_dc:256
15: [2021-08-16 12:21:49.525059] Starting SPDK v21.04 git sha1 8016710 / DPDK 21.05.0 initialization...
15: [2021-08-16 12:21:49.525136] [ DPDK EAL parameters: [2021-08-16 12:21:49.525143] perf [2021-08-16 12:21:49.525148] --no-shconf [2021-08-16 12:21:49.525153] -c 0xFFFF [2021-08-16 12:21:49.525161] --no-pci [2021-08-16 12:21:49.525168] --log-level=lib.eal:6 [2021-08-16 12:21:49.525181] --log-level=lib.cryptodev:5 [2021-08-16 12:21:49.525189] --log-level=user1:6 [2021-08-16 12:21:49.525193] --base-virtaddr=0x200000000000 [2021-08-16 12:21:49.525198] --match-allocations [2021-08-16 12:21:49.525202] --file-prefix=spdk_pid118667 [2021-08-16 12:21:49.525207] ]
 9: !!!! max_wqe_sz_sq:1024
 9: !!!! max_wqe_sz_rq:512
 9: !!!! max_wqe_sz_sq_dc:256
15: EAL: No available 1048576 kB hugepages reported
15: EAL: No free 2048 kB hugepages reported on node 1
11: [2021-08-16 12:21:49.538521] Starting SPDK v21.04 git sha1 8016710 / DPDK 21.05.0 initialization...
11: [2021-08-16 12:21:49.538596] [ DPDK EAL parameters: [2021-08-16 12:21:49.538603] perf [2021-08-16 12:21:49.538624] --no-shconf [2021-08-16 12:21:49.538642] -c 0xFFFF [2021-08-16 12:21:49.538649] --no-pci [2021-08-16 12:21:49.538655] --log-level=lib.eal:6 [2021-08-16 12:21:49.538662] --log-level=lib.cryptodev:5 [2021-08-16 12:21:49.538667] --log-level=user1:6 [2021-08-16 12:21:49.538673] --base-virtaddr=0x200000000000 [2021-08-16 12:21:49.538677] --match-allocations [2021-08-16 12:21:49.538683] --file-prefix=spdk_pid136929 [2021-08-16 12:21:49.538688] ]
15: TELEMETRY: No legacy callbacks, legacy socket not created
11: EAL: No available 1048576 kB hugepages reported
11: EAL: No free 2048 kB hugepages reported on node 1
16: EAL: No available 1048576 kB hugepages reported
16: EAL: No free 2048 kB hugepages reported on node 1
11: TELEMETRY: No legacy callbacks, legacy socket not created
 7: [2021-08-16 12:21:49.571810] Starting SPDK v21.04 git sha1 8016710 / DPDK 21.05.0 initialization...
 7: [2021-08-16 12:21:49.571881] [ DPDK EAL parameters: [2021-08-16 12:21:49.571888] perf [2021-08-16 12:21:49.571908] --no-shconf [2021-08-16 12:21:49.571932] -c 0xFFFF [2021-08-16 12:21:49.571940] --no-pci [2021-08-16 12:21:49.571944] --log-level=lib.eal:6 [2021-08-16 12:21:49.571950] --log-level=lib.cryptodev:5 [2021-08-16 12:21:49.571954] --log-level=user1:6 [2021-08-16 12:21:49.571960] --base-virtaddr=0x200000000000 [2021-08-16 12:21:49.571967] --match-allocations [2021-08-16 12:21:49.571972] --file-prefix=spdk_pid169383 [2021-08-16 12:21:49.571978] ]
16: TELEMETRY: No legacy callbacks, legacy socket not created
 7: EAL: No available 1048576 kB hugepages reported
 7: EAL: No free 2048 kB hugepages reported on node 1
 7: TELEMETRY: No legacy callbacks, legacy socket not created
14: !!!! max_wqe_sz_sq:1024
14: !!!! max_wqe_sz_rq:512
14: !!!! max_wqe_sz_sq_dc:256
14: !!!! max_wqe_sz_sq:1024
14: !!!! max_wqe_sz_rq:512
14: !!!! max_wqe_sz_sq_dc:256
14: !!!! max_wqe_sz_sq:1024
14: !!!! max_wqe_sz_rq:512
14: !!!! max_wqe_sz_sq_dc:256
14: !!!! max_wqe_sz_sq:1024
14: !!!! max_wqe_sz_rq:512
14: !!!! max_wqe_sz_sq_dc:256
14: !!!! max_wqe_sz_sq:1024
14: !!!! max_wqe_sz_rq:512
14: !!!! max_wqe_sz_sq_dc:256
14: !!!! max_wqe_sz_sq:1024
14: !!!! max_wqe_sz_rq:512
14: !!!! max_wqe_sz_sq_dc:256
 5: !!!! max_wqe_sz_sq:1024
 5: !!!! max_wqe_sz_rq:512
 5: !!!! max_wqe_sz_sq_dc:256
 5: !!!! max_wqe_sz_sq:1024
 5: !!!! max_wqe_sz_rq:512
 5: !!!! max_wqe_sz_sq_dc:256
12: !!!! max_wqe_sz_sq:1024
12: !!!! max_wqe_sz_rq:512
12: !!!! max_wqe_sz_sq_dc:256
 5: !!!! max_wqe_sz_sq:1024
 5: !!!! max_wqe_sz_rq:512
 5: !!!! max_wqe_sz_sq_dc:256
12: !!!! max_wqe_sz_sq:1024
12: !!!! max_wqe_sz_rq:512
12: !!!! max_wqe_sz_sq_dc:256
 8: !!!! max_wqe_sz_sq:1024
 8: !!!! max_wqe_sz_rq:512
 8: !!!! max_wqe_sz_sq_dc:256
 8: !!!! max_wqe_sz_sq:1024
 8: !!!! max_wqe_sz_rq:512
 8: !!!! max_wqe_sz_sq_dc:256
 5: !!!! max_wqe_sz_sq:1024
 5: !!!! max_wqe_sz_rq:512
 5: !!!! max_wqe_sz_sq_dc:256
 5: !!!! max_wqe_sz_sq:1024
 5: !!!! max_wqe_sz_rq:512
 5: !!!! max_wqe_sz_sq_dc:256
12: !!!! max_wqe_sz_sq:1024
12: !!!! max_wqe_sz_rq:512
12: !!!! max_wqe_sz_sq_dc:256
 5: !!!! max_wqe_sz_sq:1024
 5: !!!! max_wqe_sz_rq:512
 5: !!!! max_wqe_sz_sq_dc:256
 8: !!!! max_wqe_sz_sq:1024
 8: !!!! max_wqe_sz_rq:512
 8: !!!! max_wqe_sz_sq_dc:256
12: !!!! max_wqe_sz_sq:1024
12: !!!! max_wqe_sz_rq:512
12: !!!! max_wqe_sz_sq_dc:256
12: !!!! max_wqe_sz_sq:1024
12: !!!! max_wqe_sz_rq:512
12: !!!! max_wqe_sz_sq_dc:256
 8: !!!! max_wqe_sz_sq:1024
 8: !!!! max_wqe_sz_rq:512
 8: !!!! max_wqe_sz_sq_dc:256
12: !!!! max_wqe_sz_sq:1024
12: !!!! max_wqe_sz_rq:512
12: !!!! max_wqe_sz_sq_dc:256
 8: !!!! max_wqe_sz_sq:1024
 8: !!!! max_wqe_sz_rq:512
 8: !!!! max_wqe_sz_sq_dc:256
16: !!!! max_wqe_sz_sq:1024
16: !!!! max_wqe_sz_rq:512
16: !!!! max_wqe_sz_sq_dc:256
 8: !!!! max_wqe_sz_sq:1024
 8: !!!! max_wqe_sz_rq:512
 8: !!!! max_wqe_sz_sq_dc:256
16: !!!! max_wqe_sz_sq:1024
16: !!!! max_wqe_sz_rq:512
16: !!!! max_wqe_sz_sq_dc:256
16: !!!! max_wqe_sz_sq:1024
16: !!!! max_wqe_sz_rq:512
16: !!!! max_wqe_sz_sq_dc:256
16: !!!! max_wqe_sz_sq:1024
16: !!!! max_wqe_sz_rq:512
16: !!!! max_wqe_sz_sq_dc:256
10: !!!! max_wqe_sz_sq:1024
10: !!!! max_wqe_sz_rq:512
10: !!!! max_wqe_sz_sq_dc:256
16: !!!! max_wqe_sz_sq:1024
16: !!!! max_wqe_sz_rq:512
16: !!!! max_wqe_sz_sq_dc:256
10: !!!! max_wqe_sz_sq:1024
10: !!!! max_wqe_sz_rq:512
10: !!!! max_wqe_sz_sq_dc:256
16: !!!! max_wqe_sz_sq:1024
16: !!!! max_wqe_sz_rq:512
16: !!!! max_wqe_sz_sq_dc:256
10: !!!! max_wqe_sz_sq:1024
10: !!!! max_wqe_sz_rq:512
10: !!!! max_wqe_sz_sq_dc:256
10: !!!! max_wqe_sz_sq:1024
10: !!!! max_wqe_sz_rq:512
10: !!!! max_wqe_sz_sq_dc:256
10: !!!! max_wqe_sz_sq:1024
10: !!!! max_wqe_sz_rq:512
10: !!!! max_wqe_sz_sq_dc:256
10: !!!! max_wqe_sz_sq:1024
10: !!!! max_wqe_sz_rq:512
10: !!!! max_wqe_sz_sq_dc:256
15: !!!! max_wqe_sz_sq:1024
15: !!!! max_wqe_sz_rq:512
15: !!!! max_wqe_sz_sq_dc:256
15: !!!! max_wqe_sz_sq:1024
15: !!!! max_wqe_sz_rq:512
15: !!!! max_wqe_sz_sq_dc:256
15: !!!! max_wqe_sz_sq:1024
15: !!!! max_wqe_sz_rq:512
15: !!!! max_wqe_sz_sq_dc:256
15: !!!! max_wqe_sz_sq:1024
15: !!!! max_wqe_sz_rq:512
15: !!!! max_wqe_sz_sq_dc:256
15: !!!! max_wqe_sz_sq:1024
15: !!!! max_wqe_sz_rq:512
15: !!!! max_wqe_sz_sq_dc:256
15: !!!! max_wqe_sz_sq:1024
15: !!!! max_wqe_sz_rq:512
15: !!!! max_wqe_sz_sq_dc:256
17: !!!! max_wqe_sz_sq:1024
17: !!!! max_wqe_sz_rq:512
17: !!!! max_wqe_sz_sq_dc:256
17: !!!! max_wqe_sz_sq:1024
17: !!!! max_wqe_sz_rq:512
17: !!!! max_wqe_sz_sq_dc:256
17: !!!! max_wqe_sz_sq:1024
17: !!!! max_wqe_sz_rq:512
17: !!!! max_wqe_sz_sq_dc:256
 2: !!!! max_wqe_sz_sq:1024
 2: !!!! max_wqe_sz_rq:512
 2: !!!! max_wqe_sz_sq_dc:256
17: !!!! max_wqe_sz_sq:1024
17: !!!! max_wqe_sz_rq:512
17: !!!! max_wqe_sz_sq_dc:256
 2: !!!! max_wqe_sz_sq:1024
 2: !!!! max_wqe_sz_rq:512
 2: !!!! max_wqe_sz_sq_dc:256
17: !!!! max_wqe_sz_sq:1024
17: !!!! max_wqe_sz_rq:512
17: !!!! max_wqe_sz_sq_dc:256
17: !!!! max_wqe_sz_sq:1024
17: !!!! max_wqe_sz_rq:512
17: !!!! max_wqe_sz_sq_dc:256
 2: !!!! max_wqe_sz_sq:1024
 2: !!!! max_wqe_sz_rq:512
 2: !!!! max_wqe_sz_sq_dc:256
 2: !!!! max_wqe_sz_sq:1024
 2: !!!! max_wqe_sz_rq:512
 2: !!!! max_wqe_sz_sq_dc:256
 7: !!!! max_wqe_sz_sq:1024
 7: !!!! max_wqe_sz_rq:512
 7: !!!! max_wqe_sz_sq_dc:256
 2: !!!! max_wqe_sz_sq:1024
 2: !!!! max_wqe_sz_rq:512
 2: !!!! max_wqe_sz_sq_dc:256
 2: !!!! max_wqe_sz_sq:1024
 2: !!!! max_wqe_sz_rq:512
 2: !!!! max_wqe_sz_sq_dc:256
 7: !!!! max_wqe_sz_sq:1024
 7: !!!! max_wqe_sz_rq:512
 7: !!!! max_wqe_sz_sq_dc:256
 7: !!!! max_wqe_sz_sq:1024
 7: !!!! max_wqe_sz_rq:512
 7: !!!! max_wqe_sz_sq_dc:256
 7: !!!! max_wqe_sz_sq:1024
 7: !!!! max_wqe_sz_rq:512
 7: !!!! max_wqe_sz_sq_dc:256
 7: !!!! max_wqe_sz_sq:1024
 7: !!!! max_wqe_sz_rq:512
 7: !!!! max_wqe_sz_sq_dc:256
 7: !!!! max_wqe_sz_sq:1024
 7: !!!! max_wqe_sz_rq:512
 7: !!!! max_wqe_sz_sq_dc:256
11: !!!! max_wqe_sz_sq:1024
11: !!!! max_wqe_sz_rq:512
11: !!!! max_wqe_sz_sq_dc:256
11: !!!! max_wqe_sz_sq:1024
11: !!!! max_wqe_sz_rq:512
11: !!!! max_wqe_sz_sq_dc:256
11: !!!! max_wqe_sz_sq:1024
11: !!!! max_wqe_sz_rq:512
11: !!!! max_wqe_sz_sq_dc:256
11: !!!! max_wqe_sz_sq:1024
11: !!!! max_wqe_sz_rq:512
11: !!!! max_wqe_sz_sq_dc:256
11: !!!! max_wqe_sz_sq:1024
11: !!!! max_wqe_sz_rq:512
11: !!!! max_wqe_sz_sq_dc:256
11: !!!! max_wqe_sz_sq:1024
11: !!!! max_wqe_sz_rq:512
11: !!!! max_wqe_sz_sq_dc:256
 4: Initializing NVMe Controllers
 4: Attached to NVMe over Fabrics controller at 172.24.0.2:4420: nqn.2016-06.io.spdk:cnode1
 4: Controller attach time is 24372.665 us (58494396 ticks)
 4: Associating RDMA (addr:172.24.0.2 subnqn:nqn.2016-06.io.spdk:cnode1) NSID 1 with lcore 0
 4: Associating RDMA (addr:172.24.0.2 subnqn:nqn.2016-06.io.spdk:cnode1) NSID 1 with lcore 1
 4: Associating RDMA (addr:172.24.0.2 subnqn:nqn.2016-06.io.spdk:cnode1) NSID 1 with lcore 2
 4: Associating RDMA (addr:172.24.0.2 subnqn:nqn.2016-06.io.spdk:cnode1) NSID 1 with lcore 3
 4: Associating RDMA (addr:172.24.0.2 subnqn:nqn.2016-06.io.spdk:cnode1) NSID 1 with lcore 4
 4: Associating RDMA (addr:172.24.0.2 subnqn:nqn.2016-06.io.spdk:cnode1) NSID 1 with lcore 5
 4: Associating RDMA (addr:172.24.0.2 subnqn:nqn.2016-06.io.spdk:cnode1) NSID 1 with lcore 6
 4: Associating RDMA (addr:172.24.0.2 subnqn:nqn.2016-06.io.spdk:cnode1) NSID 1 with lcore 7
 4: Associating RDMA (addr:172.24.0.2 subnqn:nqn.2016-06.io.spdk:cnode1) NSID 1 with lcore 8
 4: Associating RDMA (addr:172.24.0.2 subnqn:nqn.2016-06.io.spdk:cnode1) NSID 1 with lcore 9
 4: Associating RDMA (addr:172.24.0.2 subnqn:nqn.2016-06.io.spdk:cnode1) NSID 1 with lcore 10
 4: Associating RDMA (addr:172.24.0.2 subnqn:nqn.2016-06.io.spdk:cnode1) NSID 1 with lcore 11
 4: Associating RDMA (addr:172.24.0.2 subnqn:nqn.2016-06.io.spdk:cnode1) NSID 1 with lcore 12
 4: Associating RDMA (addr:172.24.0.2 subnqn:nqn.2016-06.io.spdk:cnode1) NSID 1 with lcore 13
 4: Associating RDMA (addr:172.24.0.2 subnqn:nqn.2016-06.io.spdk:cnode1) NSID 1 with lcore 14
 4: Associating RDMA (addr:172.24.0.2 subnqn:nqn.2016-06.io.spdk:cnode1) NSID 1 with lcore 15
 4: Initialization complete. Launching workers.
 4: IO qp on core 3 total time 18916.805 us (45400332 ticks), connect time 8139.125 us (19533900 ticks)
 4: IO qp on core 2 total time 27259.873 us (65423694 ticks), connect time 16436.530 us (39447672 ticks)
 4: IO qp on core 5 total time 37267.180 us (89441232 ticks), connect time 26445.555 us (63469332 ticks)
 4: IO qp on core 0 total time 47855.882 us (114854116 ticks), connect time 36457.868 us (87498883 ticks)
 4: IO qp on core 1 total time 58194.324 us (139666377 ticks), connect time 46243.894 us (110985345 ticks)
 4: IO qp on core 6 total time 67392.439 us (161741853 ticks), connect time 56119.119 us (134685885 ticks)
 4: IO qp on core 4 total time 77389.633 us (185735119 ticks), connect time 66112.054 us (158668930 ticks)
 4: IO qp on core 7 total time 87481.175 us (209954819 ticks), connect time 77215.221 us (185316530 ticks)
 4: IO qp on core 9 total time 96926.878 us (232624506 ticks), connect time 86524.880 us (207659712 ticks)
 4: IO qp on core 11 total time 106424.262 us (255418230 ticks), connect time 95771.344 us (229851225 ticks)
 4: IO qp on core 15 total time 116611.607 us (279867858 ticks), connect time 104617.012 us (251080830 ticks)
 4: IO qp on core 8 total time 126303.634 us (303128722 ticks), connect time 114309.489 us (274342773 ticks)
 4: IO qp on core 10 total time 136514.513 us (327634830 ticks), connect time 124387.482 us (298529958 ticks)
 4: IO qp on core 12 total time 147044.469 us (352906726 ticks), connect time 134442.039 us (322660894 ticks)
 4: IO qp on core 14 total time 156056.842 us (374536422 ticks), connect time 143454.903 us (344291767 ticks)
 4: IO qp on core 13 total time 166391.840 us (399340416 ticks), connect time 153660.034 us (368784081 ticks)
 4: ========================================================
 4:                                                                                                                 Latency(us)
 4: Device Information                                                          :       IOPS      MiB/s    Average        min        max
 4: RDMA (addr:172.24.0.2 subnqn:nqn.2016-06.io.spdk:cnode1) NSID 1 from core  0:    6524.40      25.49     153.23       6.38    3337.54
 4: RDMA (addr:172.24.0.2 subnqn:nqn.2016-06.io.spdk:cnode1) NSID 1 from core  1:    6561.90      25.63     152.36       7.11    4352.83
 4: RDMA (addr:172.24.0.2 subnqn:nqn.2016-06.io.spdk:cnode1) NSID 1 from core  2:    6683.90      26.11     149.59       6.37    3070.62
 4: RDMA (addr:172.24.0.2 subnqn:nqn.2016-06.io.spdk:cnode1) NSID 1 from core  3:    6629.70      25.90     150.81       6.65    4734.61
 4: RDMA (addr:172.24.0.2 subnqn:nqn.2016-06.io.spdk:cnode1) NSID 1 from core  4:    6608.50      25.81     151.29       6.64    3805.30
 4: RDMA (addr:172.24.0.2 subnqn:nqn.2016-06.io.spdk:cnode1) NSID 1 from core  5:    6729.10      26.29     148.57       6.33    2901.35
 4: RDMA (addr:172.24.0.2 subnqn:nqn.2016-06.io.spdk:cnode1) NSID 1 from core  6:    6654.80      26.00     150.24       6.34    4351.51
 4: RDMA (addr:172.24.0.2 subnqn:nqn.2016-06.io.spdk:cnode1) NSID 1 from core  7:    6737.50      26.32     148.38       6.13    3532.89
 4: RDMA (addr:172.24.0.2 subnqn:nqn.2016-06.io.spdk:cnode1) NSID 1 from core  8:    6672.60      26.06     149.83       6.62    3339.76
 4: RDMA (addr:172.24.0.2 subnqn:nqn.2016-06.io.spdk:cnode1) NSID 1 from core  9:    6730.00      26.29     148.55       5.95    3532.92
 4: RDMA (addr:172.24.0.2 subnqn:nqn.2016-06.io.spdk:cnode1) NSID 1 from core 10:    6635.40      25.92     150.69       6.22    4351.25
 4: RDMA (addr:172.24.0.2 subnqn:nqn.2016-06.io.spdk:cnode1) NSID 1 from core 11:    6815.40      26.62     146.69       6.06    3178.55
 4: RDMA (addr:172.24.0.2 subnqn:nqn.2016-06.io.spdk:cnode1) NSID 1 from core 12:    6709.10      26.21     149.03       6.04    3531.59
 4: RDMA (addr:172.24.0.2 subnqn:nqn.2016-06.io.spdk:cnode1) NSID 1 from core 13:    6642.00      25.95     150.51       6.44    3086.34
 4: RDMA (addr:172.24.0.2 subnqn:nqn.2016-06.io.spdk:cnode1) NSID 1 from core 14:    6544.30      25.56     152.77       6.71    4716.42
 4: RDMA (addr:172.24.0.2 subnqn:nqn.2016-06.io.spdk:cnode1) NSID 1 from core 15:    6640.80      25.94     150.54       6.29    3086.31
 4: ========================================================
 4: Total                                                                       :  106519.40     416.09     150.17       5.95    4734.61
 4: 
13: Initializing NVMe Controllers
13: Attached to NVMe over Fabrics controller at 172.24.0.2:4420: nqn.2016-06.io.spdk:cnode1
13: Controller attach time is 20463.795 us (49113108 ticks)
13: Associating RDMA (addr:172.24.0.2 subnqn:nqn.2016-06.io.spdk:cnode1) NSID 1 with lcore 0
13: Associating RDMA (addr:172.24.0.2 subnqn:nqn.2016-06.io.spdk:cnode1) NSID 1 with lcore 1
13: Associating RDMA (addr:172.24.0.2 subnqn:nqn.2016-06.io.spdk:cnode1) NSID 1 with lcore 2
13: Associating RDMA (addr:172.24.0.2 subnqn:nqn.2016-06.io.spdk:cnode1) NSID 1 with lcore 3
13: Associating RDMA (addr:172.24.0.2 subnqn:nqn.2016-06.io.spdk:cnode1) NSID 1 with lcore 4
13: Associating RDMA (addr:172.24.0.2 subnqn:nqn.2016-06.io.spdk:cnode1) NSID 1 with lcore 5
13: Associating RDMA (addr:172.24.0.2 subnqn:nqn.2016-06.io.spdk:cnode1) NSID 1 with lcore 6
13: Associating RDMA (addr:172.24.0.2 subnqn:nqn.2016-06.io.spdk:cnode1) NSID 1 with lcore 7
13: Associating RDMA (addr:172.24.0.2 subnqn:nqn.2016-06.io.spdk:cnode1) NSID 1 with lcore 8
13: Associating RDMA (addr:172.24.0.2 subnqn:nqn.2016-06.io.spdk:cnode1) NSID 1 with lcore 9
13: Associating RDMA (addr:172.24.0.2 subnqn:nqn.2016-06.io.spdk:cnode1) NSID 1 with lcore 10
13: Associating RDMA (addr:172.24.0.2 subnqn:nqn.2016-06.io.spdk:cnode1) NSID 1 with lcore 11
13: Associating RDMA (addr:172.24.0.2 subnqn:nqn.2016-06.io.spdk:cnode1) NSID 1 with lcore 12
13: Associating RDMA (addr:172.24.0.2 subnqn:nqn.2016-06.io.spdk:cnode1) NSID 1 with lcore 13
13: Associating RDMA (addr:172.24.0.2 subnqn:nqn.2016-06.io.spdk:cnode1) NSID 1 with lcore 14
13: Associating RDMA (addr:172.24.0.2 subnqn:nqn.2016-06.io.spdk:cnode1) NSID 1 with lcore 15
13: Initialization complete. Launching workers.
13: IO qp on core 2 total time 17496.615 us (41991876 ticks), connect time 8491.248 us (20378996 ticks)
13: IO qp on core 6 total time 27671.043 us (66410504 ticks), connect time 18767.553 us (45042128 ticks)
13: IO qp on core 4 total time 37906.762 us (90976229 ticks), connect time 28393.958 us (68145500 ticks)
13: IO qp on core 3 total time 47835.305 us (114804733 ticks), connect time 38277.854 us (91866849 ticks)
13: IO qp on core 5 total time 58050.930 us (139322233 ticks), connect time 47968.238 us (115123770 ticks)
13: IO qp on core 1 total time 67432.972 us (161839133 ticks), connect time 57097.766 us (137034639 ticks)
13: IO qp on core 7 total time 77454.639 us (185891134 ticks), connect time 67177.785 us (161226684 ticks)
13: IO qp on core 8 total time 86978.735 us (208748964 ticks), connect time 76484.775 us (183563460 ticks)
13: IO qp on core 9 total time 97121.602 us (233091846 ticks), connect time 86273.860 us (207057264 ticks)
13: IO qp on core 10 total time 106837.108 us (256409059 ticks), connect time 95966.090 us (230318617 ticks)
13: IO qp on core 11 total time 116991.239 us (280778973 ticks), connect time 105732.906 us (253758975 ticks)
13: IO qp on core 12 total time 126815.051 us (304356122 ticks), connect time 115141.266 us (276339038 ticks)
13: IO qp on core 13 total time 136524.858 us (327659658 ticks), connect time 124834.035 us (299601684 ticks)
13: IO qp on core 0 total time 146654.965 us (351971917 ticks), connect time 134492.597 us (322782232 ticks)
13: IO qp on core 14 total time 156495.300 us (375588721 ticks), connect time 144320.609 us (346369462 ticks)
13: IO qp on core 15 total time 166176.079 us (398822589 ticks), connect time 154630.755 us (371113812 ticks)
13: ========================================================
13:                                                                                                                 Latency(us)
13: Device Information                                                          :       IOPS      MiB/s    Average        min        max
13: RDMA (addr:172.24.0.2 subnqn:nqn.2016-06.io.spdk:cnode1) NSID 1 from core  0:    5809.00      22.69     172.11       6.57    3182.34
13: RDMA (addr:172.24.0.2 subnqn:nqn.2016-06.io.spdk:cnode1) NSID 1 from core  1:    5979.80      23.36     167.19       6.06    3179.39
13: RDMA (addr:172.24.0.2 subnqn:nqn.2016-06.io.spdk:cnode1) NSID 1 from core  2:    5829.80      22.77     171.51       6.67    4716.85
13: RDMA (addr:172.24.0.2 subnqn:nqn.2016-06.io.spdk:cnode1) NSID 1 from core  3:    5840.00      22.81     171.19       6.73    3789.33
13: RDMA (addr:172.24.0.2 subnqn:nqn.2016-06.io.spdk:cnode1) NSID 1 from core  4:    5783.20      22.59     172.88       7.09    4376.40
13: RDMA (addr:172.24.0.2 subnqn:nqn.2016-06.io.spdk:cnode1) NSID 1 from core  5:    5897.20      23.04     169.53       6.54    3457.31
13: RDMA (addr:172.24.0.2 subnqn:nqn.2016-06.io.spdk:cnode1) NSID 1 from core  6:    5890.40      23.01     169.75       6.54    2897.03
13: RDMA (addr:172.24.0.2 subnqn:nqn.2016-06.io.spdk:cnode1) NSID 1 from core  7:    5852.30      22.86     170.84       6.58    2898.76
13: RDMA (addr:172.24.0.2 subnqn:nqn.2016-06.io.spdk:cnode1) NSID 1 from core  8:    5886.80      23.00     169.84       6.01    3363.56
13: RDMA (addr:172.24.0.2 subnqn:nqn.2016-06.io.spdk:cnode1) NSID 1 from core  9:    5818.40      22.73     171.82       6.35    4376.37
13: RDMA (addr:172.24.0.2 subnqn:nqn.2016-06.io.spdk:cnode1) NSID 1 from core 10:    5815.30      22.72     171.94       6.49    4351.66
13: RDMA (addr:172.24.0.2 subnqn:nqn.2016-06.io.spdk:cnode1) NSID 1 from core 11:    5841.40      22.82     171.16       6.77    3783.28
13: RDMA (addr:172.24.0.2 subnqn:nqn.2016-06.io.spdk:cnode1) NSID 1 from core 12:    5887.30      23.00     169.83       6.57    3533.83
13: RDMA (addr:172.24.0.2 subnqn:nqn.2016-06.io.spdk:cnode1) NSID 1 from core 13:    5874.90      22.95     170.16       6.35    3457.11
13: RDMA (addr:172.24.0.2 subnqn:nqn.2016-06.io.spdk:cnode1) NSID 1 from core 14:    5793.50      22.63     172.57       6.86    4716.06
13: RDMA (addr:172.24.0.2 subnqn:nqn.2016-06.io.spdk:cnode1) NSID 1 from core 15:    5876.70      22.96     170.12       6.30    3071.47
13: ========================================================
13: Total                                                                       :   93676.00     365.92     170.77       6.01    4716.85
13: 
 3: Initializing NVMe Controllers
 3: Attached to NVMe over Fabrics controller at 172.24.0.2:4420: nqn.2016-06.io.spdk:cnode1
 3: Controller attach time is 19316.338 us (46359210 ticks)
 3: Associating RDMA (addr:172.24.0.2 subnqn:nqn.2016-06.io.spdk:cnode1) NSID 1 with lcore 0
 3: Associating RDMA (addr:172.24.0.2 subnqn:nqn.2016-06.io.spdk:cnode1) NSID 1 with lcore 1
 3: Associating RDMA (addr:172.24.0.2 subnqn:nqn.2016-06.io.spdk:cnode1) NSID 1 with lcore 2
 3: Associating RDMA (addr:172.24.0.2 subnqn:nqn.2016-06.io.spdk:cnode1) NSID 1 with lcore 3
 3: Associating RDMA (addr:172.24.0.2 subnqn:nqn.2016-06.io.spdk:cnode1) NSID 1 with lcore 4
 3: Associating RDMA (addr:172.24.0.2 subnqn:nqn.2016-06.io.spdk:cnode1) NSID 1 with lcore 5
 3: Associating RDMA (addr:172.24.0.2 subnqn:nqn.2016-06.io.spdk:cnode1) NSID 1 with lcore 6
 3: Associating RDMA (addr:172.24.0.2 subnqn:nqn.2016-06.io.spdk:cnode1) NSID 1 with lcore 7
 3: Associating RDMA (addr:172.24.0.2 subnqn:nqn.2016-06.io.spdk:cnode1) NSID 1 with lcore 8
 3: Associating RDMA (addr:172.24.0.2 subnqn:nqn.2016-06.io.spdk:cnode1) NSID 1 with lcore 9
 3: Associating RDMA (addr:172.24.0.2 subnqn:nqn.2016-06.io.spdk:cnode1) NSID 1 with lcore 10
 3: Associating RDMA (addr:172.24.0.2 subnqn:nqn.2016-06.io.spdk:cnode1) NSID 1 with lcore 11
 3: Associating RDMA (addr:172.24.0.2 subnqn:nqn.2016-06.io.spdk:cnode1) NSID 1 with lcore 12
 3: Associating RDMA (addr:172.24.0.2 subnqn:nqn.2016-06.io.spdk:cnode1) NSID 1 with lcore 13
 3: Associating RDMA (addr:172.24.0.2 subnqn:nqn.2016-06.io.spdk:cnode1) NSID 1 with lcore 14
 3: Associating RDMA (addr:172.24.0.2 subnqn:nqn.2016-06.io.spdk:cnode1) NSID 1 with lcore 15
 3: Initialization complete. Launching workers.
 3: IO qp on core 5 total time 16894.324 us (40546377 ticks), connect time 7202.592 us (17286222 ticks)
 3: IO qp on core 2 total time 26269.199 us (63046077 ticks), connect time 15543.579 us (37304589 ticks)
 3: IO qp on core 4 total time 36154.650 us (86771159 ticks), connect time 25504.291 us (61210298 ticks)
 3: IO qp on core 3 total time 46391.110 us (111338664 ticks), connect time 35284.851 us (84683643 ticks)
 3: IO qp on core 6 total time 55393.718 us (132944924 ticks), connect time 45186.620 us (108447887 ticks)
 3: IO qp on core 0 total time 65214.268 us (156514242 ticks), connect time 54617.665 us (131082396 ticks)
 3: IO qp on core 1 total time 76427.842 us (183426820 ticks), connect time 65124.475 us (156298739 ticks)
 3: IO qp on core 9 total time 85652.250 us (205565400 ticks), connect time 75428.766 us (181029039 ticks)
 3: IO qp on core 11 total time 95452.850 us (229086840 ticks), connect time 84774.720 us (203459328 ticks)
 3: IO qp on core 10 total time 105360.834 us (252866002 ticks), connect time 94582.543 us (226998103 ticks)
 3: IO qp on core 7 total time 115193.337 us (276464010 ticks), connect time 104328.154 us (250387569 ticks)
 3: IO qp on core 13 total time 125561.206 us (301346895 ticks), connect time 114725.594 us (275341425 ticks)
 3: IO qp on core 8 total time 135692.766 us (325662639 ticks), connect time 124539.909 us (298895781 ticks)
 3: IO qp on core 12 total time 145276.815 us (348664355 ticks), connect time 134112.600 us (321870239 ticks)
 3: IO qp on core 15 total time 155603.268 us (373447844 ticks), connect time 144334.378 us (346402508 ticks)
 3: IO qp on core 14 total time 165196.142 us (396470740 ticks), connect time 153869.883 us (369287719 ticks)
 3: ========================================================
 3:                                                                                                                 Latency(us)
 3: Device Information                                                          :       IOPS      MiB/s    Average        min        max
 3: RDMA (addr:172.24.0.2 subnqn:nqn.2016-06.io.spdk:cnode1) NSID 1 from core  0:    4807.40      18.78     207.97      10.87    3963.65
 3: RDMA (addr:172.24.0.2 subnqn:nqn.2016-06.io.spdk:cnode1) NSID 1 from core  1:    4837.10      18.89     206.67       8.07    3242.21
 3: RDMA (addr:172.24.0.2 subnqn:nqn.2016-06.io.spdk:cnode1) NSID 1 from core  2:    4810.40      18.79     207.86      13.00    2633.85
 6: Initializing NVMe Controllers
 6: Attached to NVMe over Fabrics controller at 172.24.0.2:4420: nqn.2016-06.io.spdk:cnode1
 6: Controller attach time is 19153.922 us (45969412 ticks)
 6: Associating RDMA (addr:172.24.0.2 subnqn:nqn.2016-06.io.spdk:cnode1) NSID 1 with lcore 0
 6: Associating RDMA (addr:172.24.0.2 subnqn:nqn.2016-06.io.spdk:cnode1) NSID 1 with lcore 1
 6: Associating RDMA (addr:172.24.0.2 subnqn:nqn.2016-06.io.spdk:cnode1) NSID 1 with lcore 2
 6: Associating RDMA (addr:172.24.0.2 subnqn:nqn.2016-06.io.spdk:cnode1) NSID 1 with lcore 3
 6: Associating RDMA (addr:172.24.0.2 subnqn:nqn.2016-06.io.spdk:cnode1) NSID 1 with lcore 4
 6: Associating RDMA (addr:172.24.0.2 subnqn:nqn.2016-06.io.spdk:cnode1) NSID 1 with lcore 5
 6: Associating RDMA (addr:172.24.0.2 subnqn:nqn.2016-06.io.spdk:cnode1) NSID 1 with lcore 6
 6: Associating RDMA (addr:172.24.0.2 subnqn:nqn.2016-06.io.spdk:cnode1) NSID 1 with lcore 7
 6: Associating RDMA (addr:172.24.0.2 subnqn:nqn.2016-06.io.spdk:cnode1) NSID 1 with lcore 8
 6: Associating RDMA (addr:172.24.0.2 subnqn:nqn.2016-06.io.spdk:cnode1) NSID 1 with lcore 9
 6: Associating RDMA (addr:172.24.0.2 subnqn:nqn.2016-06.io.spdk:cnode1) NSID 1 with lcore 10
 6: Associating RDMA (addr:172.24.0.2 subnqn:nqn.2016-06.io.spdk:cnode1) NSID 1 with lcore 11
 6: Associating RDMA (addr:172.24.0.2 subnqn:nqn.2016-06.io.spdk:cnode1) NSID 1 with lcore 12
 6: Associating RDMA (addr:172.24.0.2 subnqn:nqn.2016-06.io.spdk:cnode1) NSID 1 with lcore 13
 6: Associating RDMA (addr:172.24.0.2 subnqn:nqn.2016-06.io.spdk:cnode1) NSID 1 with lcore 14
 6: Associating RDMA (addr:172.24.0.2 subnqn:nqn.2016-06.io.spdk:cnode1) NSID 1 with lcore 15
 6: Initialization complete. Launching workers.
 6: IO qp on core 1 total time 17525.558 us (42061340 ticks), connect time 7656.013 us (18374432 ticks)
 6: IO qp on core 3 total time 26794.517 us (64306841 ticks), connect time 16867.416 us (40481798 ticks)
 6: IO qp on core 2 total time 36316.395 us (87159347 ticks), connect time 25488.761 us (61173026 ticks)
 6: IO qp on core 5 total time 46391.371 us (111339291 ticks), connect time 35459.662 us (85103190 ticks)
 6: IO qp on core 6 total time 56488.736 us (135572967 ticks), connect time 45327.990 us (108787176 ticks)
 6: IO qp on core 7 total time 66137.796 us (158730711 ticks), connect time 54619.164 us (131085993 ticks)
 6: IO qp on core 8 total time 76264.444 us (183034666 ticks), connect time 64575.149 us (154980358 ticks)
 6: IO qp on core 4 total time 86562.799 us (207750718 ticks), connect time 74449.902 us (178679764 ticks)
 6: IO qp on core 11 total time 95475.182 us (229140438 ticks), connect time 84206.527 us (202095666 ticks)
 6: IO qp on core 10 total time 105372.383 us (252893720 ticks), connect time 93813.796 us (225153110 ticks)
 6: IO qp on core 0 total time 115833.902 us (278001366 ticks), connect time 103540.749 us (248497797 ticks)
 6: IO qp on core 12 total time 125647.707 us (301554496 ticks), connect time 113986.638 us (273567931 ticks)
 6: IO qp on core 13 total time 135941.180 us (326258832 ticks), connect time 123910.345 us (297384828 ticks)
 6: IO qp on core 14 total time 145236.580 us (348567792 ticks), connect time 133203.035 us (319687284 ticks)
 6: IO qp on core 9 total time 155515.876 us (373238103 ticks), connect time 143414.930 us (344195832 ticks)
 6: IO qp on core 15 total time 165277.724 us (396666537 ticks), connect time 153003.854 us (367209249 ticks)
 6: ========================================================
 6:                                                                                                                 Latency(us)
 6: Device Information                                                          :       IOPS      MiB/s    Average        min        max
 6: RDMA (addr:172.24.0.2 subnqn:nqn.2016-06.io.spdk:cnode1) NSID 1 from core  0:    4809.10      18.79     207.91      11.69    3137.72
 6: RDMA (addr:172.24.0.2 subnqn:nqn.2016-06.io.spdk:cnode1) NSID 1 from core  1:    4812.90      18.80     207.75      14.38    2527.95
 6: RDMA (addr:172.24.0.2 subnqn:nqn.2016-06.io.spdk:cnode1) NSID 1 from core  2:    4811.10      18.79     207.83       9.11    3435.77
 3: RDMA (addr:172.24.0.2 subnqn:nqn.2016-06.io.spdk:cnode1) NSID 1 from core  3:    4799.30      18.75     208.32      13.51    3144.76
 3: RDMA (addr:172.24.0.2 subnqn:nqn.2016-06.io.spdk:cnode1) NSID 1 from core  4:    4827.80      18.86     207.10       9.29    3536.07
 3: RDMA (addr:172.24.0.2 subnqn:nqn.2016-06.io.spdk:cnode1) NSID 1 from core  5:    4821.10      18.83     207.39       7.98    3360.45
 3: RDMA (addr:172.24.0.2 subnqn:nqn.2016-06.io.spdk:cnode1) NSID 1 from core  6:    4805.70      18.77     208.06      13.82    4142.83
 3: RDMA (addr:172.24.0.2 subnqn:nqn.2016-06.io.spdk:cnode1) NSID 1 from core  7:    4822.50      18.84     207.30      10.01    2595.72
 3: RDMA (addr:172.24.0.2 subnqn:nqn.2016-06.io.spdk:cnode1) NSID 1 from core  8:    4852.00      18.95     206.07       7.92    3619.98
 3: RDMA (addr:172.24.0.2 subnqn:nqn.2016-06.io.spdk:cnode1) NSID 1 from core  9:    4811.40      18.79     207.80      13.39    2594.93
 3: RDMA (addr:172.24.0.2 subnqn:nqn.2016-06.io.spdk:cnode1) NSID 1 from core 10:    4854.10      18.96     205.99       8.21    3244.16
 3: RDMA (addr:172.24.0.2 subnqn:nqn.2016-06.io.spdk:cnode1) NSID 1 from core 11:    4828.20      18.86     207.07       9.62    3962.72
 3: RDMA (addr:172.24.0.2 subnqn:nqn.2016-06.io.spdk:cnode1) NSID 1 from core 12:    4804.30      18.77     208.12       9.01    4746.82
 3: RDMA (addr:172.24.0.2 subnqn:nqn.2016-06.io.spdk:cnode1) NSID 1 from core 13:    4828.00      18.86     207.08      11.80    2689.16
 3: RDMA (addr:172.24.0.2 subnqn:nqn.2016-06.io.spdk:cnode1) NSID 1 from core 14:    4825.50      18.85     207.21       7.41    3523.48
 3: RDMA (addr:172.24.0.2 subnqn:nqn.2016-06.io.spdk:cnode1) NSID 1 from core 15:    4815.00      18.81     207.63      12.80    2650.33
 3: ========================================================
 3: Total                                                                       :   77149.80     301.37     207.35       7.41    4746.82
 3: 
 6: RDMA (addr:172.24.0.2 subnqn:nqn.2016-06.io.spdk:cnode1) NSID 1 from core  3:    4809.90      18.79     207.84      12.29    4131.06
 6: RDMA (addr:172.24.0.2 subnqn:nqn.2016-06.io.spdk:cnode1) NSID 1 from core  4:    4820.50      18.83     207.43       7.92    3340.84
 6: RDMA (addr:172.24.0.2 subnqn:nqn.2016-06.io.spdk:cnode1) NSID 1 from core  5:    4801.20      18.75     208.20      12.88    2592.08
 6: RDMA (addr:172.24.0.2 subnqn:nqn.2016-06.io.spdk:cnode1) NSID 1 from core  6:    4807.40      18.78     207.99       8.66    3340.66
 6: RDMA (addr:172.24.0.2 subnqn:nqn.2016-06.io.spdk:cnode1) NSID 1 from core  7:    4831.40      18.87     206.95       7.37    3529.34
 6: RDMA (addr:172.24.0.2 subnqn:nqn.2016-06.io.spdk:cnode1) NSID 1 from core  8:    4803.70      18.76     208.14      14.36    3140.49
 6: RDMA (addr:172.24.0.2 subnqn:nqn.2016-06.io.spdk:cnode1) NSID 1 from core  9:    4830.60      18.87     206.97       8.66    3315.37
 6: RDMA (addr:172.24.0.2 subnqn:nqn.2016-06.io.spdk:cnode1) NSID 1 from core 10:    4827.10      18.86     207.14       9.48    3451.65
 6: RDMA (addr:172.24.0.2 subnqn:nqn.2016-06.io.spdk:cnode1) NSID 1 from core 11:    4816.80      18.82     207.57      10.28    2665.63
 6: RDMA (addr:172.24.0.2 subnqn:nqn.2016-06.io.spdk:cnode1) NSID 1 from core 12:    4833.80      18.88     206.85      10.92    3961.90
 6: RDMA (addr:172.24.0.2 subnqn:nqn.2016-06.io.spdk:cnode1) NSID 1 from core 13:    4829.20      18.86     207.02       8.16    3438.52
 6: RDMA (addr:172.24.0.2 subnqn:nqn.2016-06.io.spdk:cnode1) NSID 1 from core 14:    4817.00      18.82     207.56      14.00    3139.80
 6: RDMA (addr:172.24.0.2 subnqn:nqn.2016-06.io.spdk:cnode1) NSID 1 from core 15:    4821.60      18.83     207.35       8.19    3944.19
 6: ========================================================
 6: Total                                                                       :   77083.30     301.11     207.53       7.37    4131.06
 6: 
 1: Initializing NVMe Controllers
 1: Attached to NVMe over Fabrics controller at 172.24.0.2:4420: nqn.2016-06.io.spdk:cnode1
 1: Controller attach time is 19474.881 us (46739714 ticks)
 1: Associating RDMA (addr:172.24.0.2 subnqn:nqn.2016-06.io.spdk:cnode1) NSID 1 with lcore 0
 1: Associating RDMA (addr:172.24.0.2 subnqn:nqn.2016-06.io.spdk:cnode1) NSID 1 with lcore 1
 1: Associating RDMA (addr:172.24.0.2 subnqn:nqn.2016-06.io.spdk:cnode1) NSID 1 with lcore 2
 1: Associating RDMA (addr:172.24.0.2 subnqn:nqn.2016-06.io.spdk:cnode1) NSID 1 with lcore 3
 1: Associating RDMA (addr:172.24.0.2 subnqn:nqn.2016-06.io.spdk:cnode1) NSID 1 with lcore 4
 1: Associating RDMA (addr:172.24.0.2 subnqn:nqn.2016-06.io.spdk:cnode1) NSID 1 with lcore 5
 1: Associating RDMA (addr:172.24.0.2 subnqn:nqn.2016-06.io.spdk:cnode1) NSID 1 with lcore 6
 1: Associating RDMA (addr:172.24.0.2 subnqn:nqn.2016-06.io.spdk:cnode1) NSID 1 with lcore 7
 1: Associating RDMA (addr:172.24.0.2 subnqn:nqn.2016-06.io.spdk:cnode1) NSID 1 with lcore 8
 1: Associating RDMA (addr:172.24.0.2 subnqn:nqn.2016-06.io.spdk:cnode1) NSID 1 with lcore 9
 1: Associating RDMA (addr:172.24.0.2 subnqn:nqn.2016-06.io.spdk:cnode1) NSID 1 with lcore 10
 1: Associating RDMA (addr:172.24.0.2 subnqn:nqn.2016-06.io.spdk:cnode1) NSID 1 with lcore 11
 1: Associating RDMA (addr:172.24.0.2 subnqn:nqn.2016-06.io.spdk:cnode1) NSID 1 with lcore 12
 1: Associating RDMA (addr:172.24.0.2 subnqn:nqn.2016-06.io.spdk:cnode1) NSID 1 with lcore 13
 1: Associating RDMA (addr:172.24.0.2 subnqn:nqn.2016-06.io.spdk:cnode1) NSID 1 with lcore 14
 1: Associating RDMA (addr:172.24.0.2 subnqn:nqn.2016-06.io.spdk:cnode1) NSID 1 with lcore 15
 1: Initialization complete. Launching workers.
 1: IO qp on core 5 total time 18450.080 us (44280192 ticks), connect time 9980.382 us (23952918 ticks)
 1: IO qp on core 0 total time 28029.650 us (67271160 ticks), connect time 18513.268 us (44431842 ticks)
 1: IO qp on core 1 total time 38853.573 us (93248574 ticks), connect time 28553.365 us (68528076 ticks)
 1: IO qp on core 2 total time 48867.985 us (117283165 ticks), connect time 38549.743 us (92519383 ticks)
 1: IO qp on core 3 total time 57551.002 us (138122405 ticks), connect time 48203.348 us (115688036 ticks)
 1: IO qp on core 4 total time 67830.084 us (162792202 ticks), connect time 58479.252 us (140350204 ticks)
 1: IO qp on core 6 total time 78186.098 us (187646634 ticks), connect time 68677.496 us (164825991 ticks)
 1: IO qp on core 11 total time 87945.026 us (211068062 ticks), connect time 77861.646 us (186867950 ticks)
 1: IO qp on core 10 total time 97735.798 us (234565915 ticks), connect time 87488.474 us (209972338 ticks)
 1: IO qp on core 12 total time 107370.143 us (257688342 ticks), connect time 96954.688 us (232691250 ticks)
 1: IO qp on core 9 total time 118288.941 us (283893459 ticks), connect time 107868.188 us (258883650 ticks)
 1: IO qp on core 15 total time 128381.598 us (308115834 ticks), connect time 117318.844 us (281565225 ticks)
 1: IO qp on core 7 total time 137742.029 us (330580869 ticks), connect time 126608.320 us (303859968 ticks)
 1: IO qp on core 14 total time 147801.856 us (354724454 ticks), connect time 136663.407 us (327992177 ticks)
 1: IO qp on core 13 total time 157657.380 us (378377713 ticks), connect time 146456.177 us (351494824 ticks)
 1: IO qp on core 8 total time 167345.596 us (401629431 ticks), connect time 156097.707 us (374634498 ticks)
 1: ========================================================
 1:                                                                                                                 Latency(us)
 1: Device Information                                                          :       IOPS      MiB/s    Average        min        max
 1: RDMA (addr:172.24.0.2 subnqn:nqn.2016-06.io.spdk:cnode1) NSID 1 from core  0:    4816.30      18.81     207.59      10.42    3147.08
 1: RDMA (addr:172.24.0.2 subnqn:nqn.2016-06.io.spdk:cnode1) NSID 1 from core  1:    4771.30      18.64     209.52       8.76    4693.91
 1: RDMA (addr:172.24.0.2 subnqn:nqn.2016-06.io.spdk:cnode1) NSID 1 from core  2:    4783.20      18.68     209.02      13.29    2665.51
 1: RDMA (addr:172.24.0.2 subnqn:nqn.2016-06.io.spdk:cnode1) NSID 1 from core  3:    4793.70      18.73     208.54       9.23    3451.63
 1: RDMA (addr:172.24.0.2 subnqn:nqn.2016-06.io.spdk:cnode1) NSID 1 from core  4:    4776.50      18.66     209.31       8.29    4694.58
 1: RDMA (addr:172.24.0.2 subnqn:nqn.2016-06.io.spdk:cnode1) NSID 1 from core  5:    4803.50      18.76     208.15       8.00    3787.16
 1: RDMA (addr:172.24.0.2 subnqn:nqn.2016-06.io.spdk:cnode1) NSID 1 from core  6:    4799.50      18.75     208.33      13.00    4153.65
 1: RDMA (addr:172.24.0.2 subnqn:nqn.2016-06.io.spdk:cnode1) NSID 1 from core  7:    4803.70      18.76     208.13      15.09    2593.83
 1: RDMA (addr:172.24.0.2 subnqn:nqn.2016-06.io.spdk:cnode1) NSID 1 from core  8:    4825.50      18.85     207.19       9.30    3245.88
 1: RDMA (addr:172.24.0.2 subnqn:nqn.2016-06.io.spdk:cnode1) NSID 1 from core  9:    4812.20      18.80     207.76      15.53    4132.99
 1: RDMA (addr:172.24.0.2 subnqn:nqn.2016-06.io.spdk:cnode1) NSID 1 from core 10:    4791.80      18.72     208.67       8.79    4753.73
 1: RDMA (addr:172.24.0.2 subnqn:nqn.2016-06.io.spdk:cnode1) NSID 1 from core 11:    4829.00      18.86     207.05       7.04    3528.87
 1: RDMA (addr:172.24.0.2 subnqn:nqn.2016-06.io.spdk:cnode1) NSID 1 from core 12:    4812.00      18.80     207.79      10.02    3340.49
 1: RDMA (addr:172.24.0.2 subnqn:nqn.2016-06.io.spdk:cnode1) NSID 1 from core 13:    4820.70      18.83     207.39       8.53    3625.08
 1: RDMA (addr:172.24.0.2 subnqn:nqn.2016-06.io.spdk:cnode1) NSID 1 from core 14:    4803.00      18.76     208.17      12.73    4132.64
 1: RDMA (addr:172.24.0.2 subnqn:nqn.2016-06.io.spdk:cnode1) NSID 1 from core 15:    4845.20      18.93     206.36       9.15    3246.11
 1: ========================================================
 1: Total                                                                       :   76887.10     300.34     208.06       7.04    4753.73
 1: 
19: Initializing NVMe Controllers
19: Attached to NVMe over Fabrics controller at 172.24.0.2:4420: nqn.2016-06.io.spdk:cnode1
19: Controller attach time is 20673.769 us (49617046 ticks)
19: Associating RDMA (addr:172.24.0.2 subnqn:nqn.2016-06.io.spdk:cnode1) NSID 1 with lcore 0
19: Associating RDMA (addr:172.24.0.2 subnqn:nqn.2016-06.io.spdk:cnode1) NSID 1 with lcore 1
19: Associating RDMA (addr:172.24.0.2 subnqn:nqn.2016-06.io.spdk:cnode1) NSID 1 with lcore 2
19: Associating RDMA (addr:172.24.0.2 subnqn:nqn.2016-06.io.spdk:cnode1) NSID 1 with lcore 3
19: Associating RDMA (addr:172.24.0.2 subnqn:nqn.2016-06.io.spdk:cnode1) NSID 1 with lcore 4
19: Associating RDMA (addr:172.24.0.2 subnqn:nqn.2016-06.io.spdk:cnode1) NSID 1 with lcore 5
19: Associating RDMA (addr:172.24.0.2 subnqn:nqn.2016-06.io.spdk:cnode1) NSID 1 with lcore 6
19: Associating RDMA (addr:172.24.0.2 subnqn:nqn.2016-06.io.spdk:cnode1) NSID 1 with lcore 7
19: Associating RDMA (addr:172.24.0.2 subnqn:nqn.2016-06.io.spdk:cnode1) NSID 1 with lcore 8
19: Associating RDMA (addr:172.24.0.2 subnqn:nqn.2016-06.io.spdk:cnode1) NSID 1 with lcore 9
19: Associating RDMA (addr:172.24.0.2 subnqn:nqn.2016-06.io.spdk:cnode1) NSID 1 with lcore 10
19: Associating RDMA (addr:172.24.0.2 subnqn:nqn.2016-06.io.spdk:cnode1) NSID 1 with lcore 11
19: Associating RDMA (addr:172.24.0.2 subnqn:nqn.2016-06.io.spdk:cnode1) NSID 1 with lcore 12
19: Associating RDMA (addr:172.24.0.2 subnqn:nqn.2016-06.io.spdk:cnode1) NSID 1 with lcore 13
19: Associating RDMA (addr:172.24.0.2 subnqn:nqn.2016-06.io.spdk:cnode1) NSID 1 with lcore 14
19: Associating RDMA (addr:172.24.0.2 subnqn:nqn.2016-06.io.spdk:cnode1) NSID 1 with lcore 15
19: Initialization complete. Launching workers.
19: IO qp on core 2 total time 25277.795 us (60666708 ticks), connect time 15108.937 us (36261448 ticks)
19: IO qp on core 6 total time 34017.230 us (81641352 ticks), connect time 24808.810 us (59541144 ticks)
19: IO qp on core 0 total time 44680.465 us (107233116 ticks), connect time 34984.484 us (83962761 ticks)
19: IO qp on core 3 total time 55085.925 us (132206220 ticks), connect time 44808.929 us (107541429 ticks)
19: IO qp on core 5 total time 64329.652 us (154391164 ticks), connect time 54928.312 us (131827948 ticks)
19: IO qp on core 4 total time 73585.120 us (176604287 ticks), connect time 64086.970 us (153808727 ticks)
19: IO qp on core 7 total time 83961.639 us (201507934 ticks), connect time 74530.034 us (178872082 ticks)
19: IO qp on core 1 total time 95414.761 us (228995426 ticks), connect time 84315.400 us (202356960 ticks)
19: IO qp on core 8 total time 103607.271 us (248657451 ticks), connect time 92623.256 us (222295815 ticks)
19: IO qp on core 9 total time 114129.231 us (273910155 ticks), connect time 103140.860 us (247538064 ticks)
19: IO qp on core 15 total time 123351.819 us (296044365 ticks), connect time 111641.384 us (267939321 ticks)
19: IO qp on core 13 total time 134395.102 us (322548244 ticks), connect time 122683.652 us (294440764 ticks)
19: IO qp on core 12 total time 144060.495 us (345745187 ticks), connect time 132182.850 us (317238839 ticks)
19: IO qp on core 11 total time 153815.395 us (369156949 ticks), connect time 141725.245 us (340140589 ticks)
19: IO qp on core 10 total time 163903.441 us (393368258 ticks), connect time 151810.565 us (364345355 ticks)
19: IO qp on core 14 total time 173575.840 us (416582017 ticks), connect time 161350.372 us (387240892 ticks)
19: ========================================================
19:                                                                                                                 Latency(us)
19: Device Information                                                          :       IOPS      MiB/s    Average        min        max
19: RDMA (addr:172.24.0.2 subnqn:nqn.2016-06.io.spdk:cnode1) NSID 1 from core  0:    4444.40      17.36     224.98      19.70    4151.21
19: RDMA (addr:172.24.0.2 subnqn:nqn.2016-06.io.spdk:cnode1) NSID 1 from core  1:    4448.90      17.38     224.73       8.25    3541.37
19: RDMA (addr:172.24.0.2 subnqn:nqn.2016-06.io.spdk:cnode1) NSID 1 from core  2:    4443.10      17.36     225.05      15.22    3285.65
19: RDMA (addr:172.24.0.2 subnqn:nqn.2016-06.io.spdk:cnode1) NSID 1 from core  3:    4452.20      17.39     224.58       9.62    3241.07
19: RDMA (addr:172.24.0.2 subnqn:nqn.2016-06.io.spdk:cnode1) NSID 1 from core  4:    4451.70      17.39     224.60       9.71    3244.82
19: RDMA (addr:172.24.0.2 subnqn:nqn.2016-06.io.spdk:cnode1) NSID 1 from core  5:    4444.10      17.36     224.96      15.28    4141.23
19: RDMA (addr:172.24.0.2 subnqn:nqn.2016-06.io.spdk:cnode1) NSID 1 from core  6:    4443.30      17.36     225.04      18.86    2773.95
19: RDMA (addr:172.24.0.2 subnqn:nqn.2016-06.io.spdk:cnode1) NSID 1 from core  7:    4444.20      17.36     224.95      15.24    3353.92
19: RDMA (addr:172.24.0.2 subnqn:nqn.2016-06.io.spdk:cnode1) NSID 1 from core  8:    4445.90      17.37     224.88       8.98    3534.64
19: RDMA (addr:172.24.0.2 subnqn:nqn.2016-06.io.spdk:cnode1) NSID 1 from core  9:    4441.60      17.35     225.09      16.00    2756.85
19: RDMA (addr:172.24.0.2 subnqn:nqn.2016-06.io.spdk:cnode1) NSID 1 from core 10:    4442.60      17.35     225.07      22.78    2756.36
19: RDMA (addr:172.24.0.2 subnqn:nqn.2016-06.io.spdk:cnode1) NSID 1 from core 11:    4446.50      17.37     224.85      21.89    3352.92
19: RDMA (addr:172.24.0.2 subnqn:nqn.2016-06.io.spdk:cnode1) NSID 1 from core 12:    4439.20      17.34     225.24      12.10    3968.38
19: RDMA (addr:172.24.0.2 subnqn:nqn.2016-06.io.spdk:cnode1) NSID 1 from core 13:    4446.90      17.37     224.84      11.78    3352.13
19: RDMA (addr:172.24.0.2 subnqn:nqn.2016-06.io.spdk:cnode1) NSID 1 from core 14:    4442.50      17.35     225.05      19.38    3272.61
19: RDMA (addr:172.24.0.2 subnqn:nqn.2016-06.io.spdk:cnode1) NSID 1 from core 15:    4452.20      17.39     224.57       9.35    3537.11
19: ========================================================
19: Total                                                                       :   71129.30     277.85     224.90       8.25    4151.21
19: 
 0: Initializing NVMe Controllers
 0: Attached to NVMe over Fabrics controller at 172.24.0.2:4420: nqn.2016-06.io.spdk:cnode1
 0: Controller attach time is 20167.410 us (48401784 ticks)
 0: Associating RDMA (addr:172.24.0.2 subnqn:nqn.2016-06.io.spdk:cnode1) NSID 1 with lcore 0
 0: Associating RDMA (addr:172.24.0.2 subnqn:nqn.2016-06.io.spdk:cnode1) NSID 1 with lcore 1
 0: Associating RDMA (addr:172.24.0.2 subnqn:nqn.2016-06.io.spdk:cnode1) NSID 1 with lcore 2
 0: Associating RDMA (addr:172.24.0.2 subnqn:nqn.2016-06.io.spdk:cnode1) NSID 1 with lcore 3
 0: Associating RDMA (addr:172.24.0.2 subnqn:nqn.2016-06.io.spdk:cnode1) NSID 1 with lcore 4
 0: Associating RDMA (addr:172.24.0.2 subnqn:nqn.2016-06.io.spdk:cnode1) NSID 1 with lcore 5
 0: Associating RDMA (addr:172.24.0.2 subnqn:nqn.2016-06.io.spdk:cnode1) NSID 1 with lcore 6
 0: Associating RDMA (addr:172.24.0.2 subnqn:nqn.2016-06.io.spdk:cnode1) NSID 1 with lcore 7
 0: Associating RDMA (addr:172.24.0.2 subnqn:nqn.2016-06.io.spdk:cnode1) NSID 1 with lcore 8
 0: Associating RDMA (addr:172.24.0.2 subnqn:nqn.2016-06.io.spdk:cnode1) NSID 1 with lcore 9
 0: Associating RDMA (addr:172.24.0.2 subnqn:nqn.2016-06.io.spdk:cnode1) NSID 1 with lcore 10
 0: Associating RDMA (addr:172.24.0.2 subnqn:nqn.2016-06.io.spdk:cnode1) NSID 1 with lcore 11
 0: Associating RDMA (addr:172.24.0.2 subnqn:nqn.2016-06.io.spdk:cnode1) NSID 1 with lcore 12
 0: Associating RDMA (addr:172.24.0.2 subnqn:nqn.2016-06.io.spdk:cnode1) NSID 1 with lcore 13
 0: Associating RDMA (addr:172.24.0.2 subnqn:nqn.2016-06.io.spdk:cnode1) NSID 1 with lcore 14
 0: Associating RDMA (addr:172.24.0.2 subnqn:nqn.2016-06.io.spdk:cnode1) NSID 1 with lcore 15
 0: Initialization complete. Launching workers.
 0: IO qp on core 3 total time 27954.726 us (67091342 ticks), connect time 16394.277 us (39346265 ticks)
 0: IO qp on core 2 total time 37769.570 us (90646968 ticks), connect time 26163.309 us (62791941 ticks)
 0: IO qp on core 5 total time 45653.174 us (109567617 ticks), connect time 35870.646 us (86089551 ticks)
 0: IO qp on core 0 total time 56630.758 us (135913819 ticks), connect time 45274.045 us (108657709 ticks)
 0: IO qp on core 6 total time 65076.524 us (156183658 ticks), connect time 54977.648 us (131946355 ticks)
 0: IO qp on core 1 total time 77177.590 us (185226216 ticks), connect time 65139.925 us (156335820 ticks)
 0: IO qp on core 4 total time 85955.977 us (206294345 ticks), connect time 75760.623 us (181825496 ticks)
 0: IO qp on core 13 total time 95198.976 us (228477543 ticks), connect time 85012.635 us (204030324 ticks)
 0: IO qp on core 12 total time 105230.801 us (252553923 ticks), connect time 93620.044 us (224688105 ticks)
 0: IO qp on core 8 total time 114920.288 us (275808690 ticks), connect time 103268.704 us (247844889 ticks)
 0: IO qp on core 11 total time 125925.326 us (302220783 ticks), connect time 114187.350 us (274049640 ticks)
 0: IO qp on core 14 total time 135536.299 us (325287117 ticks), connect time 123713.128 us (296911506 ticks)
 0: IO qp on core 10 total time 145312.715 us (348750516 ticks), connect time 133012.704 us (319230489 ticks)
 0: IO qp on core 9 total time 155473.460 us (373136303 ticks), connect time 143155.107 us (343572257 ticks)
 0: IO qp on core 15 total time 165116.434 us (396279441 ticks), connect time 152648.275 us (366355860 ticks)
 0: IO qp on core 7 total time 175666.871 us (421600491 ticks), connect time 163194.924 us (391667817 ticks)
 0: ========================================================
 0:                                                                                                                 Latency(us)
 0: Device Information                                                          :       IOPS      MiB/s    Average        min        max
 0: RDMA (addr:172.24.0.2 subnqn:nqn.2016-06.io.spdk:cnode1) NSID 1 from core  0:    4439.40      17.34     225.21      18.30    2371.79
 0: RDMA (addr:172.24.0.2 subnqn:nqn.2016-06.io.spdk:cnode1) NSID 1 from core  1:    4432.60      17.31     225.54      25.32    3285.16
 0: RDMA (addr:172.24.0.2 subnqn:nqn.2016-06.io.spdk:cnode1) NSID 1 from core  2:    4433.80      17.32     225.51      19.81    3956.24
18: Initializing NVMe Controllers
18: Attached to NVMe over Fabrics controller at 172.24.0.2:4420: nqn.2016-06.io.spdk:cnode1
18: Controller attach time is 18868.888 us (45285332 ticks)
18: Associating RDMA (addr:172.24.0.2 subnqn:nqn.2016-06.io.spdk:cnode1) NSID 1 with lcore 0
18: Associating RDMA (addr:172.24.0.2 subnqn:nqn.2016-06.io.spdk:cnode1) NSID 1 with lcore 1
18: Associating RDMA (addr:172.24.0.2 subnqn:nqn.2016-06.io.spdk:cnode1) NSID 1 with lcore 2
18: Associating RDMA (addr:172.24.0.2 subnqn:nqn.2016-06.io.spdk:cnode1) NSID 1 with lcore 3
18: Associating RDMA (addr:172.24.0.2 subnqn:nqn.2016-06.io.spdk:cnode1) NSID 1 with lcore 4
18: Associating RDMA (addr:172.24.0.2 subnqn:nqn.2016-06.io.spdk:cnode1) NSID 1 with lcore 5
18: Associating RDMA (addr:172.24.0.2 subnqn:nqn.2016-06.io.spdk:cnode1) NSID 1 with lcore 6
18: Associating RDMA (addr:172.24.0.2 subnqn:nqn.2016-06.io.spdk:cnode1) NSID 1 with lcore 7
18: Associating RDMA (addr:172.24.0.2 subnqn:nqn.2016-06.io.spdk:cnode1) NSID 1 with lcore 8
18: Associating RDMA (addr:172.24.0.2 subnqn:nqn.2016-06.io.spdk:cnode1) NSID 1 with lcore 9
18: Associating RDMA (addr:172.24.0.2 subnqn:nqn.2016-06.io.spdk:cnode1) NSID 1 with lcore 10
18: Associating RDMA (addr:172.24.0.2 subnqn:nqn.2016-06.io.spdk:cnode1) NSID 1 with lcore 11
18: Associating RDMA (addr:172.24.0.2 subnqn:nqn.2016-06.io.spdk:cnode1) NSID 1 with lcore 12
18: Associating RDMA (addr:172.24.0.2 subnqn:nqn.2016-06.io.spdk:cnode1) NSID 1 with lcore 13
18: Associating RDMA (addr:172.24.0.2 subnqn:nqn.2016-06.io.spdk:cnode1) NSID 1 with lcore 14
18: Associating RDMA (addr:172.24.0.2 subnqn:nqn.2016-06.io.spdk:cnode1) NSID 1 with lcore 15
18: Initialization complete. Launching workers.
18: IO qp on core 1 total time 18009.094 us (43221825 ticks), connect time 9123.529 us (21896469 ticks)
18: IO qp on core 2 total time 27667.588 us (66402212 ticks), connect time 18802.899 us (45126958 ticks)
18: IO qp on core 4 total time 37266.762 us (89440229 ticks), connect time 27403.538 us (65768492 ticks)
18: IO qp on core 0 total time 46752.350 us (112205640 ticks), connect time 37239.180 us (89374032 ticks)
18: IO qp on core 3 total time 57242.231 us (137381355 ticks), connect time 46979.963 us (112751910 ticks)
18: IO qp on core 5 total time 66702.454 us (160085889 ticks), connect time 57190.520 us (137257248 ticks)
18: IO qp on core 6 total time 76976.788 us (184744292 ticks), connect time 66789.713 us (160295312 ticks)
18: IO qp on core 11 total time 86429.765 us (207431436 ticks), connect time 76388.527 us (183332466 ticks)
18: IO qp on core 7 total time 96645.534 us (231949281 ticks), connect time 86440.555 us (207457332 ticks)
18: IO qp on core 13 total time 106404.629 us (255371109 ticks), connect time 95949.689 us (230279253 ticks)
18: IO qp on core 10 total time 116625.843 us (279902024 ticks), connect time 106168.893 us (254805344 ticks)
18: IO qp on core 8 total time 126392.357 us (303341656 ticks), connect time 115629.957 us (277511896 ticks)
18: IO qp on core 12 total time 137365.207 us (329676497 ticks), connect time 125964.011 us (302313626 ticks)
18: IO qp on core 9 total time 146210.105 us (350904252 ticks), connect time 134608.057 us (323059338 ticks)
18: IO qp on core 14 total time 156057.568 us (374538162 ticks), connect time 144443.612 us (346664670 ticks)
18: IO qp on core 15 total time 166879.004 us (400509609 ticks), connect time 155047.291 us (372113499 ticks)
18: ========================================================
18:                                                                                                                 Latency(us)
18: Device Information                                                          :       IOPS      MiB/s    Average        min        max
18: RDMA (addr:172.24.0.2 subnqn:nqn.2016-06.io.spdk:cnode1) NSID 1 from core  0:    4434.70      17.32     225.46      15.91    2780.39
18: RDMA (addr:172.24.0.2 subnqn:nqn.2016-06.io.spdk:cnode1) NSID 1 from core  1:    4434.70      17.32     225.45      19.70    2590.00
18: RDMA (addr:172.24.0.2 subnqn:nqn.2016-06.io.spdk:cnode1) NSID 1 from core  2:    4441.10      17.35     225.15      24.17    2409.28
18: RDMA (addr:172.24.0.2 subnqn:nqn.2016-06.io.spdk:cnode1) NSID 1 from core  3:    4431.20      17.31     225.63      19.32    3541.44
18: RDMA (addr:172.24.0.2 subnqn:nqn.2016-06.io.spdk:cnode1) NSID 1 from core  4:    4431.10      17.31     225.65      19.18    3543.11
18: RDMA (addr:172.24.0.2 subnqn:nqn.2016-06.io.spdk:cnode1) NSID 1 from core  5:    4431.80      17.31     225.60      21.04    2776.57
18: RDMA (addr:172.24.0.2 subnqn:nqn.2016-06.io.spdk:cnode1) NSID 1 from core  6:    4441.90      17.35     225.11      16.64    2354.12
18: RDMA (addr:172.24.0.2 subnqn:nqn.2016-06.io.spdk:cnode1) NSID 1 from core  7:    4439.10      17.34     225.24      16.17    4340.06
18: RDMA (addr:172.24.0.2 subnqn:nqn.2016-06.io.spdk:cnode1) NSID 1 from core  8:    4439.80      17.34     225.21      14.32    4359.12
18: RDMA (addr:172.24.0.2 subnqn:nqn.2016-06.io.spdk:cnode1) NSID 1 from core  9:    4437.80      17.34     225.31      20.23    3539.36
18: RDMA (addr:172.24.0.2 subnqn:nqn.2016-06.io.spdk:cnode1) NSID 1 from core 10:    4432.70      17.32     225.58      20.32    2756.75
18: RDMA (addr:172.24.0.2 subnqn:nqn.2016-06.io.spdk:cnode1) NSID 1 from core 11:    4435.00      17.32     225.42      18.26    3350.19
18: RDMA (addr:172.24.0.2 subnqn:nqn.2016-06.io.spdk:cnode1) NSID 1 from core 12:    4434.50      17.32     225.48      15.73    3273.21
18: RDMA (addr:172.24.0.2 subnqn:nqn.2016-06.io.spdk:cnode1) NSID 1 from core 13:    4437.80      17.34     225.28      15.12    3167.91
18: RDMA (addr:172.24.0.2 subnqn:nqn.2016-06.io.spdk:cnode1) NSID 1 from core 14:    4439.80      17.34     225.21      14.21    3152.15
18: RDMA (addr:172.24.0.2 subnqn:nqn.2016-06.io.spdk:cnode1) NSID 1 from core 15:    4439.20      17.34     225.24      18.06    4125.41
18: ========================================================
18: Total                                                                       :   70982.20     277.27     225.38      14.21    4359.12
18: 
 0: RDMA (addr:172.24.0.2 subnqn:nqn.2016-06.io.spdk:cnode1) NSID 1 from core  3:    4435.30      17.33     225.42      19.77    3141.03
 0: RDMA (addr:172.24.0.2 subnqn:nqn.2016-06.io.spdk:cnode1) NSID 1 from core  4:    4434.90      17.32     225.45      14.22    3942.37
 0: RDMA (addr:172.24.0.2 subnqn:nqn.2016-06.io.spdk:cnode1) NSID 1 from core  5:    4432.40      17.31     225.54      17.09    3125.10
 0: RDMA (addr:172.24.0.2 subnqn:nqn.2016-06.io.spdk:cnode1) NSID 1 from core  6:    4435.90      17.33     225.40      17.99    3545.97
 0: RDMA (addr:172.24.0.2 subnqn:nqn.2016-06.io.spdk:cnode1) NSID 1 from core  7:    4436.40      17.33     225.37      19.18    2757.13
 0: RDMA (addr:172.24.0.2 subnqn:nqn.2016-06.io.spdk:cnode1) NSID 1 from core  8:    4434.50      17.32     225.47      21.46    3969.86
 0: RDMA (addr:172.24.0.2 subnqn:nqn.2016-06.io.spdk:cnode1) NSID 1 from core  9:    4438.50      17.34     225.23      16.04    4140.74
 0: RDMA (addr:172.24.0.2 subnqn:nqn.2016-06.io.spdk:cnode1) NSID 1 from core 10:    4438.30      17.34     225.28      20.20    3167.98
 0: RDMA (addr:172.24.0.2 subnqn:nqn.2016-06.io.spdk:cnode1) NSID 1 from core 11:    4434.30      17.32     225.47      13.18    3273.09
 0: RDMA (addr:172.24.0.2 subnqn:nqn.2016-06.io.spdk:cnode1) NSID 1 from core 12:    4441.40      17.35     225.12      16.50    2410.30
 0: RDMA (addr:172.24.0.2 subnqn:nqn.2016-06.io.spdk:cnode1) NSID 1 from core 13:    4432.60      17.31     225.55      22.24    3284.62
 0: RDMA (addr:172.24.0.2 subnqn:nqn.2016-06.io.spdk:cnode1) NSID 1 from core 14:    4437.80      17.34     225.30      17.39    3533.91
 0: RDMA (addr:172.24.0.2 subnqn:nqn.2016-06.io.spdk:cnode1) NSID 1 from core 15:    4435.60      17.33     225.39      11.91    3357.58
 0: ========================================================
 0: Total                                                                       :   70973.70     277.24     225.39      11.91    4140.74
 0: 
 9: Initializing NVMe Controllers
 9: Attached to NVMe over Fabrics controller at 172.24.0.2:4420: nqn.2016-06.io.spdk:cnode1
 9: Controller attach time is 20016.032 us (48038476 ticks)
 9: Associating RDMA (addr:172.24.0.2 subnqn:nqn.2016-06.io.spdk:cnode1) NSID 1 with lcore 0
 9: Associating RDMA (addr:172.24.0.2 subnqn:nqn.2016-06.io.spdk:cnode1) NSID 1 with lcore 1
 9: Associating RDMA (addr:172.24.0.2 subnqn:nqn.2016-06.io.spdk:cnode1) NSID 1 with lcore 2
 9: Associating RDMA (addr:172.24.0.2 subnqn:nqn.2016-06.io.spdk:cnode1) NSID 1 with lcore 3
 9: Associating RDMA (addr:172.24.0.2 subnqn:nqn.2016-06.io.spdk:cnode1) NSID 1 with lcore 4
 9: Associating RDMA (addr:172.24.0.2 subnqn:nqn.2016-06.io.spdk:cnode1) NSID 1 with lcore 5
 9: Associating RDMA (addr:172.24.0.2 subnqn:nqn.2016-06.io.spdk:cnode1) NSID 1 with lcore 6
 9: Associating RDMA (addr:172.24.0.2 subnqn:nqn.2016-06.io.spdk:cnode1) NSID 1 with lcore 7
 9: Associating RDMA (addr:172.24.0.2 subnqn:nqn.2016-06.io.spdk:cnode1) NSID 1 with lcore 8
 9: Associating RDMA (addr:172.24.0.2 subnqn:nqn.2016-06.io.spdk:cnode1) NSID 1 with lcore 9
 9: Associating RDMA (addr:172.24.0.2 subnqn:nqn.2016-06.io.spdk:cnode1) NSID 1 with lcore 10
 9: Associating RDMA (addr:172.24.0.2 subnqn:nqn.2016-06.io.spdk:cnode1) NSID 1 with lcore 11
 9: Associating RDMA (addr:172.24.0.2 subnqn:nqn.2016-06.io.spdk:cnode1) NSID 1 with lcore 12
 9: Associating RDMA (addr:172.24.0.2 subnqn:nqn.2016-06.io.spdk:cnode1) NSID 1 with lcore 13
 9: Associating RDMA (addr:172.24.0.2 subnqn:nqn.2016-06.io.spdk:cnode1) NSID 1 with lcore 14
 9: Associating RDMA (addr:172.24.0.2 subnqn:nqn.2016-06.io.spdk:cnode1) NSID 1 with lcore 15
 9: Initialization complete. Launching workers.
 9: IO qp on core 3 total time 17178.151 us (41227563 ticks), connect time 8036.095 us (19286628 ticks)
 9: IO qp on core 0 total time 26667.628 us (64002308 ticks), connect time 17142.618 us (41142284 ticks)
 9: IO qp on core 2 total time 37044.442 us (88906662 ticks), connect time 26923.946 us (64617471 ticks)
 9: IO qp on core 4 total time 46030.573 us (110473375 ticks), connect time 36751.517 us (88203640 ticks)
 9: IO qp on core 5 total time 56589.065 us (135813756 ticks), connect time 46165.668 us (110797602 ticks)
 9: IO qp on core 1 total time 67951.995 us (163084788 ticks), connect time 56388.546 us (135332511 ticks)
 9: IO qp on core 6 total time 75824.420 us (181978609 ticks), connect time 64342.532 us (154422076 ticks)
 9: IO qp on core 11 total time 86597.424 us (207833817 ticks), connect time 75247.053 us (180592926 ticks)
 9: IO qp on core 13 total time 96974.696 us (232739271 ticks), connect time 85116.499 us (204279597 ticks)
 9: IO qp on core 7 total time 106854.027 us (256449666 ticks), connect time 94993.360 us (227984064 ticks)
 9: IO qp on core 12 total time 116230.707 us (278953696 ticks), connect time 104060.898 us (249746155 ticks)
 9: IO qp on core 8 total time 126325.883 us (303182119 ticks), connect time 114152.412 us (273965788 ticks)
 9: IO qp on core 9 total time 136229.431 us (326950635 ticks), connect time 123921.686 us (297412047 ticks)
 9: IO qp on core 10 total time 147181.424 us (353235418 ticks), connect time 134787.599 us (323490238 ticks)
 9: IO qp on core 14 total time 157800.702 us (378721684 ticks), connect time 145341.937 us (348820648 ticks)
 9: IO qp on core 15 total time 166700.569 us (400081365 ticks), connect time 154165.594 us (369997425 ticks)
 9: ========================================================
 9:                                                                                                                 Latency(us)
 9: Device Information                                                          :       IOPS      MiB/s    Average        min        max
 9: RDMA (addr:172.24.0.2 subnqn:nqn.2016-06.io.spdk:cnode1) NSID 1 from core  0:    4431.70      17.31     225.62      17.21    3141.03
 9: RDMA (addr:172.24.0.2 subnqn:nqn.2016-06.io.spdk:cnode1) NSID 1 from core  1:    4433.30      17.32     225.52      20.05    4336.95
 9: RDMA (addr:172.24.0.2 subnqn:nqn.2016-06.io.spdk:cnode1) NSID 1 from core  2:    4430.50      17.31     225.68      15.15    2780.65
 9: RDMA (addr:172.24.0.2 subnqn:nqn.2016-06.io.spdk:cnode1) NSID 1 from core  3:    4434.40      17.32     225.48      17.72    2888.73
 9: RDMA (addr:172.24.0.2 subnqn:nqn.2016-06.io.spdk:cnode1) NSID 1 from core  4:    4428.50      17.30     225.75      21.47    3964.99
 9: RDMA (addr:172.24.0.2 subnqn:nqn.2016-06.io.spdk:cnode1) NSID 1 from core  5:    4429.30      17.30     225.71      18.77    2755.42
 9: RDMA (addr:172.24.0.2 subnqn:nqn.2016-06.io.spdk:cnode1) NSID 1 from core  6:    4432.70      17.32     225.57      20.40    3168.18
 9: RDMA (addr:172.24.0.2 subnqn:nqn.2016-06.io.spdk:cnode1) NSID 1 from core  7:    4430.50      17.31     225.67      22.79    2756.45
 9: RDMA (addr:172.24.0.2 subnqn:nqn.2016-06.io.spdk:cnode1) NSID 1 from core  8:    4432.30      17.31     225.59      18.67    3281.28
 9: RDMA (addr:172.24.0.2 subnqn:nqn.2016-06.io.spdk:cnode1) NSID 1 from core  9:    4435.20      17.32     225.41      17.57    2417.32
 9: RDMA (addr:172.24.0.2 subnqn:nqn.2016-06.io.spdk:cnode1) NSID 1 from core 10:    4432.80      17.32     225.57      17.61    3278.91
 9: RDMA (addr:172.24.0.2 subnqn:nqn.2016-06.io.spdk:cnode1) NSID 1 from core 11:    4430.10      17.31     225.70      18.77    2756.41
 9: RDMA (addr:172.24.0.2 subnqn:nqn.2016-06.io.spdk:cnode1) NSID 1 from core 12:    4436.50      17.33     225.38      19.18    2411.61
 9: RDMA (addr:172.24.0.2 subnqn:nqn.2016-06.io.spdk:cnode1) NSID 1 from core 13:    4431.50      17.31     225.60      18.86    3265.21
 9: RDMA (addr:172.24.0.2 subnqn:nqn.2016-06.io.spdk:cnode1) NSID 1 from core 14:    4428.50      17.30     225.78      18.33    3946.79
 9: RDMA (addr:172.24.0.2 subnqn:nqn.2016-06.io.spdk:cnode1) NSID 1 from core 15:    4432.40      17.31     225.58      13.38    3281.20
 9: ========================================================
 9: Total                                                                       :   70910.20     276.99     225.60      13.38    4336.95
 9: 
14: Initializing NVMe Controllers
14: Attached to NVMe over Fabrics controller at 172.24.0.2:4420: nqn.2016-06.io.spdk:cnode1
14: Controller attach time is 21917.272 us (52601454 ticks)
14: Associating RDMA (addr:172.24.0.2 subnqn:nqn.2016-06.io.spdk:cnode1) NSID 1 with lcore 0
14: Associating RDMA (addr:172.24.0.2 subnqn:nqn.2016-06.io.spdk:cnode1) NSID 1 with lcore 1
14: Associating RDMA (addr:172.24.0.2 subnqn:nqn.2016-06.io.spdk:cnode1) NSID 1 with lcore 2
14: Associating RDMA (addr:172.24.0.2 subnqn:nqn.2016-06.io.spdk:cnode1) NSID 1 with lcore 3
14: Associating RDMA (addr:172.24.0.2 subnqn:nqn.2016-06.io.spdk:cnode1) NSID 1 with lcore 4
14: Associating RDMA (addr:172.24.0.2 subnqn:nqn.2016-06.io.spdk:cnode1) NSID 1 with lcore 5
14: Associating RDMA (addr:172.24.0.2 subnqn:nqn.2016-06.io.spdk:cnode1) NSID 1 with lcore 6
14: Associating RDMA (addr:172.24.0.2 subnqn:nqn.2016-06.io.spdk:cnode1) NSID 1 with lcore 7
14: Associating RDMA (addr:172.24.0.2 subnqn:nqn.2016-06.io.spdk:cnode1) NSID 1 with lcore 8
14: Associating RDMA (addr:172.24.0.2 subnqn:nqn.2016-06.io.spdk:cnode1) NSID 1 with lcore 9
14: Associating RDMA (addr:172.24.0.2 subnqn:nqn.2016-06.io.spdk:cnode1) NSID 1 with lcore 10
14: Associating RDMA (addr:172.24.0.2 subnqn:nqn.2016-06.io.spdk:cnode1) NSID 1 with lcore 11
14: Associating RDMA (addr:172.24.0.2 subnqn:nqn.2016-06.io.spdk:cnode1) NSID 1 with lcore 12
14: Associating RDMA (addr:172.24.0.2 subnqn:nqn.2016-06.io.spdk:cnode1) NSID 1 with lcore 13
14: Associating RDMA (addr:172.24.0.2 subnqn:nqn.2016-06.io.spdk:cnode1) NSID 1 with lcore 14
14: Associating RDMA (addr:172.24.0.2 subnqn:nqn.2016-06.io.spdk:cnode1) NSID 1 with lcore 15
14: Initialization complete. Launching workers.
14: IO qp on core 2 total time 16167.864 us (38802873 ticks), connect time 7026.939 us (16864653 ticks)
14: IO qp on core 3 total time 26035.372 us (62484893 ticks), connect time 15990.047 us (38376113 ticks)
14: IO qp on core 5 total time 35857.062 us (86056948 ticks), connect time 25774.090 us (61857817 ticks)
14: IO qp on core 7 total time 45921.796 us (110212311 ticks), connect time 34902.836 us (83766807 ticks)
14: IO qp on core 6 total time 56055.501 us (134533202 ticks), connect time 44933.210 us (107839703 ticks)
14: IO qp on core 1 total time 65948.437 us (158276248 ticks), connect time 54590.316 us (131016758 ticks)
14: IO qp on core 4 total time 76331.877 us (183196504 ticks), connect time 64950.045 us (155880109 ticks)
14: IO qp on core 0 total time 85264.720 us (204635329 ticks), connect time 73864.388 us (177274531 ticks)
14: IO qp on core 13 total time 94940.348 us (227856834 ticks), connect time 84162.709 us (201990501 ticks)
14: IO qp on core 9 total time 104700.768 us (251281842 ticks), connect time 93823.598 us (225176634 ticks)
14: IO qp on core 11 total time 114967.719 us (275922525 ticks), connect time 103988.915 us (249573396 ticks)
14: IO qp on core 8 total time 124847.799 us (299634718 ticks), connect time 113574.047 us (272577712 ticks)
14: IO qp on core 10 total time 134745.897 us (323390154 ticks), connect time 123400.652 us (296161564 ticks)
14: IO qp on core 12 total time 144575.473 us (346981136 ticks), connect time 133042.284 us (319301481 ticks)
14: IO qp on core 14 total time 154945.418 us (371869002 ticks), connect time 142352.201 us (341645283 ticks)
14: IO qp on core 15 total time 164676.309 us (395223141 ticks), connect time 152108.883 us (365061318 ticks)
14: ========================================================
14:                                                                                                                 Latency(us)
14: Device Information                                                          :       IOPS      MiB/s    Average        min        max
14: RDMA (addr:172.24.0.2 subnqn:nqn.2016-06.io.spdk:cnode1) NSID 1 from core  0:    4408.60      17.22     226.79      22.66    2480.03
14: RDMA (addr:172.24.0.2 subnqn:nqn.2016-06.io.spdk:cnode1) NSID 1 from core  1:    4396.30      17.17     227.41      21.31    3335.38
14: RDMA (addr:172.24.0.2 subnqn:nqn.2016-06.io.spdk:cnode1) NSID 1 from core  2:    4411.10      17.23     226.68      20.52    2771.50
14: RDMA (addr:172.24.0.2 subnqn:nqn.2016-06.io.spdk:cnode1) NSID 1 from core  3:    4409.70      17.23     226.74      26.66    3966.91
14: RDMA (addr:172.24.0.2 subnqn:nqn.2016-06.io.spdk:cnode1) NSID 1 from core  4:    4403.70      17.20     227.04      19.29    3191.39
14: RDMA (addr:172.24.0.2 subnqn:nqn.2016-06.io.spdk:cnode1) NSID 1 from core  5:    4409.80      17.23     226.72      23.04    2756.47
14: RDMA (addr:172.24.0.2 subnqn:nqn.2016-06.io.spdk:cnode1) NSID 1 from core  6:    4403.20      17.20     227.08      23.72    2808.28
14: RDMA (addr:172.24.0.2 subnqn:nqn.2016-06.io.spdk:cnode1) NSID 1 from core  7:    4406.80      17.21     226.84      20.83    2753.95
14: RDMA (addr:172.24.0.2 subnqn:nqn.2016-06.io.spdk:cnode1) NSID 1 from core  8:    4400.20      17.19     227.24      20.67    3154.41
14: RDMA (addr:172.24.0.2 subnqn:nqn.2016-06.io.spdk:cnode1) NSID 1 from core  9:    4399.30      17.18     227.26      19.24    3138.98
14: RDMA (addr:172.24.0.2 subnqn:nqn.2016-06.io.spdk:cnode1) NSID 1 from core 10:    4403.30      17.20     227.08      20.43    2813.69
14: RDMA (addr:172.24.0.2 subnqn:nqn.2016-06.io.spdk:cnode1) NSID 1 from core 11:    4408.80      17.22     226.76      19.95    2754.33
14: RDMA (addr:172.24.0.2 subnqn:nqn.2016-06.io.spdk:cnode1) NSID 1 from core 12:    4408.50      17.22     226.81      22.32    2486.77
14: RDMA (addr:172.24.0.2 subnqn:nqn.2016-06.io.spdk:cnode1) NSID 1 from core 13:    4410.70      17.23     226.69      18.79    2776.39
14: RDMA (addr:172.24.0.2 subnqn:nqn.2016-06.io.spdk:cnode1) NSID 1 from core 14:    4409.60      17.23     226.74      19.73    3963.48
14: RDMA (addr:172.24.0.2 subnqn:nqn.2016-06.io.spdk:cnode1) NSID 1 from core 15:    4409.00      17.22     226.78      16.94    3966.01
14: ========================================================
14: Total                                                                       :   70498.60     275.39     226.92      16.94    3966.91
14: 
 5: Initializing NVMe Controllers
 5: Attached to NVMe over Fabrics controller at 172.24.0.2:4420: nqn.2016-06.io.spdk:cnode1
 5: Controller attach time is 23418.507 us (56204416 ticks)
 5: Associating RDMA (addr:172.24.0.2 subnqn:nqn.2016-06.io.spdk:cnode1) NSID 1 with lcore 0
 5: Associating RDMA (addr:172.24.0.2 subnqn:nqn.2016-06.io.spdk:cnode1) NSID 1 with lcore 1
 5: Associating RDMA (addr:172.24.0.2 subnqn:nqn.2016-06.io.spdk:cnode1) NSID 1 with lcore 2
 5: Associating RDMA (addr:172.24.0.2 subnqn:nqn.2016-06.io.spdk:cnode1) NSID 1 with lcore 3
 5: Associating RDMA (addr:172.24.0.2 subnqn:nqn.2016-06.io.spdk:cnode1) NSID 1 with lcore 4
 5: Associating RDMA (addr:172.24.0.2 subnqn:nqn.2016-06.io.spdk:cnode1) NSID 1 with lcore 5
 5: Associating RDMA (addr:172.24.0.2 subnqn:nqn.2016-06.io.spdk:cnode1) NSID 1 with lcore 6
 5: Associating RDMA (addr:172.24.0.2 subnqn:nqn.2016-06.io.spdk:cnode1) NSID 1 with lcore 7
 5: Associating RDMA (addr:172.24.0.2 subnqn:nqn.2016-06.io.spdk:cnode1) NSID 1 with lcore 8
 5: Associating RDMA (addr:172.24.0.2 subnqn:nqn.2016-06.io.spdk:cnode1) NSID 1 with lcore 9
 5: Associating RDMA (addr:172.24.0.2 subnqn:nqn.2016-06.io.spdk:cnode1) NSID 1 with lcore 10
 5: Associating RDMA (addr:172.24.0.2 subnqn:nqn.2016-06.io.spdk:cnode1) NSID 1 with lcore 11
 5: Associating RDMA (addr:172.24.0.2 subnqn:nqn.2016-06.io.spdk:cnode1) NSID 1 with lcore 12
 5: Associating RDMA (addr:172.24.0.2 subnqn:nqn.2016-06.io.spdk:cnode1) NSID 1 with lcore 13
 5: Associating RDMA (addr:172.24.0.2 subnqn:nqn.2016-06.io.spdk:cnode1) NSID 1 with lcore 14
 5: Associating RDMA (addr:172.24.0.2 subnqn:nqn.2016-06.io.spdk:cnode1) NSID 1 with lcore 15
 5: Initialization complete. Launching workers.
 5: IO qp on core 1 total time 25266.928 us (60640628 ticks), connect time 16365.666 us (39277599 ticks)
 5: IO qp on core 2 total time 34946.671 us (83872011 ticks), connect time 24024.877 us (57659706 ticks)
 5: IO qp on core 0 total time 43668.428 us (104804227 ticks), connect time 33157.483 us (79577959 ticks)
 5: IO qp on core 3 total time 53991.513 us (129579632 ticks), connect time 43266.091 us (103838618 ticks)
 5: IO qp on core 5 total time 63448.135 us (152275524 ticks), connect time 52528.811 us (126069147 ticks)
 5: IO qp on core 4 total time 73612.292 us (176669500 ticks), connect time 62511.020 us (150026449 ticks)
 5: IO qp on core 6 total time 83692.940 us (200863055 ticks), connect time 71631.512 us (171915629 ticks)
 5: IO qp on core 9 total time 93708.843 us (224901224 ticks), connect time 81724.262 us (196138229 ticks)
 5: IO qp on core 8 total time 103651.292 us (248763100 ticks), connect time 90863.620 us (218072689 ticks)
 5: IO qp on core 7 total time 113718.527 us (272924465 ticks), connect time 100636.916 us (241528598 ticks)
 5: IO qp on core 11 total time 123307.702 us (295938484 ticks), connect time 110147.979 us (264355150 ticks)
 5: IO qp on core 13 total time 133338.667 us (320012801 ticks), connect time 120111.217 us (288266921 ticks)
 5: IO qp on core 15 total time 143663.475 us (344792339 ticks), connect time 130396.032 us (312950477 ticks)
 5: IO qp on core 12 total time 153449.930 us (368279832 ticks), connect time 139943.234 us (335863761 ticks)
 5: IO qp on core 10 total time 163437.861 us (392250867 ticks), connect time 147534.159 us (354081981 ticks)
 5: IO qp on core 14 total time 173563.410 us (416552183 ticks), connect time 157632.523 us (378318056 ticks)
 5: ========================================================
 5:                                                                                                                 Latency(us)
 5: Device Information                                                          :       IOPS      MiB/s    Average        min        max
 5: RDMA (addr:172.24.0.2 subnqn:nqn.2016-06.io.spdk:cnode1) NSID 1 from core  0:    4400.30      17.19     227.22      42.71    2788.87
 5: RDMA (addr:172.24.0.2 subnqn:nqn.2016-06.io.spdk:cnode1) NSID 1 from core  1:    4405.60      17.21     226.95      16.36    2615.66
 5: RDMA (addr:172.24.0.2 subnqn:nqn.2016-06.io.spdk:cnode1) NSID 1 from core  2:    4411.30      17.23     226.66      16.36    2738.38
12: Initializing NVMe Controllers
12: Attached to NVMe over Fabrics controller at 172.24.0.2:4420: nqn.2016-06.io.spdk:cnode1
12: Controller attach time is 21114.611 us (50675067 ticks)
12: Associating RDMA (addr:172.24.0.2 subnqn:nqn.2016-06.io.spdk:cnode1) NSID 1 with lcore 0
12: Associating RDMA (addr:172.24.0.2 subnqn:nqn.2016-06.io.spdk:cnode1) NSID 1 with lcore 1
12: Associating RDMA (addr:172.24.0.2 subnqn:nqn.2016-06.io.spdk:cnode1) NSID 1 with lcore 2
12: Associating RDMA (addr:172.24.0.2 subnqn:nqn.2016-06.io.spdk:cnode1) NSID 1 with lcore 3
12: Associating RDMA (addr:172.24.0.2 subnqn:nqn.2016-06.io.spdk:cnode1) NSID 1 with lcore 4
12: Associating RDMA (addr:172.24.0.2 subnqn:nqn.2016-06.io.spdk:cnode1) NSID 1 with lcore 5
12: Associating RDMA (addr:172.24.0.2 subnqn:nqn.2016-06.io.spdk:cnode1) NSID 1 with lcore 6
12: Associating RDMA (addr:172.24.0.2 subnqn:nqn.2016-06.io.spdk:cnode1) NSID 1 with lcore 7
12: Associating RDMA (addr:172.24.0.2 subnqn:nqn.2016-06.io.spdk:cnode1) NSID 1 with lcore 8
12: Associating RDMA (addr:172.24.0.2 subnqn:nqn.2016-06.io.spdk:cnode1) NSID 1 with lcore 9
12: Associating RDMA (addr:172.24.0.2 subnqn:nqn.2016-06.io.spdk:cnode1) NSID 1 with lcore 10
12: Associating RDMA (addr:172.24.0.2 subnqn:nqn.2016-06.io.spdk:cnode1) NSID 1 with lcore 11
12: Associating RDMA (addr:172.24.0.2 subnqn:nqn.2016-06.io.spdk:cnode1) NSID 1 with lcore 12
12: Associating RDMA (addr:172.24.0.2 subnqn:nqn.2016-06.io.spdk:cnode1) NSID 1 with lcore 13
12: Associating RDMA (addr:172.24.0.2 subnqn:nqn.2016-06.io.spdk:cnode1) NSID 1 with lcore 14
12: Associating RDMA (addr:172.24.0.2 subnqn:nqn.2016-06.io.spdk:cnode1) NSID 1 with lcore 15
12: Initialization complete. Launching workers.
12: IO qp on core 1 total time 16841.940 us (40420655 ticks), connect time 7328.706 us (17588895 ticks)
12: IO qp on core 2 total time 26740.563 us (64177352 ticks), connect time 17278.457 us (41468297 ticks)
12: IO qp on core 3 total time 36153.069 us (86767365 ticks), connect time 26293.193 us (63103662 ticks)
12: IO qp on core 4 total time 46087.207 us (110609298 ticks), connect time 35914.207 us (86194098 ticks)
12: IO qp on core 6 total time 55879.872 us (134111693 ticks), connect time 46418.291 us (111403898 ticks)
12: IO qp on core 5 total time 66309.049 us (159141717 ticks), connect time 56070.366 us (134568879 ticks)
12: IO qp on core 7 total time 75396.620 us (180951888 ticks), connect time 65449.324 us (157078377 ticks)
12: IO qp on core 0 total time 86341.255 us (207219012 ticks), connect time 75848.169 us (182035605 ticks)
12: IO qp on core 9 total time 95337.630 us (228810312 ticks), connect time 84226.406 us (202143375 ticks)
12: IO qp on core 11 total time 105607.051 us (253456923 ticks), connect time 94494.149 us (226785957 ticks)
12: IO qp on core 10 total time 115253.383 us (276608120 ticks), connect time 103419.075 us (248205779 ticks)
12: IO qp on core 13 total time 125309.821 us (300743571 ticks), connect time 113468.221 us (272323731 ticks)
12: IO qp on core 14 total time 135172.010 us (324412824 ticks), connect time 123138.569 us (295532565 ticks)
12: IO qp on core 15 total time 145180.724 us (348433737 ticks), connect time 133150.318 us (319560762 ticks)
12: IO qp on core 8 total time 155635.217 us (373524520 ticks), connect time 143401.938 us (344164651 ticks)
12: IO qp on core 12 total time 165283.275 us (396679860 ticks), connect time 153053.805 us (367329132 ticks)
12: ========================================================
12:                                                                                                                 Latency(us)
12: Device Information                                                          :       IOPS      MiB/s    Average        min        max
12: RDMA (addr:172.24.0.2 subnqn:nqn.2016-06.io.spdk:cnode1) NSID 1 from core  0:    4409.60      17.23     226.74      31.36    2734.41
12: RDMA (addr:172.24.0.2 subnqn:nqn.2016-06.io.spdk:cnode1) NSID 1 from core  1:    4403.30      17.20     227.07      30.30    3460.65
12: RDMA (addr:172.24.0.2 subnqn:nqn.2016-06.io.spdk:cnode1) NSID 1 from core  2:    4399.50      17.19     227.27      28.91    4127.24
12: RDMA (addr:172.24.0.2 subnqn:nqn.2016-06.io.spdk:cnode1) NSID 1 from core  3:    4398.40      17.18     227.29      15.23    3952.45
12: RDMA (addr:172.24.0.2 subnqn:nqn.2016-06.io.spdk:cnode1) NSID 1 from core  4:    4402.60      17.20     227.09      28.94    3460.01
12: RDMA (addr:172.24.0.2 subnqn:nqn.2016-06.io.spdk:cnode1) NSID 1 from core  5:    4411.00      17.23     226.67      19.30    2743.12
12: RDMA (addr:172.24.0.2 subnqn:nqn.2016-06.io.spdk:cnode1) NSID 1 from core  6:    4399.80      17.19     227.26      23.79    3965.44
12: RDMA (addr:172.24.0.2 subnqn:nqn.2016-06.io.spdk:cnode1) NSID 1 from core  7:    4398.80      17.18     227.28      21.56    3271.26
12: RDMA (addr:172.24.0.2 subnqn:nqn.2016-06.io.spdk:cnode1) NSID 1 from core  8:    4399.10      17.18     227.30      33.34    3967.13
12: RDMA (addr:172.24.0.2 subnqn:nqn.2016-06.io.spdk:cnode1) NSID 1 from core  9:    4397.40      17.18     227.35      35.84    3192.64
 5: RDMA (addr:172.24.0.2 subnqn:nqn.2016-06.io.spdk:cnode1) NSID 1 from core  3:    4398.50      17.18     227.25      31.21    4140.51
 5: RDMA (addr:172.24.0.2 subnqn:nqn.2016-06.io.spdk:cnode1) NSID 1 from core  4:    4398.20      17.18     227.34      38.51    3187.16
 5: RDMA (addr:172.24.0.2 subnqn:nqn.2016-06.io.spdk:cnode1) NSID 1 from core  5:    4405.10      17.21     226.95      20.82    2629.82
 5: RDMA (addr:172.24.0.2 subnqn:nqn.2016-06.io.spdk:cnode1) NSID 1 from core  6:    4397.50      17.18     227.38      24.42    3744.53
 5: RDMA (addr:172.24.0.2 subnqn:nqn.2016-06.io.spdk:cnode1) NSID 1 from core  7:    4399.20      17.18     227.26      22.40    3269.64
 5: RDMA (addr:172.24.0.2 subnqn:nqn.2016-06.io.spdk:cnode1) NSID 1 from core  8:    4397.50      17.18     227.37      28.48    3742.09
 5: RDMA (addr:172.24.0.2 subnqn:nqn.2016-06.io.spdk:cnode1) NSID 1 from core  9:    4397.80      17.18     227.32      23.17    4125.05
12: RDMA (addr:172.24.0.2 subnqn:nqn.2016-06.io.spdk:cnode1) NSID 1 from core 10:    4397.90      17.18     227.36      28.60    3166.64
12: RDMA (addr:172.24.0.2 subnqn:nqn.2016-06.io.spdk:cnode1) NSID 1 from core 11:    4409.70      17.23     226.73      25.48    2761.61
12: RDMA (addr:172.24.0.2 subnqn:nqn.2016-06.io.spdk:cnode1) NSID 1 from core 12:    4403.70      17.20     227.06      24.08    3156.40
12: RDMA (addr:172.24.0.2 subnqn:nqn.2016-06.io.spdk:cnode1) NSID 1 from core 13:    4400.30      17.19     227.22      41.41    2800.46
12: RDMA (addr:172.24.0.2 subnqn:nqn.2016-06.io.spdk:cnode1) NSID 1 from core 14:    4397.70      17.18     227.36      35.06    3188.42
12: RDMA (addr:172.24.0.2 subnqn:nqn.2016-06.io.spdk:cnode1) NSID 1 from core 15:    4398.90      17.18     227.28      31.00    3342.91
12: ========================================================
12: Total                                                                       :   70427.70     275.11     227.15      15.23    4127.24
12: 
 5: RDMA (addr:172.24.0.2 subnqn:nqn.2016-06.io.spdk:cnode1) NSID 1 from core 10:    4398.60      17.18     227.32      25.45    4125.56
 5: RDMA (addr:172.24.0.2 subnqn:nqn.2016-06.io.spdk:cnode1) NSID 1 from core 11:    4402.40      17.20     227.12      22.32    3461.40
 5: RDMA (addr:172.24.0.2 subnqn:nqn.2016-06.io.spdk:cnode1) NSID 1 from core 12:    4403.60      17.20     227.06      22.91    3152.85
 5: RDMA (addr:172.24.0.2 subnqn:nqn.2016-06.io.spdk:cnode1) NSID 1 from core 13:    4399.60      17.19     227.25      16.91    3269.49
 5: RDMA (addr:172.24.0.2 subnqn:nqn.2016-06.io.spdk:cnode1) NSID 1 from core 14:    4400.70      17.19     227.21      42.75    2817.76
 5: RDMA (addr:172.24.0.2 subnqn:nqn.2016-06.io.spdk:cnode1) NSID 1 from core 15:    4409.80      17.23     226.73      20.55    2740.85
 5: ========================================================
 5: Total                                                                       :   70425.70     275.10     227.15      16.36    4140.51
 5: 
 8: Initializing NVMe Controllers
 8: Attached to NVMe over Fabrics controller at 172.24.0.2:4420: nqn.2016-06.io.spdk:cnode1
 8: Controller attach time is 21947.684 us (52674441 ticks)
 8: Associating RDMA (addr:172.24.0.2 subnqn:nqn.2016-06.io.spdk:cnode1) NSID 1 with lcore 0
 8: Associating RDMA (addr:172.24.0.2 subnqn:nqn.2016-06.io.spdk:cnode1) NSID 1 with lcore 1
 8: Associating RDMA (addr:172.24.0.2 subnqn:nqn.2016-06.io.spdk:cnode1) NSID 1 with lcore 2
 8: Associating RDMA (addr:172.24.0.2 subnqn:nqn.2016-06.io.spdk:cnode1) NSID 1 with lcore 3
 8: Associating RDMA (addr:172.24.0.2 subnqn:nqn.2016-06.io.spdk:cnode1) NSID 1 with lcore 4
 8: Associating RDMA (addr:172.24.0.2 subnqn:nqn.2016-06.io.spdk:cnode1) NSID 1 with lcore 5
 8: Associating RDMA (addr:172.24.0.2 subnqn:nqn.2016-06.io.spdk:cnode1) NSID 1 with lcore 6
 8: Associating RDMA (addr:172.24.0.2 subnqn:nqn.2016-06.io.spdk:cnode1) NSID 1 with lcore 7
 8: Associating RDMA (addr:172.24.0.2 subnqn:nqn.2016-06.io.spdk:cnode1) NSID 1 with lcore 8
 8: Associating RDMA (addr:172.24.0.2 subnqn:nqn.2016-06.io.spdk:cnode1) NSID 1 with lcore 9
 8: Associating RDMA (addr:172.24.0.2 subnqn:nqn.2016-06.io.spdk:cnode1) NSID 1 with lcore 10
 8: Associating RDMA (addr:172.24.0.2 subnqn:nqn.2016-06.io.spdk:cnode1) NSID 1 with lcore 11
 8: Associating RDMA (addr:172.24.0.2 subnqn:nqn.2016-06.io.spdk:cnode1) NSID 1 with lcore 12
 8: Associating RDMA (addr:172.24.0.2 subnqn:nqn.2016-06.io.spdk:cnode1) NSID 1 with lcore 13
 8: Associating RDMA (addr:172.24.0.2 subnqn:nqn.2016-06.io.spdk:cnode1) NSID 1 with lcore 14
 8: Associating RDMA (addr:172.24.0.2 subnqn:nqn.2016-06.io.spdk:cnode1) NSID 1 with lcore 15
 8: Initialization complete. Launching workers.
 8: IO qp on core 2 total time 26547.592 us (63714222 ticks), connect time 16399.029 us (39357669 ticks)
 8: IO qp on core 4 total time 35982.605 us (86358252 ticks), connect time 25825.478 us (61981146 ticks)
 8: IO qp on core 1 total time 46002.760 us (110406624 ticks), connect time 35801.558 us (85923740 ticks)
 8: IO qp on core 5 total time 56072.708 us (134574500 ticks), connect time 45829.894 us (109991745 ticks)
 8: IO qp on core 3 total time 65975.738 us (158341770 ticks), connect time 55583.585 us (133400605 ticks)
 8: IO qp on core 6 total time 75830.143 us (181992342 ticks), connect time 65263.581 us (156632595 ticks)
 8: IO qp on core 7 total time 86105.174 us (206652418 ticks), connect time 75343.425 us (180824221 ticks)
 8: IO qp on core 0 total time 95363.959 us (228873501 ticks), connect time 84261.925 us (202228620 ticks)
 8: IO qp on core 9 total time 105196.395 us (252471347 ticks), connect time 94689.622 us (227255093 ticks)
 8: IO qp on core 10 total time 114757.401 us (275417763 ticks), connect time 103723.583 us (248936598 ticks)
 8: IO qp on core 8 total time 124701.997 us (299284794 ticks), connect time 113663.200 us (272791680 ticks)
 8: IO qp on core 11 total time 135006.556 us (324015734 ticks), connect time 123817.267 us (297161441 ticks)
 8: IO qp on core 12 total time 144697.511 us (347274026 ticks), connect time 133465.991 us (320318378 ticks)
 8: IO qp on core 13 total time 155132.645 us (372318349 ticks), connect time 143090.498 us (343417195 ticks)
 8: IO qp on core 14 total time 164583.784 us (395001081 ticks), connect time 152447.306 us (365873535 ticks)
 8: IO qp on core 15 total time 174733.566 us (419360558 ticks), connect time 162619.880 us (390287711 ticks)
 8: ========================================================
 8:                                                                                                                 Latency(us)
 8: Device Information                                                          :       IOPS      MiB/s    Average        min        max
 8: RDMA (addr:172.24.0.2 subnqn:nqn.2016-06.io.spdk:cnode1) NSID 1 from core  0:    4399.90      17.19     227.25      25.45    4131.04
 8: RDMA (addr:172.24.0.2 subnqn:nqn.2016-06.io.spdk:cnode1) NSID 1 from core  1:    4404.00      17.20     227.03      28.38    3173.54
 8: RDMA (addr:172.24.0.2 subnqn:nqn.2016-06.io.spdk:cnode1) NSID 1 from core  2:    4399.90      17.19     227.26      15.13    3736.51
 8: RDMA (addr:172.24.0.2 subnqn:nqn.2016-06.io.spdk:cnode1) NSID 1 from core  3:    4401.40      17.19     227.16      26.71    4137.17
 8: RDMA (addr:172.24.0.2 subnqn:nqn.2016-06.io.spdk:cnode1) NSID 1 from core  4:    4407.20      17.22     226.88      12.86    3154.72
 8: RDMA (addr:172.24.0.2 subnqn:nqn.2016-06.io.spdk:cnode1) NSID 1 from core  5:    4402.80      17.20     227.06      38.76    2794.59
 8: RDMA (addr:172.24.0.2 subnqn:nqn.2016-06.io.spdk:cnode1) NSID 1 from core  6:    4405.60      17.21     226.96      22.53    3468.11
 8: RDMA (addr:172.24.0.2 subnqn:nqn.2016-06.io.spdk:cnode1) NSID 1 from core  7:    4403.40      17.20     227.05      30.97    3196.78
 8: RDMA (addr:172.24.0.2 subnqn:nqn.2016-06.io.spdk:cnode1) NSID 1 from core  8:    4406.90      17.21     226.89      20.09    3150.84
 8: RDMA (addr:172.24.0.2 subnqn:nqn.2016-06.io.spdk:cnode1) NSID 1 from core  9:    4406.60      17.21     226.87      27.00    2607.74
 8: RDMA (addr:172.24.0.2 subnqn:nqn.2016-06.io.spdk:cnode1) NSID 1 from core 10:    4401.10      17.19     227.19      25.20    4150.05
 8: RDMA (addr:172.24.0.2 subnqn:nqn.2016-06.io.spdk:cnode1) NSID 1 from core 11:    4400.60      17.19     227.19      30.68    4124.81
 8: RDMA (addr:172.24.0.2 subnqn:nqn.2016-06.io.spdk:cnode1) NSID 1 from core 12:    4405.00      17.21     226.99      29.28    3466.12
 8: RDMA (addr:172.24.0.2 subnqn:nqn.2016-06.io.spdk:cnode1) NSID 1 from core 13:    4402.50      17.20     227.08      31.55    3189.05
 8: RDMA (addr:172.24.0.2 subnqn:nqn.2016-06.io.spdk:cnode1) NSID 1 from core 14:    4404.40      17.20     227.02      30.30    3365.40
 8: RDMA (addr:172.24.0.2 subnqn:nqn.2016-06.io.spdk:cnode1) NSID 1 from core 15:    4398.70      17.18     227.31      24.82    3740.85
 8: ========================================================
 8: Total                                                                       :   70450.00     275.20     227.07      12.86    4150.05
 8: 
16: Initializing NVMe Controllers
16: Attached to NVMe over Fabrics controller at 172.24.0.2:4420: nqn.2016-06.io.spdk:cnode1
16: Controller attach time is 23069.343 us (55366424 ticks)
16: Associating RDMA (addr:172.24.0.2 subnqn:nqn.2016-06.io.spdk:cnode1) NSID 1 with lcore 0
16: Associating RDMA (addr:172.24.0.2 subnqn:nqn.2016-06.io.spdk:cnode1) NSID 1 with lcore 1
16: Associating RDMA (addr:172.24.0.2 subnqn:nqn.2016-06.io.spdk:cnode1) NSID 1 with lcore 2
16: Associating RDMA (addr:172.24.0.2 subnqn:nqn.2016-06.io.spdk:cnode1) NSID 1 with lcore 3
16: Associating RDMA (addr:172.24.0.2 subnqn:nqn.2016-06.io.spdk:cnode1) NSID 1 with lcore 4
16: Associating RDMA (addr:172.24.0.2 subnqn:nqn.2016-06.io.spdk:cnode1) NSID 1 with lcore 5
16: Associating RDMA (addr:172.24.0.2 subnqn:nqn.2016-06.io.spdk:cnode1) NSID 1 with lcore 6
16: Associating RDMA (addr:172.24.0.2 subnqn:nqn.2016-06.io.spdk:cnode1) NSID 1 with lcore 7
16: Associating RDMA (addr:172.24.0.2 subnqn:nqn.2016-06.io.spdk:cnode1) NSID 1 with lcore 8
16: Associating RDMA (addr:172.24.0.2 subnqn:nqn.2016-06.io.spdk:cnode1) NSID 1 with lcore 9
16: Associating RDMA (addr:172.24.0.2 subnqn:nqn.2016-06.io.spdk:cnode1) NSID 1 with lcore 10
16: Associating RDMA (addr:172.24.0.2 subnqn:nqn.2016-06.io.spdk:cnode1) NSID 1 with lcore 11
16: Associating RDMA (addr:172.24.0.2 subnqn:nqn.2016-06.io.spdk:cnode1) NSID 1 with lcore 12
16: Associating RDMA (addr:172.24.0.2 subnqn:nqn.2016-06.io.spdk:cnode1) NSID 1 with lcore 13
16: Associating RDMA (addr:172.24.0.2 subnqn:nqn.2016-06.io.spdk:cnode1) NSID 1 with lcore 14
16: Associating RDMA (addr:172.24.0.2 subnqn:nqn.2016-06.io.spdk:cnode1) NSID 1 with lcore 15
16: Initialization complete. Launching workers.
16: IO qp on core 5 total time 25317.688 us (60762450 ticks), connect time 14356.185 us (34454844 ticks)
16: IO qp on core 2 total time 34378.228 us (82507748 ticks), connect time 23221.818 us (55732363 ticks)
16: IO qp on core 4 total time 44443.113 us (106663472 ticks), connect time 33385.071 us (80124170 ticks)
16: IO qp on core 7 total time 53653.647 us (128768752 ticks), connect time 43418.739 us (104204974 ticks)
16: IO qp on core 3 total time 64537.247 us (154889392 ticks), connect time 53150.107 us (127560258 ticks)
16: IO qp on core 6 total time 73352.947 us (176047074 ticks), connect time 62984.679 us (151163229 ticks)
16: IO qp on core 1 total time 84868.570 us (203684568 ticks), connect time 73216.946 us (175720671 ticks)
16: IO qp on core 8 total time 93560.899 us (224546158 ticks), connect time 82842.380 us (198821713 ticks)
16: IO qp on core 11 total time 103395.120 us (248148289 ticks), connect time 92594.253 us (222226207 ticks)
16: IO qp on core 12 total time 113270.592 us (271849421 ticks), connect time 102103.281 us (245047874 ticks)
16: IO qp on core 0 total time 123837.598 us (297210234 ticks), connect time 112124.214 us (269098113 ticks)
16: IO qp on core 15 total time 133722.299 us (320933518 ticks), connect time 122405.840 us (293774017 ticks)
16: IO qp on core 13 total time 143748.195 us (344995667 ticks), connect time 132388.512 us (317732429 ticks)
16: IO qp on core 14 total time 153219.760 us (367727424 ticks), connect time 141416.767 us (339400242 ticks)
16: IO qp on core 10 total time 163284.294 us (391882306 ticks), connect time 151474.172 us (363538012 ticks)
16: IO qp on core 9 total time 174126.555 us (417903733 ticks), connect time 161706.729 us (388096150 ticks)
16: ========================================================
16:                                                                                                                 Latency(us)
16: Device Information                                                          :       IOPS      MiB/s    Average        min        max
16: RDMA (addr:172.24.0.2 subnqn:nqn.2016-06.io.spdk:cnode1) NSID 1 from core  0:    4408.20      17.22     226.82      40.89    2682.76
16: RDMA (addr:172.24.0.2 subnqn:nqn.2016-06.io.spdk:cnode1) NSID 1 from core  1:    4416.40      17.25     226.39      21.95    3151.64
16: RDMA (addr:172.24.0.2 subnqn:nqn.2016-06.io.spdk:cnode1) NSID 1 from core  2:    4416.70      17.25     226.39      20.72    3272.41
16: RDMA (addr:172.24.0.2 subnqn:nqn.2016-06.io.spdk:cnode1) NSID 1 from core  3:    4409.60      17.23     226.74      21.38    3943.89
16: RDMA (addr:172.24.0.2 subnqn:nqn.2016-06.io.spdk:cnode1) NSID 1 from core  4:    4417.70      17.26     226.33      20.84    3459.75
16: RDMA (addr:172.24.0.2 subnqn:nqn.2016-06.io.spdk:cnode1) NSID 1 from core  5:    4415.90      17.25     226.39      13.68    3272.99
16: RDMA (addr:172.24.0.2 subnqn:nqn.2016-06.io.spdk:cnode1) NSID 1 from core  6:    4417.00      17.25     226.38      20.16    3270.76
16: RDMA (addr:172.24.0.2 subnqn:nqn.2016-06.io.spdk:cnode1) NSID 1 from core  7:    4412.10      17.23     226.57      24.08    2613.14
16: RDMA (addr:172.24.0.2 subnqn:nqn.2016-06.io.spdk:cnode1) NSID 1 from core  8:    4409.80      17.23     226.74      19.11    3740.55
16: RDMA (addr:172.24.0.2 subnqn:nqn.2016-06.io.spdk:cnode1) NSID 1 from core  9:    4409.20      17.22     226.77      34.89    2702.41
16: RDMA (addr:172.24.0.2 subnqn:nqn.2016-06.io.spdk:cnode1) NSID 1 from core 10:    4428.40      17.30     225.79      21.88    2752.79
16: RDMA (addr:172.24.0.2 subnqn:nqn.2016-06.io.spdk:cnode1) NSID 1 from core 11:    4416.70      17.25     226.37      17.54    3453.37
16: RDMA (addr:172.24.0.2 subnqn:nqn.2016-06.io.spdk:cnode1) NSID 1 from core 12:    4410.30      17.23     226.72      24.65    3744.41
16: RDMA (addr:172.24.0.2 subnqn:nqn.2016-06.io.spdk:cnode1) NSID 1 from core 13:    4411.40      17.23     226.63      33.70    2611.61
16: RDMA (addr:172.24.0.2 subnqn:nqn.2016-06.io.spdk:cnode1) NSID 1 from core 14:    4408.60      17.22     226.80      28.99    4148.43
16: RDMA (addr:172.24.0.2 subnqn:nqn.2016-06.io.spdk:cnode1) NSID 1 from core 15:    4410.00      17.23     226.71      22.67    3741.54
16: ========================================================
16: Total                                                                       :   70618.00     275.85     226.53      13.68    4148.43
16: 
10: Initializing NVMe Controllers
10: Attached to NVMe over Fabrics controller at 172.24.0.2:4420: nqn.2016-06.io.spdk:cnode1
10: Controller attach time is 20839.941 us (50015858 ticks)
10: Associating RDMA (addr:172.24.0.2 subnqn:nqn.2016-06.io.spdk:cnode1) NSID 1 with lcore 0
10: Associating RDMA (addr:172.24.0.2 subnqn:nqn.2016-06.io.spdk:cnode1) NSID 1 with lcore 1
10: Associating RDMA (addr:172.24.0.2 subnqn:nqn.2016-06.io.spdk:cnode1) NSID 1 with lcore 2
10: Associating RDMA (addr:172.24.0.2 subnqn:nqn.2016-06.io.spdk:cnode1) NSID 1 with lcore 3
10: Associating RDMA (addr:172.24.0.2 subnqn:nqn.2016-06.io.spdk:cnode1) NSID 1 with lcore 4
10: Associating RDMA (addr:172.24.0.2 subnqn:nqn.2016-06.io.spdk:cnode1) NSID 1 with lcore 5
10: Associating RDMA (addr:172.24.0.2 subnqn:nqn.2016-06.io.spdk:cnode1) NSID 1 with lcore 6
10: Associating RDMA (addr:172.24.0.2 subnqn:nqn.2016-06.io.spdk:cnode1) NSID 1 with lcore 7
10: Associating RDMA (addr:172.24.0.2 subnqn:nqn.2016-06.io.spdk:cnode1) NSID 1 with lcore 8
10: Associating RDMA (addr:172.24.0.2 subnqn:nqn.2016-06.io.spdk:cnode1) NSID 1 with lcore 9
10: Associating RDMA (addr:172.24.0.2 subnqn:nqn.2016-06.io.spdk:cnode1) NSID 1 with lcore 10
10: Associating RDMA (addr:172.24.0.2 subnqn:nqn.2016-06.io.spdk:cnode1) NSID 1 with lcore 11
10: Associating RDMA (addr:172.24.0.2 subnqn:nqn.2016-06.io.spdk:cnode1) NSID 1 with lcore 12
10: Associating RDMA (addr:172.24.0.2 subnqn:nqn.2016-06.io.spdk:cnode1) NSID 1 with lcore 13
10: Associating RDMA (addr:172.24.0.2 subnqn:nqn.2016-06.io.spdk:cnode1) NSID 1 with lcore 14
10: Associating RDMA (addr:172.24.0.2 subnqn:nqn.2016-06.io.spdk:cnode1) NSID 1 with lcore 15
10: Initialization complete. Launching workers.
10: IO qp on core 2 total time 25783.701 us (61880883 ticks), connect time 14993.111 us (35983467 ticks)
10: IO qp on core 3 total time 35527.113 us (85265071 ticks), connect time 24759.188 us (59422051 ticks)
10: IO qp on core 4 total time 45173.769 us (108417045 ticks), connect time 34287.911 us (82290987 ticks)
10: IO qp on core 1 total time 55829.198 us (133990076 ticks), connect time 44658.770 us (107181048 ticks)
10: IO qp on core 6 total time 65229.891 us (156551738 ticks), connect time 52771.060 us (126650543 ticks)
10: IO qp on core 5 total time 75738.503 us (181772407 ticks), connect time 63229.420 us (151750609 ticks)
10: IO qp on core 7 total time 85251.497 us (204603594 ticks), connect time 71934.025 us (172641660 ticks)
10: IO qp on core 0 total time 94803.094 us (227527426 ticks), connect time 81750.719 us (196201726 ticks)
10: IO qp on core 8 total time 104368.064 us (250483353 ticks), connect time 91924.238 us (220618170 ticks)
10: IO qp on core 13 total time 114376.778 us (274504268 ticks), connect time 101575.178 us (243780428 ticks)
10: IO qp on core 11 total time 124930.594 us (299833426 ticks), connect time 112127.829 us (269106790 ticks)
10: IO qp on core 10 total time 134264.215 us (322234117 ticks), connect time 120738.969 us (289773526 ticks)
10: IO qp on core 12 total time 144085.714 us (345805713 ticks), connect time 130515.134 us (313236321 ticks)
10: IO qp on core 14 total time 154269.356 us (370246454 ticks), connect time 140587.591 us (337410218 ticks)
10: IO qp on core 9 total time 164969.229 us (395926149 ticks), connect time 151130.246 us (362712591 ticks)
10: IO qp on core 15 total time 174821.285 us (419571083 ticks), connect time 160485.272 us (385164653 ticks)
10: ========================================================
10:                                                                                                                 Latency(us)
10: Device Information                                                          :       IOPS      MiB/s    Average        min        max
10: RDMA (addr:172.24.0.2 subnqn:nqn.2016-06.io.spdk:cnode1) NSID 1 from core  0:    4418.60      17.26     226.29      26.21    2603.59
10: RDMA (addr:172.24.0.2 subnqn:nqn.2016-06.io.spdk:cnode1) NSID 1 from core  1:    4426.20      17.29     225.90      18.62    3153.66
10: RDMA (addr:172.24.0.2 subnqn:nqn.2016-06.io.spdk:cnode1) NSID 1 from core  2:    4438.40      17.34     225.28      18.16    2747.11
10: RDMA (addr:172.24.0.2 subnqn:nqn.2016-06.io.spdk:cnode1) NSID 1 from core  3:    4416.00      17.25     226.40      21.57    3963.93
10: RDMA (addr:172.24.0.2 subnqn:nqn.2016-06.io.spdk:cnode1) NSID 1 from core  4:    4416.40      17.25     226.38      28.05    2675.32
10: RDMA (addr:172.24.0.2 subnqn:nqn.2016-06.io.spdk:cnode1) NSID 1 from core  5:    4416.00      17.25     226.40      33.41    2661.93
10: RDMA (addr:172.24.0.2 subnqn:nqn.2016-06.io.spdk:cnode1) NSID 1 from core  6:    4420.00      17.27     226.22      23.65    3463.99
10: RDMA (addr:172.24.0.2 subnqn:nqn.2016-06.io.spdk:cnode1) NSID 1 from core  7:    4437.40      17.33     225.30      18.81    2740.86
10: RDMA (addr:172.24.0.2 subnqn:nqn.2016-06.io.spdk:cnode1) NSID 1 from core  8:    4415.40      17.25     226.45      26.91    3960.33
10: RDMA (addr:172.24.0.2 subnqn:nqn.2016-06.io.spdk:cnode1) NSID 1 from core  9:    4425.20      17.29     225.94      12.88    3156.18
10: RDMA (addr:172.24.0.2 subnqn:nqn.2016-06.io.spdk:cnode1) NSID 1 from core 10:    4420.00      17.27     226.22      25.85    3464.43
10: RDMA (addr:172.24.0.2 subnqn:nqn.2016-06.io.spdk:cnode1) NSID 1 from core 11:    4437.10      17.33     225.31      18.83    2740.22
10: RDMA (addr:172.24.0.2 subnqn:nqn.2016-06.io.spdk:cnode1) NSID 1 from core 12:    4424.30      17.28     226.00      16.86    3185.81
10: RDMA (addr:172.24.0.2 subnqn:nqn.2016-06.io.spdk:cnode1) NSID 1 from core 13:    4419.90      17.27     226.21      27.24    2612.42
10: RDMA (addr:172.24.0.2 subnqn:nqn.2016-06.io.spdk:cnode1) NSID 1 from core 14:    4415.70      17.25     226.43      27.00    3788.31
10: RDMA (addr:172.24.0.2 subnqn:nqn.2016-06.io.spdk:cnode1) NSID 1 from core 15:    4420.00      17.27     226.22      31.57    2607.61
10: ========================================================
10: Total                                                                       :   70766.60     276.43     226.06      12.88    3963.93
10: 
15: Initializing NVMe Controllers
15: Attached to NVMe over Fabrics controller at 172.24.0.2:4420: nqn.2016-06.io.spdk:cnode1
15: Controller attach time is 25374.311 us (60898347 ticks)
15: Associating RDMA (addr:172.24.0.2 subnqn:nqn.2016-06.io.spdk:cnode1) NSID 1 with lcore 0
15: Associating RDMA (addr:172.24.0.2 subnqn:nqn.2016-06.io.spdk:cnode1) NSID 1 with lcore 1
15: Associating RDMA (addr:172.24.0.2 subnqn:nqn.2016-06.io.spdk:cnode1) NSID 1 with lcore 2
15: Associating RDMA (addr:172.24.0.2 subnqn:nqn.2016-06.io.spdk:cnode1) NSID 1 with lcore 3
15: Associating RDMA (addr:172.24.0.2 subnqn:nqn.2016-06.io.spdk:cnode1) NSID 1 with lcore 4
15: Associating RDMA (addr:172.24.0.2 subnqn:nqn.2016-06.io.spdk:cnode1) NSID 1 with lcore 5
15: Associating RDMA (addr:172.24.0.2 subnqn:nqn.2016-06.io.spdk:cnode1) NSID 1 with lcore 6
15: Associating RDMA (addr:172.24.0.2 subnqn:nqn.2016-06.io.spdk:cnode1) NSID 1 with lcore 7
15: Associating RDMA (addr:172.24.0.2 subnqn:nqn.2016-06.io.spdk:cnode1) NSID 1 with lcore 8
15: Associating RDMA (addr:172.24.0.2 subnqn:nqn.2016-06.io.spdk:cnode1) NSID 1 with lcore 9
15: Associating RDMA (addr:172.24.0.2 subnqn:nqn.2016-06.io.spdk:cnode1) NSID 1 with lcore 10
15: Associating RDMA (addr:172.24.0.2 subnqn:nqn.2016-06.io.spdk:cnode1) NSID 1 with lcore 11
15: Associating RDMA (addr:172.24.0.2 subnqn:nqn.2016-06.io.spdk:cnode1) NSID 1 with lcore 12
15: Associating RDMA (addr:172.24.0.2 subnqn:nqn.2016-06.io.spdk:cnode1) NSID 1 with lcore 13
15: Associating RDMA (addr:172.24.0.2 subnqn:nqn.2016-06.io.spdk:cnode1) NSID 1 with lcore 14
15: Associating RDMA (addr:172.24.0.2 subnqn:nqn.2016-06.io.spdk:cnode1) NSID 1 with lcore 15
15: Initialization complete. Launching workers.
15: IO qp on core 4 total time 22550.519 us (54121245 ticks), connect time 13256.788 us (31816290 ticks)
15: IO qp on core 2 total time 32441.686 us (77860046 ticks), connect time 23054.115 us (55329875 ticks)
15: IO qp on core 1 total time 42302.364 us (101525674 ticks), connect time 32923.076 us (79015383 ticks)
15: IO qp on core 3 total time 52140.995 us (125138388 ticks), connect time 42686.005 us (102446412 ticks)
15: IO qp on core 5 total time 62611.063 us (150266551 ticks), connect time 53130.854 us (127514050 ticks)
15: IO qp on core 8 total time 71626.144 us (171902746 ticks), connect time 61618.072 us (147883372 ticks)
15: IO qp on core 6 total time 82113.896 us (197073351 ticks), connect time 71796.790 us (172312296 ticks)
15: IO qp on core 7 total time 92123.355 us (221096052 ticks), connect time 81782.889 us (196278933 ticks)
15: IO qp on core 9 total time 102133.100 us (245119440 ticks), connect time 90755.447 us (217813074 ticks)
15: IO qp on core 11 total time 112185.259 us (269244621 ticks), connect time 100837.150 us (242009160 ticks)
15: IO qp on core 12 total time 121350.651 us (291241563 ticks), connect time 109431.144 us (262634745 ticks)
15: IO qp on core 10 total time 131669.154 us (316005969 ticks), connect time 119639.956 us (287135895 ticks)
15: IO qp on core 0 total time 141311.288 us (339147092 ticks), connect time 128975.397 us (309540953 ticks)
15: IO qp on core 13 total time 151190.233 us (362856558 ticks), connect time 139442.874 us (334662897 ticks)
15: IO qp on core 14 total time 160941.933 us (386260640 ticks), connect time 148548.168 us (356515604 ticks)
15: IO qp on core 15 total time 171120.450 us (410689079 ticks), connect time 158626.680 us (380704031 ticks)
15: ========================================================
15:                                                                                                                 Latency(us)
15: Device Information                                                          :       IOPS      MiB/s    Average        min        max
15: RDMA (addr:172.24.0.2 subnqn:nqn.2016-06.io.spdk:cnode1) NSID 1 from core  0:    4593.40      17.94     217.61      13.95    3659.59
15: RDMA (addr:172.24.0.2 subnqn:nqn.2016-06.io.spdk:cnode1) NSID 1 from core  1:    4611.90      18.02     216.80      10.96    3632.83
15: RDMA (addr:172.24.0.2 subnqn:nqn.2016-06.io.spdk:cnode1) NSID 1 from core  2:    4624.00      18.06     216.24      10.48    3460.90
15: RDMA (addr:172.24.0.2 subnqn:nqn.2016-06.io.spdk:cnode1) NSID 1 from core  3:    4608.00      18.00     216.95      10.95    4151.32
15: RDMA (addr:172.24.0.2 subnqn:nqn.2016-06.io.spdk:cnode1) NSID 1 from core  4:    4628.80      18.08     216.01      13.32    3365.15
15: RDMA (addr:172.24.0.2 subnqn:nqn.2016-06.io.spdk:cnode1) NSID 1 from core  5:    4593.60      17.94     217.65      11.60    3029.40
15: RDMA (addr:172.24.0.2 subnqn:nqn.2016-06.io.spdk:cnode1) NSID 1 from core  6:    4589.60      17.93     217.86       9.66    3610.34
15: RDMA (addr:172.24.0.2 subnqn:nqn.2016-06.io.spdk:cnode1) NSID 1 from core  7:    4578.80      17.89     218.34      14.36    3004.44
15: RDMA (addr:172.24.0.2 subnqn:nqn.2016-06.io.spdk:cnode1) NSID 1 from core  8:    4606.40      17.99     217.05      11.49    3363.32
15: RDMA (addr:172.24.0.2 subnqn:nqn.2016-06.io.spdk:cnode1) NSID 1 from core  9:    4586.00      17.91     218.00      10.54    3611.64
15: RDMA (addr:172.24.0.2 subnqn:nqn.2016-06.io.spdk:cnode1) NSID 1 from core 10:    4598.50      17.96     217.44      10.91    3339.82
15: RDMA (addr:172.24.0.2 subnqn:nqn.2016-06.io.spdk:cnode1) NSID 1 from core 11:    4593.90      17.94     217.64      12.36    3643.76
15: RDMA (addr:172.24.0.2 subnqn:nqn.2016-06.io.spdk:cnode1) NSID 1 from core 12:    4592.90      17.94     217.70      11.28    3792.80
15: RDMA (addr:172.24.0.2 subnqn:nqn.2016-06.io.spdk:cnode1) NSID 1 from core 13:    4605.70      17.99     217.08       9.52    3364.94
15: RDMA (addr:172.24.0.2 subnqn:nqn.2016-06.io.spdk:cnode1) NSID 1 from core 14:    4595.40      17.95     217.58       9.91    4151.58
15: RDMA (addr:172.24.0.2 subnqn:nqn.2016-06.io.spdk:cnode1) NSID 1 from core 15:    4596.50      17.96     217.53       7.12    3259.89
15: ========================================================
15: Total                                                                       :   73603.40     287.51     217.34       7.12    4151.58
15: 
17: Initializing NVMe Controllers
17: Attached to NVMe over Fabrics controller at 172.24.0.2:4420: nqn.2016-06.io.spdk:cnode1
17: Controller attach time is 24220.041 us (58128098 ticks)
17: Associating RDMA (addr:172.24.0.2 subnqn:nqn.2016-06.io.spdk:cnode1) NSID 1 with lcore 0
17: Associating RDMA (addr:172.24.0.2 subnqn:nqn.2016-06.io.spdk:cnode1) NSID 1 with lcore 1
17: Associating RDMA (addr:172.24.0.2 subnqn:nqn.2016-06.io.spdk:cnode1) NSID 1 with lcore 2
17: Associating RDMA (addr:172.24.0.2 subnqn:nqn.2016-06.io.spdk:cnode1) NSID 1 with lcore 3
17: Associating RDMA (addr:172.24.0.2 subnqn:nqn.2016-06.io.spdk:cnode1) NSID 1 with lcore 4
17: Associating RDMA (addr:172.24.0.2 subnqn:nqn.2016-06.io.spdk:cnode1) NSID 1 with lcore 5
17: Associating RDMA (addr:172.24.0.2 subnqn:nqn.2016-06.io.spdk:cnode1) NSID 1 with lcore 6
17: Associating RDMA (addr:172.24.0.2 subnqn:nqn.2016-06.io.spdk:cnode1) NSID 1 with lcore 7
17: Associating RDMA (addr:172.24.0.2 subnqn:nqn.2016-06.io.spdk:cnode1) NSID 1 with lcore 8
17: Associating RDMA (addr:172.24.0.2 subnqn:nqn.2016-06.io.spdk:cnode1) NSID 1 with lcore 9
17: Associating RDMA (addr:172.24.0.2 subnqn:nqn.2016-06.io.spdk:cnode1) NSID 1 with lcore 10
17: Associating RDMA (addr:172.24.0.2 subnqn:nqn.2016-06.io.spdk:cnode1) NSID 1 with lcore 11
17: Associating RDMA (addr:172.24.0.2 subnqn:nqn.2016-06.io.spdk:cnode1) NSID 1 with lcore 12
17: Associating RDMA (addr:172.24.0.2 subnqn:nqn.2016-06.io.spdk:cnode1) NSID 1 with lcore 13
17: Associating RDMA (addr:172.24.0.2 subnqn:nqn.2016-06.io.spdk:cnode1) NSID 1 with lcore 14
17: Associating RDMA (addr:172.24.0.2 subnqn:nqn.2016-06.io.spdk:cnode1) NSID 1 with lcore 15
17: Initialization complete. Launching workers.
17: IO qp on core 3 total time 23373.610 us (56096664 ticks), connect time 11948.295 us (28675908 ticks)
17: IO qp on core 5 total time 31266.241 us (75038979 ticks), connect time 21398.710 us (51356904 ticks)
17: IO qp on core 2 total time 42624.647 us (102299152 ticks), connect time 31098.885 us (74637324 ticks)
17: IO qp on core 13 total time 51917.151 us (124601163 ticks), connect time 41953.272 us (100687854 ticks)
17: IO qp on core 1 total time 62962.456 us (151109895 ticks), connect time 51132.431 us (122717835 ticks)
17: IO qp on core 4 total time 71169.094 us (170805826 ticks), connect time 60819.595 us (145967028 ticks)
17: IO qp on core 0 total time 82212.742 us (197310580 ticks), connect time 70746.732 us (169792156 ticks)
17: IO qp on core 6 total time 90841.124 us (218018698 ticks), connect time 80490.393 us (193176944 ticks)
17: IO qp on core 14 total time 100791.114 us (241898674 ticks), connect time 90389.380 us (216934513 ticks)
17: IO qp on core 12 total time 110642.286 us (265541486 ticks), connect time 100138.179 us (240331630 ticks)
17: IO qp on core 9 total time 121182.174 us (290837217 ticks), connect time 110616.194 us (265478865 ticks)
17: IO qp on core 10 total time 130920.370 us (314208887 ticks), connect time 119230.760 us (286153823 ticks)
17: IO qp on core 11 total time 140945.240 us (338268576 ticks), connect time 129121.410 us (309891384 ticks)
17: IO qp on core 15 total time 151299.769 us (363119445 ticks), connect time 138886.003 us (333326406 ticks)
17: IO qp on core 8 total time 160838.503 us (386012408 ticks), connect time 148429.048 us (356229716 ticks)
17: IO qp on core 7 total time 171346.275 us (411231061 ticks), connect time 158793.410 us (381104185 ticks)
17: ========================================================
17:                                                                                                                 Latency(us)
17: Device Information                                                          :       IOPS      MiB/s    Average        min        max
17: RDMA (addr:172.24.0.2 subnqn:nqn.2016-06.io.spdk:cnode1) NSID 1 from core  0:    4629.20      18.08     215.98      11.82    3577.09
17: RDMA (addr:172.24.0.2 subnqn:nqn.2016-06.io.spdk:cnode1) NSID 1 from core  1:    4638.60      18.12     215.53      12.42    3149.06
17: RDMA (addr:172.24.0.2 subnqn:nqn.2016-06.io.spdk:cnode1) NSID 1 from core  2:    4650.00      18.16     215.03      12.90    3147.20
17: RDMA (addr:172.24.0.2 subnqn:nqn.2016-06.io.spdk:cnode1) NSID 1 from core  3:    4661.80      18.21     214.46      11.63    3551.82
17: RDMA (addr:172.24.0.2 subnqn:nqn.2016-06.io.spdk:cnode1) NSID 1 from core  4:    4642.50      18.13     215.36      13.75    3341.57
17: RDMA (addr:172.24.0.2 subnqn:nqn.2016-06.io.spdk:cnode1) NSID 1 from core  5:    4650.80      18.17     214.96       7.12    3235.09
17: RDMA (addr:172.24.0.2 subnqn:nqn.2016-06.io.spdk:cnode1) NSID 1 from core  6:    4629.10      18.08     216.00       7.08    3228.39
17: RDMA (addr:172.24.0.2 subnqn:nqn.2016-06.io.spdk:cnode1) NSID 1 from core  7:    4631.10      18.09     215.90       7.38    3266.57
17: RDMA (addr:172.24.0.2 subnqn:nqn.2016-06.io.spdk:cnode1) NSID 1 from core  8:    4630.80      18.09     215.89      13.64    3020.40
17: RDMA (addr:172.24.0.2 subnqn:nqn.2016-06.io.spdk:cnode1) NSID 1 from core  9:    4648.00      18.16     215.11       9.03    3327.30
17: RDMA (addr:172.24.0.2 subnqn:nqn.2016-06.io.spdk:cnode1) NSID 1 from core 10:    4639.00      18.12     215.54       9.04    3585.73
17: RDMA (addr:172.24.0.2 subnqn:nqn.2016-06.io.spdk:cnode1) NSID 1 from core 11:    4647.40      18.15     215.14      11.23    3150.76
17: RDMA (addr:172.24.0.2 subnqn:nqn.2016-06.io.spdk:cnode1) NSID 1 from core 12:    4627.60      18.08     216.07      13.07    3031.25
17: RDMA (addr:172.24.0.2 subnqn:nqn.2016-06.io.spdk:cnode1) NSID 1 from core 13:    4641.90      18.13     215.36      11.71    3536.94
17: RDMA (addr:172.24.0.2 subnqn:nqn.2016-06.io.spdk:cnode1) NSID 1 from core 14:    4637.60      18.12     215.60      10.44    3173.82
17: RDMA (addr:172.24.0.2 subnqn:nqn.2016-06.io.spdk:cnode1) NSID 1 from core 15:    4641.30      18.13     215.42       8.71    3627.19
17: ========================================================
17: Total                                                                       :   74246.70     290.03     215.46       7.08    3627.19
17: 
 2: Initializing NVMe Controllers
 2: Attached to NVMe over Fabrics controller at 172.24.0.2:4420: nqn.2016-06.io.spdk:cnode1
 2: Controller attach time is 24104.779 us (57851469 ticks)
 2: Associating RDMA (addr:172.24.0.2 subnqn:nqn.2016-06.io.spdk:cnode1) NSID 1 with lcore 0
 2: Associating RDMA (addr:172.24.0.2 subnqn:nqn.2016-06.io.spdk:cnode1) NSID 1 with lcore 1
 2: Associating RDMA (addr:172.24.0.2 subnqn:nqn.2016-06.io.spdk:cnode1) NSID 1 with lcore 2
 2: Associating RDMA (addr:172.24.0.2 subnqn:nqn.2016-06.io.spdk:cnode1) NSID 1 with lcore 3
 2: Associating RDMA (addr:172.24.0.2 subnqn:nqn.2016-06.io.spdk:cnode1) NSID 1 with lcore 4
 2: Associating RDMA (addr:172.24.0.2 subnqn:nqn.2016-06.io.spdk:cnode1) NSID 1 with lcore 5
 2: Associating RDMA (addr:172.24.0.2 subnqn:nqn.2016-06.io.spdk:cnode1) NSID 1 with lcore 6
 2: Associating RDMA (addr:172.24.0.2 subnqn:nqn.2016-06.io.spdk:cnode1) NSID 1 with lcore 7
 2: Associating RDMA (addr:172.24.0.2 subnqn:nqn.2016-06.io.spdk:cnode1) NSID 1 with lcore 8
 2: Associating RDMA (addr:172.24.0.2 subnqn:nqn.2016-06.io.spdk:cnode1) NSID 1 with lcore 9
 2: Associating RDMA (addr:172.24.0.2 subnqn:nqn.2016-06.io.spdk:cnode1) NSID 1 with lcore 10
 2: Associating RDMA (addr:172.24.0.2 subnqn:nqn.2016-06.io.spdk:cnode1) NSID 1 with lcore 11
 2: Associating RDMA (addr:172.24.0.2 subnqn:nqn.2016-06.io.spdk:cnode1) NSID 1 with lcore 12
 2: Associating RDMA (addr:172.24.0.2 subnqn:nqn.2016-06.io.spdk:cnode1) NSID 1 with lcore 13
 2: Associating RDMA (addr:172.24.0.2 subnqn:nqn.2016-06.io.spdk:cnode1) NSID 1 with lcore 14
 2: Associating RDMA (addr:172.24.0.2 subnqn:nqn.2016-06.io.spdk:cnode1) NSID 1 with lcore 15
 2: Initialization complete. Launching workers.
 2: IO qp on core 2 total time 23209.395 us (55702548 ticks), connect time 12846.031 us (30830475 ticks)
 2: IO qp on core 0 total time 31907.967 us (76579122 ticks), connect time 22037.270 us (52889448 ticks)
 2: IO qp on core 1 total time 42874.964 us (102899914 ticks), connect time 32336.571 us (77607771 ticks)
 2: IO qp on core 5 total time 51911.387 us (124587330 ticks), connect time 42300.295 us (101520708 ticks)
 2: IO qp on core 3 total time 61860.838 us (148466011 ticks), connect time 52145.784 us (125149882 ticks)
 2: IO qp on core 6 total time 71937.107 us (172649056 ticks), connect time 62225.945 us (149342268 ticks)
 2: IO qp on core 4 total time 81683.729 us (196040950 ticks), connect time 71908.788 us (172581090 ticks)
 2: IO qp on core 15 total time 91742.693 us (220182463 ticks), connect time 81927.195 us (196625269 ticks)
 2: IO qp on core 7 total time 101587.367 us (243809682 ticks), connect time 91483.800 us (219561120 ticks)
 2: IO qp on core 9 total time 112151.172 us (269162813 ticks), connect time 100931.795 us (242236307 ticks)
 2: IO qp on core 13 total time 121909.678 us (292583227 ticks), connect time 110685.967 us (265646320 ticks)
 2: IO qp on core 14 total time 131598.036 us (315835286 ticks), connect time 119790.336 us (287496807 ticks)
 2: IO qp on core 12 total time 141626.173 us (339902815 ticks), connect time 129602.610 us (311046264 ticks)
 2: IO qp on core 8 total time 151695.559 us (364069342 ticks), connect time 139665.771 us (335197851 ticks)
 2: IO qp on core 10 total time 161830.872 us (388394094 ticks), connect time 149667.106 us (359201055 ticks)
 2: IO qp on core 11 total time 172864.981 us (414875955 ticks), connect time 160337.486 us (384809967 ticks)
 2: ========================================================
 2:                                                                                                                 Latency(us)
 2: Device Information                                                          :       IOPS      MiB/s    Average        min        max
 2: RDMA (addr:172.24.0.2 subnqn:nqn.2016-06.io.spdk:cnode1) NSID 1 from core  0:    4660.50      18.21     214.52      12.24    3755.68
 2: RDMA (addr:172.24.0.2 subnqn:nqn.2016-06.io.spdk:cnode1) NSID 1 from core  1:    4683.20      18.29     213.49      10.73    3341.17
 2: RDMA (addr:172.24.0.2 subnqn:nqn.2016-06.io.spdk:cnode1) NSID 1 from core  2:    4693.10      18.33     213.05      11.61    3633.66
 2: RDMA (addr:172.24.0.2 subnqn:nqn.2016-06.io.spdk:cnode1) NSID 1 from core  3:    4667.80      18.23     214.20      10.04    3340.25
 2: RDMA (addr:172.24.0.2 subnqn:nqn.2016-06.io.spdk:cnode1) NSID 1 from core  4:    4658.10      18.20     214.64      11.97    3152.72
 2: RDMA (addr:172.24.0.2 subnqn:nqn.2016-06.io.spdk:cnode1) NSID 1 from core  5:    4668.90      18.24     214.11      12.51    3629.03
 2: RDMA (addr:172.24.0.2 subnqn:nqn.2016-06.io.spdk:cnode1) NSID 1 from core  6:    4648.30      18.16     215.11      10.78    4129.57
 2: RDMA (addr:172.24.0.2 subnqn:nqn.2016-06.io.spdk:cnode1) NSID 1 from core  7:    4656.80      18.19     214.69       7.39    3229.05
 2: RDMA (addr:172.24.0.2 subnqn:nqn.2016-06.io.spdk:cnode1) NSID 1 from core  8:    4655.60      18.19     214.75      11.32    4126.10
 2: RDMA (addr:172.24.0.2 subnqn:nqn.2016-06.io.spdk:cnode1) NSID 1 from core  9:    4657.10      18.19     214.68      11.57    3800.82
 2: RDMA (addr:172.24.0.2 subnqn:nqn.2016-06.io.spdk:cnode1) NSID 1 from core 10:    4666.60      18.23     214.26      13.58    3150.77
 2: RDMA (addr:172.24.0.2 subnqn:nqn.2016-06.io.spdk:cnode1) NSID 1 from core 11:    4698.20      18.35     212.79      10.95    3358.74
 2: RDMA (addr:172.24.0.2 subnqn:nqn.2016-06.io.spdk:cnode1) NSID 1 from core 12:    4674.30      18.26     213.91      11.01    3335.65
 2: RDMA (addr:172.24.0.2 subnqn:nqn.2016-06.io.spdk:cnode1) NSID 1 from core 13:    4673.10      18.25     213.95      13.71    3641.54
 2: RDMA (addr:172.24.0.2 subnqn:nqn.2016-06.io.spdk:cnode1) NSID 1 from core 14:    4656.40      18.19     214.72      12.28    3778.55
 2: RDMA (addr:172.24.0.2 subnqn:nqn.2016-06.io.spdk:cnode1) NSID 1 from core 15:    4659.50      18.20     214.56       8.46    3633.17
 2: ========================================================
 2: Total                                                                       :   74677.50     291.71     214.21       7.39    4129.57
 2: 
 7: Initializing NVMe Controllers
 7: Attached to NVMe over Fabrics controller at 172.24.0.2:4420: nqn.2016-06.io.spdk:cnode1
 7: Controller attach time is 27145.952 us (65150284 ticks)
 7: Associating RDMA (addr:172.24.0.2 subnqn:nqn.2016-06.io.spdk:cnode1) NSID 1 with lcore 0
 7: Associating RDMA (addr:172.24.0.2 subnqn:nqn.2016-06.io.spdk:cnode1) NSID 1 with lcore 1
 7: Associating RDMA (addr:172.24.0.2 subnqn:nqn.2016-06.io.spdk:cnode1) NSID 1 with lcore 2
 7: Associating RDMA (addr:172.24.0.2 subnqn:nqn.2016-06.io.spdk:cnode1) NSID 1 with lcore 3
 7: Associating RDMA (addr:172.24.0.2 subnqn:nqn.2016-06.io.spdk:cnode1) NSID 1 with lcore 4
 7: Associating RDMA (addr:172.24.0.2 subnqn:nqn.2016-06.io.spdk:cnode1) NSID 1 with lcore 5
 7: Associating RDMA (addr:172.24.0.2 subnqn:nqn.2016-06.io.spdk:cnode1) NSID 1 with lcore 6
 7: Associating RDMA (addr:172.24.0.2 subnqn:nqn.2016-06.io.spdk:cnode1) NSID 1 with lcore 7
 7: Associating RDMA (addr:172.24.0.2 subnqn:nqn.2016-06.io.spdk:cnode1) NSID 1 with lcore 8
 7: Associating RDMA (addr:172.24.0.2 subnqn:nqn.2016-06.io.spdk:cnode1) NSID 1 with lcore 9
 7: Associating RDMA (addr:172.24.0.2 subnqn:nqn.2016-06.io.spdk:cnode1) NSID 1 with lcore 10
 7: Associating RDMA (addr:172.24.0.2 subnqn:nqn.2016-06.io.spdk:cnode1) NSID 1 with lcore 11
 7: Associating RDMA (addr:172.24.0.2 subnqn:nqn.2016-06.io.spdk:cnode1) NSID 1 with lcore 12
 7: Associating RDMA (addr:172.24.0.2 subnqn:nqn.2016-06.io.spdk:cnode1) NSID 1 with lcore 13
 7: Associating RDMA (addr:172.24.0.2 subnqn:nqn.2016-06.io.spdk:cnode1) NSID 1 with lcore 14
 7: Associating RDMA (addr:172.24.0.2 subnqn:nqn.2016-06.io.spdk:cnode1) NSID 1 with lcore 15
 7: Initialization complete. Launching workers.
 7: IO qp on core 3 total time 20292.597 us (48702234 ticks), connect time 9562.426 us (22949823 ticks)
 7: IO qp on core 1 total time 29771.203 us (71450887 ticks), connect time 18948.340 us (45476017 ticks)
 7: IO qp on core 2 total time 40854.560 us (98050945 ticks), connect time 30072.833 us (72174799 ticks)
 7: IO qp on core 5 total time 49825.302 us (119580726 ticks), connect time 39038.230 us (93691752 ticks)
 7: IO qp on core 4 total time 59603.381 us (143048114 ticks), connect time 48361.805 us (116068331 ticks)
 7: IO qp on core 6 total time 69568.721 us (166964930 ticks), connect time 58181.708 us (139636100 ticks)
 7: IO qp on core 0 total time 78908.512 us (189380428 ticks), connect time 67859.004 us (162861610 ticks)
 7: IO qp on core 7 total time 89203.045 us (214087308 ticks), connect time 78046.637 us (187311930 ticks)
 7: IO qp on core 9 total time 98726.964 us (236944714 ticks), connect time 86456.594 us (207495826 ticks)
 7: IO qp on core 8 total time 108580.985 us (260594364 ticks), connect time 96311.827 us (231148386 ticks)
 7: IO qp on core 11 total time 118788.840 us (285093216 ticks), connect time 105849.865 us (254039676 ticks)
 7: IO qp on core 14 total time 128677.678 us (308826428 ticks), connect time 115733.950 us (277761479 ticks)
 7: IO qp on core 10 total time 138824.908 us (333179778 ticks), connect time 125707.790 us (301698696 ticks)
 7: IO qp on core 15 total time 149676.551 us (359223723 ticks), connect time 136555.186 us (327732447 ticks)
 7: IO qp on core 12 total time 158770.328 us (381048786 ticks), connect time 145521.390 us (349251336 ticks)
 7: IO qp on core 13 total time 168682.176 us (404837223 ticks), connect time 155146.538 us (372351690 ticks)
 7: ========================================================
 7:                                                                                                                 Latency(us)
 7: Device Information                                                          :       IOPS      MiB/s    Average        min        max
 7: RDMA (addr:172.24.0.2 subnqn:nqn.2016-06.io.spdk:cnode1) NSID 1 from core  0:    4728.10      18.47     211.47       9.10    3163.03
 7: RDMA (addr:172.24.0.2 subnqn:nqn.2016-06.io.spdk:cnode1) NSID 1 from core  1:    4720.70      18.44     211.80       7.34    3255.76
 7: RDMA (addr:172.24.0.2 subnqn:nqn.2016-06.io.spdk:cnode1) NSID 1 from core  2:    4722.40      18.45     211.73       9.18    3786.31
 7: RDMA (addr:172.24.0.2 subnqn:nqn.2016-06.io.spdk:cnode1) NSID 1 from core  3:    4734.70      18.49     211.17       9.53    4128.28
 7: RDMA (addr:172.24.0.2 subnqn:nqn.2016-06.io.spdk:cnode1) NSID 1 from core  4:    4724.70      18.46     211.62       8.13    3361.82
 7: RDMA (addr:172.24.0.2 subnqn:nqn.2016-06.io.spdk:cnode1) NSID 1 from core  5:    4710.80      18.40     212.21       9.44    3003.76
 7: RDMA (addr:172.24.0.2 subnqn:nqn.2016-06.io.spdk:cnode1) NSID 1 from core  6:    4730.30      18.48     211.38       8.31    4150.01
 7: RDMA (addr:172.24.0.2 subnqn:nqn.2016-06.io.spdk:cnode1) NSID 1 from core  7:    4744.80      18.53     210.71       8.04    3629.29
 7: RDMA (addr:172.24.0.2 subnqn:nqn.2016-06.io.spdk:cnode1) NSID 1 from core  8:    4734.90      18.50     211.15      10.43    3359.98
 7: RDMA (addr:172.24.0.2 subnqn:nqn.2016-06.io.spdk:cnode1) NSID 1 from core  9:    4722.80      18.45     211.68       9.67    3031.97
 7: RDMA (addr:172.24.0.2 subnqn:nqn.2016-06.io.spdk:cnode1) NSID 1 from core 10:    4725.10      18.46     211.61       8.95    3795.92
 7: RDMA (addr:172.24.0.2 subnqn:nqn.2016-06.io.spdk:cnode1) NSID 1 from core 11:    4736.20      18.50     211.09       9.32    3565.31
 7: RDMA (addr:172.24.0.2 subnqn:nqn.2016-06.io.spdk:cnode1) NSID 1 from core 12:    4762.90      18.61     209.93       8.30    3746.89
 7: RDMA (addr:172.24.0.2 subnqn:nqn.2016-06.io.spdk:cnode1) NSID 1 from core 13:    4746.30      18.54     210.66       8.56    3552.77
 7: RDMA (addr:172.24.0.2 subnqn:nqn.2016-06.io.spdk:cnode1) NSID 1 from core 14:    4735.00      18.50     211.17      10.16    3637.25
 7: RDMA (addr:172.24.0.2 subnqn:nqn.2016-06.io.spdk:cnode1) NSID 1 from core 15:    4761.80      18.60     209.94       9.88    3477.76
 7: ========================================================
 7: Total                                                                       :   75741.50     295.87     211.21       7.34    4150.01
 7: 
11: Initializing NVMe Controllers
11: Attached to NVMe over Fabrics controller at 172.24.0.2:4420: nqn.2016-06.io.spdk:cnode1
11: Controller attach time is 25772.978 us (61855146 ticks)
11: Associating RDMA (addr:172.24.0.2 subnqn:nqn.2016-06.io.spdk:cnode1) NSID 1 with lcore 0
11: Associating RDMA (addr:172.24.0.2 subnqn:nqn.2016-06.io.spdk:cnode1) NSID 1 with lcore 1
11: Associating RDMA (addr:172.24.0.2 subnqn:nqn.2016-06.io.spdk:cnode1) NSID 1 with lcore 2
11: Associating RDMA (addr:172.24.0.2 subnqn:nqn.2016-06.io.spdk:cnode1) NSID 1 with lcore 3
11: Associating RDMA (addr:172.24.0.2 subnqn:nqn.2016-06.io.spdk:cnode1) NSID 1 with lcore 4
11: Associating RDMA (addr:172.24.0.2 subnqn:nqn.2016-06.io.spdk:cnode1) NSID 1 with lcore 5
11: Associating RDMA (addr:172.24.0.2 subnqn:nqn.2016-06.io.spdk:cnode1) NSID 1 with lcore 6
11: Associating RDMA (addr:172.24.0.2 subnqn:nqn.2016-06.io.spdk:cnode1) NSID 1 with lcore 7
11: Associating RDMA (addr:172.24.0.2 subnqn:nqn.2016-06.io.spdk:cnode1) NSID 1 with lcore 8
11: Associating RDMA (addr:172.24.0.2 subnqn:nqn.2016-06.io.spdk:cnode1) NSID 1 with lcore 9
11: Associating RDMA (addr:172.24.0.2 subnqn:nqn.2016-06.io.spdk:cnode1) NSID 1 with lcore 10
11: Associating RDMA (addr:172.24.0.2 subnqn:nqn.2016-06.io.spdk:cnode1) NSID 1 with lcore 11
11: Associating RDMA (addr:172.24.0.2 subnqn:nqn.2016-06.io.spdk:cnode1) NSID 1 with lcore 12
11: Associating RDMA (addr:172.24.0.2 subnqn:nqn.2016-06.io.spdk:cnode1) NSID 1 with lcore 13
11: Associating RDMA (addr:172.24.0.2 subnqn:nqn.2016-06.io.spdk:cnode1) NSID 1 with lcore 14
11: Associating RDMA (addr:172.24.0.2 subnqn:nqn.2016-06.io.spdk:cnode1) NSID 1 with lcore 15
11: Initialization complete. Launching workers.
11: IO qp on core 2 total time 22597.658 us (54234378 ticks), connect time 11870.741 us (28489779 ticks)
11: IO qp on core 3 total time 30276.244 us (72662986 ticks), connect time 19204.217 us (46090120 ticks)
11: IO qp on core 4 total time 40358.000 us (96859199 ticks), connect time 29307.358 us (70337660 ticks)
11: IO qp on core 5 total time 50195.355 us (120468852 ticks), connect time 39126.139 us (93902733 ticks)
11: IO qp on core 12 total time 58942.420 us (141461809 ticks), connect time 49388.248 us (118531795 ticks)
11: IO qp on core 1 total time 70670.223 us (169608535 ticks), connect time 59124.022 us (141897652 ticks)
11: IO qp on core 6 total time 80075.735 us (192181764 ticks), connect time 68612.305 us (164669532 ticks)
11: IO qp on core 11 total time 88392.047 us (212140912 ticks), connect time 76781.847 us (184276432 ticks)
11: IO qp on core 0 total time 99648.466 us (239156318 ticks), connect time 86800.747 us (208321793 ticks)
11: IO qp on core 14 total time 108430.982 us (260234358 ticks), connect time 96546.250 us (231711000 ticks)
11: IO qp on core 9 total time 118741.987 us (284980769 ticks), connect time 106355.838 us (255254012 ticks)
11: IO qp on core 7 total time 128684.464 us (308842713 ticks), connect time 116292.077 us (279100986 ticks)
11: IO qp on core 8 total time 138627.590 us (332706215 ticks), connect time 126049.690 us (302519255 ticks)
11: IO qp on core 15 total time 148536.578 us (356487786 ticks), connect time 135969.272 us (326326254 ticks)
11: IO qp on core 10 total time 158311.021 us (379946450 ticks), connect time 145556.977 us (349336745 ticks)
11: IO qp on core 13 total time 168498.466 us (404396319 ticks), connect time 155704.366 us (373690479 ticks)
11: ========================================================
11:                                                                                                                 Latency(us)
11: Device Information                                                          :       IOPS      MiB/s    Average        min        max
11: RDMA (addr:172.24.0.2 subnqn:nqn.2016-06.io.spdk:cnode1) NSID 1 from core  0:    6220.90      24.30     160.70       7.30    3745.80
11: RDMA (addr:172.24.0.2 subnqn:nqn.2016-06.io.spdk:cnode1) NSID 1 from core  1:    6380.00      24.92     156.69       6.33    3753.65
11: RDMA (addr:172.24.0.2 subnqn:nqn.2016-06.io.spdk:cnode1) NSID 1 from core  2:    6291.10      24.57     158.93       6.85    3681.20
11: RDMA (addr:172.24.0.2 subnqn:nqn.2016-06.io.spdk:cnode1) NSID 1 from core  3:    6360.80      24.85     157.16       6.47    3659.03
11: RDMA (addr:172.24.0.2 subnqn:nqn.2016-06.io.spdk:cnode1) NSID 1 from core  4:    6278.00      24.52     159.25       6.96    3140.67
11: RDMA (addr:172.24.0.2 subnqn:nqn.2016-06.io.spdk:cnode1) NSID 1 from core  5:    6357.00      24.83     157.25       6.13    3228.82
11: RDMA (addr:172.24.0.2 subnqn:nqn.2016-06.io.spdk:cnode1) NSID 1 from core  6:    6305.50      24.63     158.57       6.72    3486.88
11: RDMA (addr:172.24.0.2 subnqn:nqn.2016-06.io.spdk:cnode1) NSID 1 from core  7:    6347.00      24.79     157.52       5.86    3659.05
11: RDMA (addr:172.24.0.2 subnqn:nqn.2016-06.io.spdk:cnode1) NSID 1 from core  8:    6268.80      24.49     159.48       6.96    3138.76
11: RDMA (addr:172.24.0.2 subnqn:nqn.2016-06.io.spdk:cnode1) NSID 1 from core  9:    6295.50      24.59     158.81       6.41    3681.26
11: RDMA (addr:172.24.0.2 subnqn:nqn.2016-06.io.spdk:cnode1) NSID 1 from core 10:    6283.10      24.54     159.13       7.06    3235.07
11: RDMA (addr:172.24.0.2 subnqn:nqn.2016-06.io.spdk:cnode1) NSID 1 from core 11:    6361.70      24.85     157.16       6.34    3464.13
11: RDMA (addr:172.24.0.2 subnqn:nqn.2016-06.io.spdk:cnode1) NSID 1 from core 12:    6290.80      24.57     158.94       7.05    3154.07
11: RDMA (addr:172.24.0.2 subnqn:nqn.2016-06.io.spdk:cnode1) NSID 1 from core 13:    6372.50      24.89     156.88       6.18    3791.31
11: RDMA (addr:172.24.0.2 subnqn:nqn.2016-06.io.spdk:cnode1) NSID 1 from core 14:    6357.80      24.84     157.25       6.28    3578.25
11: RDMA (addr:172.24.0.2 subnqn:nqn.2016-06.io.spdk:cnode1) NSID 1 from core 15:    6334.10      24.74     157.84       6.38    3256.05
11: ========================================================
11: Total                                                                       :  101104.60     394.94     158.21       5.86    3791.31
11: 
== Servers stopping... 
srun -l -O --nodes 1 --ntasks 1 --nodelist=jazz02 --export=ALL ./stop_tgt.sh
0: == TGT Memory usage ==
0: Huge pages: 1928 MB, HWM: 722.469
srun: error: jazz02: task 0: Exited with exit code 127
srun: launch/slurm: _step_signal: Terminating StepId=59995.0
jazz02: Error while connecting to /var/tmp/spdk.sock
jazz02: Is SPDK application running?
jazz02: Error details: [Errno -2] Name or service not known
pdsh@jazz02: jazz02: ssh exited with exit code 1
jazz06: Error while connecting to /var/tmp/spdk.sock
jazz06: Is SPDK application running?
jazz06: Error details: [Errno -2] Name or service not known
jazz03: Error while connecting to /var/tmp/spdk.sock
jazz03: Is SPDK application running?
jazz03: Error details: [Errno -2] Name or service not known
jazz07: Error while connecting to /var/tmp/spdk.sock
jazz07: Is SPDK application running?
jazz07: Error details: [Errno -2] Name or service not known
pdsh@jazz02: jazz06: ssh exited with exit code 1
jazz25: Error while connecting to /var/tmp/spdk.sock
jazz25: Is SPDK application running?
jazz25: Error details: [Errno -2] Name or service not known
pdsh@jazz02: jazz07: ssh exited with exit code 1
jazz26: Error while connecting to /var/tmp/spdk.sock
jazz26: Is SPDK application running?
jazz26: Error details: [Errno -2] Name or service not known
jazz19: Error while connecting to /var/tmp/spdk.sock
jazz19: Is SPDK application running?
jazz19: Error details: [Errno -2] Name or service not known
pdsh@jazz02: jazz03: ssh exited with exit code 1
pdsh@jazz02: jazz25: ssh exited with exit code 1
pdsh@jazz02: jazz26: ssh exited with exit code 1
pdsh@jazz02: jazz19: ssh exited with exit code 1
jazz24: Error while connecting to /var/tmp/spdk.sock
jazz24: Is SPDK application running?
jazz24: Error details: [Errno -2] Name or service not known
jazz22: Error while connecting to /var/tmp/spdk.sock
jazz22: Is SPDK application running?
jazz22: Error details: [Errno -2] Name or service not known
jazz28: Error while connecting to /var/tmp/spdk.sock
jazz28: Is SPDK application running?
jazz28: Error details: [Errno -2] Name or service not known
pdsh@jazz02: jazz24: ssh exited with exit code 1
pdsh@jazz02: jazz22: ssh exited with exit code 1
jazz27: Error while connecting to /var/tmp/spdk.sock
jazz27: Is SPDK application running?
jazz27: Error details: [Errno -2] Name or service not known
jazz23: Error while connecting to /var/tmp/spdk.sock
jazz23: Is SPDK application running?
jazz23: Error details: [Errno -2] Name or service not known
pdsh@jazz02: jazz28: ssh exited with exit code 1
pdsh@jazz02: jazz27: ssh exited with exit code 1
jazz18: Error while connecting to /var/tmp/spdk.sock
jazz18: Is SPDK application running?
jazz18: Error details: [Errno -2] Name or service not known
pdsh@jazz02: jazz23: ssh exited with exit code 1
pdsh@jazz02: jazz18: ssh exited with exit code 1
jazz16: Error while connecting to /var/tmp/spdk.sock
jazz16: Is SPDK application running?
jazz16: Error details: [Errno 111] Connection refused
pdsh@jazz02: jazz16: ssh exited with exit code 1
jazz13: Error while connecting to /var/tmp/spdk.sock
jazz13: Is SPDK application running?
jazz13: Error details: [Errno -2] Name or service not known
jazz17: Error while connecting to /var/tmp/spdk.sock
jazz17: Is SPDK application running?
jazz17: Error details: [Errno -2] Name or service not known
pdsh@jazz02: jazz13: ssh exited with exit code 1
pdsh@jazz02: jazz17: ssh exited with exit code 1
jazz30: Error while connecting to /var/tmp/spdk.sock
jazz30: Is SPDK application running?
jazz30: Error details: [Errno -2] Name or service not known
pdsh@jazz02: jazz30: ssh exited with exit code 1
jazz05: Error while connecting to /var/tmp/spdk.sock
jazz05: Is SPDK application running?
jazz05: Error details: [Errno -2] Name or service not known
jazz04: Error while connecting to /var/tmp/spdk.sock
jazz04: Is SPDK application running?
jazz04: Error details: [Errno -2] Name or service not known
jazz20: Error while connecting to /var/tmp/spdk.sock
jazz20: Is SPDK application running?
jazz20: Error details: [Errno -2] Name or service not known
pdsh@jazz02: jazz04: ssh exited with exit code 1
pdsh@jazz02: jazz05: ssh exited with exit code 1
pdsh@jazz02: jazz20: ssh exited with exit code 1
jazz21: Error while connecting to /var/tmp/spdk.sock
jazz21: Is SPDK application running?
jazz21: Error details: [Errno -2] Name or service not known
pdsh@jazz02: jazz21: ssh exited with exit code 1
