== Starting run at Mon Aug 16 12:15:27 IDT 2021
== Job ID: 59992
== Totally nodes: 
== Node list: jazz[02-07,13,16-28,30]
== Submit dir. : /hpc/local/work/denisn/dc/spdk/dc_testing
== Servers number: 1
== SPDK_DIR: /labhome/denisn/dc/spdk_release
== RDMA_CORE_DIR: /labhome/denisn/dc/rdma-core/build/lib
== TGT_MASK: 0x7F
== PERF_MASK: 0xFFFF
== Server nodelist: jazz02
== Client nodelist: jazz03,jazz04,jazz05,jazz06,jazz07,jazz13,jazz16,jazz17,jazz18,jazz19,jazz20,jazz21,jazz22,jazz23,jazz24,jazz25,jazz26,jazz27,jazz28,jazz30
== Servers running...
srun -l -O --nodes 1 --ntasks 1 --nodelist=jazz02 --export=ALL ./server_run.sh &
== Clients running... 
srun -l --nodes 20 --ntasks 20 --nodelist=jazz03,jazz04,jazz05,jazz06,jazz07,jazz13,jazz16,jazz17,jazz18,jazz19,jazz20,jazz21,jazz22,jazz23,jazz24,jazz25,jazz26,jazz27,jazz28,jazz30 --export=ALL ./nvmeperf_run.sh
0: Server's Servers number: 1
0: Server's SPDK_DIR: /labhome/denisn/dc/spdk_release
 4: Initiator's Servers number: 1
14: Initiator's Servers number: 1
10: Initiator's Servers number: 1
16: Initiator's Servers number: 1
11: Initiator's Servers number: 1
15: Initiator's Servers number: 1
 8: Initiator's Servers number: 1
13: Initiator's Servers number: 1
 4: Initiator's SPDK_DIR: /labhome/denisn/dc/spdk_release
14: Initiator's SPDK_DIR: /labhome/denisn/dc/spdk_release
10: Initiator's SPDK_DIR: /labhome/denisn/dc/spdk_release
16: Initiator's SPDK_DIR: /labhome/denisn/dc/spdk_release
15: Initiator's SPDK_DIR: /labhome/denisn/dc/spdk_release
 4: Initiator's RDMA_CORE_DIR: /labhome/denisn/dc/rdma-core/build/lib
13: Initiator's SPDK_DIR: /labhome/denisn/dc/spdk_release
 8: Initiator's SPDK_DIR: /labhome/denisn/dc/spdk_release
11: Initiator's SPDK_DIR: /labhome/denisn/dc/spdk_release
14: Initiator's RDMA_CORE_DIR: /labhome/denisn/dc/rdma-core/build/lib
10: Initiator's RDMA_CORE_DIR: /labhome/denisn/dc/rdma-core/build/lib
16: Initiator's RDMA_CORE_DIR: /labhome/denisn/dc/rdma-core/build/lib
 4: Initiator's TGT_MASK: 0x7F
15: Initiator's RDMA_CORE_DIR: /labhome/denisn/dc/rdma-core/build/lib
13: Initiator's RDMA_CORE_DIR: /labhome/denisn/dc/rdma-core/build/lib
 8: Initiator's RDMA_CORE_DIR: /labhome/denisn/dc/rdma-core/build/lib
11: Initiator's RDMA_CORE_DIR: /labhome/denisn/dc/rdma-core/build/lib
14: Initiator's TGT_MASK: 0x7F
10: Initiator's TGT_MASK: 0x7F
16: Initiator's TGT_MASK: 0x7F
 4: Initiator's PERF_MASK: 0xFFFF
15: Initiator's TGT_MASK: 0x7F
13: Initiator's TGT_MASK: 0x7F
 8: Initiator's TGT_MASK: 0x7F
14: Initiator's PERF_MASK: 0xFFFF
16: Initiator's PERF_MASK: 0xFFFF
10: Initiator's PERF_MASK: 0xFFFF
11: Initiator's TGT_MASK: 0x7F
15: Initiator's PERF_MASK: 0xFFFF
13: Initiator's PERF_MASK: 0xFFFF
 8: Initiator's PERF_MASK: 0xFFFF
11: Initiator's PERF_MASK: 0xFFFF
0: Server's RDMA_CORE_DIR: /labhome/denisn/dc/rdma-core/build/lib
0: Server's TGT_MASK: 0x7F
0: Server's PERF_MASK: 0xFFFF
 5: Initiator's Servers number: 1
 5: Initiator's SPDK_DIR: /labhome/denisn/dc/spdk_release
 5: Initiator's RDMA_CORE_DIR: /labhome/denisn/dc/rdma-core/build/lib
 5: Initiator's TGT_MASK: 0x7F
 5: Initiator's PERF_MASK: 0xFFFF
 3: Initiator's Servers number: 1
 3: Initiator's SPDK_DIR: /labhome/denisn/dc/spdk_release
 3: Initiator's RDMA_CORE_DIR: /labhome/denisn/dc/rdma-core/build/lib
 3: Initiator's TGT_MASK: 0x7F
 3: Initiator's PERF_MASK: 0xFFFF
 1: Initiator's Servers number: 1
 1: Initiator's SPDK_DIR: /labhome/denisn/dc/spdk_release
 1: Initiator's RDMA_CORE_DIR: /labhome/denisn/dc/rdma-core/build/lib
 1: Initiator's TGT_MASK: 0x7F
 1: Initiator's PERF_MASK: 0xFFFF
 2: Initiator's Servers number: 1
 2: Initiator's SPDK_DIR: /labhome/denisn/dc/spdk_release
 2: Initiator's RDMA_CORE_DIR: /labhome/denisn/dc/rdma-core/build/lib
 2: Initiator's TGT_MASK: 0x7F
 2: Initiator's PERF_MASK: 0xFFFF
0: Mounting hugetlbfs at /mnt/huge
 0: Initiator's Servers number: 1
 0: Initiator's SPDK_DIR: /labhome/denisn/dc/spdk_release
 0: Initiator's RDMA_CORE_DIR: /labhome/denisn/dc/rdma-core/build/lib
 0: Initiator's TGT_MASK: 0x7F
 0: Initiator's PERF_MASK: 0xFFFF
 4: Mounting hugetlbfs at /mnt/huge
10: Mounting hugetlbfs at /mnt/huge
15: Mounting hugetlbfs at /mnt/huge
13: Mounting hugetlbfs at /mnt/huge
 8: Mounting hugetlbfs at /mnt/huge
16: Mounting hugetlbfs at /mnt/huge
14: Mounting hugetlbfs at /mnt/huge
11: Mounting hugetlbfs at /mnt/huge
 5: Mounting hugetlbfs at /mnt/huge
10: Waiting for 1 servers started... now there are 0 servers
 3: Mounting hugetlbfs at /mnt/huge
13: Waiting for 1 servers started... now there are 0 servers
 4: Waiting for 1 servers started... now there are 0 servers
16: Waiting for 1 servers started... now there are 0 servers
11: Waiting for 1 servers started... now there are 0 servers
15: Waiting for 1 servers started... now there are 0 servers
14: Waiting for 1 servers started... now there are 0 servers
 8: Waiting for 1 servers started... now there are 0 servers
 7: Initiator's Servers number: 1
 7: Initiator's SPDK_DIR: /labhome/denisn/dc/spdk_release
 7: Initiator's RDMA_CORE_DIR: /labhome/denisn/dc/rdma-core/build/lib
 7: Initiator's TGT_MASK: 0x7F
 7: Initiator's PERF_MASK: 0xFFFF
 5: Waiting for 1 servers started... now there are 0 servers
17: Initiator's Servers number: 1
17: Initiator's SPDK_DIR: /labhome/denisn/dc/spdk_release
 3: Waiting for 1 servers started... now there are 0 servers
17: Initiator's RDMA_CORE_DIR: /labhome/denisn/dc/rdma-core/build/lib
17: Initiator's TGT_MASK: 0x7F
17: Initiator's PERF_MASK: 0xFFFF
 6: Initiator's Servers number: 1
 1: Mounting hugetlbfs at /mnt/huge
 6: Initiator's SPDK_DIR: /labhome/denisn/dc/spdk_release
 6: Initiator's RDMA_CORE_DIR: /labhome/denisn/dc/rdma-core/build/lib
 6: Initiator's TGT_MASK: 0x7F
 6: Initiator's PERF_MASK: 0xFFFF
 2: Mounting hugetlbfs at /mnt/huge
 0: Mounting hugetlbfs at /mnt/huge
 1: Waiting for 1 servers started... now there are 0 servers
 2: Waiting for 1 servers started... now there are 0 servers
 9: Initiator's Servers number: 1
 9: Initiator's SPDK_DIR: /labhome/denisn/dc/spdk_release
 9: Initiator's RDMA_CORE_DIR: /labhome/denisn/dc/rdma-core/build/lib
 9: Initiator's TGT_MASK: 0x7F
 9: Initiator's PERF_MASK: 0xFFFF
 0: Waiting for 1 servers started... now there are 0 servers
12: Initiator's Servers number: 1
12: Initiator's SPDK_DIR: /labhome/denisn/dc/spdk_release
12: Initiator's RDMA_CORE_DIR: /labhome/denisn/dc/rdma-core/build/lib
12: Initiator's TGT_MASK: 0x7F
12: Initiator's PERF_MASK: 0xFFFF
 7: Mounting hugetlbfs at /mnt/huge
19: Initiator's Servers number: 1
19: Initiator's SPDK_DIR: /labhome/denisn/dc/spdk_release
19: Initiator's RDMA_CORE_DIR: /labhome/denisn/dc/rdma-core/build/lib
19: Initiator's TGT_MASK: 0x7F
19: Initiator's PERF_MASK: 0xFFFF
17: Mounting hugetlbfs at /mnt/huge
 6: Mounting hugetlbfs at /mnt/huge
 7: Waiting for 1 servers started... now there are 0 servers
17: Waiting for 1 servers started... now there are 0 servers
 6: Waiting for 1 servers started... now there are 0 servers
 9: Mounting hugetlbfs at /mnt/huge
12: Mounting hugetlbfs at /mnt/huge
18: Initiator's Servers number: 1
 9: Waiting for 1 servers started... now there are 0 servers
19: Mounting hugetlbfs at /mnt/huge
12: Waiting for 1 servers started... now there are 0 servers
18: Initiator's SPDK_DIR: /labhome/denisn/dc/spdk_release
18: Initiator's RDMA_CORE_DIR: /labhome/denisn/dc/rdma-core/build/lib
18: Initiator's TGT_MASK: 0x7F
18: Initiator's PERF_MASK: 0xFFFF
19: Waiting for 1 servers started... now there are 0 servers
18: Mounting hugetlbfs at /mnt/huge
18: Waiting for 1 servers started... now there are 0 servers
0: sudo env LD_LIBRARY_PATH=/labhome/denisn/dc/rdma-core/build/lib /labhome/denisn/dc/spdk_release/install/bin/spdk_tgt -m 0x7F 2>&1 | tee -a /hpc/local/work/denisn/dc/spdk/dc_testing/job.59992/spdk_tgt.0.log &
0: Waiting for 3s after spdk_tgt run ...
10: Waiting for 1 servers started... now there are 0 servers
 4: Waiting for 1 servers started... now there are 0 servers
13: Waiting for 1 servers started... now there are 0 servers
16: Waiting for 1 servers started... now there are 0 servers
15: Waiting for 1 servers started... now there are 0 servers
11: Waiting for 1 servers started... now there are 0 servers
14: Waiting for 1 servers started... now there are 0 servers
 8: Waiting for 1 servers started... now there are 0 servers
0: [2021-08-16 12:15:29.077670] Starting SPDK v21.04 git sha1 8016710 / DPDK 21.05.0 initialization...
0: [2021-08-16 12:15:29.077727] [ DPDK EAL parameters: [2021-08-16 12:15:29.077733] spdk_tgt [2021-08-16 12:15:29.077749] --no-shconf [2021-08-16 12:15:29.077752] -c 0x7F [2021-08-16 12:15:29.077756] --log-level=lib.eal:6 [2021-08-16 12:15:29.077788] --log-level=lib.cryptodev:5 [2021-08-16 12:15:29.077811] --log-level=user1:6 [2021-08-16 12:15:29.077815] --base-virtaddr=0x200000000000 [2021-08-16 12:15:29.077823] --match-allocations [2021-08-16 12:15:29.077828] --file-prefix=spdk_pid53062 [2021-08-16 12:15:29.077834] ]
 5: Waiting for 1 servers started... now there are 0 servers
0: EAL: No available 1048576 kB hugepages reported
0: EAL: No free 2048 kB hugepages reported on node 1
 3: Waiting for 1 servers started... now there are 0 servers
0: TELEMETRY: No legacy callbacks, legacy socket not created
0: [2021-08-16 12:15:29.128979] app.c: 535:spdk_app_start: *NOTICE*: Total cores available: 7
 1: Waiting for 1 servers started... now there are 0 servers
 2: Waiting for 1 servers started... now there are 0 servers
 0: Waiting for 1 servers started... now there are 0 servers
0: [2021-08-16 12:15:29.294373] reactor.c: 929:reactor_run: *NOTICE*: Reactor started on core 1
0: [2021-08-16 12:15:29.294437] reactor.c: 929:reactor_run: *NOTICE*: Reactor started on core 2
0: [2021-08-16 12:15:29.294501] reactor.c: 929:reactor_run: *NOTICE*: Reactor started on core 3
0: [2021-08-16 12:15:29.294556] reactor.c: 929:reactor_run: *NOTICE*: Reactor started on core 4
0: [2021-08-16 12:15:29.294570] reactor.c: 929:reactor_run: *NOTICE*: Reactor started on core 5
0: [2021-08-16 12:15:29.294587] reactor.c: 929:reactor_run: *NOTICE*: Reactor started on core 6
0: [2021-08-16 12:15:29.294591] reactor.c: 929:reactor_run: *NOTICE*: Reactor started on core 0
0: [2021-08-16 12:15:29.294731] accel_engine.c: 852:spdk_accel_engine_initialize: *NOTICE*: Accel engine initialized to use software engine.
 7: Waiting for 1 servers started... now there are 0 servers
17: Waiting for 1 servers started... now there are 0 servers
 6: Waiting for 1 servers started... now there are 0 servers
 9: Waiting for 1 servers started... now there are 0 servers
12: Waiting for 1 servers started... now there are 0 servers
19: Waiting for 1 servers started... now there are 0 servers
18: Waiting for 1 servers started... now there are 0 servers
10: Waiting for 1 servers started... now there are 0 servers
13: Waiting for 1 servers started... now there are 0 servers
 4: Waiting for 1 servers started... now there are 0 servers
16: Waiting for 1 servers started... now there are 0 servers
11: Waiting for 1 servers started... now there are 0 servers
15: Waiting for 1 servers started... now there are 0 servers
 8: Waiting for 1 servers started... now there are 0 servers
14: Waiting for 1 servers started... now there are 0 servers
 5: Waiting for 1 servers started... now there are 0 servers
 3: Waiting for 1 servers started... now there are 0 servers
 1: Waiting for 1 servers started... now there are 0 servers
 2: Waiting for 1 servers started... now there are 0 servers
 0: Waiting for 1 servers started... now there are 0 servers
 7: Waiting for 1 servers started... now there are 0 servers
17: Waiting for 1 servers started... now there are 0 servers
 6: Waiting for 1 servers started... now there are 0 servers
 9: Waiting for 1 servers started... now there are 0 servers
12: Waiting for 1 servers started... now there are 0 servers
19: Waiting for 1 servers started... now there are 0 servers
18: Waiting for 1 servers started... now there are 0 servers
10: Waiting for 1 servers started... now there are 0 servers
13: Waiting for 1 servers started... now there are 0 servers
 4: Waiting for 1 servers started... now there are 0 servers
16: Waiting for 1 servers started... now there are 0 servers
11: Waiting for 1 servers started... now there are 0 servers
15: Waiting for 1 servers started... now there are 0 servers
 8: Waiting for 1 servers started... now there are 0 servers
14: Waiting for 1 servers started... now there are 0 servers
 5: Waiting for 1 servers started... now there are 0 servers
 3: Waiting for 1 servers started... now there are 0 servers
 1: Waiting for 1 servers started... now there are 0 servers
 2: Waiting for 1 servers started... now there are 0 servers
 0: Waiting for 1 servers started... now there are 0 servers
 7: Waiting for 1 servers started... now there are 0 servers
17: Waiting for 1 servers started... now there are 0 servers
 6: Waiting for 1 servers started... now there are 0 servers
 9: Waiting for 1 servers started... now there are 0 servers
12: Waiting for 1 servers started... now there are 0 servers
19: Waiting for 1 servers started... now there are 0 servers
18: Waiting for 1 servers started... now there are 0 servers
0: spdk_tgt pid: 53062
10: Waiting for 1 servers started... now there are 0 servers
13: Waiting for 1 servers started... now there are 0 servers
 4: Waiting for 1 servers started... now there are 0 servers
16: Waiting for 1 servers started... now there are 0 servers
11: Waiting for 1 servers started... now there are 0 servers
15: Waiting for 1 servers started... now there are 0 servers
 8: Waiting for 1 servers started... now there are 0 servers
14: Waiting for 1 servers started... now there are 0 servers
 5: Waiting for 1 servers started... now there are 0 servers
 3: Waiting for 1 servers started... now there are 0 servers
0: Null0
 1: Waiting for 1 servers started... now there are 0 servers
 2: Waiting for 1 servers started... now there are 0 servers
 0: Waiting for 1 servers started... now there are 0 servers
 7: Waiting for 1 servers started... now there are 0 servers
17: Waiting for 1 servers started... now there are 0 servers
 6: Waiting for 1 servers started... now there are 0 servers
0: !!!! max_wqe_sz_sq:1024
0: !!!! max_wqe_sz_rq:512
0: !!!! max_wqe_sz_sq_dc:256
0: !!!! max_wqe_sz_sq:1024
0: !!!! max_wqe_sz_rq:512
0: !!!! max_wqe_sz_sq_dc:256
0: !!!! max_wqe_sz_sq:1024
0: !!!! max_wqe_sz_rq:512
0: !!!! max_wqe_sz_sq_dc:256
0: !!!! max_wqe_sz_sq:1024
0: !!!! max_wqe_sz_rq:512
0: !!!! max_wqe_sz_sq_dc:256
0: !!!! max_wqe_sz_sq:1024
0: !!!! max_wqe_sz_rq:512
0: !!!! max_wqe_sz_sq_dc:256
0: !!!! max_wqe_sz_sq:1024
0: !!!! max_wqe_sz_rq:512
0: !!!! max_wqe_sz_sq_dc:256
 9: Waiting for 1 servers started... now there are 0 servers
12: Waiting for 1 servers started... now there are 0 servers
19: Waiting for 1 servers started... now there are 0 servers
18: Waiting for 1 servers started... now there are 0 servers
10: Waiting for 1 servers started... now there are 0 servers
13: Waiting for 1 servers started... now there are 0 servers
 4: Waiting for 1 servers started... now there are 0 servers
16: Waiting for 1 servers started... now there are 0 servers
11: Waiting for 1 servers started... now there are 0 servers
15: Waiting for 1 servers started... now there are 0 servers
 8: Waiting for 1 servers started... now there are 0 servers
14: Waiting for 1 servers started... now there are 0 servers
 5: Waiting for 1 servers started... now there are 0 servers
 3: Waiting for 1 servers started... now there are 0 servers
 1: Waiting for 1 servers started... now there are 0 servers
 2: Waiting for 1 servers started... now there are 0 servers
 0: Waiting for 1 servers started... now there are 0 servers
0: [2021-08-16 12:15:33.334423] rdma.c:2651:nvmf_rdma_listen: *NOTICE*: *** NVMe/RDMA Target Listening on 172.24.0.2 port 4420 ***
 7: Waiting for 1 servers started... now there are 0 servers
17: Waiting for 1 servers started... now there are 0 servers
 6: Waiting for 1 servers started... now there are 0 servers
 9: Waiting for 1 servers started... now there are 0 servers
12: Waiting for 1 servers started... now there are 0 servers
19: Waiting for 1 servers started... now there are 0 servers
18: Waiting for 1 servers started... now there are 0 servers
10: Waiting for 1 servers started... now there are 0 servers
13: Waiting for 1 servers started... now there are 0 servers
 4: Waiting for 1 servers started... now there are 0 servers
16: Waiting for 1 servers started... now there are 0 servers
11: Waiting for 1 servers started... now there are 0 servers
15: Waiting for 1 servers started... now there are 0 servers
 8: Waiting for 1 servers started... now there are 0 servers
14: Waiting for 1 servers started... now there are 0 servers
 5: Waiting for 1 servers started... now there are 0 servers
 3: Waiting for 1 servers started... now there are 0 servers
 1: Waiting for 1 servers started... now there are 0 servers
 2: Waiting for 1 servers started... now there are 0 servers
 0: Waiting for 1 servers started... now there are 0 servers
 7: Waiting for 1 servers started... now there are 0 servers
17: Waiting for 1 servers started... now there are 0 servers
 6: Waiting for 1 servers started... now there are 0 servers
 9: Waiting for 1 servers started... now there are 0 servers
0: /hpc/local/work/denisn/dc/spdk/dc_testing/./server_run.sh: line 38: wait: pid 53062 is not a child of this shell
12: 
12: Got servers list: 172.24.0.2
12: sudo env LD_LIBRARY_PATH=/labhome/denisn/dc/rdma-core/build/lib /labhome/denisn/dc/spdk_release/install/bin/spdk_nvme_perf 	 --srq-depth 128 -r "trtype:rdma adrfam:ipv4 traddr:172.24.0.2 trsvcid:4420" 	 -c 0xFFFF -q 1 -o 4096 -w randread -t 10 	  2>&1 | tee -a /hpc/local/work/denisn/dc/spdk/dc_testing/job.59992/perf.12.log
19: 
19: Got servers list: 172.24.0.2
19: sudo env LD_LIBRARY_PATH=/labhome/denisn/dc/rdma-core/build/lib /labhome/denisn/dc/spdk_release/install/bin/spdk_nvme_perf 	 --srq-depth 128 -r "trtype:rdma adrfam:ipv4 traddr:172.24.0.2 trsvcid:4420" 	 -c 0xFFFF -q 1 -o 4096 -w randread -t 10 	  2>&1 | tee -a /hpc/local/work/denisn/dc/spdk/dc_testing/job.59992/perf.19.log
12: [2021-08-16 12:15:34.596361] Starting SPDK v21.04 git sha1 8016710 / DPDK 21.05.0 initialization...
12: [2021-08-16 12:15:34.596436] [ DPDK EAL parameters: [2021-08-16 12:15:34.596444] perf [2021-08-16 12:15:34.596448] --no-shconf [2021-08-16 12:15:34.596470] -c 0xFFFF [2021-08-16 12:15:34.596475] --no-pci [2021-08-16 12:15:34.596487] --log-level=lib.eal:6 [2021-08-16 12:15:34.596492] --log-level=lib.cryptodev:5 [2021-08-16 12:15:34.596498] --log-level=user1:6 [2021-08-16 12:15:34.596503] --base-virtaddr=0x200000000000 [2021-08-16 12:15:34.596509] --match-allocations [2021-08-16 12:15:34.596513] --file-prefix=spdk_pid177109 [2021-08-16 12:15:34.596520] ]
12: EAL: No available 1048576 kB hugepages reported
12: EAL: No free 2048 kB hugepages reported on node 1
12: TELEMETRY: No legacy callbacks, legacy socket not created
19: [2021-08-16 12:15:34.657121] Starting SPDK v21.04 git sha1 8016710 / DPDK 21.05.0 initialization...
19: [2021-08-16 12:15:34.657180] [ DPDK EAL parameters: [2021-08-16 12:15:34.657206] perf [2021-08-16 12:15:34.657211] --no-shconf [2021-08-16 12:15:34.657217] -c 0xFFFF [2021-08-16 12:15:34.657221] --no-pci [2021-08-16 12:15:34.657227] --log-level=lib.eal:6 [2021-08-16 12:15:34.657231] --log-level=lib.cryptodev:5 [2021-08-16 12:15:34.657237] --log-level=user1:6 [2021-08-16 12:15:34.657242] --base-virtaddr=0x200000000000 [2021-08-16 12:15:34.657248] --match-allocations [2021-08-16 12:15:34.657253] --file-prefix=spdk_pid102361 [2021-08-16 12:15:34.657259] ]
19: EAL: No available 1048576 kB hugepages reported
19: EAL: No free 2048 kB hugepages reported on node 1
19: TELEMETRY: No legacy callbacks, legacy socket not created
18: 
18: Got servers list: 172.24.0.2
18: sudo env LD_LIBRARY_PATH=/labhome/denisn/dc/rdma-core/build/lib /labhome/denisn/dc/spdk_release/install/bin/spdk_nvme_perf 	 --srq-depth 128 -r "trtype:rdma adrfam:ipv4 traddr:172.24.0.2 trsvcid:4420" 	 -c 0xFFFF -q 1 -o 4096 -w randread -t 10 	  2>&1 | tee -a /hpc/local/work/denisn/dc/spdk/dc_testing/job.59992/perf.18.log
19: !!!! max_wqe_sz_sq:1024
19: !!!! max_wqe_sz_rq:512
19: !!!! max_wqe_sz_sq_dc:256
19: !!!! max_wqe_sz_sq:1024
19: !!!! max_wqe_sz_rq:512
19: !!!! max_wqe_sz_sq_dc:256
19: !!!! max_wqe_sz_sq:1024
19: !!!! max_wqe_sz_rq:512
19: !!!! max_wqe_sz_sq_dc:256
19: !!!! max_wqe_sz_sq:1024
19: !!!! max_wqe_sz_rq:512
19: !!!! max_wqe_sz_sq_dc:256
19: !!!! max_wqe_sz_sq:1024
19: !!!! max_wqe_sz_rq:512
19: !!!! max_wqe_sz_sq_dc:256
19: !!!! max_wqe_sz_sq:1024
19: !!!! max_wqe_sz_rq:512
19: !!!! max_wqe_sz_sq_dc:256
18: [2021-08-16 12:15:34.815240] Starting SPDK v21.04 git sha1 8016710 / DPDK 21.05.0 initialization...
18: [2021-08-16 12:15:34.815324] [ DPDK EAL parameters: [2021-08-16 12:15:34.815350] perf [2021-08-16 12:15:34.815355] --no-shconf [2021-08-16 12:15:34.815361] -c 0xFFFF [2021-08-16 12:15:34.815366] --no-pci [2021-08-16 12:15:34.815372] --log-level=lib.eal:6 [2021-08-16 12:15:34.815376] --log-level=lib.cryptodev:5 [2021-08-16 12:15:34.815383] --log-level=user1:6 [2021-08-16 12:15:34.815389] --base-virtaddr=0x200000000000 [2021-08-16 12:15:34.815395] --match-allocations [2021-08-16 12:15:34.815399] --file-prefix=spdk_pid39349 [2021-08-16 12:15:34.815405] ]
18: EAL: No available 1048576 kB hugepages reported
18: EAL: No free 2048 kB hugepages reported on node 1
18: TELEMETRY: No legacy callbacks, legacy socket not created
18: !!!! max_wqe_sz_sq:1024
18: !!!! max_wqe_sz_rq:512
18: !!!! max_wqe_sz_sq_dc:256
18: !!!! max_wqe_sz_sq:1024
18: !!!! max_wqe_sz_rq:512
18: !!!! max_wqe_sz_sq_dc:256
18: !!!! max_wqe_sz_sq:1024
18: !!!! max_wqe_sz_rq:512
18: !!!! max_wqe_sz_sq_dc:256
18: !!!! max_wqe_sz_sq:1024
18: !!!! max_wqe_sz_rq:512
18: !!!! max_wqe_sz_sq_dc:256
18: !!!! max_wqe_sz_sq:1024
18: !!!! max_wqe_sz_rq:512
18: !!!! max_wqe_sz_sq_dc:256
18: !!!! max_wqe_sz_sq:1024
18: !!!! max_wqe_sz_rq:512
18: !!!! max_wqe_sz_sq_dc:256
12: !!!! max_wqe_sz_sq:1024
12: !!!! max_wqe_sz_rq:512
12: !!!! max_wqe_sz_sq_dc:256
12: !!!! max_wqe_sz_sq:1024
12: !!!! max_wqe_sz_rq:512
12: !!!! max_wqe_sz_sq_dc:256
12: !!!! max_wqe_sz_sq:1024
12: !!!! max_wqe_sz_rq:512
12: !!!! max_wqe_sz_sq_dc:256
12: !!!! max_wqe_sz_sq:1024
12: !!!! max_wqe_sz_rq:512
12: !!!! max_wqe_sz_sq_dc:256
12: !!!! max_wqe_sz_sq:1024
12: !!!! max_wqe_sz_rq:512
12: !!!! max_wqe_sz_sq_dc:256
12: !!!! max_wqe_sz_sq:1024
12: !!!! max_wqe_sz_rq:512
12: !!!! max_wqe_sz_sq_dc:256
10: 
10: Got servers list: 172.24.0.2
10: sudo env LD_LIBRARY_PATH=/labhome/denisn/dc/rdma-core/build/lib /labhome/denisn/dc/spdk_release/install/bin/spdk_nvme_perf 	 --srq-depth 128 -r "trtype:rdma adrfam:ipv4 traddr:172.24.0.2 trsvcid:4420" 	 -c 0xFFFF -q 1 -o 4096 -w randread -t 10 	  2>&1 | tee -a /hpc/local/work/denisn/dc/spdk/dc_testing/job.59992/perf.10.log
13: 
 4: 
16: 
11: 
13: Got servers list: 172.24.0.2
13: sudo env LD_LIBRARY_PATH=/labhome/denisn/dc/rdma-core/build/lib /labhome/denisn/dc/spdk_release/install/bin/spdk_nvme_perf 	 --srq-depth 128 -r "trtype:rdma adrfam:ipv4 traddr:172.24.0.2 trsvcid:4420" 	 -c 0xFFFF -q 1 -o 4096 -w randread -t 10 	  2>&1 | tee -a /hpc/local/work/denisn/dc/spdk/dc_testing/job.59992/perf.13.log
15: 
 4: Got servers list: 172.24.0.2
 4: sudo env LD_LIBRARY_PATH=/labhome/denisn/dc/rdma-core/build/lib /labhome/denisn/dc/spdk_release/install/bin/spdk_nvme_perf 	 --srq-depth 128 -r "trtype:rdma adrfam:ipv4 traddr:172.24.0.2 trsvcid:4420" 	 -c 0xFFFF -q 1 -o 4096 -w randread -t 10 	  2>&1 | tee -a /hpc/local/work/denisn/dc/spdk/dc_testing/job.59992/perf.4.log
16: Got servers list: 172.24.0.2
16: sudo env LD_LIBRARY_PATH=/labhome/denisn/dc/rdma-core/build/lib /labhome/denisn/dc/spdk_release/install/bin/spdk_nvme_perf 	 --srq-depth 128 -r "trtype:rdma adrfam:ipv4 traddr:172.24.0.2 trsvcid:4420" 	 -c 0xFFFF -q 1 -o 4096 -w randread -t 10 	  2>&1 | tee -a /hpc/local/work/denisn/dc/spdk/dc_testing/job.59992/perf.16.log
 8: 
11: Got servers list: 172.24.0.2
11: sudo env LD_LIBRARY_PATH=/labhome/denisn/dc/rdma-core/build/lib /labhome/denisn/dc/spdk_release/install/bin/spdk_nvme_perf 	 --srq-depth 128 -r "trtype:rdma adrfam:ipv4 traddr:172.24.0.2 trsvcid:4420" 	 -c 0xFFFF -q 1 -o 4096 -w randread -t 10 	  2>&1 | tee -a /hpc/local/work/denisn/dc/spdk/dc_testing/job.59992/perf.11.log
15: Got servers list: 172.24.0.2
14: 
15: sudo env LD_LIBRARY_PATH=/labhome/denisn/dc/rdma-core/build/lib /labhome/denisn/dc/spdk_release/install/bin/spdk_nvme_perf 	 --srq-depth 128 -r "trtype:rdma adrfam:ipv4 traddr:172.24.0.2 trsvcid:4420" 	 -c 0xFFFF -q 1 -o 4096 -w randread -t 10 	  2>&1 | tee -a /hpc/local/work/denisn/dc/spdk/dc_testing/job.59992/perf.15.log
 8: Got servers list: 172.24.0.2
 8: sudo env LD_LIBRARY_PATH=/labhome/denisn/dc/rdma-core/build/lib /labhome/denisn/dc/spdk_release/install/bin/spdk_nvme_perf 	 --srq-depth 128 -r "trtype:rdma adrfam:ipv4 traddr:172.24.0.2 trsvcid:4420" 	 -c 0xFFFF -q 1 -o 4096 -w randread -t 10 	  2>&1 | tee -a /hpc/local/work/denisn/dc/spdk/dc_testing/job.59992/perf.8.log
14: Got servers list: 172.24.0.2
14: sudo env LD_LIBRARY_PATH=/labhome/denisn/dc/rdma-core/build/lib /labhome/denisn/dc/spdk_release/install/bin/spdk_nvme_perf 	 --srq-depth 128 -r "trtype:rdma adrfam:ipv4 traddr:172.24.0.2 trsvcid:4420" 	 -c 0xFFFF -q 1 -o 4096 -w randread -t 10 	  2>&1 | tee -a /hpc/local/work/denisn/dc/spdk/dc_testing/job.59992/perf.14.log
 1: 
 2: 
 1: Got servers list: 172.24.0.2
 1: sudo env LD_LIBRARY_PATH=/labhome/denisn/dc/rdma-core/build/lib /labhome/denisn/dc/spdk_release/install/bin/spdk_nvme_perf 	 --srq-depth 128 -r "trtype:rdma adrfam:ipv4 traddr:172.24.0.2 trsvcid:4420" 	 -c 0xFFFF -q 1 -o 4096 -w randread -t 10 	  2>&1 | tee -a /hpc/local/work/denisn/dc/spdk/dc_testing/job.59992/perf.1.log
 2: Got servers list: 172.24.0.2
 2: sudo env LD_LIBRARY_PATH=/labhome/denisn/dc/rdma-core/build/lib /labhome/denisn/dc/spdk_release/install/bin/spdk_nvme_perf 	 --srq-depth 128 -r "trtype:rdma adrfam:ipv4 traddr:172.24.0.2 trsvcid:4420" 	 -c 0xFFFF -q 1 -o 4096 -w randread -t 10 	  2>&1 | tee -a /hpc/local/work/denisn/dc/spdk/dc_testing/job.59992/perf.2.log
 0: 
 0: Got servers list: 172.24.0.2
 0: sudo env LD_LIBRARY_PATH=/labhome/denisn/dc/rdma-core/build/lib /labhome/denisn/dc/spdk_release/install/bin/spdk_nvme_perf 	 --srq-depth 128 -r "trtype:rdma adrfam:ipv4 traddr:172.24.0.2 trsvcid:4420" 	 -c 0xFFFF -q 1 -o 4096 -w randread -t 10 	  2>&1 | tee -a /hpc/local/work/denisn/dc/spdk/dc_testing/job.59992/perf.0.log
 2: [2021-08-16 12:15:35.302080] Starting SPDK v21.04 git sha1 8016710 / DPDK 21.05.0 initialization...
 2: [2021-08-16 12:15:35.302159] [ DPDK EAL parameters: [2021-08-16 12:15:35.302166] perf [2021-08-16 12:15:35.302188] --no-shconf [2021-08-16 12:15:35.302200] -c 0xFFFF [2021-08-16 12:15:35.302204] --no-pci [2021-08-16 12:15:35.302210] --log-level=lib.eal:6 [2021-08-16 12:15:35.302215] --log-level=lib.cryptodev:5 [2021-08-16 12:15:35.302221] --log-level=user1:6 [2021-08-16 12:15:35.302225] --base-virtaddr=0x200000000000 [2021-08-16 12:15:35.302231] --match-allocations [2021-08-16 12:15:35.302235] --file-prefix=spdk_pid141565 [2021-08-16 12:15:35.302242] ]
 1: [2021-08-16 12:15:35.310769] Starting SPDK v21.04 git sha1 8016710 / DPDK 21.05.0 initialization...
 1: [2021-08-16 12:15:35.310846] [ DPDK EAL parameters: [2021-08-16 12:15:35.310853] perf [2021-08-16 12:15:35.310858] --no-shconf [2021-08-16 12:15:35.310870] -c 0xFFFF [2021-08-16 12:15:35.310877] --no-pci [2021-08-16 12:15:35.310884] --log-level=lib.eal:6 [2021-08-16 12:15:35.310889] --log-level=lib.cryptodev:5 [2021-08-16 12:15:35.310895] --log-level=user1:6 [2021-08-16 12:15:35.310900] --base-virtaddr=0x200000000000 [2021-08-16 12:15:35.310906] --match-allocations [2021-08-16 12:15:35.310911] --file-prefix=spdk_pid171872 [2021-08-16 12:15:35.310917] ]
 2: EAL: No available 1048576 kB hugepages reported
 2: EAL: No free 2048 kB hugepages reported on node 1
 2: TELEMETRY: No legacy callbacks, legacy socket not created
 1: EAL: No available 1048576 kB hugepages reported
 1: EAL: No free 2048 kB hugepages reported on node 1
 1: TELEMETRY: No legacy callbacks, legacy socket not created
 7: 
 7: Got servers list: 172.24.0.2
 7: sudo env LD_LIBRARY_PATH=/labhome/denisn/dc/rdma-core/build/lib /labhome/denisn/dc/spdk_release/install/bin/spdk_nvme_perf 	 --srq-depth 128 -r "trtype:rdma adrfam:ipv4 traddr:172.24.0.2 trsvcid:4420" 	 -c 0xFFFF -q 1 -o 4096 -w randread -t 10 	  2>&1 | tee -a /hpc/local/work/denisn/dc/spdk/dc_testing/job.59992/perf.7.log
 5: 
17: 
 5: Got servers list: 172.24.0.2
 5: sudo env LD_LIBRARY_PATH=/labhome/denisn/dc/rdma-core/build/lib /labhome/denisn/dc/spdk_release/install/bin/spdk_nvme_perf 	 --srq-depth 128 -r "trtype:rdma adrfam:ipv4 traddr:172.24.0.2 trsvcid:4420" 	 -c 0xFFFF -q 1 -o 4096 -w randread -t 10 	  2>&1 | tee -a /hpc/local/work/denisn/dc/spdk/dc_testing/job.59992/perf.5.log
17: Got servers list: 172.24.0.2
17: sudo env LD_LIBRARY_PATH=/labhome/denisn/dc/rdma-core/build/lib /labhome/denisn/dc/spdk_release/install/bin/spdk_nvme_perf 	 --srq-depth 128 -r "trtype:rdma adrfam:ipv4 traddr:172.24.0.2 trsvcid:4420" 	 -c 0xFFFF -q 1 -o 4096 -w randread -t 10 	  2>&1 | tee -a /hpc/local/work/denisn/dc/spdk/dc_testing/job.59992/perf.17.log
 4: [2021-08-16 12:15:35.417619] Starting SPDK v21.04 git sha1 8016710 / DPDK 21.05.0 initialization...
 4: [2021-08-16 12:15:35.417698] [ DPDK EAL parameters: [2021-08-16 12:15:35.417705] perf [2021-08-16 12:15:35.417710] --no-shconf [2021-08-16 12:15:35.417715] -c 0xFFFF [2021-08-16 12:15:35.417722] --no-pci [2021-08-16 12:15:35.417727] --log-level=lib.eal:6 [2021-08-16 12:15:35.417733] --log-level=lib.cryptodev:5 [2021-08-16 12:15:35.417738] --log-level=user1:6 [2021-08-16 12:15:35.417745] --base-virtaddr=0x200000000000 [2021-08-16 12:15:35.417751] --match-allocations [2021-08-16 12:15:35.417756] --file-prefix=spdk_pid8683 [2021-08-16 12:15:35.417762] ]
 3: 
 3: Got servers list: 172.24.0.2
 3: sudo env LD_LIBRARY_PATH=/labhome/denisn/dc/rdma-core/build/lib /labhome/denisn/dc/spdk_release/install/bin/spdk_nvme_perf 	 --srq-depth 128 -r "trtype:rdma adrfam:ipv4 traddr:172.24.0.2 trsvcid:4420" 	 -c 0xFFFF -q 1 -o 4096 -w randread -t 10 	  2>&1 | tee -a /hpc/local/work/denisn/dc/spdk/dc_testing/job.59992/perf.3.log
 1: !!!! max_wqe_sz_sq:1024
 1: !!!! max_wqe_sz_rq:512
 1: !!!! max_wqe_sz_sq_dc:256
 1: !!!! max_wqe_sz_sq:1024
 1: !!!! max_wqe_sz_rq:512
 1: !!!! max_wqe_sz_sq_dc:256
 4: EAL: No available 1048576 kB hugepages reported
 4: EAL: No free 2048 kB hugepages reported on node 1
 6: 
 1: !!!! max_wqe_sz_sq:1024
 1: !!!! max_wqe_sz_rq:512
 1: !!!! max_wqe_sz_sq_dc:256
 6: Got servers list: 172.24.0.2
 6: sudo env LD_LIBRARY_PATH=/labhome/denisn/dc/rdma-core/build/lib /labhome/denisn/dc/spdk_release/install/bin/spdk_nvme_perf 	 --srq-depth 128 -r "trtype:rdma adrfam:ipv4 traddr:172.24.0.2 trsvcid:4420" 	 -c 0xFFFF -q 1 -o 4096 -w randread -t 10 	  2>&1 | tee -a /hpc/local/work/denisn/dc/spdk/dc_testing/job.59992/perf.6.log
 1: !!!! max_wqe_sz_sq:1024
 1: !!!! max_wqe_sz_rq:512
 1: !!!! max_wqe_sz_sq_dc:256
 1: !!!! max_wqe_sz_sq:1024
 1: !!!! max_wqe_sz_rq:512
 1: !!!! max_wqe_sz_sq_dc:256
 4: TELEMETRY: No legacy callbacks, legacy socket not created
14: [2021-08-16 12:15:35.443601] Starting SPDK v21.04 git sha1 8016710 / DPDK 21.05.0 initialization...
14: [2021-08-16 12:15:35.443667] [ DPDK EAL parameters: [2021-08-16 12:15:35.443674] perf [2021-08-16 12:15:35.443679] --no-shconf [2021-08-16 12:15:35.443684] -c 0xFFFF [2021-08-16 12:15:35.443688] --no-pci [2021-08-16 12:15:35.443701] --log-level=lib.eal:6 [2021-08-16 12:15:35.443708] --log-level=lib.cryptodev:5 [2021-08-16 12:15:35.443712] --log-level=user1:6 [2021-08-16 12:15:35.443719] --base-virtaddr=0x200000000000 [2021-08-16 12:15:35.443723] --match-allocations [2021-08-16 12:15:35.443729] --file-prefix=spdk_pid133073 [2021-08-16 12:15:35.443734] ]
 1: !!!! max_wqe_sz_sq:1024
 1: !!!! max_wqe_sz_rq:512
 1: !!!! max_wqe_sz_sq_dc:256
 9: 
 9: Got servers list: 172.24.0.2
 9: sudo env LD_LIBRARY_PATH=/labhome/denisn/dc/rdma-core/build/lib /labhome/denisn/dc/spdk_release/install/bin/spdk_nvme_perf 	 --srq-depth 128 -r "trtype:rdma adrfam:ipv4 traddr:172.24.0.2 trsvcid:4420" 	 -c 0xFFFF -q 1 -o 4096 -w randread -t 10 	  2>&1 | tee -a /hpc/local/work/denisn/dc/spdk/dc_testing/job.59992/perf.9.log
 6: [2021-08-16 12:15:35.528590] Starting SPDK v21.04 git sha1 8016710 / DPDK 21.05.0 initialization...
 6: [2021-08-16 12:15:35.528666] [ DPDK EAL parameters: [2021-08-16 12:15:35.528673] perf [2021-08-16 12:15:35.528694] --no-shconf [2021-08-16 12:15:35.528699] -c 0xFFFF [2021-08-16 12:15:35.528710] --no-pci [2021-08-16 12:15:35.528717] --log-level=lib.eal:6 [2021-08-16 12:15:35.528722] --log-level=lib.cryptodev:5 [2021-08-16 12:15:35.528726] --log-level=user1:6 [2021-08-16 12:15:35.528730] --base-virtaddr=0x200000000000 [2021-08-16 12:15:35.528736] --match-allocations [2021-08-16 12:15:35.528741] --file-prefix=spdk_pid187952 [2021-08-16 12:15:35.528747] ]
 4: !!!! max_wqe_sz_sq:1024
 4: !!!! max_wqe_sz_rq:512
 4: !!!! max_wqe_sz_sq_dc:256
 6: EAL: No available 1048576 kB hugepages reported
 6: EAL: No free 2048 kB hugepages reported on node 1
 4: !!!! max_wqe_sz_sq:1024
 4: !!!! max_wqe_sz_rq:512
 4: !!!! max_wqe_sz_sq_dc:256
 4: !!!! max_wqe_sz_sq:1024
 4: !!!! max_wqe_sz_rq:512
 4: !!!! max_wqe_sz_sq_dc:256
 6: TELEMETRY: No legacy callbacks, legacy socket not created
 4: !!!! max_wqe_sz_sq:1024
 4: !!!! max_wqe_sz_rq:512
 4: !!!! max_wqe_sz_sq_dc:256
 4: !!!! max_wqe_sz_sq:1024
 4: !!!! max_wqe_sz_rq:512
 4: !!!! max_wqe_sz_sq_dc:256
 4: !!!! max_wqe_sz_sq:1024
 4: !!!! max_wqe_sz_rq:512
 4: !!!! max_wqe_sz_sq_dc:256
 0: [2021-08-16 12:15:35.574718] Starting SPDK v21.04 git sha1 8016710 / DPDK 21.05.0 initialization...
 0: [2021-08-16 12:15:35.574794] [ DPDK EAL parameters: [2021-08-16 12:15:35.574801] perf [2021-08-16 12:15:35.574806] --no-shconf [2021-08-16 12:15:35.574811] -c 0xFFFF [2021-08-16 12:15:35.574815] --no-pci [2021-08-16 12:15:35.574827] --log-level=lib.eal:6 [2021-08-16 12:15:35.574834] --log-level=lib.cryptodev:5 [2021-08-16 12:15:35.574839] --log-level=user1:6 [2021-08-16 12:15:35.574845] --base-virtaddr=0x200000000000 [2021-08-16 12:15:35.574849] --match-allocations [2021-08-16 12:15:35.574855] --file-prefix=spdk_pid100410 [2021-08-16 12:15:35.574862] ]
 0: EAL: No available 1048576 kB hugepages reported
 0: EAL: No free 2048 kB hugepages reported on node 1
 0: TELEMETRY: No legacy callbacks, legacy socket not created
 6: !!!! max_wqe_sz_sq:1024
 6: !!!! max_wqe_sz_rq:512
 6: !!!! max_wqe_sz_sq_dc:256
 6: !!!! max_wqe_sz_sq:1024
 6: !!!! max_wqe_sz_rq:512
 6: !!!! max_wqe_sz_sq_dc:256
14: EAL: No available 1048576 kB hugepages reported
14: EAL: No free 2048 kB hugepages reported on node 1
 6: !!!! max_wqe_sz_sq:1024
 6: !!!! max_wqe_sz_rq:512
 6: !!!! max_wqe_sz_sq_dc:256
14: TELEMETRY: No legacy callbacks, legacy socket not created
 6: !!!! max_wqe_sz_sq:1024
 6: !!!! max_wqe_sz_rq:512
 6: !!!! max_wqe_sz_sq_dc:256
 8: [2021-08-16 12:15:35.695064] Starting SPDK v21.04 git sha1 8016710 / DPDK 21.05.0 initialization...
 8: [2021-08-16 12:15:35.695152] [ DPDK EAL parameters: [2021-08-16 12:15:35.695163] perf [2021-08-16 12:15:35.695169] --no-shconf [2021-08-16 12:15:35.695175] -c 0xFFFF [2021-08-16 12:15:35.695180] --no-pci [2021-08-16 12:15:35.695185] --log-level=lib.eal:6 [2021-08-16 12:15:35.695192] --log-level=lib.cryptodev:5 [2021-08-16 12:15:35.695196] --log-level=user1:6 [2021-08-16 12:15:35.695201] --base-virtaddr=0x200000000000 [2021-08-16 12:15:35.695205] --match-allocations [2021-08-16 12:15:35.695210] --file-prefix=spdk_pid77408 [2021-08-16 12:15:35.695216] ]
 6: !!!! max_wqe_sz_sq:1024
 6: !!!! max_wqe_sz_rq:512
 6: !!!! max_wqe_sz_sq_dc:256
 6: !!!! max_wqe_sz_sq:1024
 6: !!!! max_wqe_sz_rq:512
 6: !!!! max_wqe_sz_sq_dc:256
13: [2021-08-16 12:15:35.704976] Starting SPDK v21.04 git sha1 8016710 / DPDK 21.05.0 initialization...
13: [2021-08-16 12:15:35.705039] [ DPDK EAL parameters: [2021-08-16 12:15:35.705048] perf [2021-08-16 12:15:35.705053] --no-shconf [2021-08-16 12:15:35.705059] -c 0xFFFF [2021-08-16 12:15:35.705064] --no-pci [2021-08-16 12:15:35.705070] --log-level=lib.eal:6 [2021-08-16 12:15:35.705076] --log-level=lib.cryptodev:5 [2021-08-16 12:15:35.705082] --log-level=user1:6 [2021-08-16 12:15:35.705088] --base-virtaddr=0x200000000000 [2021-08-16 12:15:35.705095] --match-allocations [2021-08-16 12:15:35.705101] --file-prefix=spdk_pid180974 [2021-08-16 12:15:35.705107] ]
 8: EAL: No available 1048576 kB hugepages reported
 8: EAL: No free 2048 kB hugepages reported on node 1
13: EAL: No available 1048576 kB hugepages reported
13: EAL: No free 2048 kB hugepages reported on node 1
 8: TELEMETRY: No legacy callbacks, legacy socket not created
13: TELEMETRY: No legacy callbacks, legacy socket not created
 3: [2021-08-16 12:15:35.752637] Starting SPDK v21.04 git sha1 8016710 / DPDK 21.05.0 initialization...
 3: [2021-08-16 12:15:35.752697] [ DPDK EAL parameters: [2021-08-16 12:15:35.752723] perf [2021-08-16 12:15:35.752729] --no-shconf [2021-08-16 12:15:35.752735] -c 0xFFFF [2021-08-16 12:15:35.752740] --no-pci [2021-08-16 12:15:35.752746] --log-level=lib.eal:6 [2021-08-16 12:15:35.752751] --log-level=lib.cryptodev:5 [2021-08-16 12:15:35.752757] --log-level=user1:6 [2021-08-16 12:15:35.752761] --base-virtaddr=0x200000000000 [2021-08-16 12:15:35.752767] --match-allocations [2021-08-16 12:15:35.752771] --file-prefix=spdk_pid80774 [2021-08-16 12:15:35.752777] ]
17: [2021-08-16 12:15:35.758935] Starting SPDK v21.04 git sha1 8016710 / DPDK 21.05.0 initialization...
17: [2021-08-16 12:15:35.758997] [ DPDK EAL parameters: [2021-08-16 12:15:35.759006] perf [2021-08-16 12:15:35.759011] --no-shconf [2021-08-16 12:15:35.759017] -c 0xFFFF [2021-08-16 12:15:35.759022] --no-pci [2021-08-16 12:15:35.759028] --log-level=lib.eal:6 [2021-08-16 12:15:35.759032] --log-level=lib.cryptodev:5 [2021-08-16 12:15:35.759038] --log-level=user1:6 [2021-08-16 12:15:35.759043] --base-virtaddr=0x200000000000 [2021-08-16 12:15:35.759048] --match-allocations [2021-08-16 12:15:35.759054] --file-prefix=spdk_pid94944 [2021-08-16 12:15:35.759059] ]
 3: EAL: No available 1048576 kB hugepages reported
 3: EAL: No free 2048 kB hugepages reported on node 1
15: [2021-08-16 12:15:35.766651] Starting SPDK v21.04 git sha1 8016710 / DPDK 21.05.0 initialization...
15: [2021-08-16 12:15:35.766728] [ DPDK EAL parameters: [2021-08-16 12:15:35.766736] perf [2021-08-16 12:15:35.766741] --no-shconf [2021-08-16 12:15:35.766746] -c 0xFFFF [2021-08-16 12:15:35.766750] --no-pci [2021-08-16 12:15:35.766758] --log-level=lib.eal:6 [2021-08-16 12:15:35.766765] --log-level=lib.cryptodev:5 [2021-08-16 12:15:35.766770] --log-level=user1:6 [2021-08-16 12:15:35.766776] --base-virtaddr=0x200000000000 [2021-08-16 12:15:35.766780] --match-allocations [2021-08-16 12:15:35.766787] --file-prefix=spdk_pid108603 [2021-08-16 12:15:35.766791] ]
17: EAL: No available 1048576 kB hugepages reported
17: EAL: No free 2048 kB hugepages reported on node 1
15: EAL: No available 1048576 kB hugepages reported
15: EAL: No free 2048 kB hugepages reported on node 1
 3: TELEMETRY: No legacy callbacks, legacy socket not created
17: TELEMETRY: No legacy callbacks, legacy socket not created
15: TELEMETRY: No legacy callbacks, legacy socket not created
 5: [2021-08-16 12:15:35.838546] Starting SPDK v21.04 git sha1 8016710 / DPDK 21.05.0 initialization...
 5: [2021-08-16 12:15:35.838622] [ DPDK EAL parameters: [2021-08-16 12:15:35.838628] perf [2021-08-16 12:15:35.838649] --no-shconf [2021-08-16 12:15:35.838677] -c 0xFFFF [2021-08-16 12:15:35.838682] --no-pci [2021-08-16 12:15:35.838688] --log-level=lib.eal:6 [2021-08-16 12:15:35.838693] --log-level=lib.cryptodev:5 [2021-08-16 12:15:35.838699] --log-level=user1:6 [2021-08-16 12:15:35.838703] --base-virtaddr=0x200000000000 [2021-08-16 12:15:35.838709] --match-allocations [2021-08-16 12:15:35.838714] --file-prefix=spdk_pid159019 [2021-08-16 12:15:35.838720] ]
 5: EAL: No available 1048576 kB hugepages reported
 5: EAL: No free 2048 kB hugepages reported on node 1
 5: TELEMETRY: No legacy callbacks, legacy socket not created
10: [2021-08-16 12:15:35.894052] Starting SPDK v21.04 git sha1 8016710 / DPDK 21.05.0 initialization...
10: [2021-08-16 12:15:35.894111] [ DPDK EAL parameters: [2021-08-16 12:15:35.894117] perf [2021-08-16 12:15:35.894122] --no-shconf [2021-08-16 12:15:35.894126] -c 0xFFFF [2021-08-16 12:15:35.894130] --no-pci [2021-08-16 12:15:35.894162] --log-level=lib.eal:6 [2021-08-16 12:15:35.894170] --log-level=lib.cryptodev:5 [2021-08-16 12:15:35.894176] --log-level=user1:6 [2021-08-16 12:15:35.894181] --base-virtaddr=0x200000000000 [2021-08-16 12:15:35.894186] --match-allocations [2021-08-16 12:15:35.894191] --file-prefix=spdk_pid45546 [2021-08-16 12:15:35.894197] ]
10: EAL: No available 1048576 kB hugepages reported
10: EAL: No free 2048 kB hugepages reported on node 1
10: TELEMETRY: No legacy callbacks, legacy socket not created
17: !!!! max_wqe_sz_sq:1024
17: !!!! max_wqe_sz_rq:512
17: !!!! max_wqe_sz_sq_dc:256
17: !!!! max_wqe_sz_sq:1024
17: !!!! max_wqe_sz_rq:512
17: !!!! max_wqe_sz_sq_dc:256
 9: [2021-08-16 12:15:35.933437] Starting SPDK v21.04 git sha1 8016710 / DPDK 21.05.0 initialization...
 9: [2021-08-16 12:15:35.933513] [ DPDK EAL parameters: [2021-08-16 12:15:35.933521] perf [2021-08-16 12:15:35.933526] --no-shconf [2021-08-16 12:15:35.933530] -c 0xFFFF [2021-08-16 12:15:35.933535] --no-pci [2021-08-16 12:15:35.933546] --log-level=lib.eal:6 [2021-08-16 12:15:35.933553] --log-level=lib.cryptodev:5 [2021-08-16 12:15:35.933560] --log-level=user1:6 [2021-08-16 12:15:35.933566] --base-virtaddr=0x200000000000 [2021-08-16 12:15:35.933572] --match-allocations [2021-08-16 12:15:35.933578] --file-prefix=spdk_pid3668 [2021-08-16 12:15:35.933583] ]
17: !!!! max_wqe_sz_sq:1024
17: !!!! max_wqe_sz_rq:512
17: !!!! max_wqe_sz_sq_dc:256
17: !!!! max_wqe_sz_sq:1024
17: !!!! max_wqe_sz_rq:512
17: !!!! max_wqe_sz_sq_dc:256
17: !!!! max_wqe_sz_sq:1024
17: !!!! max_wqe_sz_rq:512
17: !!!! max_wqe_sz_sq_dc:256
 9: EAL: No available 1048576 kB hugepages reported
 9: EAL: No free 2048 kB hugepages reported on node 1
17: !!!! max_wqe_sz_sq:1024
17: !!!! max_wqe_sz_rq:512
17: !!!! max_wqe_sz_sq_dc:256
 9: TELEMETRY: No legacy callbacks, legacy socket not created
11: [2021-08-16 12:15:35.981709] Starting SPDK v21.04 git sha1 8016710 / DPDK 21.05.0 initialization...
11: [2021-08-16 12:15:35.981783] [ DPDK EAL parameters: [2021-08-16 12:15:35.981790] perf [2021-08-16 12:15:35.981811] --no-shconf [2021-08-16 12:15:35.981822] -c 0xFFFF [2021-08-16 12:15:35.981827] --no-pci [2021-08-16 12:15:35.981832] --log-level=lib.eal:6 [2021-08-16 12:15:35.981837] --log-level=lib.cryptodev:5 [2021-08-16 12:15:35.981844] --log-level=user1:6 [2021-08-16 12:15:35.981848] --base-virtaddr=0x200000000000 [2021-08-16 12:15:35.981854] --match-allocations [2021-08-16 12:15:35.981859] --file-prefix=spdk_pid126928 [2021-08-16 12:15:35.981865] ]
16: [2021-08-16 12:15:35.981851] Starting SPDK v21.04 git sha1 8016710 / DPDK 21.05.0 initialization...
16: [2021-08-16 12:15:35.981913] [ DPDK EAL parameters: [2021-08-16 12:15:35.981920] perf [2021-08-16 12:15:35.981925] --no-shconf [2021-08-16 12:15:35.981932] -c 0xFFFF [2021-08-16 12:15:35.981936] --no-pci [2021-08-16 12:15:35.981940] --log-level=lib.eal:6 [2021-08-16 12:15:35.981945] --log-level=lib.cryptodev:5 [2021-08-16 12:15:35.981950] --log-level=user1:6 [2021-08-16 12:15:35.981954] --base-virtaddr=0x200000000000 [2021-08-16 12:15:35.981960] --match-allocations [2021-08-16 12:15:35.981965] --file-prefix=spdk_pid54571 [2021-08-16 12:15:35.981970] ]
 0: !!!! max_wqe_sz_sq:1024
 0: !!!! max_wqe_sz_rq:512
 0: !!!! max_wqe_sz_sq_dc:256
11: EAL: No available 1048576 kB hugepages reported
11: EAL: No free 2048 kB hugepages reported on node 1
 0: !!!! max_wqe_sz_sq:1024
 0: !!!! max_wqe_sz_rq:512
 0: !!!! max_wqe_sz_sq_dc:256
16: EAL: No available 1048576 kB hugepages reported
16: EAL: No free 2048 kB hugepages reported on node 1
 0: !!!! max_wqe_sz_sq:1024
 0: !!!! max_wqe_sz_rq:512
 0: !!!! max_wqe_sz_sq_dc:256
16: TELEMETRY: No legacy callbacks, legacy socket not created
 0: !!!! max_wqe_sz_sq:1024
 0: !!!! max_wqe_sz_rq:512
 0: !!!! max_wqe_sz_sq_dc:256
11: TELEMETRY: No legacy callbacks, legacy socket not created
 0: !!!! max_wqe_sz_sq:1024
 0: !!!! max_wqe_sz_rq:512
 0: !!!! max_wqe_sz_sq_dc:256
 0: !!!! max_wqe_sz_sq:1024
 0: !!!! max_wqe_sz_rq:512
 0: !!!! max_wqe_sz_sq_dc:256
10: !!!! max_wqe_sz_sq:1024
10: !!!! max_wqe_sz_rq:512
10: !!!! max_wqe_sz_sq_dc:256
10: !!!! max_wqe_sz_sq:1024
10: !!!! max_wqe_sz_rq:512
10: !!!! max_wqe_sz_sq_dc:256
10: !!!! max_wqe_sz_sq:1024
10: !!!! max_wqe_sz_rq:512
10: !!!! max_wqe_sz_sq_dc:256
10: !!!! max_wqe_sz_sq:1024
10: !!!! max_wqe_sz_rq:512
10: !!!! max_wqe_sz_sq_dc:256
10: !!!! max_wqe_sz_sq:1024
10: !!!! max_wqe_sz_rq:512
10: !!!! max_wqe_sz_sq_dc:256
10: !!!! max_wqe_sz_sq:1024
10: !!!! max_wqe_sz_rq:512
10: !!!! max_wqe_sz_sq_dc:256
14: !!!! max_wqe_sz_sq:1024
14: !!!! max_wqe_sz_rq:512
14: !!!! max_wqe_sz_sq_dc:256
14: !!!! max_wqe_sz_sq:1024
14: !!!! max_wqe_sz_rq:512
14: !!!! max_wqe_sz_sq_dc:256
14: !!!! max_wqe_sz_sq:1024
14: !!!! max_wqe_sz_rq:512
14: !!!! max_wqe_sz_sq_dc:256
14: !!!! max_wqe_sz_sq:1024
14: !!!! max_wqe_sz_rq:512
14: !!!! max_wqe_sz_sq_dc:256
14: !!!! max_wqe_sz_sq:1024
14: !!!! max_wqe_sz_rq:512
14: !!!! max_wqe_sz_sq_dc:256
14: !!!! max_wqe_sz_sq:1024
14: !!!! max_wqe_sz_rq:512
14: !!!! max_wqe_sz_sq_dc:256
 8: !!!! max_wqe_sz_sq:1024
 8: !!!! max_wqe_sz_rq:512
 8: !!!! max_wqe_sz_sq_dc:256
 8: !!!! max_wqe_sz_sq:1024
 8: !!!! max_wqe_sz_rq:512
 8: !!!! max_wqe_sz_sq_dc:256
16: !!!! max_wqe_sz_sq:1024
16: !!!! max_wqe_sz_rq:512
16: !!!! max_wqe_sz_sq_dc:256
 8: !!!! max_wqe_sz_sq:1024
 8: !!!! max_wqe_sz_rq:512
 8: !!!! max_wqe_sz_sq_dc:256
16: !!!! max_wqe_sz_sq:1024
16: !!!! max_wqe_sz_rq:512
16: !!!! max_wqe_sz_sq_dc:256
 8: !!!! max_wqe_sz_sq:1024
 8: !!!! max_wqe_sz_rq:512
 8: !!!! max_wqe_sz_sq_dc:256
 8: !!!! max_wqe_sz_sq:1024
 8: !!!! max_wqe_sz_rq:512
 8: !!!! max_wqe_sz_sq_dc:256
16: !!!! max_wqe_sz_sq:1024
16: !!!! max_wqe_sz_rq:512
16: !!!! max_wqe_sz_sq_dc:256
 8: !!!! max_wqe_sz_sq:1024
 8: !!!! max_wqe_sz_rq:512
 8: !!!! max_wqe_sz_sq_dc:256
16: !!!! max_wqe_sz_sq:1024
16: !!!! max_wqe_sz_rq:512
16: !!!! max_wqe_sz_sq_dc:256
16: !!!! max_wqe_sz_sq:1024
16: !!!! max_wqe_sz_rq:512
16: !!!! max_wqe_sz_sq_dc:256
 3: !!!! max_wqe_sz_sq:1024
 3: !!!! max_wqe_sz_rq:512
 3: !!!! max_wqe_sz_sq_dc:256
16: !!!! max_wqe_sz_sq:1024
16: !!!! max_wqe_sz_rq:512
16: !!!! max_wqe_sz_sq_dc:256
 3: !!!! max_wqe_sz_sq:1024
 3: !!!! max_wqe_sz_rq:512
 3: !!!! max_wqe_sz_sq_dc:256
11: !!!! max_wqe_sz_sq:1024
11: !!!! max_wqe_sz_rq:512
11: !!!! max_wqe_sz_sq_dc:256
11: !!!! max_wqe_sz_sq:1024
11: !!!! max_wqe_sz_rq:512
11: !!!! max_wqe_sz_sq_dc:256
 3: !!!! max_wqe_sz_sq:1024
 3: !!!! max_wqe_sz_rq:512
 3: !!!! max_wqe_sz_sq_dc:256
 3: !!!! max_wqe_sz_sq:1024
 3: !!!! max_wqe_sz_rq:512
 3: !!!! max_wqe_sz_sq_dc:256
11: !!!! max_wqe_sz_sq:1024
11: !!!! max_wqe_sz_rq:512
11: !!!! max_wqe_sz_sq_dc:256
 3: !!!! max_wqe_sz_sq:1024
 3: !!!! max_wqe_sz_rq:512
 3: !!!! max_wqe_sz_sq_dc:256
 3: !!!! max_wqe_sz_sq:1024
 3: !!!! max_wqe_sz_rq:512
 3: !!!! max_wqe_sz_sq_dc:256
11: !!!! max_wqe_sz_sq:1024
11: !!!! max_wqe_sz_rq:512
11: !!!! max_wqe_sz_sq_dc:256
11: !!!! max_wqe_sz_sq:1024
11: !!!! max_wqe_sz_rq:512
11: !!!! max_wqe_sz_sq_dc:256
11: !!!! max_wqe_sz_sq:1024
11: !!!! max_wqe_sz_rq:512
11: !!!! max_wqe_sz_sq_dc:256
15: !!!! max_wqe_sz_sq:1024
15: !!!! max_wqe_sz_rq:512
15: !!!! max_wqe_sz_sq_dc:256
15: !!!! max_wqe_sz_sq:1024
15: !!!! max_wqe_sz_rq:512
15: !!!! max_wqe_sz_sq_dc:256
15: !!!! max_wqe_sz_sq:1024
15: !!!! max_wqe_sz_rq:512
15: !!!! max_wqe_sz_sq_dc:256
15: !!!! max_wqe_sz_sq:1024
15: !!!! max_wqe_sz_rq:512
15: !!!! max_wqe_sz_sq_dc:256
15: !!!! max_wqe_sz_sq:1024
15: !!!! max_wqe_sz_rq:512
15: !!!! max_wqe_sz_sq_dc:256
15: !!!! max_wqe_sz_sq:1024
15: !!!! max_wqe_sz_rq:512
15: !!!! max_wqe_sz_sq_dc:256
 5: !!!! max_wqe_sz_sq:1024
 5: !!!! max_wqe_sz_rq:512
 5: !!!! max_wqe_sz_sq_dc:256
 5: !!!! max_wqe_sz_sq:1024
 5: !!!! max_wqe_sz_rq:512
 5: !!!! max_wqe_sz_sq_dc:256
 7: [2021-08-16 12:15:36.209931] Starting SPDK v21.04 git sha1 8016710 / DPDK 21.05.0 initialization...
 7: [2021-08-16 12:15:36.209985] [ DPDK EAL parameters: [2021-08-16 12:15:36.209991] perf [2021-08-16 12:15:36.210014] --no-shconf [2021-08-16 12:15:36.210018] -c 0xFFFF [2021-08-16 12:15:36.210022] --no-pci [2021-08-16 12:15:36.210026] --log-level=lib.eal:6 [2021-08-16 12:15:36.210047] --log-level=lib.cryptodev:5 [2021-08-16 12:15:36.210051] --log-level=user1:6 [2021-08-16 12:15:36.210062] --base-virtaddr=0x200000000000 [2021-08-16 12:15:36.210070] --match-allocations [2021-08-16 12:15:36.210074] --file-prefix=spdk_pid159386 [2021-08-16 12:15:36.210080] ]
 5: !!!! max_wqe_sz_sq:1024
 5: !!!! max_wqe_sz_rq:512
 5: !!!! max_wqe_sz_sq_dc:256
 5: !!!! max_wqe_sz_sq:1024
 5: !!!! max_wqe_sz_rq:512
 5: !!!! max_wqe_sz_sq_dc:256
 7: EAL: No available 1048576 kB hugepages reported
 7: EAL: No free 2048 kB hugepages reported on node 1
 5: !!!! max_wqe_sz_sq:1024
 5: !!!! max_wqe_sz_rq:512
 5: !!!! max_wqe_sz_sq_dc:256
 5: !!!! max_wqe_sz_sq:1024
 5: !!!! max_wqe_sz_rq:512
 5: !!!! max_wqe_sz_sq_dc:256
 7: TELEMETRY: No legacy callbacks, legacy socket not created
 9: !!!! max_wqe_sz_sq:1024
 9: !!!! max_wqe_sz_rq:512
 9: !!!! max_wqe_sz_sq_dc:256
 9: !!!! max_wqe_sz_sq:1024
 9: !!!! max_wqe_sz_rq:512
 9: !!!! max_wqe_sz_sq_dc:256
 7: !!!! max_wqe_sz_sq:1024
 7: !!!! max_wqe_sz_rq:512
 7: !!!! max_wqe_sz_sq_dc:256
 7: !!!! max_wqe_sz_sq:1024
 7: !!!! max_wqe_sz_rq:512
 7: !!!! max_wqe_sz_sq_dc:256
 9: !!!! max_wqe_sz_sq:1024
 9: !!!! max_wqe_sz_rq:512
 9: !!!! max_wqe_sz_sq_dc:256
 9: !!!! max_wqe_sz_sq:1024
 9: !!!! max_wqe_sz_rq:512
 9: !!!! max_wqe_sz_sq_dc:256
 7: !!!! max_wqe_sz_sq:1024
 7: !!!! max_wqe_sz_rq:512
 7: !!!! max_wqe_sz_sq_dc:256
 9: !!!! max_wqe_sz_sq:1024
 9: !!!! max_wqe_sz_rq:512
 9: !!!! max_wqe_sz_sq_dc:256
 9: !!!! max_wqe_sz_sq:1024
 9: !!!! max_wqe_sz_rq:512
 9: !!!! max_wqe_sz_sq_dc:256
 7: !!!! max_wqe_sz_sq:1024
 7: !!!! max_wqe_sz_rq:512
 7: !!!! max_wqe_sz_sq_dc:256
 7: !!!! max_wqe_sz_sq:1024
 7: !!!! max_wqe_sz_rq:512
 7: !!!! max_wqe_sz_sq_dc:256
 7: !!!! max_wqe_sz_sq:1024
 7: !!!! max_wqe_sz_rq:512
 7: !!!! max_wqe_sz_sq_dc:256
 2: !!!! max_wqe_sz_sq:1024
 2: !!!! max_wqe_sz_rq:512
 2: !!!! max_wqe_sz_sq_dc:256
 2: !!!! max_wqe_sz_sq:1024
 2: !!!! max_wqe_sz_rq:512
 2: !!!! max_wqe_sz_sq_dc:256
 2: !!!! max_wqe_sz_sq:1024
 2: !!!! max_wqe_sz_rq:512
 2: !!!! max_wqe_sz_sq_dc:256
 2: !!!! max_wqe_sz_sq:1024
 2: !!!! max_wqe_sz_rq:512
 2: !!!! max_wqe_sz_sq_dc:256
 2: !!!! max_wqe_sz_sq:1024
 2: !!!! max_wqe_sz_rq:512
 2: !!!! max_wqe_sz_sq_dc:256
 2: !!!! max_wqe_sz_sq:1024
 2: !!!! max_wqe_sz_rq:512
 2: !!!! max_wqe_sz_sq_dc:256
13: !!!! max_wqe_sz_sq:1024
13: !!!! max_wqe_sz_rq:512
13: !!!! max_wqe_sz_sq_dc:256
13: !!!! max_wqe_sz_sq:1024
13: !!!! max_wqe_sz_rq:512
13: !!!! max_wqe_sz_sq_dc:256
13: !!!! max_wqe_sz_sq:1024
13: !!!! max_wqe_sz_rq:512
13: !!!! max_wqe_sz_sq_dc:256
13: !!!! max_wqe_sz_sq:1024
13: !!!! max_wqe_sz_rq:512
13: !!!! max_wqe_sz_sq_dc:256
13: !!!! max_wqe_sz_sq:1024
13: !!!! max_wqe_sz_rq:512
13: !!!! max_wqe_sz_sq_dc:256
13: !!!! max_wqe_sz_sq:1024
13: !!!! max_wqe_sz_rq:512
13: !!!! max_wqe_sz_sq_dc:256
19: Initializing NVMe Controllers
19: Attached to NVMe over Fabrics controller at 172.24.0.2:4420: nqn.2016-06.io.spdk:cnode1
19: Controller attach time is 24340.079 us (58416190 ticks)
19: Associating RDMA (addr:172.24.0.2 subnqn:nqn.2016-06.io.spdk:cnode1) NSID 1 with lcore 0
19: Associating RDMA (addr:172.24.0.2 subnqn:nqn.2016-06.io.spdk:cnode1) NSID 1 with lcore 1
19: Associating RDMA (addr:172.24.0.2 subnqn:nqn.2016-06.io.spdk:cnode1) NSID 1 with lcore 2
19: Associating RDMA (addr:172.24.0.2 subnqn:nqn.2016-06.io.spdk:cnode1) NSID 1 with lcore 3
19: Associating RDMA (addr:172.24.0.2 subnqn:nqn.2016-06.io.spdk:cnode1) NSID 1 with lcore 4
19: Associating RDMA (addr:172.24.0.2 subnqn:nqn.2016-06.io.spdk:cnode1) NSID 1 with lcore 5
19: Associating RDMA (addr:172.24.0.2 subnqn:nqn.2016-06.io.spdk:cnode1) NSID 1 with lcore 6
19: Associating RDMA (addr:172.24.0.2 subnqn:nqn.2016-06.io.spdk:cnode1) NSID 1 with lcore 7
19: Associating RDMA (addr:172.24.0.2 subnqn:nqn.2016-06.io.spdk:cnode1) NSID 1 with lcore 8
19: Associating RDMA (addr:172.24.0.2 subnqn:nqn.2016-06.io.spdk:cnode1) NSID 1 with lcore 9
19: Associating RDMA (addr:172.24.0.2 subnqn:nqn.2016-06.io.spdk:cnode1) NSID 1 with lcore 10
19: Associating RDMA (addr:172.24.0.2 subnqn:nqn.2016-06.io.spdk:cnode1) NSID 1 with lcore 11
19: Associating RDMA (addr:172.24.0.2 subnqn:nqn.2016-06.io.spdk:cnode1) NSID 1 with lcore 12
19: Associating RDMA (addr:172.24.0.2 subnqn:nqn.2016-06.io.spdk:cnode1) NSID 1 with lcore 13
19: Associating RDMA (addr:172.24.0.2 subnqn:nqn.2016-06.io.spdk:cnode1) NSID 1 with lcore 14
19: Associating RDMA (addr:172.24.0.2 subnqn:nqn.2016-06.io.spdk:cnode1) NSID 1 with lcore 15
19: Initialization complete. Launching workers.
19: IO qp on core 3 total time 19498.530 us (46796472 ticks), connect time 9662.841 us (23190819 ticks)
19: IO qp on core 2 total time 27795.617 us (66709480 ticks), connect time 17952.724 us (43086538 ticks)
19: IO qp on core 1 total time 37879.107 us (90909858 ticks), connect time 27895.568 us (66949362 ticks)
19: IO qp on core 4 total time 47487.637 us (113970330 ticks), connect time 37542.914 us (90102993 ticks)
19: IO qp on core 5 total time 58029.916 us (139271798 ticks), connect time 47898.678 us (114956828 ticks)
19: IO qp on core 6 total time 68249.827 us (163799585 ticks), connect time 57922.482 us (139013957 ticks)
19: IO qp on core 7 total time 77697.764 us (186474633 ticks), connect time 67382.979 us (161719149 ticks)
19: IO qp on core 11 total time 86324.788 us (207179490 ticks), connect time 76736.905 us (184168572 ticks)
19: IO qp on core 0 total time 97073.643 us (232976742 ticks), connect time 86466.550 us (207519720 ticks)
19: IO qp on core 10 total time 106583.823 us (255801176 ticks), connect time 96760.113 us (232224270 ticks)
19: IO qp on core 8 total time 116682.539 us (280038094 ticks), connect time 106082.175 us (254597220 ticks)
19: IO qp on core 13 total time 127400.599 us (305761437 ticks), connect time 116790.023 us (280296054 ticks)
19: IO qp on core 12 total time 137104.260 us (329050224 ticks), connect time 126272.874 us (303054898 ticks)
19: IO qp on core 14 total time 147094.283 us (353026280 ticks), connect time 135908.660 us (326180785 ticks)
19: IO qp on core 9 total time 156898.010 us (376555224 ticks), connect time 145623.044 us (349495305 ticks)
19: IO qp on core 15 total time 166743.474 us (400184337 ticks), connect time 155492.348 us (373181634 ticks)
19: ========================================================
19:                                                                                                                 Latency(us)
19: Device Information                                                          :       IOPS      MiB/s    Average        min        max
19: RDMA (addr:172.24.0.2 subnqn:nqn.2016-06.io.spdk:cnode1) NSID 1 from core  0:    7468.60      29.17     133.85       6.57    4030.76
19: RDMA (addr:172.24.0.2 subnqn:nqn.2016-06.io.spdk:cnode1) NSID 1 from core  1:    7706.50      30.10     129.73       6.96    3638.16
19: RDMA (addr:172.24.0.2 subnqn:nqn.2016-06.io.spdk:cnode1) NSID 1 from core  2:    7765.00      30.33     128.76       6.29    4012.52
19: RDMA (addr:172.24.0.2 subnqn:nqn.2016-06.io.spdk:cnode1) NSID 1 from core  3:    7679.40      30.00     130.18       6.91    3840.04
19: RDMA (addr:172.24.0.2 subnqn:nqn.2016-06.io.spdk:cnode1) NSID 1 from core  4:    7691.60      30.05     129.92       5.99    4139.72
19: RDMA (addr:172.24.0.2 subnqn:nqn.2016-06.io.spdk:cnode1) NSID 1 from core  5:    7635.70      29.83     130.92       6.61    3746.06
19: RDMA (addr:172.24.0.2 subnqn:nqn.2016-06.io.spdk:cnode1) NSID 1 from core  6:    7668.80      29.96     130.38       6.33    3824.39
19: RDMA (addr:172.24.0.2 subnqn:nqn.2016-06.io.spdk:cnode1) NSID 1 from core  7:    7638.70      29.84     130.87       6.47    7137.23
19: RDMA (addr:172.24.0.2 subnqn:nqn.2016-06.io.spdk:cnode1) NSID 1 from core  8:    7564.30      29.55     132.17       6.33    4138.24
19: RDMA (addr:172.24.0.2 subnqn:nqn.2016-06.io.spdk:cnode1) NSID 1 from core  9:    7498.20      29.29     133.32       6.39    3842.09
19: RDMA (addr:172.24.0.2 subnqn:nqn.2016-06.io.spdk:cnode1) NSID 1 from core 10:    7553.20      29.50     132.37       6.47    3638.03
19: RDMA (addr:172.24.0.2 subnqn:nqn.2016-06.io.spdk:cnode1) NSID 1 from core 11:    7568.90      29.57     132.09       6.46    3838.42
19: RDMA (addr:172.24.0.2 subnqn:nqn.2016-06.io.spdk:cnode1) NSID 1 from core 12:    7541.30      29.46     132.58       5.91    3824.22
19: RDMA (addr:172.24.0.2 subnqn:nqn.2016-06.io.spdk:cnode1) NSID 1 from core 13:    7553.50      29.51     132.36       6.60    3647.87
19: RDMA (addr:172.24.0.2 subnqn:nqn.2016-06.io.spdk:cnode1) NSID 1 from core 14:    7505.70      29.32     133.18       6.67    7130.66
19: RDMA (addr:172.24.0.2 subnqn:nqn.2016-06.io.spdk:cnode1) NSID 1 from core 15:    7475.40      29.20     133.72       6.40    3626.30
19: ========================================================
19: Total                                                                       :  121514.80     474.67     131.63       5.91    7137.23
19: 
18: Initializing NVMe Controllers
18: Attached to NVMe over Fabrics controller at 172.24.0.2:4420: nqn.2016-06.io.spdk:cnode1
18: Controller attach time is 20857.879 us (50058910 ticks)
18: Associating RDMA (addr:172.24.0.2 subnqn:nqn.2016-06.io.spdk:cnode1) NSID 1 with lcore 0
18: Associating RDMA (addr:172.24.0.2 subnqn:nqn.2016-06.io.spdk:cnode1) NSID 1 with lcore 1
18: Associating RDMA (addr:172.24.0.2 subnqn:nqn.2016-06.io.spdk:cnode1) NSID 1 with lcore 2
18: Associating RDMA (addr:172.24.0.2 subnqn:nqn.2016-06.io.spdk:cnode1) NSID 1 with lcore 3
18: Associating RDMA (addr:172.24.0.2 subnqn:nqn.2016-06.io.spdk:cnode1) NSID 1 with lcore 4
18: Associating RDMA (addr:172.24.0.2 subnqn:nqn.2016-06.io.spdk:cnode1) NSID 1 with lcore 5
18: Associating RDMA (addr:172.24.0.2 subnqn:nqn.2016-06.io.spdk:cnode1) NSID 1 with lcore 6
18: Associating RDMA (addr:172.24.0.2 subnqn:nqn.2016-06.io.spdk:cnode1) NSID 1 with lcore 7
18: Associating RDMA (addr:172.24.0.2 subnqn:nqn.2016-06.io.spdk:cnode1) NSID 1 with lcore 8
18: Associating RDMA (addr:172.24.0.2 subnqn:nqn.2016-06.io.spdk:cnode1) NSID 1 with lcore 9
18: Associating RDMA (addr:172.24.0.2 subnqn:nqn.2016-06.io.spdk:cnode1) NSID 1 with lcore 10
18: Associating RDMA (addr:172.24.0.2 subnqn:nqn.2016-06.io.spdk:cnode1) NSID 1 with lcore 11
18: Associating RDMA (addr:172.24.0.2 subnqn:nqn.2016-06.io.spdk:cnode1) NSID 1 with lcore 12
18: Associating RDMA (addr:172.24.0.2 subnqn:nqn.2016-06.io.spdk:cnode1) NSID 1 with lcore 13
18: Associating RDMA (addr:172.24.0.2 subnqn:nqn.2016-06.io.spdk:cnode1) NSID 1 with lcore 14
18: Associating RDMA (addr:172.24.0.2 subnqn:nqn.2016-06.io.spdk:cnode1) NSID 1 with lcore 15
18: Initialization complete. Launching workers.
18: IO qp on core 2 total time 27830.334 us (66792802 ticks), connect time 16551.314 us (39723154 ticks)
18: IO qp on core 0 total time 36432.409 us (87437782 ticks), connect time 25700.269 us (61680646 ticks)
18: IO qp on core 3 total time 46958.049 us (112699317 ticks), connect time 35752.125 us (85805100 ticks)
18: IO qp on core 5 total time 56005.269 us (134412645 ticks), connect time 45537.019 us (109288845 ticks)
18: IO qp on core 1 total time 66727.033 us (160144880 ticks), connect time 55158.484 us (132380361 ticks)
18: IO qp on core 6 total time 75893.790 us (182145095 ticks), connect time 65300.717 us (156721721 ticks)
18: IO qp on core 4 total time 86129.861 us (206711667 ticks), connect time 75392.941 us (180943059 ticks)
18: IO qp on core 7 total time 96068.625 us (230564700 ticks), connect time 85354.516 us (204850839 ticks)
18: IO qp on core 9 total time 105523.675 us (253256820 ticks), connect time 94776.784 us (227464281 ticks)
18: IO qp on core 8 total time 116171.898 us (278812556 ticks), connect time 105328.292 us (252787901 ticks)
18: IO qp on core 13 total time 126055.654 us (302533569 ticks), connect time 115203.010 us (276487224 ticks)
18: IO qp on core 10 total time 135765.962 us (325838309 ticks), connect time 124655.948 us (299174276 ticks)
18: IO qp on core 14 total time 145872.665 us (350094395 ticks), connect time 134407.466 us (322577918 ticks)
18: IO qp on core 15 total time 155764.945 us (373835868 ticks), connect time 144182.520 us (346038048 ticks)
18: IO qp on core 11 total time 165727.864 us (397746873 ticks), connect time 153974.694 us (369539265 ticks)
18: IO qp on core 12 total time 176036.780 us (422488271 ticks), connect time 164278.337 us (394268009 ticks)
18: ========================================================
18:                                                                                                                 Latency(us)
18: Device Information                                                          :       IOPS      MiB/s    Average        min        max
18: RDMA (addr:172.24.0.2 subnqn:nqn.2016-06.io.spdk:cnode1) NSID 1 from core  0:    6214.80      24.28     160.86       6.18    4145.35
18: RDMA (addr:172.24.0.2 subnqn:nqn.2016-06.io.spdk:cnode1) NSID 1 from core  1:    6285.30      24.55     159.06       6.95    4153.31
18: RDMA (addr:172.24.0.2 subnqn:nqn.2016-06.io.spdk:cnode1) NSID 1 from core  2:    6325.10      24.71     158.07       6.64    4030.20
18: RDMA (addr:172.24.0.2 subnqn:nqn.2016-06.io.spdk:cnode1) NSID 1 from core  3:    6285.60      24.55     159.06       7.09    7147.71
18: RDMA (addr:172.24.0.2 subnqn:nqn.2016-06.io.spdk:cnode1) NSID 1 from core  4:    6198.70      24.21     161.27       7.87    7150.37
18: RDMA (addr:172.24.0.2 subnqn:nqn.2016-06.io.spdk:cnode1) NSID 1 from core  5:    6255.60      24.44     159.78       6.34    4030.90
18: RDMA (addr:172.24.0.2 subnqn:nqn.2016-06.io.spdk:cnode1) NSID 1 from core  6:    6241.80      24.38     160.19       7.77    3646.24
18: RDMA (addr:172.24.0.2 subnqn:nqn.2016-06.io.spdk:cnode1) NSID 1 from core  7:    6235.40      24.36     160.33       6.66    4026.64
18: RDMA (addr:172.24.0.2 subnqn:nqn.2016-06.io.spdk:cnode1) NSID 1 from core  8:    6168.90      24.10     162.07       8.25    7128.44
18: RDMA (addr:172.24.0.2 subnqn:nqn.2016-06.io.spdk:cnode1) NSID 1 from core  9:    6241.50      24.38     160.19       6.96    3625.84
18: RDMA (addr:172.24.0.2 subnqn:nqn.2016-06.io.spdk:cnode1) NSID 1 from core 10:    6181.00      24.14     161.76       7.90    3627.77
18: RDMA (addr:172.24.0.2 subnqn:nqn.2016-06.io.spdk:cnode1) NSID 1 from core 11:    6221.80      24.30     160.67       7.26    3625.76
18: RDMA (addr:172.24.0.2 subnqn:nqn.2016-06.io.spdk:cnode1) NSID 1 from core 12:    6210.20      24.26     161.00       6.92    4220.62
18: RDMA (addr:172.24.0.2 subnqn:nqn.2016-06.io.spdk:cnode1) NSID 1 from core 13:    6176.80      24.13     161.85       7.30    3741.79
18: RDMA (addr:172.24.0.2 subnqn:nqn.2016-06.io.spdk:cnode1) NSID 1 from core 14:    6205.30      24.24     161.11       7.78    3627.22
18: RDMA (addr:172.24.0.2 subnqn:nqn.2016-06.io.spdk:cnode1) NSID 1 from core 15:    6203.90      24.23     161.13       7.72    7126.41
18: ========================================================
18: Total                                                                       :   99651.70     389.26     160.52       6.18    7150.37
18: 
12: Initializing NVMe Controllers
12: Attached to NVMe over Fabrics controller at 172.24.0.2:4420: nqn.2016-06.io.spdk:cnode1
12: Controller attach time is 19315.847 us (46358034 ticks)
12: Associating RDMA (addr:172.24.0.2 subnqn:nqn.2016-06.io.spdk:cnode1) NSID 1 with lcore 0
12: Associating RDMA (addr:172.24.0.2 subnqn:nqn.2016-06.io.spdk:cnode1) NSID 1 with lcore 1
12: Associating RDMA (addr:172.24.0.2 subnqn:nqn.2016-06.io.spdk:cnode1) NSID 1 with lcore 2
12: Associating RDMA (addr:172.24.0.2 subnqn:nqn.2016-06.io.spdk:cnode1) NSID 1 with lcore 3
12: Associating RDMA (addr:172.24.0.2 subnqn:nqn.2016-06.io.spdk:cnode1) NSID 1 with lcore 4
12: Associating RDMA (addr:172.24.0.2 subnqn:nqn.2016-06.io.spdk:cnode1) NSID 1 with lcore 5
12: Associating RDMA (addr:172.24.0.2 subnqn:nqn.2016-06.io.spdk:cnode1) NSID 1 with lcore 6
12: Associating RDMA (addr:172.24.0.2 subnqn:nqn.2016-06.io.spdk:cnode1) NSID 1 with lcore 7
12: Associating RDMA (addr:172.24.0.2 subnqn:nqn.2016-06.io.spdk:cnode1) NSID 1 with lcore 8
12: Associating RDMA (addr:172.24.0.2 subnqn:nqn.2016-06.io.spdk:cnode1) NSID 1 with lcore 9
12: Associating RDMA (addr:172.24.0.2 subnqn:nqn.2016-06.io.spdk:cnode1) NSID 1 with lcore 10
12: Associating RDMA (addr:172.24.0.2 subnqn:nqn.2016-06.io.spdk:cnode1) NSID 1 with lcore 11
12: Associating RDMA (addr:172.24.0.2 subnqn:nqn.2016-06.io.spdk:cnode1) NSID 1 with lcore 12
12: Associating RDMA (addr:172.24.0.2 subnqn:nqn.2016-06.io.spdk:cnode1) NSID 1 with lcore 13
12: Associating RDMA (addr:172.24.0.2 subnqn:nqn.2016-06.io.spdk:cnode1) NSID 1 with lcore 14
12: Associating RDMA (addr:172.24.0.2 subnqn:nqn.2016-06.io.spdk:cnode1) NSID 1 with lcore 15
12: Initialization complete. Launching workers.
12: IO qp on core 0 total time 17641.531 us (42339675 ticks), connect time 7243.371 us (17384091 ticks)
12: IO qp on core 6 total time 27004.557 us (64810938 ticks), connect time 17008.577 us (40820586 ticks)
12: IO qp on core 1 total time 38033.475 us (91280340 ticks), connect time 26845.338 us (64428810 ticks)
12: IO qp on core 15 total time 47583.132 us (114199518 ticks), connect time 37439.620 us (89855088 ticks)
12: IO qp on core 5 total time 57287.456 us (137489895 ticks), connect time 47003.136 us (112807527 ticks)
12: IO qp on core 3 total time 67288.538 us (161492490 ticks), connect time 56958.250 us (136699800 ticks)
12: IO qp on core 4 total time 76875.429 us (184501030 ticks), connect time 66532.029 us (159676870 ticks)
12: IO qp on core 2 total time 87781.961 us (210676707 ticks), connect time 76427.012 us (183424830 ticks)
12: IO qp on core 11 total time 97611.271 us (234267051 ticks), connect time 87178.727 us (209228946 ticks)
12: IO qp on core 13 total time 107154.320 us (257170368 ticks), connect time 96715.589 us (232117413 ticks)
12: IO qp on core 7 total time 116920.515 us (280609236 ticks), connect time 106294.586 us (255107007 ticks)
12: IO qp on core 12 total time 127001.085 us (304802604 ticks), connect time 115799.268 us (277918242 ticks)
12: IO qp on core 14 total time 136646.079 us (327950589 ticks), connect time 125405.898 us (300974154 ticks)
12: IO qp on core 8 total time 147234.984 us (353363961 ticks), connect time 135854.024 us (326049657 ticks)
12: IO qp on core 10 total time 157188.900 us (377253360 ticks), connect time 145786.599 us (349887838 ticks)
12: IO qp on core 9 total time 166991.990 us (400780776 ticks), connect time 155030.641 us (372073539 ticks)
12: ========================================================
12:                                                                                                                 Latency(us)
12: Device Information                                                          :       IOPS      MiB/s    Average        min        max
12: RDMA (addr:172.24.0.2 subnqn:nqn.2016-06.io.spdk:cnode1) NSID 1 from core  0:    6163.10      24.07     162.21       9.51    3646.80
12: RDMA (addr:172.24.0.2 subnqn:nqn.2016-06.io.spdk:cnode1) NSID 1 from core  1:    6180.40      24.14     161.77       9.04    3839.80
12: RDMA (addr:172.24.0.2 subnqn:nqn.2016-06.io.spdk:cnode1) NSID 1 from core  2:    6208.30      24.25     161.05       9.20    4218.25
12: RDMA (addr:172.24.0.2 subnqn:nqn.2016-06.io.spdk:cnode1) NSID 1 from core  3:    6153.40      24.04     162.47      10.06    3835.02
12: RDMA (addr:172.24.0.2 subnqn:nqn.2016-06.io.spdk:cnode1) NSID 1 from core  4:    6166.50      24.09     162.12      10.37    3625.38
12: RDMA (addr:172.24.0.2 subnqn:nqn.2016-06.io.spdk:cnode1) NSID 1 from core  5:    6230.10      24.34     160.46       7.16    3847.04
12: RDMA (addr:172.24.0.2 subnqn:nqn.2016-06.io.spdk:cnode1) NSID 1 from core  6:    6252.00      24.42     159.93       7.62    3823.46
12: RDMA (addr:172.24.0.2 subnqn:nqn.2016-06.io.spdk:cnode1) NSID 1 from core  7:    6204.30      24.24     161.14       9.01    4216.48
12: RDMA (addr:172.24.0.2 subnqn:nqn.2016-06.io.spdk:cnode1) NSID 1 from core  8:    6166.60      24.09     162.14       8.55    4030.38
12: RDMA (addr:172.24.0.2 subnqn:nqn.2016-06.io.spdk:cnode1) NSID 1 from core  9:    6192.70      24.19     161.46       9.66    3822.73
12: RDMA (addr:172.24.0.2 subnqn:nqn.2016-06.io.spdk:cnode1) NSID 1 from core 10:    6134.80      23.96     162.98      10.09    3629.82
12: RDMA (addr:172.24.0.2 subnqn:nqn.2016-06.io.spdk:cnode1) NSID 1 from core 11:    6215.80      24.28     160.84      10.01    3824.70
12: RDMA (addr:172.24.0.2 subnqn:nqn.2016-06.io.spdk:cnode1) NSID 1 from core 12:    6175.70      24.12     161.90       9.84    3824.05
12: RDMA (addr:172.24.0.2 subnqn:nqn.2016-06.io.spdk:cnode1) NSID 1 from core 13:    6199.60      24.22     161.26       8.45    4023.54
12: RDMA (addr:172.24.0.2 subnqn:nqn.2016-06.io.spdk:cnode1) NSID 1 from core 14:    6122.80      23.92     163.29       9.97    3744.18
12: RDMA (addr:172.24.0.2 subnqn:nqn.2016-06.io.spdk:cnode1) NSID 1 from core 15:    6197.20      24.21     161.30       9.47    3623.25
12: ========================================================
12: Total                                                                       :   98963.30     386.58     161.64       7.16    4218.25
12: 
 1: Initializing NVMe Controllers
 1: Attached to NVMe over Fabrics controller at 172.24.0.2:4420: nqn.2016-06.io.spdk:cnode1
 1: Controller attach time is 26369.686 us (63287246 ticks)
 1: Associating RDMA (addr:172.24.0.2 subnqn:nqn.2016-06.io.spdk:cnode1) NSID 1 with lcore 0
 1: Associating RDMA (addr:172.24.0.2 subnqn:nqn.2016-06.io.spdk:cnode1) NSID 1 with lcore 1
 1: Associating RDMA (addr:172.24.0.2 subnqn:nqn.2016-06.io.spdk:cnode1) NSID 1 with lcore 2
 1: Associating RDMA (addr:172.24.0.2 subnqn:nqn.2016-06.io.spdk:cnode1) NSID 1 with lcore 3
 1: Associating RDMA (addr:172.24.0.2 subnqn:nqn.2016-06.io.spdk:cnode1) NSID 1 with lcore 4
 1: Associating RDMA (addr:172.24.0.2 subnqn:nqn.2016-06.io.spdk:cnode1) NSID 1 with lcore 5
 1: Associating RDMA (addr:172.24.0.2 subnqn:nqn.2016-06.io.spdk:cnode1) NSID 1 with lcore 6
 1: Associating RDMA (addr:172.24.0.2 subnqn:nqn.2016-06.io.spdk:cnode1) NSID 1 with lcore 7
 1: Associating RDMA (addr:172.24.0.2 subnqn:nqn.2016-06.io.spdk:cnode1) NSID 1 with lcore 8
 1: Associating RDMA (addr:172.24.0.2 subnqn:nqn.2016-06.io.spdk:cnode1) NSID 1 with lcore 9
 1: Associating RDMA (addr:172.24.0.2 subnqn:nqn.2016-06.io.spdk:cnode1) NSID 1 with lcore 10
 1: Associating RDMA (addr:172.24.0.2 subnqn:nqn.2016-06.io.spdk:cnode1) NSID 1 with lcore 11
 1: Associating RDMA (addr:172.24.0.2 subnqn:nqn.2016-06.io.spdk:cnode1) NSID 1 with lcore 12
 1: Associating RDMA (addr:172.24.0.2 subnqn:nqn.2016-06.io.spdk:cnode1) NSID 1 with lcore 13
 1: Associating RDMA (addr:172.24.0.2 subnqn:nqn.2016-06.io.spdk:cnode1) NSID 1 with lcore 14
 1: Associating RDMA (addr:172.24.0.2 subnqn:nqn.2016-06.io.spdk:cnode1) NSID 1 with lcore 15
 1: Initialization complete. Launching workers.
 1: IO qp on core 4 total time 18113.615 us (43472676 ticks), connect time 7659.450 us (18382680 ticks)
 1: IO qp on core 1 total time 26967.392 us (64721740 ticks), connect time 16376.833 us (39304399 ticks)
 1: IO qp on core 2 total time 38059.491 us (91342779 ticks), connect time 27292.831 us (65502795 ticks)
 1: IO qp on core 3 total time 46682.897 us (112038952 ticks), connect time 35900.290 us (86160695 ticks)
 1: IO qp on core 6 total time 55979.017 us (134349641 ticks), connect time 45754.025 us (109809659 ticks)
 1: IO qp on core 0 total time 65871.292 us (158091102 ticks), connect time 54993.054 us (131983329 ticks)
 1: IO qp on core 5 total time 77163.325 us (185191981 ticks), connect time 65912.005 us (158188813 ticks)
 1: IO qp on core 7 total time 86717.212 us (208121310 ticks), connect time 76242.704 us (182982489 ticks)
 1: IO qp on core 8 total time 96245.958 us (230990300 ticks), connect time 85492.536 us (205182086 ticks)
 1: IO qp on core 9 total time 106369.051 us (255285723 ticks), connect time 95343.905 us (228825372 ticks)
 1: IO qp on core 12 total time 115821.199 us (277970878 ticks), connect time 103738.442 us (248972260 ticks)
 1: IO qp on core 13 total time 125647.644 us (301554345 ticks), connect time 113540.490 us (272497176 ticks)
 1: IO qp on core 14 total time 136143.516 us (326744438 ticks), connect time 123895.477 us (297349145 ticks)
 1: IO qp on core 15 total time 145998.379 us (350396109 ticks), connect time 133312.126 us (319949103 ticks)
 1: IO qp on core 11 total time 156140.671 us (374737611 ticks), connect time 143443.578 us (344264586 ticks)
 1: IO qp on core 10 total time 165607.462 us (397457908 ticks), connect time 152780.635 us (366673525 ticks)
 1: ========================================================
 1:                                                                                                                 Latency(us)
 1: Device Information                                                          :       IOPS      MiB/s    Average        min        max
 1: RDMA (addr:172.24.0.2 subnqn:nqn.2016-06.io.spdk:cnode1) NSID 1 from core  0:    4924.80      19.24     203.00      13.37    3651.92
 1: RDMA (addr:172.24.0.2 subnqn:nqn.2016-06.io.spdk:cnode1) NSID 1 from core  1:    4940.90      19.30     202.36       8.89    3763.10
 1: RDMA (addr:172.24.0.2 subnqn:nqn.2016-06.io.spdk:cnode1) NSID 1 from core  2:    4955.60      19.36     201.76      10.14    4030.85
 1: RDMA (addr:172.24.0.2 subnqn:nqn.2016-06.io.spdk:cnode1) NSID 1 from core  3:    4943.90      19.31     202.19      10.56    3625.92
 1: RDMA (addr:172.24.0.2 subnqn:nqn.2016-06.io.spdk:cnode1) NSID 1 from core  4:    4953.00      19.35     201.86      10.45    3637.74
 1: RDMA (addr:172.24.0.2 subnqn:nqn.2016-06.io.spdk:cnode1) NSID 1 from core  5:    4948.20      19.33     202.04      10.24    3825.65
 1: RDMA (addr:172.24.0.2 subnqn:nqn.2016-06.io.spdk:cnode1) NSID 1 from core  6:    4940.30      19.30     202.39       8.59    4223.77
 1: RDMA (addr:172.24.0.2 subnqn:nqn.2016-06.io.spdk:cnode1) NSID 1 from core  7:    4963.70      19.39     201.41      13.22    3644.83
 1: RDMA (addr:172.24.0.2 subnqn:nqn.2016-06.io.spdk:cnode1) NSID 1 from core  8:    4942.00      19.30     202.30       9.90    3763.17
 1: RDMA (addr:172.24.0.2 subnqn:nqn.2016-06.io.spdk:cnode1) NSID 1 from core  9:    4966.30      19.40     201.31      10.06    4031.88
 1: RDMA (addr:172.24.0.2 subnqn:nqn.2016-06.io.spdk:cnode1) NSID 1 from core 10:    4946.30      19.32     202.15      11.10    3638.52
 1: RDMA (addr:172.24.0.2 subnqn:nqn.2016-06.io.spdk:cnode1) NSID 1 from core 11:    4965.70      19.40     201.34       9.77    3626.14
 1: RDMA (addr:172.24.0.2 subnqn:nqn.2016-06.io.spdk:cnode1) NSID 1 from core 12:    4954.90      19.36     201.79      10.06    3626.17
 1: RDMA (addr:172.24.0.2 subnqn:nqn.2016-06.io.spdk:cnode1) NSID 1 from core 13:    4943.70      19.31     202.21      12.54    3649.29
 1: RDMA (addr:172.24.0.2 subnqn:nqn.2016-06.io.spdk:cnode1) NSID 1 from core 14:    4953.00      19.35     201.87       8.86    3757.29
 1: RDMA (addr:172.24.0.2 subnqn:nqn.2016-06.io.spdk:cnode1) NSID 1 from core 15:    4958.10      19.37     201.66       9.00    3743.06
 1: ========================================================
 1: Total                                                                       :   79200.40     309.38     201.98       8.59    4223.77
 1: 
 4: Initializing NVMe Controllers
 4: Attached to NVMe over Fabrics controller at 172.24.0.2:4420: nqn.2016-06.io.spdk:cnode1
 4: Controller attach time is 20383.490 us (48920376 ticks)
 4: Associating RDMA (addr:172.24.0.2 subnqn:nqn.2016-06.io.spdk:cnode1) NSID 1 with lcore 0
 4: Associating RDMA (addr:172.24.0.2 subnqn:nqn.2016-06.io.spdk:cnode1) NSID 1 with lcore 1
 4: Associating RDMA (addr:172.24.0.2 subnqn:nqn.2016-06.io.spdk:cnode1) NSID 1 with lcore 2
 4: Associating RDMA (addr:172.24.0.2 subnqn:nqn.2016-06.io.spdk:cnode1) NSID 1 with lcore 3
 4: Associating RDMA (addr:172.24.0.2 subnqn:nqn.2016-06.io.spdk:cnode1) NSID 1 with lcore 4
 4: Associating RDMA (addr:172.24.0.2 subnqn:nqn.2016-06.io.spdk:cnode1) NSID 1 with lcore 5
 4: Associating RDMA (addr:172.24.0.2 subnqn:nqn.2016-06.io.spdk:cnode1) NSID 1 with lcore 6
 4: Associating RDMA (addr:172.24.0.2 subnqn:nqn.2016-06.io.spdk:cnode1) NSID 1 with lcore 7
 4: Associating RDMA (addr:172.24.0.2 subnqn:nqn.2016-06.io.spdk:cnode1) NSID 1 with lcore 8
 4: Associating RDMA (addr:172.24.0.2 subnqn:nqn.2016-06.io.spdk:cnode1) NSID 1 with lcore 9
 4: Associating RDMA (addr:172.24.0.2 subnqn:nqn.2016-06.io.spdk:cnode1) NSID 1 with lcore 10
 4: Associating RDMA (addr:172.24.0.2 subnqn:nqn.2016-06.io.spdk:cnode1) NSID 1 with lcore 11
 4: Associating RDMA (addr:172.24.0.2 subnqn:nqn.2016-06.io.spdk:cnode1) NSID 1 with lcore 12
 4: Associating RDMA (addr:172.24.0.2 subnqn:nqn.2016-06.io.spdk:cnode1) NSID 1 with lcore 13
 4: Associating RDMA (addr:172.24.0.2 subnqn:nqn.2016-06.io.spdk:cnode1) NSID 1 with lcore 14
 4: Associating RDMA (addr:172.24.0.2 subnqn:nqn.2016-06.io.spdk:cnode1) NSID 1 with lcore 15
 4: Initialization complete. Launching workers.
 4: IO qp on core 3 total time 27666.830 us (66400392 ticks), connect time 17276.801 us (41464323 ticks)
 4: IO qp on core 5 total time 37557.038 us (90136891 ticks), connect time 27154.732 us (65171356 ticks)
 4: IO qp on core 2 total time 47135.561 us (113125347 ticks), connect time 36525.671 us (87661611 ticks)
 4: IO qp on core 6 total time 57193.162 us (137263590 ticks), connect time 46161.649 us (110787957 ticks)
 4: IO qp on core 7 total time 66987.553 us (160770127 ticks), connect time 55752.567 us (133806160 ticks)
 4: IO qp on core 4 total time 76907.173 us (184577214 ticks), connect time 65480.966 us (157154319 ticks)
 4: IO qp on core 1 total time 87262.689 us (209430454 ticks), connect time 75753.665 us (181808797 ticks)
 4: IO qp on core 8 total time 96678.851 us (232029243 ticks), connect time 85332.086 us (204797007 ticks)
 4: IO qp on core 9 total time 107151.961 us (257164706 ticks), connect time 93764.315 us (225034355 ticks)
 4: IO qp on core 0 total time 116358.131 us (279259515 ticks), connect time 103175.235 us (247620564 ticks)
 4: IO qp on core 15 total time 125841.699 us (302020077 ticks), connect time 113166.981 us (271600755 ticks)
 4: IO qp on core 12 total time 136765.337 us (328236810 ticks), connect time 124071.171 us (297770811 ticks)
 4: IO qp on core 13 total time 146214.997 us (350915994 ticks), connect time 133308.241 us (319939779 ticks)
 4: IO qp on core 14 total time 155877.396 us (374105751 ticks), connect time 142969.289 us (343126293 ticks)
 4: IO qp on core 11 total time 165970.286 us (398328686 ticks), connect time 152931.583 us (367035800 ticks)
 4: IO qp on core 10 total time 175632.559 us (421518141 ticks), connect time 162540.128 us (390096306 ticks)
 4: ========================================================
 4:                                                                                                                 Latency(us)
 4: Device Information                                                          :       IOPS      MiB/s    Average        min        max
 4: RDMA (addr:172.24.0.2 subnqn:nqn.2016-06.io.spdk:cnode1) NSID 1 from core  0:    4768.40      18.63     209.68      13.67    4138.50
 4: RDMA (addr:172.24.0.2 subnqn:nqn.2016-06.io.spdk:cnode1) NSID 1 from core  1:    4771.60      18.64     209.53      10.79    3743.41
 4: RDMA (addr:172.24.0.2 subnqn:nqn.2016-06.io.spdk:cnode1) NSID 1 from core  2:    4781.80      18.68     209.10       9.43    4029.05
 4: RDMA (addr:172.24.0.2 subnqn:nqn.2016-06.io.spdk:cnode1) NSID 1 from core  3:    4775.20      18.65     209.39      11.55    4161.33
 4: RDMA (addr:172.24.0.2 subnqn:nqn.2016-06.io.spdk:cnode1) NSID 1 from core  4:    4784.20      18.69     208.98      12.10    3627.20
 4: RDMA (addr:172.24.0.2 subnqn:nqn.2016-06.io.spdk:cnode1) NSID 1 from core  5:    4784.70      18.69     208.96      12.77    3624.94
 4: RDMA (addr:172.24.0.2 subnqn:nqn.2016-06.io.spdk:cnode1) NSID 1 from core  6:    4776.00      18.66     209.35      10.17    4157.09
 4: RDMA (addr:172.24.0.2 subnqn:nqn.2016-06.io.spdk:cnode1) NSID 1 from core  7:    4764.50      18.61     209.83      11.24    3749.91
 4: RDMA (addr:172.24.0.2 subnqn:nqn.2016-06.io.spdk:cnode1) NSID 1 from core  8:    4782.80      18.68     209.05      10.10    4011.11
 4: RDMA (addr:172.24.0.2 subnqn:nqn.2016-06.io.spdk:cnode1) NSID 1 from core  9:    4775.50      18.65     209.35      10.71    3623.76
 4: RDMA (addr:172.24.0.2 subnqn:nqn.2016-06.io.spdk:cnode1) NSID 1 from core 10:    4772.20      18.64     209.53       8.11    4137.43
 4: RDMA (addr:172.24.0.2 subnqn:nqn.2016-06.io.spdk:cnode1) NSID 1 from core 11:    4770.10      18.63     209.60      10.78    3620.49
 4: RDMA (addr:172.24.0.2 subnqn:nqn.2016-06.io.spdk:cnode1) NSID 1 from core 12:    4765.90      18.62     209.80      11.20    3722.32
 4: RDMA (addr:172.24.0.2 subnqn:nqn.2016-06.io.spdk:cnode1) NSID 1 from core 13:    4782.30      18.68     209.05      12.72    3626.35
 4: RDMA (addr:172.24.0.2 subnqn:nqn.2016-06.io.spdk:cnode1) NSID 1 from core 14:    4770.30      18.63     209.61      10.69    3745.40
 4: RDMA (addr:172.24.0.2 subnqn:nqn.2016-06.io.spdk:cnode1) NSID 1 from core 15:    4763.30      18.61     209.88       8.95    3626.18
 4: ========================================================
 4: Total                                                                       :   76388.80     298.39     209.42       8.11    4161.33
 4: 
 6: Initializing NVMe Controllers
 6: Attached to NVMe over Fabrics controller at 172.24.0.2:4420: nqn.2016-06.io.spdk:cnode1
 6: Controller attach time is 20487.717 us (49170522 ticks)
 6: Associating RDMA (addr:172.24.0.2 subnqn:nqn.2016-06.io.spdk:cnode1) NSID 1 with lcore 0
 6: Associating RDMA (addr:172.24.0.2 subnqn:nqn.2016-06.io.spdk:cnode1) NSID 1 with lcore 1
 6: Associating RDMA (addr:172.24.0.2 subnqn:nqn.2016-06.io.spdk:cnode1) NSID 1 with lcore 2
 6: Associating RDMA (addr:172.24.0.2 subnqn:nqn.2016-06.io.spdk:cnode1) NSID 1 with lcore 3
 6: Associating RDMA (addr:172.24.0.2 subnqn:nqn.2016-06.io.spdk:cnode1) NSID 1 with lcore 4
 6: Associating RDMA (addr:172.24.0.2 subnqn:nqn.2016-06.io.spdk:cnode1) NSID 1 with lcore 5
 6: Associating RDMA (addr:172.24.0.2 subnqn:nqn.2016-06.io.spdk:cnode1) NSID 1 with lcore 6
 6: Associating RDMA (addr:172.24.0.2 subnqn:nqn.2016-06.io.spdk:cnode1) NSID 1 with lcore 7
 6: Associating RDMA (addr:172.24.0.2 subnqn:nqn.2016-06.io.spdk:cnode1) NSID 1 with lcore 8
 6: Associating RDMA (addr:172.24.0.2 subnqn:nqn.2016-06.io.spdk:cnode1) NSID 1 with lcore 9
 6: Associating RDMA (addr:172.24.0.2 subnqn:nqn.2016-06.io.spdk:cnode1) NSID 1 with lcore 10
 6: Associating RDMA (addr:172.24.0.2 subnqn:nqn.2016-06.io.spdk:cnode1) NSID 1 with lcore 11
 6: Associating RDMA (addr:172.24.0.2 subnqn:nqn.2016-06.io.spdk:cnode1) NSID 1 with lcore 12
 6: Associating RDMA (addr:172.24.0.2 subnqn:nqn.2016-06.io.spdk:cnode1) NSID 1 with lcore 13
 6: Associating RDMA (addr:172.24.0.2 subnqn:nqn.2016-06.io.spdk:cnode1) NSID 1 with lcore 14
 6: Associating RDMA (addr:172.24.0.2 subnqn:nqn.2016-06.io.spdk:cnode1) NSID 1 with lcore 15
 6: Initialization complete. Launching workers.
 6: IO qp on core 0 total time 25159.511 us (60382827 ticks), connect time 15614.987 us (37475970 ticks)
 6: IO qp on core 3 total time 34644.678 us (83147228 ticks), connect time 25454.672 us (61091213 ticks)
 6: IO qp on core 2 total time 46128.130 us (110707512 ticks), connect time 35454.713 us (85091312 ticks)
 6: IO qp on core 5 total time 54402.385 us (130565725 ticks), connect time 44792.735 us (107502565 ticks)
 6: IO qp on core 4 total time 64340.110 us (154416264 ticks), connect time 54459.923 us (130703814 ticks)
 6: IO qp on core 6 total time 74315.264 us (178356633 ticks), connect time 64432.692 us (154638462 ticks)
 6: IO qp on core 1 total time 85641.504 us (205539610 ticks), connect time 74582.660 us (178998383 ticks)
 6: IO qp on core 13 total time 94894.862 us (227747668 ticks), connect time 84218.600 us (202124641 ticks)
 6: IO qp on core 9 total time 104392.236 us (250541367 ticks), connect time 92366.970 us (221680728 ticks)
 6: IO qp on core 7 total time 114266.818 us (274240364 ticks), connect time 102240.710 us (245377703 ticks)
 6: IO qp on core 14 total time 124129.058 us (297909739 ticks), connect time 111748.057 us (268195336 ticks)
 6: IO qp on core 15 total time 134210.109 us (322104261 ticks), connect time 121643.217 us (291943722 ticks)
 6: IO qp on core 12 total time 144184.522 us (346042852 ticks), connect time 129528.637 us (310868728 ticks)
 6: IO qp on core 8 total time 154359.007 us (370461617 ticks), connect time 139634.977 us (335123945 ticks)
 6: IO qp on core 11 total time 164045.264 us (393708633 ticks), connect time 149123.041 us (357895299 ticks)
 6: IO qp on core 10 total time 174915.675 us (419797621 ticks), connect time 159941.582 us (383859796 ticks)
 6: ========================================================
 6:                                                                                                                 Latency(us)
 6: Device Information                                                          :       IOPS      MiB/s    Average        min        max
 6: RDMA (addr:172.24.0.2 subnqn:nqn.2016-06.io.spdk:cnode1) NSID 1 from core  0:    4609.40      18.01     216.91      11.05    4030.09
 6: RDMA (addr:172.24.0.2 subnqn:nqn.2016-06.io.spdk:cnode1) NSID 1 from core  1:    4608.80      18.00     216.92      10.74    3665.31
 6: RDMA (addr:172.24.0.2 subnqn:nqn.2016-06.io.spdk:cnode1) NSID 1 from core  2:    4600.30      17.97     217.35      12.14    3763.48
 6: RDMA (addr:172.24.0.2 subnqn:nqn.2016-06.io.spdk:cnode1) NSID 1 from core  3:    4595.00      17.95     217.60      13.53    3639.99
 6: RDMA (addr:172.24.0.2 subnqn:nqn.2016-06.io.spdk:cnode1) NSID 1 from core  4:    4602.10      17.98     217.25      11.56    3837.86
 6: RDMA (addr:172.24.0.2 subnqn:nqn.2016-06.io.spdk:cnode1) NSID 1 from core  5:    4611.80      18.01     216.75      12.90    3631.82
 6: RDMA (addr:172.24.0.2 subnqn:nqn.2016-06.io.spdk:cnode1) NSID 1 from core  6:    4614.90      18.03     216.67      10.59    4030.77
 6: RDMA (addr:172.24.0.2 subnqn:nqn.2016-06.io.spdk:cnode1) NSID 1 from core  7:    4599.70      17.97     217.35      11.01    3762.39
 6: RDMA (addr:172.24.0.2 subnqn:nqn.2016-06.io.spdk:cnode1) NSID 1 from core  8:    4609.30      18.01     216.92      11.15    3692.32
 6: RDMA (addr:172.24.0.2 subnqn:nqn.2016-06.io.spdk:cnode1) NSID 1 from core  9:    4597.80      17.96     217.44       8.16    3654.00
 6: RDMA (addr:172.24.0.2 subnqn:nqn.2016-06.io.spdk:cnode1) NSID 1 from core 10:    4595.80      17.95     217.57      14.70    3655.15
 6: RDMA (addr:172.24.0.2 subnqn:nqn.2016-06.io.spdk:cnode1) NSID 1 from core 11:    4605.40      17.99     217.10      12.97    4157.92
 6: RDMA (addr:172.24.0.2 subnqn:nqn.2016-06.io.spdk:cnode1) NSID 1 from core 12:    4613.30      18.02     216.74       9.09    4029.99
 6: RDMA (addr:172.24.0.2 subnqn:nqn.2016-06.io.spdk:cnode1) NSID 1 from core 13:    4605.90      17.99     217.07       9.10    4141.61
 6: RDMA (addr:172.24.0.2 subnqn:nqn.2016-06.io.spdk:cnode1) NSID 1 from core 14:    4614.40      18.02     216.69      10.69    3645.42
 6: RDMA (addr:172.24.0.2 subnqn:nqn.2016-06.io.spdk:cnode1) NSID 1 from core 15:    4603.20      17.98     217.19       9.61    3760.85
 6: ========================================================
 6: Total                                                                       :   73687.10     287.84     217.09       8.16    4157.92
 6: 
17: Initializing NVMe Controllers
17: Attached to NVMe over Fabrics controller at 172.24.0.2:4420: nqn.2016-06.io.spdk:cnode1
17: Controller attach time is 20054.669 us (48131206 ticks)
17: Associating RDMA (addr:172.24.0.2 subnqn:nqn.2016-06.io.spdk:cnode1) NSID 1 with lcore 0
17: Associating RDMA (addr:172.24.0.2 subnqn:nqn.2016-06.io.spdk:cnode1) NSID 1 with lcore 1
17: Associating RDMA (addr:172.24.0.2 subnqn:nqn.2016-06.io.spdk:cnode1) NSID 1 with lcore 2
17: Associating RDMA (addr:172.24.0.2 subnqn:nqn.2016-06.io.spdk:cnode1) NSID 1 with lcore 3
17: Associating RDMA (addr:172.24.0.2 subnqn:nqn.2016-06.io.spdk:cnode1) NSID 1 with lcore 4
17: Associating RDMA (addr:172.24.0.2 subnqn:nqn.2016-06.io.spdk:cnode1) NSID 1 with lcore 5
17: Associating RDMA (addr:172.24.0.2 subnqn:nqn.2016-06.io.spdk:cnode1) NSID 1 with lcore 6
17: Associating RDMA (addr:172.24.0.2 subnqn:nqn.2016-06.io.spdk:cnode1) NSID 1 with lcore 7
17: Associating RDMA (addr:172.24.0.2 subnqn:nqn.2016-06.io.spdk:cnode1) NSID 1 with lcore 8
17: Associating RDMA (addr:172.24.0.2 subnqn:nqn.2016-06.io.spdk:cnode1) NSID 1 with lcore 9
17: Associating RDMA (addr:172.24.0.2 subnqn:nqn.2016-06.io.spdk:cnode1) NSID 1 with lcore 10
17: Associating RDMA (addr:172.24.0.2 subnqn:nqn.2016-06.io.spdk:cnode1) NSID 1 with lcore 11
17: Associating RDMA (addr:172.24.0.2 subnqn:nqn.2016-06.io.spdk:cnode1) NSID 1 with lcore 12
17: Associating RDMA (addr:172.24.0.2 subnqn:nqn.2016-06.io.spdk:cnode1) NSID 1 with lcore 13
17: Associating RDMA (addr:172.24.0.2 subnqn:nqn.2016-06.io.spdk:cnode1) NSID 1 with lcore 14
17: Associating RDMA (addr:172.24.0.2 subnqn:nqn.2016-06.io.spdk:cnode1) NSID 1 with lcore 15
17: Initialization complete. Launching workers.
17: IO qp on core 3 total time 17157.359 us (41177661 ticks), connect time 7729.050 us (18549720 ticks)
17: IO qp on core 1 total time 27041.290 us (64899097 ticks), connect time 17514.296 us (42034311 ticks)
17: IO qp on core 2 total time 35054.768 us (84131444 ticks), connect time 25630.141 us (61512338 ticks)
17: IO qp on core 0 total time 45239.258 us (108574219 ticks), connect time 35781.673 us (85876015 ticks)
17: IO qp on core 5 total time 54945.789 us (131869894 ticks), connect time 45761.642 us (109827940 ticks)
17: IO qp on core 4 total time 65184.096 us (156441831 ticks), connect time 55994.004 us (134385609 ticks)
17: IO qp on core 7 total time 75439.327 us (181054384 ticks), connect time 65194.385 us (156466525 ticks)
17: IO qp on core 6 total time 84960.178 us (203904427 ticks), connect time 74667.622 us (179202292 ticks)
17: IO qp on core 9 total time 95378.676 us (228908823 ticks), connect time 84132.200 us (201917280 ticks)
17: IO qp on core 11 total time 105083.116 us (252199479 ticks), connect time 93906.236 us (225374967 ticks)
17: IO qp on core 14 total time 114651.488 us (275163572 ticks), connect time 103282.460 us (247877903 ticks)
17: IO qp on core 10 total time 124854.600 us (299651041 ticks), connect time 113482.754 us (272358610 ticks)
17: IO qp on core 13 total time 134915.938 us (323798250 ticks), connect time 123357.210 us (296057304 ticks)
17: IO qp on core 8 total time 144515.321 us (346836771 ticks), connect time 132951.636 us (319083927 ticks)
17: IO qp on core 12 total time 154476.102 us (370742645 ticks), connect time 142778.937 us (342669449 ticks)
17: IO qp on core 15 total time 165321.297 us (396771114 ticks), connect time 152740.663 us (366577590 ticks)
17: ========================================================
17:                                                                                                                 Latency(us)
17: Device Information                                                          :       IOPS      MiB/s    Average        min        max
17: RDMA (addr:172.24.0.2 subnqn:nqn.2016-06.io.spdk:cnode1) NSID 1 from core  0:    4405.10      17.21     226.95      10.09    4029.36
17: RDMA (addr:172.24.0.2 subnqn:nqn.2016-06.io.spdk:cnode1) NSID 1 from core  1:    4402.10      17.20     227.13      12.81    3647.11
17: RDMA (addr:172.24.0.2 subnqn:nqn.2016-06.io.spdk:cnode1) NSID 1 from core  2:    4404.00      17.20     227.04       9.83    3741.80
17: RDMA (addr:172.24.0.2 subnqn:nqn.2016-06.io.spdk:cnode1) NSID 1 from core  3:    4412.80      17.24     226.58      11.90    3182.75
17: RDMA (addr:172.24.0.2 subnqn:nqn.2016-06.io.spdk:cnode1) NSID 1 from core  4:    4396.70      17.17     227.39      12.56    4156.57
17: RDMA (addr:172.24.0.2 subnqn:nqn.2016-06.io.spdk:cnode1) NSID 1 from core  5:    4403.30      17.20     227.05      10.65    3424.80
17: RDMA (addr:172.24.0.2 subnqn:nqn.2016-06.io.spdk:cnode1) NSID 1 from core  6:    4411.90      17.23     226.64      12.00    3207.95
17: RDMA (addr:172.24.0.2 subnqn:nqn.2016-06.io.spdk:cnode1) NSID 1 from core  7:    4385.20      17.13     227.98      14.91    3654.40
17: RDMA (addr:172.24.0.2 subnqn:nqn.2016-06.io.spdk:cnode1) NSID 1 from core  8:    4411.00      17.23     226.68      12.17    3190.15
17: RDMA (addr:172.24.0.2 subnqn:nqn.2016-06.io.spdk:cnode1) NSID 1 from core  9:    4401.00      17.19     227.17       9.63    3839.42
17: RDMA (addr:172.24.0.2 subnqn:nqn.2016-06.io.spdk:cnode1) NSID 1 from core 10:    4400.90      17.19     227.20      13.09    3629.00
17: RDMA (addr:172.24.0.2 subnqn:nqn.2016-06.io.spdk:cnode1) NSID 1 from core 11:    4405.30      17.21     226.94      10.31    4024.16
17: RDMA (addr:172.24.0.2 subnqn:nqn.2016-06.io.spdk:cnode1) NSID 1 from core 12:    4405.60      17.21     226.96      10.85    4028.49
17: RDMA (addr:172.24.0.2 subnqn:nqn.2016-06.io.spdk:cnode1) NSID 1 from core 13:    4404.00      17.20     227.02      10.33    3425.19
17: RDMA (addr:172.24.0.2 subnqn:nqn.2016-06.io.spdk:cnode1) NSID 1 from core 14:    4386.40      17.13     227.94      14.78    3760.32
17: RDMA (addr:172.24.0.2 subnqn:nqn.2016-06.io.spdk:cnode1) NSID 1 from core 15:    4385.10      17.13     227.99      14.97    3739.16
17: ========================================================
17: Total                                                                       :   70420.40     275.08     227.17       9.63    4156.57
17: 
 0: Initializing NVMe Controllers
 0: Attached to NVMe over Fabrics controller at 172.24.0.2:4420: nqn.2016-06.io.spdk:cnode1
 0: Controller attach time is 22145.551 us (53149322 ticks)
 0: Associating RDMA (addr:172.24.0.2 subnqn:nqn.2016-06.io.spdk:cnode1) NSID 1 with lcore 0
 0: Associating RDMA (addr:172.24.0.2 subnqn:nqn.2016-06.io.spdk:cnode1) NSID 1 with lcore 1
 0: Associating RDMA (addr:172.24.0.2 subnqn:nqn.2016-06.io.spdk:cnode1) NSID 1 with lcore 2
 0: Associating RDMA (addr:172.24.0.2 subnqn:nqn.2016-06.io.spdk:cnode1) NSID 1 with lcore 3
 0: Associating RDMA (addr:172.24.0.2 subnqn:nqn.2016-06.io.spdk:cnode1) NSID 1 with lcore 4
 0: Associating RDMA (addr:172.24.0.2 subnqn:nqn.2016-06.io.spdk:cnode1) NSID 1 with lcore 5
 0: Associating RDMA (addr:172.24.0.2 subnqn:nqn.2016-06.io.spdk:cnode1) NSID 1 with lcore 6
 0: Associating RDMA (addr:172.24.0.2 subnqn:nqn.2016-06.io.spdk:cnode1) NSID 1 with lcore 7
 0: Associating RDMA (addr:172.24.0.2 subnqn:nqn.2016-06.io.spdk:cnode1) NSID 1 with lcore 8
 0: Associating RDMA (addr:172.24.0.2 subnqn:nqn.2016-06.io.spdk:cnode1) NSID 1 with lcore 9
 0: Associating RDMA (addr:172.24.0.2 subnqn:nqn.2016-06.io.spdk:cnode1) NSID 1 with lcore 10
 0: Associating RDMA (addr:172.24.0.2 subnqn:nqn.2016-06.io.spdk:cnode1) NSID 1 with lcore 11
 0: Associating RDMA (addr:172.24.0.2 subnqn:nqn.2016-06.io.spdk:cnode1) NSID 1 with lcore 12
 0: Associating RDMA (addr:172.24.0.2 subnqn:nqn.2016-06.io.spdk:cnode1) NSID 1 with lcore 13
 0: Associating RDMA (addr:172.24.0.2 subnqn:nqn.2016-06.io.spdk:cnode1) NSID 1 with lcore 14
 0: Associating RDMA (addr:172.24.0.2 subnqn:nqn.2016-06.io.spdk:cnode1) NSID 1 with lcore 15
 0: Initialization complete. Launching workers.
 0: IO qp on core 3 total time 25630.107 us (61512257 ticks), connect time 15987.312 us (38369549 ticks)
 0: IO qp on core 2 total time 35987.216 us (86369318 ticks), connect time 25116.396 us (60279350 ticks)
 0: IO qp on core 1 total time 45525.102 us (109260244 ticks), connect time 34503.437 us (82808248 ticks)
 0: IO qp on core 6 total time 54365.106 us (130476255 ticks), connect time 43635.236 us (104724567 ticks)
 0: IO qp on core 0 total time 66459.060 us (159501745 ticks), connect time 55213.309 us (132511942 ticks)
 0: IO qp on core 4 total time 74060.277 us (177744666 ticks), connect time 63027.842 us (151266822 ticks)
 0: IO qp on core 7 total time 84814.441 us (203554659 ticks), connect time 73822.770 us (177174648 ticks)
 0: IO qp on core 5 total time 95096.512 us (228231630 ticks), connect time 83852.611 us (201246267 ticks)
 0: IO qp on core 8 total time 104271.366 us (250251278 ticks), connect time 92257.482 us (221417957 ticks)
 0: IO qp on core 11 total time 114696.632 us (275271916 ticks), connect time 102678.038 us (246427291 ticks)
 0: IO qp on core 9 total time 125150.327 us (300360784 ticks), connect time 112466.302 us (269919124 ticks)
 0: IO qp on core 14 total time 134425.020 us (322620049 ticks), connect time 121819.087 us (292365808 ticks)
 0: IO qp on core 10 total time 144511.310 us (346827144 ticks), connect time 131754.490 us (316210776 ticks)
 0: IO qp on core 13 total time 154630.764 us (371113833 ticks), connect time 139913.812 us (335793150 ticks)
 0: IO qp on core 12 total time 164856.292 us (395655101 ticks), connect time 150160.546 us (360385310 ticks)
 0: IO qp on core 15 total time 174790.965 us (419498316 ticks), connect time 159961.242 us (383906982 ticks)
 0: ========================================================
 0:                                                                                                                 Latency(us)
 0: Device Information                                                          :       IOPS      MiB/s    Average        min        max
 0: RDMA (addr:172.24.0.2 subnqn:nqn.2016-06.io.spdk:cnode1) NSID 1 from core  0:    4348.60      16.99     229.92      16.15    4009.14
 0: RDMA (addr:172.24.0.2 subnqn:nqn.2016-06.io.spdk:cnode1) NSID 1 from core  1:    4350.00      16.99     229.82       8.67    3703.32
 0: RDMA (addr:172.24.0.2 subnqn:nqn.2016-06.io.spdk:cnode1) NSID 1 from core  2:    4357.50      17.02     229.47      11.95    3424.84
 0: RDMA (addr:172.24.0.2 subnqn:nqn.2016-06.io.spdk:cnode1) NSID 1 from core  3:    4368.90      17.07     228.85      12.91    3182.24
 0: RDMA (addr:172.24.0.2 subnqn:nqn.2016-06.io.spdk:cnode1) NSID 1 from core  4:    4369.80      17.07     228.81      12.49    3197.33
 0: RDMA (addr:172.24.0.2 subnqn:nqn.2016-06.io.spdk:cnode1) NSID 1 from core  5:    4367.40      17.06     228.92       8.63    3187.82
 0: RDMA (addr:172.24.0.2 subnqn:nqn.2016-06.io.spdk:cnode1) NSID 1 from core  6:    4351.60      17.00     229.76      14.60    3838.96
 0: RDMA (addr:172.24.0.2 subnqn:nqn.2016-06.io.spdk:cnode1) NSID 1 from core  7:    4351.50      17.00     229.77      14.38    3841.96
 0: RDMA (addr:172.24.0.2 subnqn:nqn.2016-06.io.spdk:cnode1) NSID 1 from core  8:    4351.80      17.00     229.75      14.39    3854.62
 0: RDMA (addr:172.24.0.2 subnqn:nqn.2016-06.io.spdk:cnode1) NSID 1 from core  9:    4367.20      17.06     228.93       9.65    3186.77
 0: RDMA (addr:172.24.0.2 subnqn:nqn.2016-06.io.spdk:cnode1) NSID 1 from core 10:    4351.90      17.00     229.76      13.91    3707.42
 0: RDMA (addr:172.24.0.2 subnqn:nqn.2016-06.io.spdk:cnode1) NSID 1 from core 11:    4351.10      17.00     229.79      12.99    4026.46
 0: RDMA (addr:172.24.0.2 subnqn:nqn.2016-06.io.spdk:cnode1) NSID 1 from core 12:    4351.80      17.00     229.77      13.51    3700.98
 0: RDMA (addr:172.24.0.2 subnqn:nqn.2016-06.io.spdk:cnode1) NSID 1 from core 13:    4368.80      17.07     228.87      12.23    3180.30
 0: RDMA (addr:172.24.0.2 subnqn:nqn.2016-06.io.spdk:cnode1) NSID 1 from core 14:    4370.40      17.07     228.79      12.40    3180.25
 0: RDMA (addr:172.24.0.2 subnqn:nqn.2016-06.io.spdk:cnode1) NSID 1 from core 15:    4351.20      17.00     229.79      13.49    3701.30
 0: ========================================================
 0: Total                                                                       :   69729.50     272.38     229.42       8.63    4026.46
 0: 
10: Initializing NVMe Controllers
10: Attached to NVMe over Fabrics controller at 172.24.0.2:4420: nqn.2016-06.io.spdk:cnode1
10: Controller attach time is 21790.088 us (52296212 ticks)
10: Associating RDMA (addr:172.24.0.2 subnqn:nqn.2016-06.io.spdk:cnode1) NSID 1 with lcore 0
10: Associating RDMA (addr:172.24.0.2 subnqn:nqn.2016-06.io.spdk:cnode1) NSID 1 with lcore 1
10: Associating RDMA (addr:172.24.0.2 subnqn:nqn.2016-06.io.spdk:cnode1) NSID 1 with lcore 2
10: Associating RDMA (addr:172.24.0.2 subnqn:nqn.2016-06.io.spdk:cnode1) NSID 1 with lcore 3
10: Associating RDMA (addr:172.24.0.2 subnqn:nqn.2016-06.io.spdk:cnode1) NSID 1 with lcore 4
10: Associating RDMA (addr:172.24.0.2 subnqn:nqn.2016-06.io.spdk:cnode1) NSID 1 with lcore 5
10: Associating RDMA (addr:172.24.0.2 subnqn:nqn.2016-06.io.spdk:cnode1) NSID 1 with lcore 6
10: Associating RDMA (addr:172.24.0.2 subnqn:nqn.2016-06.io.spdk:cnode1) NSID 1 with lcore 7
10: Associating RDMA (addr:172.24.0.2 subnqn:nqn.2016-06.io.spdk:cnode1) NSID 1 with lcore 8
10: Associating RDMA (addr:172.24.0.2 subnqn:nqn.2016-06.io.spdk:cnode1) NSID 1 with lcore 9
10: Associating RDMA (addr:172.24.0.2 subnqn:nqn.2016-06.io.spdk:cnode1) NSID 1 with lcore 10
10: Associating RDMA (addr:172.24.0.2 subnqn:nqn.2016-06.io.spdk:cnode1) NSID 1 with lcore 11
10: Associating RDMA (addr:172.24.0.2 subnqn:nqn.2016-06.io.spdk:cnode1) NSID 1 with lcore 12
10: Associating RDMA (addr:172.24.0.2 subnqn:nqn.2016-06.io.spdk:cnode1) NSID 1 with lcore 13
10: Associating RDMA (addr:172.24.0.2 subnqn:nqn.2016-06.io.spdk:cnode1) NSID 1 with lcore 14
10: Associating RDMA (addr:172.24.0.2 subnqn:nqn.2016-06.io.spdk:cnode1) NSID 1 with lcore 15
10: Initialization complete. Launching workers.
10: IO qp on core 3 total time 26700.315 us (64080755 ticks), connect time 16727.002 us (40144805 ticks)
10: IO qp on core 2 total time 35902.591 us (86166218 ticks), connect time 25877.713 us (62106511 ticks)
10: IO qp on core 1 total time 47370.600 us (113689440 ticks), connect time 37259.562 us (89422948 ticks)
10: IO qp on core 4 total time 54508.639 us (130820733 ticks), connect time 45280.124 us (108672297 ticks)
10: IO qp on core 0 total time 65540.306 us (157296734 ticks), connect time 55847.848 us (134034834 ticks)
10: IO qp on core 6 total time 76529.726 us (183671342 ticks), connect time 66802.783 us (160326680 ticks)
10: IO qp on core 5 total time 85105.717 us (204253722 ticks), connect time 75265.781 us (180637875 ticks)
10: IO qp on core 8 total time 95698.859 us (229677261 ticks), connect time 85412.615 us (204990276 ticks)
10: IO qp on core 7 total time 104769.288 us (251446290 ticks), connect time 94266.280 us (226239072 ticks)
10: IO qp on core 14 total time 115159.466 us (276382718 ticks), connect time 104654.977 us (251171945 ticks)
10: IO qp on core 12 total time 125058.894 us (300141346 ticks), connect time 114201.939 us (274084654 ticks)
10: IO qp on core 15 total time 135231.626 us (324555903 ticks), connect time 124212.380 us (298109712 ticks)
10: IO qp on core 9 total time 145216.560 us (348519744 ticks), connect time 134056.681 us (321736035 ticks)
10: IO qp on core 13 total time 156407.358 us (375377658 ticks), connect time 145113.247 us (348271794 ticks)
10: IO qp on core 11 total time 164777.038 us (395464890 ticks), connect time 153261.426 us (367827423 ticks)
10: IO qp on core 10 total time 174537.120 us (418889089 ticks), connect time 162776.638 us (390663931 ticks)
10: ========================================================
10:                                                                                                                 Latency(us)
10: Device Information                                                          :       IOPS      MiB/s    Average        min        max
10: RDMA (addr:172.24.0.2 subnqn:nqn.2016-06.io.spdk:cnode1) NSID 1 from core  0:    4343.10      16.97     230.21      13.88    3706.51
10: RDMA (addr:172.24.0.2 subnqn:nqn.2016-06.io.spdk:cnode1) NSID 1 from core  1:    4342.30      16.96     230.23      14.92    3734.01
10: RDMA (addr:172.24.0.2 subnqn:nqn.2016-06.io.spdk:cnode1) NSID 1 from core  2:    4344.50      16.97     230.15      13.23    3696.12
10: RDMA (addr:172.24.0.2 subnqn:nqn.2016-06.io.spdk:cnode1) NSID 1 from core  3:    4347.70      16.98     229.98      14.02    3188.01
10: RDMA (addr:172.24.0.2 subnqn:nqn.2016-06.io.spdk:cnode1) NSID 1 from core  4:    4350.60      16.99     229.80      12.24    3322.67
10: RDMA (addr:172.24.0.2 subnqn:nqn.2016-06.io.spdk:cnode1) NSID 1 from core  5:    4351.20      17.00     229.76      13.71    3324.63
10: RDMA (addr:172.24.0.2 subnqn:nqn.2016-06.io.spdk:cnode1) NSID 1 from core  6:    4354.40      17.01     229.63      15.72    3179.75
10: RDMA (addr:172.24.0.2 subnqn:nqn.2016-06.io.spdk:cnode1) NSID 1 from core  7:    4345.90      16.98     230.05      13.67    3433.73
10: RDMA (addr:172.24.0.2 subnqn:nqn.2016-06.io.spdk:cnode1) NSID 1 from core  8:    4344.60      16.97     230.14      15.06    3760.61
10: RDMA (addr:172.24.0.2 subnqn:nqn.2016-06.io.spdk:cnode1) NSID 1 from core  9:    4352.00      17.00     229.75      11.27    3320.12
10: RDMA (addr:172.24.0.2 subnqn:nqn.2016-06.io.spdk:cnode1) NSID 1 from core 10:    4351.30      17.00     229.79      14.57    3320.17
10: RDMA (addr:172.24.0.2 subnqn:nqn.2016-06.io.spdk:cnode1) NSID 1 from core 11:    4342.30      16.96     230.23      14.44    3760.29
10: RDMA (addr:172.24.0.2 subnqn:nqn.2016-06.io.spdk:cnode1) NSID 1 from core 12:    4344.10      16.97     230.18      14.08    4028.76
10: RDMA (addr:172.24.0.2 subnqn:nqn.2016-06.io.spdk:cnode1) NSID 1 from core 13:    4351.70      17.00     229.76      15.60    3321.49
10: RDMA (addr:172.24.0.2 subnqn:nqn.2016-06.io.spdk:cnode1) NSID 1 from core 14:    4344.80      16.97     230.14      14.89    3757.91
10: RDMA (addr:172.24.0.2 subnqn:nqn.2016-06.io.spdk:cnode1) NSID 1 from core 15:    4342.30      16.96     230.25      14.76    3757.83
10: ========================================================
10: Total                                                                       :   69552.80     271.69     230.00      11.27    4028.76
10: 
14: Initializing NVMe Controllers
14: Attached to NVMe over Fabrics controller at 172.24.0.2:4420: nqn.2016-06.io.spdk:cnode1
14: Controller attach time is 24705.483 us (59293160 ticks)
14: Associating RDMA (addr:172.24.0.2 subnqn:nqn.2016-06.io.spdk:cnode1) NSID 1 with lcore 0
14: Associating RDMA (addr:172.24.0.2 subnqn:nqn.2016-06.io.spdk:cnode1) NSID 1 with lcore 1
14: Associating RDMA (addr:172.24.0.2 subnqn:nqn.2016-06.io.spdk:cnode1) NSID 1 with lcore 2
14: Associating RDMA (addr:172.24.0.2 subnqn:nqn.2016-06.io.spdk:cnode1) NSID 1 with lcore 3
14: Associating RDMA (addr:172.24.0.2 subnqn:nqn.2016-06.io.spdk:cnode1) NSID 1 with lcore 4
14: Associating RDMA (addr:172.24.0.2 subnqn:nqn.2016-06.io.spdk:cnode1) NSID 1 with lcore 5
14: Associating RDMA (addr:172.24.0.2 subnqn:nqn.2016-06.io.spdk:cnode1) NSID 1 with lcore 6
14: Associating RDMA (addr:172.24.0.2 subnqn:nqn.2016-06.io.spdk:cnode1) NSID 1 with lcore 7
14: Associating RDMA (addr:172.24.0.2 subnqn:nqn.2016-06.io.spdk:cnode1) NSID 1 with lcore 8
14: Associating RDMA (addr:172.24.0.2 subnqn:nqn.2016-06.io.spdk:cnode1) NSID 1 with lcore 9
14: Associating RDMA (addr:172.24.0.2 subnqn:nqn.2016-06.io.spdk:cnode1) NSID 1 with lcore 10
14: Associating RDMA (addr:172.24.0.2 subnqn:nqn.2016-06.io.spdk:cnode1) NSID 1 with lcore 11
14: Associating RDMA (addr:172.24.0.2 subnqn:nqn.2016-06.io.spdk:cnode1) NSID 1 with lcore 12
14: Associating RDMA (addr:172.24.0.2 subnqn:nqn.2016-06.io.spdk:cnode1) NSID 1 with lcore 13
14: Associating RDMA (addr:172.24.0.2 subnqn:nqn.2016-06.io.spdk:cnode1) NSID 1 with lcore 14
14: Associating RDMA (addr:172.24.0.2 subnqn:nqn.2016-06.io.spdk:cnode1) NSID 1 with lcore 15
14: Initialization complete. Launching workers.
14: IO qp on core 3 total time 24869.267 us (59686241 ticks), connect time 14073.310 us (33775943 ticks)
14: IO qp on core 2 total time 32986.037 us (79166490 ticks), connect time 21677.378 us (52025707 ticks)
14: IO qp on core 4 total time 43733.152 us (104959565 ticks), connect time 32345.863 us (77630072 ticks)
14: IO qp on core 1 total time 53695.759 us (128869822 ticks), connect time 41798.123 us (100315496 ticks)
14: IO qp on core 5 total time 62296.848 us (149512436 ticks), connect time 49357.915 us (118458995 ticks)
14: IO qp on core 6 total time 72432.728 us (173838547 ticks), connect time 59492.387 us (142781728 ticks)
14: IO qp on core 0 total time 83288.223 us (199891736 ticks), connect time 69719.130 us (167325911 ticks)
14: IO qp on core 9 total time 93356.286 us (224055086 ticks), connect time 80292.591 us (192702218 ticks)
14: IO qp on core 7 total time 101896.141 us (244550739 ticks), connect time 88431.159 us (212234781 ticks)
14: IO qp on core 13 total time 112072.110 us (268973064 ticks), connect time 98713.562 us (236912550 ticks)
14: IO qp on core 14 total time 122348.886 us (293637326 ticks), connect time 108810.216 us (261144518 ticks)
14: IO qp on core 12 total time 131840.739 us (316417774 ticks), connect time 118231.048 us (283754515 ticks)
14: IO qp on core 11 total time 142243.648 us (341384755 ticks), connect time 128256.553 us (307815727 ticks)
14: IO qp on core 8 total time 152085.728 us (365005746 ticks), connect time 137971.131 us (331130715 ticks)
14: IO qp on core 15 total time 162222.207 us (389333298 ticks), connect time 148011.080 us (355226592 ticks)
14: IO qp on core 10 total time 172178.829 us (413229189 ticks), connect time 157963.781 us (379113075 ticks)
14: ========================================================
14:                                                                                                                 Latency(us)
14: Device Information                                                          :       IOPS      MiB/s    Average        min        max
14: RDMA (addr:172.24.0.2 subnqn:nqn.2016-06.io.spdk:cnode1) NSID 1 from core  0:    4342.40      16.96     230.25      14.09    4184.57
14: RDMA (addr:172.24.0.2 subnqn:nqn.2016-06.io.spdk:cnode1) NSID 1 from core  1:    4339.90      16.95     230.39      14.53    3433.92
14: RDMA (addr:172.24.0.2 subnqn:nqn.2016-06.io.spdk:cnode1) NSID 1 from core  2:    4344.80      16.97     230.13      15.84    4027.05
14: RDMA (addr:172.24.0.2 subnqn:nqn.2016-06.io.spdk:cnode1) NSID 1 from core  3:    4330.50      16.92     230.89      36.53    3705.38
14: RDMA (addr:172.24.0.2 subnqn:nqn.2016-06.io.spdk:cnode1) NSID 1 from core  4:    4348.20      16.99     229.94      15.43    3324.64
14: RDMA (addr:172.24.0.2 subnqn:nqn.2016-06.io.spdk:cnode1) NSID 1 from core  5:    4346.60      16.98     230.02      16.54    2954.45
14: RDMA (addr:172.24.0.2 subnqn:nqn.2016-06.io.spdk:cnode1) NSID 1 from core  6:    4344.90      16.97     230.13      15.88    4052.66
14: RDMA (addr:172.24.0.2 subnqn:nqn.2016-06.io.spdk:cnode1) NSID 1 from core  7:    4331.70      16.92     230.81      32.52    3753.29
14: RDMA (addr:172.24.0.2 subnqn:nqn.2016-06.io.spdk:cnode1) NSID 1 from core  8:    4343.60      16.97     230.20      16.07    4184.44
14: RDMA (addr:172.24.0.2 subnqn:nqn.2016-06.io.spdk:cnode1) NSID 1 from core  9:    4329.60      16.91     230.91      35.62    3706.97
14: RDMA (addr:172.24.0.2 subnqn:nqn.2016-06.io.spdk:cnode1) NSID 1 from core 10:    4346.00      16.98     230.08      15.96    2793.74
14: RDMA (addr:172.24.0.2 subnqn:nqn.2016-06.io.spdk:cnode1) NSID 1 from core 11:    4329.50      16.91     230.92      37.59    3719.44
14: RDMA (addr:172.24.0.2 subnqn:nqn.2016-06.io.spdk:cnode1) NSID 1 from core 12:    4331.90      16.92     230.82      31.77    3754.57
14: RDMA (addr:172.24.0.2 subnqn:nqn.2016-06.io.spdk:cnode1) NSID 1 from core 13:    4340.50      16.96     230.33      16.69    3285.78
14: RDMA (addr:172.24.0.2 subnqn:nqn.2016-06.io.spdk:cnode1) NSID 1 from core 14:    4332.20      16.92     230.80      31.38    3757.34
14: RDMA (addr:172.24.0.2 subnqn:nqn.2016-06.io.spdk:cnode1) NSID 1 from core 15:    4329.30      16.91     230.93      24.28    3704.12
14: ========================================================
14: Total                                                                       :   69411.60     271.14     230.47      14.09    4184.57
14: 
 8: Initializing NVMe Controllers
 8: Attached to NVMe over Fabrics controller at 172.24.0.2:4420: nqn.2016-06.io.spdk:cnode1
 8: Controller attach time is 22083.583 us (53000600 ticks)
 8: Associating RDMA (addr:172.24.0.2 subnqn:nqn.2016-06.io.spdk:cnode1) NSID 1 with lcore 0
 8: Associating RDMA (addr:172.24.0.2 subnqn:nqn.2016-06.io.spdk:cnode1) NSID 1 with lcore 1
 8: Associating RDMA (addr:172.24.0.2 subnqn:nqn.2016-06.io.spdk:cnode1) NSID 1 with lcore 2
 8: Associating RDMA (addr:172.24.0.2 subnqn:nqn.2016-06.io.spdk:cnode1) NSID 1 with lcore 3
 8: Associating RDMA (addr:172.24.0.2 subnqn:nqn.2016-06.io.spdk:cnode1) NSID 1 with lcore 4
 8: Associating RDMA (addr:172.24.0.2 subnqn:nqn.2016-06.io.spdk:cnode1) NSID 1 with lcore 5
 8: Associating RDMA (addr:172.24.0.2 subnqn:nqn.2016-06.io.spdk:cnode1) NSID 1 with lcore 6
 8: Associating RDMA (addr:172.24.0.2 subnqn:nqn.2016-06.io.spdk:cnode1) NSID 1 with lcore 7
 8: Associating RDMA (addr:172.24.0.2 subnqn:nqn.2016-06.io.spdk:cnode1) NSID 1 with lcore 8
 8: Associating RDMA (addr:172.24.0.2 subnqn:nqn.2016-06.io.spdk:cnode1) NSID 1 with lcore 9
 8: Associating RDMA (addr:172.24.0.2 subnqn:nqn.2016-06.io.spdk:cnode1) NSID 1 with lcore 10
 8: Associating RDMA (addr:172.24.0.2 subnqn:nqn.2016-06.io.spdk:cnode1) NSID 1 with lcore 11
 8: Associating RDMA (addr:172.24.0.2 subnqn:nqn.2016-06.io.spdk:cnode1) NSID 1 with lcore 12
 8: Associating RDMA (addr:172.24.0.2 subnqn:nqn.2016-06.io.spdk:cnode1) NSID 1 with lcore 13
 8: Associating RDMA (addr:172.24.0.2 subnqn:nqn.2016-06.io.spdk:cnode1) NSID 1 with lcore 14
 8: Associating RDMA (addr:172.24.0.2 subnqn:nqn.2016-06.io.spdk:cnode1) NSID 1 with lcore 15
 8: Initialization complete. Launching workers.
 8: IO qp on core 2 total time 25993.326 us (62383982 ticks), connect time 14828.564 us (35588554 ticks)
 8: IO qp on core 4 total time 35124.019 us (84297646 ticks), connect time 24065.075 us (57756181 ticks)
 8: IO qp on core 3 total time 45810.936 us (109946246 ticks), connect time 34721.681 us (83332034 ticks)
 8: IO qp on core 1 total time 55971.076 us (134330582 ticks), connect time 44636.588 us (107127811 ticks)
 8: IO qp on core 0 total time 64720.673 us (155329616 ticks), connect time 52911.471 us (126987530 ticks)
 8: IO qp on core 6 total time 73921.352 us (177411245 ticks), connect time 62282.406 us (149477774 ticks)
 8: IO qp on core 5 total time 84474.659 us (202739181 ticks), connect time 72805.055 us (174732132 ticks)
 8: IO qp on core 9 total time 94373.193 us (226495662 ticks), connect time 82487.008 us (197968818 ticks)
 8: IO qp on core 7 total time 104262.419 us (250229806 ticks), connect time 91835.397 us (220404952 ticks)
 8: IO qp on core 11 total time 114039.707 us (273695297 ticks), connect time 101607.912 us (243858989 ticks)
 8: IO qp on core 15 total time 124705.204 us (299292489 ticks), connect time 111859.291 us (268462299 ticks)
 8: IO qp on core 8 total time 134144.800 us (321947520 ticks), connect time 120948.283 us (290275878 ticks)
 8: IO qp on core 14 total time 144001.391 us (345603338 ticks), connect time 130370.011 us (312888026 ticks)
 8: IO qp on core 13 total time 154384.213 us (370522112 ticks), connect time 140578.118 us (337387484 ticks)
 8: IO qp on core 12 total time 164727.250 us (395345400 ticks), connect time 150675.606 us (361621455 ticks)
 8: IO qp on core 10 total time 174382.272 us (418517453 ticks), connect time 160158.127 us (384379505 ticks)
 8: ========================================================
 8:                                                                                                                 Latency(us)
 8: Device Information                                                          :       IOPS      MiB/s    Average        min        max
 8: RDMA (addr:172.24.0.2 subnqn:nqn.2016-06.io.spdk:cnode1) NSID 1 from core  0:    4337.80      16.94     230.49      25.42    2579.36
 8: RDMA (addr:172.24.0.2 subnqn:nqn.2016-06.io.spdk:cnode1) NSID 1 from core  1:    4330.00      16.91     230.88      35.93    3705.90
 8: RDMA (addr:172.24.0.2 subnqn:nqn.2016-06.io.spdk:cnode1) NSID 1 from core  2:    4349.00      16.99     229.92      16.84    2493.48
 8: RDMA (addr:172.24.0.2 subnqn:nqn.2016-06.io.spdk:cnode1) NSID 1 from core  3:    4340.20      16.95     230.37      31.87    2575.94
 8: RDMA (addr:172.24.0.2 subnqn:nqn.2016-06.io.spdk:cnode1) NSID 1 from core  4:    4347.90      16.98     229.97      16.07    2493.66
 8: RDMA (addr:172.24.0.2 subnqn:nqn.2016-06.io.spdk:cnode1) NSID 1 from core  5:    4348.00      16.98     229.93      16.67    2765.08
 8: RDMA (addr:172.24.0.2 subnqn:nqn.2016-06.io.spdk:cnode1) NSID 1 from core  6:    4348.70      16.99     229.93      16.43    2770.74
 8: RDMA (addr:172.24.0.2 subnqn:nqn.2016-06.io.spdk:cnode1) NSID 1 from core  7:    4348.30      16.99     229.94      17.60    2500.72
 8: RDMA (addr:172.24.0.2 subnqn:nqn.2016-06.io.spdk:cnode1) NSID 1 from core  8:    4339.00      16.95     230.44      27.24    2583.16
 8: RDMA (addr:172.24.0.2 subnqn:nqn.2016-06.io.spdk:cnode1) NSID 1 from core  9:    4338.90      16.95     230.42      25.89    4185.04
 8: RDMA (addr:172.24.0.2 subnqn:nqn.2016-06.io.spdk:cnode1) NSID 1 from core 10:    4349.00      16.99     229.91      15.79    2485.73
 8: RDMA (addr:172.24.0.2 subnqn:nqn.2016-06.io.spdk:cnode1) NSID 1 from core 11:    4349.30      16.99     229.88      14.18    2468.08
 8: RDMA (addr:172.24.0.2 subnqn:nqn.2016-06.io.spdk:cnode1) NSID 1 from core 12:    4337.60      16.94     230.52      33.53    3323.05
 8: RDMA (addr:172.24.0.2 subnqn:nqn.2016-06.io.spdk:cnode1) NSID 1 from core 13:    4334.20      16.93     230.68      36.97    2740.89
 8: RDMA (addr:172.24.0.2 subnqn:nqn.2016-06.io.spdk:cnode1) NSID 1 from core 14:    4335.50      16.94     230.62      31.03    2740.95
 8: RDMA (addr:172.24.0.2 subnqn:nqn.2016-06.io.spdk:cnode1) NSID 1 from core 15:    4333.60      16.93     230.71      34.48    2604.84
 8: ========================================================
 8: Total                                                                       :   69467.00     271.36     230.29      14.18    4185.04
 8: 
16: Initializing NVMe Controllers
16: Attached to NVMe over Fabrics controller at 172.24.0.2:4420: nqn.2016-06.io.spdk:cnode1
16: Controller attach time is 23534.078 us (56481788 ticks)
16: Associating RDMA (addr:172.24.0.2 subnqn:nqn.2016-06.io.spdk:cnode1) NSID 1 with lcore 0
16: Associating RDMA (addr:172.24.0.2 subnqn:nqn.2016-06.io.spdk:cnode1) NSID 1 with lcore 1
16: Associating RDMA (addr:172.24.0.2 subnqn:nqn.2016-06.io.spdk:cnode1) NSID 1 with lcore 2
16: Associating RDMA (addr:172.24.0.2 subnqn:nqn.2016-06.io.spdk:cnode1) NSID 1 with lcore 3
16: Associating RDMA (addr:172.24.0.2 subnqn:nqn.2016-06.io.spdk:cnode1) NSID 1 with lcore 4
16: Associating RDMA (addr:172.24.0.2 subnqn:nqn.2016-06.io.spdk:cnode1) NSID 1 with lcore 5
16: Associating RDMA (addr:172.24.0.2 subnqn:nqn.2016-06.io.spdk:cnode1) NSID 1 with lcore 6
16: Associating RDMA (addr:172.24.0.2 subnqn:nqn.2016-06.io.spdk:cnode1) NSID 1 with lcore 7
16: Associating RDMA (addr:172.24.0.2 subnqn:nqn.2016-06.io.spdk:cnode1) NSID 1 with lcore 8
16: Associating RDMA (addr:172.24.0.2 subnqn:nqn.2016-06.io.spdk:cnode1) NSID 1 with lcore 9
16: Associating RDMA (addr:172.24.0.2 subnqn:nqn.2016-06.io.spdk:cnode1) NSID 1 with lcore 10
16: Associating RDMA (addr:172.24.0.2 subnqn:nqn.2016-06.io.spdk:cnode1) NSID 1 with lcore 11
16: Associating RDMA (addr:172.24.0.2 subnqn:nqn.2016-06.io.spdk:cnode1) NSID 1 with lcore 12
16: Associating RDMA (addr:172.24.0.2 subnqn:nqn.2016-06.io.spdk:cnode1) NSID 1 with lcore 13
16: Associating RDMA (addr:172.24.0.2 subnqn:nqn.2016-06.io.spdk:cnode1) NSID 1 with lcore 14
16: Associating RDMA (addr:172.24.0.2 subnqn:nqn.2016-06.io.spdk:cnode1) NSID 1 with lcore 15
16: Initialization complete. Launching workers.
16: IO qp on core 1 total time 24499.102 us (58797844 ticks), connect time 16685.612 us (40045468 ticks)
16: IO qp on core 3 total time 34464.380 us (82714512 ticks), connect time 23961.215 us (57506916 ticks)
16: IO qp on core 2 total time 44639.613 us (107135072 ticks), connect time 33496.745 us (80392187 ticks)
16: IO qp on core 5 total time 53981.253 us (129555007 ticks), connect time 42747.803 us (102594727 ticks)
16: IO qp on core 4 total time 63678.836 us (152829207 ticks), connect time 52009.551 us (124822923 ticks)
16: IO qp on core 6 total time 74096.178 us (177830828 ticks), connect time 61880.647 us (148513553 ticks)
16: IO qp on core 0 total time 83764.250 us (201034199 ticks), connect time 71884.681 us (172523234 ticks)
16: IO qp on core 7 total time 93422.670 us (224214407 ticks), connect time 81562.337 us (195749609 ticks)
16: IO qp on core 9 total time 102946.099 us (247070637 ticks), connect time 90929.059 us (218229741 ticks)
16: IO qp on core 11 total time 113240.837 us (271778008 ticks), connect time 101101.229 us (242642950 ticks)
16: IO qp on core 8 total time 123182.650 us (295638360 ticks), connect time 110420.594 us (265009425 ticks)
16: IO qp on core 12 total time 132859.085 us (318861805 ticks), connect time 119895.307 us (287748736 ticks)
16: IO qp on core 14 total time 143314.430 us (343954633 ticks), connect time 129602.828 us (311046787 ticks)
16: IO qp on core 15 total time 153083.147 us (367399553 ticks), connect time 139370.340 us (334488815 ticks)
16: IO qp on core 10 total time 162787.701 us (390690482 ticks), connect time 149072.450 us (357773879 ticks)
16: IO qp on core 13 total time 173170.357 us (415608857 ticks), connect time 159334.542 us (382402901 ticks)
16: ========================================================
16:                                                                                                                 Latency(us)
16: Device Information                                                          :       IOPS      MiB/s    Average        min        max
16: RDMA (addr:172.24.0.2 subnqn:nqn.2016-06.io.spdk:cnode1) NSID 1 from core  0:    4341.30      16.96     230.31      27.60    2766.00
16: RDMA (addr:172.24.0.2 subnqn:nqn.2016-06.io.spdk:cnode1) NSID 1 from core  1:    4340.10      16.95     230.36      29.00    2726.02
16: RDMA (addr:172.24.0.2 subnqn:nqn.2016-06.io.spdk:cnode1) NSID 1 from core  2:    4344.20      16.97     230.17      22.85    2575.78
11: Initializing NVMe Controllers
11: Attached to NVMe over Fabrics controller at 172.24.0.2:4420: nqn.2016-06.io.spdk:cnode1
11: Controller attach time is 22155.975 us (53174340 ticks)
11: Associating RDMA (addr:172.24.0.2 subnqn:nqn.2016-06.io.spdk:cnode1) NSID 1 with lcore 0
11: Associating RDMA (addr:172.24.0.2 subnqn:nqn.2016-06.io.spdk:cnode1) NSID 1 with lcore 1
11: Associating RDMA (addr:172.24.0.2 subnqn:nqn.2016-06.io.spdk:cnode1) NSID 1 with lcore 2
11: Associating RDMA (addr:172.24.0.2 subnqn:nqn.2016-06.io.spdk:cnode1) NSID 1 with lcore 3
11: Associating RDMA (addr:172.24.0.2 subnqn:nqn.2016-06.io.spdk:cnode1) NSID 1 with lcore 4
11: Associating RDMA (addr:172.24.0.2 subnqn:nqn.2016-06.io.spdk:cnode1) NSID 1 with lcore 5
11: Associating RDMA (addr:172.24.0.2 subnqn:nqn.2016-06.io.spdk:cnode1) NSID 1 with lcore 6
11: Associating RDMA (addr:172.24.0.2 subnqn:nqn.2016-06.io.spdk:cnode1) NSID 1 with lcore 7
11: Associating RDMA (addr:172.24.0.2 subnqn:nqn.2016-06.io.spdk:cnode1) NSID 1 with lcore 8
11: Associating RDMA (addr:172.24.0.2 subnqn:nqn.2016-06.io.spdk:cnode1) NSID 1 with lcore 9
11: Associating RDMA (addr:172.24.0.2 subnqn:nqn.2016-06.io.spdk:cnode1) NSID 1 with lcore 10
11: Associating RDMA (addr:172.24.0.2 subnqn:nqn.2016-06.io.spdk:cnode1) NSID 1 with lcore 11
11: Associating RDMA (addr:172.24.0.2 subnqn:nqn.2016-06.io.spdk:cnode1) NSID 1 with lcore 12
11: Associating RDMA (addr:172.24.0.2 subnqn:nqn.2016-06.io.spdk:cnode1) NSID 1 with lcore 13
11: Associating RDMA (addr:172.24.0.2 subnqn:nqn.2016-06.io.spdk:cnode1) NSID 1 with lcore 14
11: Associating RDMA (addr:172.24.0.2 subnqn:nqn.2016-06.io.spdk:cnode1) NSID 1 with lcore 15
11: Initialization complete. Launching workers.
11: IO qp on core 1 total time 17119.562 us (41086948 ticks), connect time 8222.240 us (19733375 ticks)
11: IO qp on core 2 total time 26451.568 us (63483762 ticks), connect time 17567.365 us (42161676 ticks)
11: IO qp on core 0 total time 35340.219 us (84816525 ticks), connect time 26920.278 us (64608666 ticks)
11: IO qp on core 5 total time 45052.445 us (108125869 ticks), connect time 35021.854 us (84052450 ticks)
11: IO qp on core 3 total time 54973.069 us (131935365 ticks), connect time 44877.190 us (107705256 ticks)
11: IO qp on core 6 total time 65260.785 us (156625883 ticks), connect time 54972.793 us (131934704 ticks)
11: IO qp on core 4 total time 75150.703 us (180361688 ticks), connect time 64860.251 us (155664602 ticks)
11: IO qp on core 11 total time 85116.378 us (204279308 ticks), connect time 74494.896 us (178787750 ticks)
11: IO qp on core 7 total time 95147.115 us (228353076 ticks), connect time 83729.381 us (200950515 ticks)
11: IO qp on core 13 total time 104987.310 us (251969544 ticks), connect time 93567.613 us (224562270 ticks)
11: IO qp on core 15 total time 114834.266 us (275602238 ticks), connect time 103049.286 us (247318286 ticks)
11: IO qp on core 8 total time 124924.699 us (299819277 ticks), connect time 112733.962 us (270561510 ticks)
11: IO qp on core 10 total time 135028.721 us (324068930 ticks), connect time 121955.753 us (292693808 ticks)
11: IO qp on core 12 total time 145027.829 us (348066790 ticks), connect time 131955.043 us (316692103 ticks)
11: IO qp on core 14 total time 154882.243 us (371717384 ticks), connect time 141632.500 us (339917999 ticks)
11: IO qp on core 9 total time 164804.953 us (395531886 ticks), connect time 151565.576 us (363757383 ticks)
11: ========================================================
11:                                                                                                                 Latency(us)
11: Device Information                                                          :       IOPS      MiB/s    Average        min        max
11: RDMA (addr:172.24.0.2 subnqn:nqn.2016-06.io.spdk:cnode1) NSID 1 from core  0:    4347.20      16.98     230.00      29.55    2787.57
11: RDMA (addr:172.24.0.2 subnqn:nqn.2016-06.io.spdk:cnode1) NSID 1 from core  1:    4348.80      16.99     229.92      30.81    2977.25
11: RDMA (addr:172.24.0.2 subnqn:nqn.2016-06.io.spdk:cnode1) NSID 1 from core  2:    4342.20      16.96     230.27      23.05    2603.74
 3: Initializing NVMe Controllers
 3: Attached to NVMe over Fabrics controller at 172.24.0.2:4420: nqn.2016-06.io.spdk:cnode1
 3: Controller attach time is 28887.117 us (69329080 ticks)
 3: Associating RDMA (addr:172.24.0.2 subnqn:nqn.2016-06.io.spdk:cnode1) NSID 1 with lcore 0
 3: Associating RDMA (addr:172.24.0.2 subnqn:nqn.2016-06.io.spdk:cnode1) NSID 1 with lcore 1
 3: Associating RDMA (addr:172.24.0.2 subnqn:nqn.2016-06.io.spdk:cnode1) NSID 1 with lcore 2
 3: Associating RDMA (addr:172.24.0.2 subnqn:nqn.2016-06.io.spdk:cnode1) NSID 1 with lcore 3
 3: Associating RDMA (addr:172.24.0.2 subnqn:nqn.2016-06.io.spdk:cnode1) NSID 1 with lcore 4
 3: Associating RDMA (addr:172.24.0.2 subnqn:nqn.2016-06.io.spdk:cnode1) NSID 1 with lcore 5
 3: Associating RDMA (addr:172.24.0.2 subnqn:nqn.2016-06.io.spdk:cnode1) NSID 1 with lcore 6
 3: Associating RDMA (addr:172.24.0.2 subnqn:nqn.2016-06.io.spdk:cnode1) NSID 1 with lcore 7
 3: Associating RDMA (addr:172.24.0.2 subnqn:nqn.2016-06.io.spdk:cnode1) NSID 1 with lcore 8
 3: Associating RDMA (addr:172.24.0.2 subnqn:nqn.2016-06.io.spdk:cnode1) NSID 1 with lcore 9
 3: Associating RDMA (addr:172.24.0.2 subnqn:nqn.2016-06.io.spdk:cnode1) NSID 1 with lcore 10
 3: Associating RDMA (addr:172.24.0.2 subnqn:nqn.2016-06.io.spdk:cnode1) NSID 1 with lcore 11
 3: Associating RDMA (addr:172.24.0.2 subnqn:nqn.2016-06.io.spdk:cnode1) NSID 1 with lcore 12
 3: Associating RDMA (addr:172.24.0.2 subnqn:nqn.2016-06.io.spdk:cnode1) NSID 1 with lcore 13
 3: Associating RDMA (addr:172.24.0.2 subnqn:nqn.2016-06.io.spdk:cnode1) NSID 1 with lcore 14
 3: Associating RDMA (addr:172.24.0.2 subnqn:nqn.2016-06.io.spdk:cnode1) NSID 1 with lcore 15
 3: Initialization complete. Launching workers.
 3: IO qp on core 1 total time 16802.606 us (40326254 ticks), connect time 8099.467 us (19438722 ticks)
 3: IO qp on core 5 total time 26495.772 us (63589854 ticks), connect time 18299.356 us (43918455 ticks)
 3: IO qp on core 3 total time 35995.479 us (86389149 ticks), connect time 27751.651 us (66603963 ticks)
 3: IO qp on core 2 total time 45819.274 us (109966257 ticks), connect time 37501.951 us (90004683 ticks)
 3: IO qp on core 4 total time 56191.413 us (134859392 ticks), connect time 46551.303 us (111723128 ticks)
 3: IO qp on core 6 total time 65325.750 us (156781801 ticks), connect time 56459.312 us (135502348 ticks)
 3: IO qp on core 0 total time 75734.929 us (181763829 ticks), connect time 66038.837 us (158493210 ticks)
 3: IO qp on core 7 total time 85186.740 us (204448177 ticks), connect time 75244.644 us (180587146 ticks)
 3: IO qp on core 15 total time 95320.709 us (228769702 ticks), connect time 85215.829 us (204517990 ticks)
 3: IO qp on core 9 total time 105161.035 us (252386485 ticks), connect time 92082.877 us (220998904 ticks)
 3: IO qp on core 11 total time 116347.073 us (279232975 ticks), connect time 103072.503 us (247374007 ticks)
 3: IO qp on core 13 total time 125211.498 us (300507596 ticks), connect time 111473.411 us (267536186 ticks)
 3: IO qp on core 10 total time 134887.348 us (323729635 ticks), connect time 120933.328 us (290239987 ticks)
 3: IO qp on core 14 total time 146327.550 us (351186119 ticks), connect time 132374.215 us (317698115 ticks)
 3: IO qp on core 8 total time 154844.500 us (371626800 ticks), connect time 140886.650 us (338127960 ticks)
 3: IO qp on core 12 total time 164705.100 us (395292240 ticks), connect time 115833.188 us (277999650 ticks)
 3: ========================================================
 3:                                                                                                                 Latency(us)
 3: Device Information                                                          :       IOPS      MiB/s    Average        min        max
 3: RDMA (addr:172.24.0.2 subnqn:nqn.2016-06.io.spdk:cnode1) NSID 1 from core  0:    4344.10      16.97     230.16      28.25    2837.84
 3: RDMA (addr:172.24.0.2 subnqn:nqn.2016-06.io.spdk:cnode1) NSID 1 from core  1:    4347.90      16.98     229.96      18.34    2486.68
 3: RDMA (addr:172.24.0.2 subnqn:nqn.2016-06.io.spdk:cnode1) NSID 1 from core  2:    4348.20      16.99     229.95      20.98    2586.20
 3: RDMA (addr:172.24.0.2 subnqn:nqn.2016-06.io.spdk:cnode1) NSID 1 from core  3:    4346.20      16.98     230.03      29.50    4184.40
 3: RDMA (addr:172.24.0.2 subnqn:nqn.2016-06.io.spdk:cnode1) NSID 1 from core  4:    4345.50      16.97     230.09      22.99    2733.72
 3: RDMA (addr:172.24.0.2 subnqn:nqn.2016-06.io.spdk:cnode1) NSID 1 from core  5:    4348.90      16.99     229.91      13.24    2487.09
 3: RDMA (addr:172.24.0.2 subnqn:nqn.2016-06.io.spdk:cnode1) NSID 1 from core  6:    4345.40      16.97     230.11      27.73    2874.21
 3: RDMA (addr:172.24.0.2 subnqn:nqn.2016-06.io.spdk:cnode1) NSID 1 from core  7:    4345.30      16.97     230.09      26.32    4188.14
 3: RDMA (addr:172.24.0.2 subnqn:nqn.2016-06.io.spdk:cnode1) NSID 1 from core  8:    4342.30      16.96     230.27      24.59    2716.16
 3: RDMA (addr:172.24.0.2 subnqn:nqn.2016-06.io.spdk:cnode1) NSID 1 from core  9:    4348.10      16.98     229.92      29.94    2750.72
 3: RDMA (addr:172.24.0.2 subnqn:nqn.2016-06.io.spdk:cnode1) NSID 1 from core 10:    4346.50      16.98     230.05      20.11    2482.99
 3: RDMA (addr:172.24.0.2 subnqn:nqn.2016-06.io.spdk:cnode1) NSID 1 from core 11:    4348.40      16.99     229.94      18.84    2483.14
 3: RDMA (addr:172.24.0.2 subnqn:nqn.2016-06.io.spdk:cnode1) NSID 1 from core 12:    4346.50      16.98     230.05      32.66    2497.08
 3: RDMA (addr:172.24.0.2 subnqn:nqn.2016-06.io.spdk:cnode1) NSID 1 from core 13:    4345.60      16.98     230.06      27.18    4184.01
 3: RDMA (addr:172.24.0.2 subnqn:nqn.2016-06.io.spdk:cnode1) NSID 1 from core 14:    4346.30      16.98     230.05      26.79    4195.44
 3: RDMA (addr:172.24.0.2 subnqn:nqn.2016-06.io.spdk:cnode1) NSID 1 from core 15:    4347.70      16.98     229.96      23.43    2582.27
 3: ========================================================
 3: Total                                                                       :   69542.90     271.65     230.04      13.24    4195.44
 3: 
11: RDMA (addr:172.24.0.2 subnqn:nqn.2016-06.io.spdk:cnode1) NSID 1 from core  3:    4345.20      16.97     230.07      22.63    4184.41
11: RDMA (addr:172.24.0.2 subnqn:nqn.2016-06.io.spdk:cnode1) NSID 1 from core  4:    4347.40      16.98     229.99      31.93    2778.64
11: RDMA (addr:172.24.0.2 subnqn:nqn.2016-06.io.spdk:cnode1) NSID 1 from core  5:    4345.90      16.98     230.02      23.87    4184.64
11: RDMA (addr:172.24.0.2 subnqn:nqn.2016-06.io.spdk:cnode1) NSID 1 from core  6:    4348.10      16.98     229.96      23.45    2598.21
11: RDMA (addr:172.24.0.2 subnqn:nqn.2016-06.io.spdk:cnode1) NSID 1 from core  7:    4347.10      16.98     230.00      18.94    2838.30
11: RDMA (addr:172.24.0.2 subnqn:nqn.2016-06.io.spdk:cnode1) NSID 1 from core  8:    4333.30      16.93     230.75      27.66    3703.71
11: RDMA (addr:172.24.0.2 subnqn:nqn.2016-06.io.spdk:cnode1) NSID 1 from core  9:    4346.10      16.98     230.04      21.66    4197.61
11: RDMA (addr:172.24.0.2 subnqn:nqn.2016-06.io.spdk:cnode1) NSID 1 from core 10:    4333.30      16.93     230.75      27.00    3701.62
11: RDMA (addr:172.24.0.2 subnqn:nqn.2016-06.io.spdk:cnode1) NSID 1 from core 11:    4347.40      16.98     229.99      28.66    2578.63
11: RDMA (addr:172.24.0.2 subnqn:nqn.2016-06.io.spdk:cnode1) NSID 1 from core 12:    4332.80      16.93     230.78      29.36    3708.40
11: RDMA (addr:172.24.0.2 subnqn:nqn.2016-06.io.spdk:cnode1) NSID 1 from core 13:    4347.80      16.98     229.95      19.73    2485.71
11: RDMA (addr:172.24.0.2 subnqn:nqn.2016-06.io.spdk:cnode1) NSID 1 from core 14:    4333.90      16.93     230.71      34.61    3707.08
11: RDMA (addr:172.24.0.2 subnqn:nqn.2016-06.io.spdk:cnode1) NSID 1 from core 15:    4332.80      16.93     230.76      32.09    3703.28
11: ========================================================
11: Total                                                                       :   69479.30     271.40     230.25      18.94    4197.61
11: 
16: RDMA (addr:172.24.0.2 subnqn:nqn.2016-06.io.spdk:cnode1) NSID 1 from core  3:    4337.90      16.94     230.49      35.97    2623.03
16: RDMA (addr:172.24.0.2 subnqn:nqn.2016-06.io.spdk:cnode1) NSID 1 from core  4:    4331.70      16.92     230.83      37.49    3706.62
16: RDMA (addr:172.24.0.2 subnqn:nqn.2016-06.io.spdk:cnode1) NSID 1 from core  5:    4340.60      16.96     230.33      30.42    2704.82
16: RDMA (addr:172.24.0.2 subnqn:nqn.2016-06.io.spdk:cnode1) NSID 1 from core  6:    4344.30      16.97     230.16      21.93    2515.79
16: RDMA (addr:172.24.0.2 subnqn:nqn.2016-06.io.spdk:cnode1) NSID 1 from core  7:    4342.60      16.96     230.22      20.89    2596.27
16: RDMA (addr:172.24.0.2 subnqn:nqn.2016-06.io.spdk:cnode1) NSID 1 from core  8:    4335.60      16.94     230.63      35.80    2600.49
16: RDMA (addr:172.24.0.2 subnqn:nqn.2016-06.io.spdk:cnode1) NSID 1 from core  9:    4343.60      16.97     230.16      29.61    2771.34
16: RDMA (addr:172.24.0.2 subnqn:nqn.2016-06.io.spdk:cnode1) NSID 1 from core 10:    4340.90      16.96     230.35      31.04    2837.24
16: RDMA (addr:172.24.0.2 subnqn:nqn.2016-06.io.spdk:cnode1) NSID 1 from core 11:    4351.40      17.00     229.77      16.66    2483.12
16: RDMA (addr:172.24.0.2 subnqn:nqn.2016-06.io.spdk:cnode1) NSID 1 from core 12:    4343.20      16.97     230.22      25.86    2597.50
16: RDMA (addr:172.24.0.2 subnqn:nqn.2016-06.io.spdk:cnode1) NSID 1 from core 13:    4343.50      16.97     230.20      27.69    2573.26
16: RDMA (addr:172.24.0.2 subnqn:nqn.2016-06.io.spdk:cnode1) NSID 1 from core 14:    4343.10      16.97     230.23      27.89    2569.95
16: RDMA (addr:172.24.0.2 subnqn:nqn.2016-06.io.spdk:cnode1) NSID 1 from core 15:    4341.20      16.96     230.30      26.14    2570.96
16: ========================================================
16: Total                                                                       :   69465.20     271.35     230.30      16.66    3706.62
16: 
15: Initializing NVMe Controllers
15: Attached to NVMe over Fabrics controller at 172.24.0.2:4420: nqn.2016-06.io.spdk:cnode1
15: Controller attach time is 22648.213 us (54355710 ticks)
15: Associating RDMA (addr:172.24.0.2 subnqn:nqn.2016-06.io.spdk:cnode1) NSID 1 with lcore 0
15: Associating RDMA (addr:172.24.0.2 subnqn:nqn.2016-06.io.spdk:cnode1) NSID 1 with lcore 1
15: Associating RDMA (addr:172.24.0.2 subnqn:nqn.2016-06.io.spdk:cnode1) NSID 1 with lcore 2
15: Associating RDMA (addr:172.24.0.2 subnqn:nqn.2016-06.io.spdk:cnode1) NSID 1 with lcore 3
15: Associating RDMA (addr:172.24.0.2 subnqn:nqn.2016-06.io.spdk:cnode1) NSID 1 with lcore 4
15: Associating RDMA (addr:172.24.0.2 subnqn:nqn.2016-06.io.spdk:cnode1) NSID 1 with lcore 5
15: Associating RDMA (addr:172.24.0.2 subnqn:nqn.2016-06.io.spdk:cnode1) NSID 1 with lcore 6
15: Associating RDMA (addr:172.24.0.2 subnqn:nqn.2016-06.io.spdk:cnode1) NSID 1 with lcore 7
15: Associating RDMA (addr:172.24.0.2 subnqn:nqn.2016-06.io.spdk:cnode1) NSID 1 with lcore 8
15: Associating RDMA (addr:172.24.0.2 subnqn:nqn.2016-06.io.spdk:cnode1) NSID 1 with lcore 9
15: Associating RDMA (addr:172.24.0.2 subnqn:nqn.2016-06.io.spdk:cnode1) NSID 1 with lcore 10
15: Associating RDMA (addr:172.24.0.2 subnqn:nqn.2016-06.io.spdk:cnode1) NSID 1 with lcore 11
15: Associating RDMA (addr:172.24.0.2 subnqn:nqn.2016-06.io.spdk:cnode1) NSID 1 with lcore 12
15: Associating RDMA (addr:172.24.0.2 subnqn:nqn.2016-06.io.spdk:cnode1) NSID 1 with lcore 13
15: Associating RDMA (addr:172.24.0.2 subnqn:nqn.2016-06.io.spdk:cnode1) NSID 1 with lcore 14
15: Associating RDMA (addr:172.24.0.2 subnqn:nqn.2016-06.io.spdk:cnode1) NSID 1 with lcore 15
15: Initialization complete. Launching workers.
15: IO qp on core 1 total time 23703.538 us (56888492 ticks), connect time 14794.783 us (35507480 ticks)
15: IO qp on core 2 total time 33302.697 us (79926472 ticks), connect time 23966.119 us (57518686 ticks)
15: IO qp on core 3 total time 43574.242 us (104578180 ticks), connect time 33681.448 us (80835474 ticks)
15: IO qp on core 4 total time 53055.261 us (127332627 ticks), connect time 42739.059 us (102573741 ticks)
15: IO qp on core 5 total time 62188.406 us (149252175 ticks), connect time 52464.268 us (125914242 ticks)
15: IO qp on core 0 total time 72837.677 us (174810424 ticks), connect time 62608.937 us (150261448 ticks)
15: IO qp on core 6 total time 82376.527 us (197703666 ticks), connect time 72205.630 us (173293512 ticks)
15: IO qp on core 7 total time 92405.540 us (221773296 ticks), connect time 82035.098 us (196884234 ticks)
15: IO qp on core 13 total time 102177.977 us (245227145 ticks), connect time 91092.921 us (218623010 ticks)
15: IO qp on core 15 total time 112758.806 us (270621135 ticks), connect time 101616.750 us (243880200 ticks)
15: IO qp on core 9 total time 122148.074 us (293155377 ticks), connect time 110479.594 us (265151025 ticks)
15: IO qp on core 8 total time 132361.633 us (317667920 ticks), connect time 120420.721 us (289009730 ticks)
15: IO qp on core 11 total time 142220.721 us (341329731 ticks), connect time 130210.675 us (312505620 ticks)
15: IO qp on core 14 total time 153059.270 us (367342247 ticks), connect time 140891.493 us (338139584 ticks)
15: IO qp on core 10 total time 162196.890 us (389272537 ticks), connect time 150026.584 us (360063802 ticks)
15: IO qp on core 12 total time 172018.987 us (412845568 ticks), connect time 159709.019 us (383301646 ticks)
15: ========================================================
15:                                                                                                                 Latency(us)
15: Device Information                                                          :       IOPS      MiB/s    Average        min        max
15: RDMA (addr:172.24.0.2 subnqn:nqn.2016-06.io.spdk:cnode1) NSID 1 from core  0:    4360.50      17.03     229.29      19.66    3564.64
15: RDMA (addr:172.24.0.2 subnqn:nqn.2016-06.io.spdk:cnode1) NSID 1 from core  1:    4371.60      17.08     228.72      11.93    2486.28
15: RDMA (addr:172.24.0.2 subnqn:nqn.2016-06.io.spdk:cnode1) NSID 1 from core  2:    4350.10      16.99     229.85      28.88    3705.92
15: RDMA (addr:172.24.0.2 subnqn:nqn.2016-06.io.spdk:cnode1) NSID 1 from core  3:    4369.10      17.07     228.82      11.94    2547.14
15: RDMA (addr:172.24.0.2 subnqn:nqn.2016-06.io.spdk:cnode1) NSID 1 from core  4:    4368.60      17.06     228.89      18.90    4129.88
15: RDMA (addr:172.24.0.2 subnqn:nqn.2016-06.io.spdk:cnode1) NSID 1 from core  5:    4359.30      17.03     229.37      18.36    3780.82
15: RDMA (addr:172.24.0.2 subnqn:nqn.2016-06.io.spdk:cnode1) NSID 1 from core  6:    4369.20      17.07     228.88      19.17    4129.89
15: RDMA (addr:172.24.0.2 subnqn:nqn.2016-06.io.spdk:cnode1) NSID 1 from core  7:    4366.20      17.06     229.00      20.82    4126.99
15: RDMA (addr:172.24.0.2 subnqn:nqn.2016-06.io.spdk:cnode1) NSID 1 from core  8:    4367.60      17.06     228.96      12.62    3903.04
15: RDMA (addr:172.24.0.2 subnqn:nqn.2016-06.io.spdk:cnode1) NSID 1 from core  9:    4364.20      17.05     229.09      18.21    3562.33
15: RDMA (addr:172.24.0.2 subnqn:nqn.2016-06.io.spdk:cnode1) NSID 1 from core 10:    4357.80      17.02     229.47      16.47    3769.51
15: RDMA (addr:172.24.0.2 subnqn:nqn.2016-06.io.spdk:cnode1) NSID 1 from core 11:    4349.50      16.99     229.86      17.44    3705.70
15: RDMA (addr:172.24.0.2 subnqn:nqn.2016-06.io.spdk:cnode1) NSID 1 from core 12:    4367.00      17.06     228.99      13.72    3896.23
15: RDMA (addr:172.24.0.2 subnqn:nqn.2016-06.io.spdk:cnode1) NSID 1 from core 13:    4370.90      17.07     228.73      10.82    2548.99
15: RDMA (addr:172.24.0.2 subnqn:nqn.2016-06.io.spdk:cnode1) NSID 1 from core 14:    4359.40      17.03     229.36      21.76    3836.24
15: RDMA (addr:172.24.0.2 subnqn:nqn.2016-06.io.spdk:cnode1) NSID 1 from core 15:    4359.20      17.03     229.39      23.31    3772.71
15: ========================================================
15: Total                                                                       :   69810.20     272.70     229.17      10.82    4129.89
15: 
 5: Initializing NVMe Controllers
 5: Attached to NVMe over Fabrics controller at 172.24.0.2:4420: nqn.2016-06.io.spdk:cnode1
 5: Controller attach time is 24098.895 us (57837348 ticks)
 5: Associating RDMA (addr:172.24.0.2 subnqn:nqn.2016-06.io.spdk:cnode1) NSID 1 with lcore 0
 5: Associating RDMA (addr:172.24.0.2 subnqn:nqn.2016-06.io.spdk:cnode1) NSID 1 with lcore 1
 5: Associating RDMA (addr:172.24.0.2 subnqn:nqn.2016-06.io.spdk:cnode1) NSID 1 with lcore 2
 5: Associating RDMA (addr:172.24.0.2 subnqn:nqn.2016-06.io.spdk:cnode1) NSID 1 with lcore 3
 5: Associating RDMA (addr:172.24.0.2 subnqn:nqn.2016-06.io.spdk:cnode1) NSID 1 with lcore 4
 5: Associating RDMA (addr:172.24.0.2 subnqn:nqn.2016-06.io.spdk:cnode1) NSID 1 with lcore 5
 5: Associating RDMA (addr:172.24.0.2 subnqn:nqn.2016-06.io.spdk:cnode1) NSID 1 with lcore 6
 5: Associating RDMA (addr:172.24.0.2 subnqn:nqn.2016-06.io.spdk:cnode1) NSID 1 with lcore 7
 5: Associating RDMA (addr:172.24.0.2 subnqn:nqn.2016-06.io.spdk:cnode1) NSID 1 with lcore 8
 5: Associating RDMA (addr:172.24.0.2 subnqn:nqn.2016-06.io.spdk:cnode1) NSID 1 with lcore 9
 5: Associating RDMA (addr:172.24.0.2 subnqn:nqn.2016-06.io.spdk:cnode1) NSID 1 with lcore 10
 5: Associating RDMA (addr:172.24.0.2 subnqn:nqn.2016-06.io.spdk:cnode1) NSID 1 with lcore 11
 5: Associating RDMA (addr:172.24.0.2 subnqn:nqn.2016-06.io.spdk:cnode1) NSID 1 with lcore 12
 5: Associating RDMA (addr:172.24.0.2 subnqn:nqn.2016-06.io.spdk:cnode1) NSID 1 with lcore 13
 5: Associating RDMA (addr:172.24.0.2 subnqn:nqn.2016-06.io.spdk:cnode1) NSID 1 with lcore 14
 5: Associating RDMA (addr:172.24.0.2 subnqn:nqn.2016-06.io.spdk:cnode1) NSID 1 with lcore 15
 5: Initialization complete. Launching workers.
 5: IO qp on core 1 total time 24022.443 us (57653864 ticks), connect time 14346.314 us (34431153 ticks)
 5: IO qp on core 2 total time 33302.027 us (79924866 ticks), connect time 22975.512 us (55141228 ticks)
 5: IO qp on core 3 total time 43498.554 us (104396529 ticks), connect time 32341.791 us (77620299 ticks)
 5: IO qp on core 0 total time 52882.166 us (126917199 ticks), connect time 42019.651 us (100847163 ticks)
 5: IO qp on core 5 total time 62656.067 us (150374562 ticks), connect time 51944.034 us (124665681 ticks)
 5: IO qp on core 4 total time 72631.429 us (174315430 ticks), connect time 61442.440 us (147461857 ticks)
 5: IO qp on core 13 total time 82823.979 us (198777549 ticks), connect time 71447.141 us (171473139 ticks)
 5: IO qp on core 6 total time 92252.340 us (221405616 ticks), connect time 80655.435 us (193573044 ticks)
 5: IO qp on core 7 total time 102566.798 us (246160314 ticks), connect time 90330.964 us (216794313 ticks)
 5: IO qp on core 8 total time 112243.270 us (269383848 ticks), connect time 100007.038 us (240016890 ticks)
 5: IO qp on core 10 total time 122671.826 us (294412382 ticks), connect time 109895.745 us (263749787 ticks)
 5: IO qp on core 15 total time 132686.441 us (318447459 ticks), connect time 119774.226 us (287458143 ticks)
 5: IO qp on core 11 total time 142505.689 us (342013653 ticks), connect time 129436.667 us (310648002 ticks)
 5: IO qp on core 12 total time 152612.380 us (366269711 ticks), connect time 139468.570 us (334724567 ticks)
 5: IO qp on core 14 total time 162992.784 us (391182682 ticks), connect time 149750.333 us (359400799 ticks)
 5: IO qp on core 9 total time 172609.751 us (414263403 ticks), connect time 157484.555 us (377962932 ticks)
 5: ========================================================
 5:                                                                                                                 Latency(us)
 5: Device Information                                                          :       IOPS      MiB/s    Average        min        max
 5: RDMA (addr:172.24.0.2 subnqn:nqn.2016-06.io.spdk:cnode1) NSID 1 from core  0:    4387.80      17.14     227.86      14.24    3821.59
 5: RDMA (addr:172.24.0.2 subnqn:nqn.2016-06.io.spdk:cnode1) NSID 1 from core  1:    4375.20      17.09     228.54      15.02    3632.70
 5: RDMA (addr:172.24.0.2 subnqn:nqn.2016-06.io.spdk:cnode1) NSID 1 from core  2:    4391.60      17.15     227.68      11.70    3819.55
 5: RDMA (addr:172.24.0.2 subnqn:nqn.2016-06.io.spdk:cnode1) NSID 1 from core  3:    4375.70      17.09     228.49      14.15    3635.53
 5: RDMA (addr:172.24.0.2 subnqn:nqn.2016-06.io.spdk:cnode1) NSID 1 from core  4:    4389.40      17.15     227.80      18.10    3564.79
 5: RDMA (addr:172.24.0.2 subnqn:nqn.2016-06.io.spdk:cnode1) NSID 1 from core  5:    4390.90      17.15     227.70      13.11    3820.53
 5: RDMA (addr:172.24.0.2 subnqn:nqn.2016-06.io.spdk:cnode1) NSID 1 from core  6:    4394.50      17.17     227.53       9.72    3783.45
 5: RDMA (addr:172.24.0.2 subnqn:nqn.2016-06.io.spdk:cnode1) NSID 1 from core  7:    4408.00      17.22     226.80      12.61    4114.33
 5: RDMA (addr:172.24.0.2 subnqn:nqn.2016-06.io.spdk:cnode1) NSID 1 from core  8:    4388.60      17.14     227.83      14.15    3812.73
 5: RDMA (addr:172.24.0.2 subnqn:nqn.2016-06.io.spdk:cnode1) NSID 1 from core  9:    4375.90      17.09     228.53      19.17    6283.44
 5: RDMA (addr:172.24.0.2 subnqn:nqn.2016-06.io.spdk:cnode1) NSID 1 from core 10:    4387.50      17.14     227.90      16.30    3561.40
 5: RDMA (addr:172.24.0.2 subnqn:nqn.2016-06.io.spdk:cnode1) NSID 1 from core 11:    4376.40      17.10     228.52      15.30    6254.22
 5: RDMA (addr:172.24.0.2 subnqn:nqn.2016-06.io.spdk:cnode1) NSID 1 from core 12:    4387.50      17.14     227.90      16.94    3546.74
 5: RDMA (addr:172.24.0.2 subnqn:nqn.2016-06.io.spdk:cnode1) NSID 1 from core 13:    4388.80      17.14     227.82      16.77    3564.80
 5: RDMA (addr:172.24.0.2 subnqn:nqn.2016-06.io.spdk:cnode1) NSID 1 from core 14:    4406.50      17.21     226.91      12.40    4186.56
 5: RDMA (addr:172.24.0.2 subnqn:nqn.2016-06.io.spdk:cnode1) NSID 1 from core 15:    4390.10      17.15     227.74      12.28    3903.17
 5: ========================================================
 5: Total                                                                       :   70214.40     274.28     227.85       9.72    6283.44
 5: 
 9: Initializing NVMe Controllers
 9: Attached to NVMe over Fabrics controller at 172.24.0.2:4420: nqn.2016-06.io.spdk:cnode1
 9: Controller attach time is 26933.857 us (64641256 ticks)
 9: Associating RDMA (addr:172.24.0.2 subnqn:nqn.2016-06.io.spdk:cnode1) NSID 1 with lcore 0
 9: Associating RDMA (addr:172.24.0.2 subnqn:nqn.2016-06.io.spdk:cnode1) NSID 1 with lcore 1
 9: Associating RDMA (addr:172.24.0.2 subnqn:nqn.2016-06.io.spdk:cnode1) NSID 1 with lcore 2
 9: Associating RDMA (addr:172.24.0.2 subnqn:nqn.2016-06.io.spdk:cnode1) NSID 1 with lcore 3
 9: Associating RDMA (addr:172.24.0.2 subnqn:nqn.2016-06.io.spdk:cnode1) NSID 1 with lcore 4
 9: Associating RDMA (addr:172.24.0.2 subnqn:nqn.2016-06.io.spdk:cnode1) NSID 1 with lcore 5
 9: Associating RDMA (addr:172.24.0.2 subnqn:nqn.2016-06.io.spdk:cnode1) NSID 1 with lcore 6
 9: Associating RDMA (addr:172.24.0.2 subnqn:nqn.2016-06.io.spdk:cnode1) NSID 1 with lcore 7
 9: Associating RDMA (addr:172.24.0.2 subnqn:nqn.2016-06.io.spdk:cnode1) NSID 1 with lcore 8
 9: Associating RDMA (addr:172.24.0.2 subnqn:nqn.2016-06.io.spdk:cnode1) NSID 1 with lcore 9
 9: Associating RDMA (addr:172.24.0.2 subnqn:nqn.2016-06.io.spdk:cnode1) NSID 1 with lcore 10
 9: Associating RDMA (addr:172.24.0.2 subnqn:nqn.2016-06.io.spdk:cnode1) NSID 1 with lcore 11
 9: Associating RDMA (addr:172.24.0.2 subnqn:nqn.2016-06.io.spdk:cnode1) NSID 1 with lcore 12
 9: Associating RDMA (addr:172.24.0.2 subnqn:nqn.2016-06.io.spdk:cnode1) NSID 1 with lcore 13
 9: Associating RDMA (addr:172.24.0.2 subnqn:nqn.2016-06.io.spdk:cnode1) NSID 1 with lcore 14
 9: Associating RDMA (addr:172.24.0.2 subnqn:nqn.2016-06.io.spdk:cnode1) NSID 1 with lcore 15
 9: Initialization complete. Launching workers.
 9: IO qp on core 2 total time 19762.679 us (47430429 ticks), connect time 8915.264 us (21396633 ticks)
 9: IO qp on core 3 total time 29235.432 us (70165036 ticks), connect time 18458.272 us (44299852 ticks)
 9: IO qp on core 4 total time 39378.037 us (94507289 ticks), connect time 28385.420 us (68125007 ticks)
 9: IO qp on core 9 total time 50457.825 us (121098781 ticks), connect time 39454.054 us (94689730 ticks)
 9: IO qp on core 6 total time 58987.878 us (141570908 ticks), connect time 47080.301 us (112992722 ticks)
 9: IO qp on core 13 total time 69070.303 us (165768726 ticks), connect time 57951.841 us (139084419 ticks)
 9: IO qp on core 5 total time 80002.254 us (192005409 ticks), connect time 67931.133 us (163034718 ticks)
 9: IO qp on core 1 total time 89568.159 us (214963582 ticks), connect time 77290.830 us (185497993 ticks)
 9: IO qp on core 7 total time 98793.773 us (237105056 ticks), connect time 87264.582 us (209434997 ticks)
 9: IO qp on core 0 total time 109259.435 us (262222643 ticks), connect time 97312.047 us (233548913 ticks)
 9: IO qp on core 11 total time 118743.293 us (284983903 ticks), connect time 107160.535 us (257185285 ticks)
 9: IO qp on core 12 total time 128583.967 us (308601521 ticks), connect time 116824.378 us (280378508 ticks)
 9: IO qp on core 14 total time 138520.645 us (332449547 ticks), connect time 126559.716 us (303743318 ticks)
 9: IO qp on core 8 total time 148617.393 us (356681743 ticks), connect time 136653.199 us (327967678 ticks)
 9: IO qp on core 10 total time 158503.278 us (380407868 ticks), connect time 146241.371 us (350979290 ticks)
 9: IO qp on core 15 total time 168496.180 us (404390833 ticks), connect time 154552.838 us (370926811 ticks)
 9: ========================================================
 9:                                                                                                                 Latency(us)
 9: Device Information                                                          :       IOPS      MiB/s    Average        min        max
 9: RDMA (addr:172.24.0.2 subnqn:nqn.2016-06.io.spdk:cnode1) NSID 1 from core  0:    4499.10      17.57     222.23       7.49    6281.91
 9: RDMA (addr:172.24.0.2 subnqn:nqn.2016-06.io.spdk:cnode1) NSID 1 from core  1:    4487.60      17.53     222.80      11.68    3546.97
 9: RDMA (addr:172.24.0.2 subnqn:nqn.2016-06.io.spdk:cnode1) NSID 1 from core  2:    4516.10      17.64     221.41       9.31    5244.62
 9: RDMA (addr:172.24.0.2 subnqn:nqn.2016-06.io.spdk:cnode1) NSID 1 from core  3:    4500.50      17.58     222.15       9.65    4675.94
 9: RDMA (addr:172.24.0.2 subnqn:nqn.2016-06.io.spdk:cnode1) NSID 1 from core  4:    4508.90      17.61     221.74       9.50    5221.61
 9: RDMA (addr:172.24.0.2 subnqn:nqn.2016-06.io.spdk:cnode1) NSID 1 from core  5:    4518.20      17.65     221.27       7.91    3644.82
 9: RDMA (addr:172.24.0.2 subnqn:nqn.2016-06.io.spdk:cnode1) NSID 1 from core  6:    4518.00      17.65     221.31       8.35    3652.02
 9: RDMA (addr:172.24.0.2 subnqn:nqn.2016-06.io.spdk:cnode1) NSID 1 from core  7:    4513.80      17.63     221.50       8.27    3878.15
 9: RDMA (addr:172.24.0.2 subnqn:nqn.2016-06.io.spdk:cnode1) NSID 1 from core  8:    4509.80      17.62     221.72       7.58    3645.54
 9: RDMA (addr:172.24.0.2 subnqn:nqn.2016-06.io.spdk:cnode1) NSID 1 from core  9:    4525.30      17.68     220.92       8.08    3649.86
 9: RDMA (addr:172.24.0.2 subnqn:nqn.2016-06.io.spdk:cnode1) NSID 1 from core 10:    4502.20      17.59     222.10       7.52    4143.31
 9: RDMA (addr:172.24.0.2 subnqn:nqn.2016-06.io.spdk:cnode1) NSID 1 from core 11:    4481.20      17.50     223.09      10.79    3414.07
 9: RDMA (addr:172.24.0.2 subnqn:nqn.2016-06.io.spdk:cnode1) NSID 1 from core 12:    4501.60      17.58     222.13       7.71    4187.97
 9: RDMA (addr:172.24.0.2 subnqn:nqn.2016-06.io.spdk:cnode1) NSID 1 from core 13:    4496.30      17.56     222.37       9.08    4602.14
 9: RDMA (addr:172.24.0.2 subnqn:nqn.2016-06.io.spdk:cnode1) NSID 1 from core 14:    4485.30      17.52     222.93       9.15    4621.36
 9: RDMA (addr:172.24.0.2 subnqn:nqn.2016-06.io.spdk:cnode1) NSID 1 from core 15:    4511.40      17.62     221.63       8.02    3644.85
 9: ========================================================
 9: Total                                                                       :   72075.30     281.54     221.95       7.49    6281.91
 9: 
 7: Initializing NVMe Controllers
 7: Attached to NVMe over Fabrics controller at 172.24.0.2:4420: nqn.2016-06.io.spdk:cnode1
 7: Controller attach time is 24680.372 us (59232892 ticks)
 7: Associating RDMA (addr:172.24.0.2 subnqn:nqn.2016-06.io.spdk:cnode1) NSID 1 with lcore 0
 7: Associating RDMA (addr:172.24.0.2 subnqn:nqn.2016-06.io.spdk:cnode1) NSID 1 with lcore 1
 7: Associating RDMA (addr:172.24.0.2 subnqn:nqn.2016-06.io.spdk:cnode1) NSID 1 with lcore 2
 7: Associating RDMA (addr:172.24.0.2 subnqn:nqn.2016-06.io.spdk:cnode1) NSID 1 with lcore 3
 7: Associating RDMA (addr:172.24.0.2 subnqn:nqn.2016-06.io.spdk:cnode1) NSID 1 with lcore 4
 7: Associating RDMA (addr:172.24.0.2 subnqn:nqn.2016-06.io.spdk:cnode1) NSID 1 with lcore 5
 7: Associating RDMA (addr:172.24.0.2 subnqn:nqn.2016-06.io.spdk:cnode1) NSID 1 with lcore 6
 7: Associating RDMA (addr:172.24.0.2 subnqn:nqn.2016-06.io.spdk:cnode1) NSID 1 with lcore 7
 7: Associating RDMA (addr:172.24.0.2 subnqn:nqn.2016-06.io.spdk:cnode1) NSID 1 with lcore 8
 7: Associating RDMA (addr:172.24.0.2 subnqn:nqn.2016-06.io.spdk:cnode1) NSID 1 with lcore 9
 7: Associating RDMA (addr:172.24.0.2 subnqn:nqn.2016-06.io.spdk:cnode1) NSID 1 with lcore 10
 7: Associating RDMA (addr:172.24.0.2 subnqn:nqn.2016-06.io.spdk:cnode1) NSID 1 with lcore 11
 7: Associating RDMA (addr:172.24.0.2 subnqn:nqn.2016-06.io.spdk:cnode1) NSID 1 with lcore 12
 7: Associating RDMA (addr:172.24.0.2 subnqn:nqn.2016-06.io.spdk:cnode1) NSID 1 with lcore 13
 7: Associating RDMA (addr:172.24.0.2 subnqn:nqn.2016-06.io.spdk:cnode1) NSID 1 with lcore 14
 7: Associating RDMA (addr:172.24.0.2 subnqn:nqn.2016-06.io.spdk:cnode1) NSID 1 with lcore 15
 7: Initialization complete. Launching workers.
 7: IO qp on core 4 total time 22954.763 us (55091431 ticks), connect time 13329.744 us (31991386 ticks)
 7: IO qp on core 2 total time 33725.951 us (80942283 ticks), connect time 24043.651 us (57704763 ticks)
 7: IO qp on core 6 total time 42523.835 us (102057204 ticks), connect time 32934.231 us (79042155 ticks)
 7: IO qp on core 3 total time 52625.413 us (126300992 ticks), connect time 42791.826 us (102700383 ticks)
 7: IO qp on core 5 total time 63129.820 us (151511569 ticks), connect time 52737.975 us (126571140 ticks)
 7: IO qp on core 1 total time 73169.010 us (175605624 ticks), connect time 62537.290 us (150089496 ticks)
 7: IO qp on core 8 total time 82489.653 us (197975168 ticks), connect time 72025.765 us (172861835 ticks)
 7: IO qp on core 7 total time 92671.841 us (222412419 ticks), connect time 82167.649 us (197202357 ticks)
 7: IO qp on core 9 total time 102847.935 us (246835044 ticks), connect time 92172.372 us (221213694 ticks)
 7: IO qp on core 10 total time 112624.213 us (270298112 ticks), connect time 101846.650 us (244431959 ticks)
 7: IO qp on core 11 total time 123145.035 us (295548084 ticks), connect time 112130.399 us (269112957 ticks)
 7: IO qp on core 12 total time 132107.925 us (317059020 ticks), connect time 119240.426 us (286177023 ticks)
 7: IO qp on core 13 total time 142546.889 us (342112533 ticks), connect time 129076.384 us (309783321 ticks)
 7: IO qp on core 15 total time 152547.675 us (366114421 ticks), connect time 138962.437 us (333509848 ticks)
 7: IO qp on core 14 total time 162022.675 us (388854419 ticks), connect time 148371.422 us (356091413 ticks)
 7: IO qp on core 0 total time 172447.899 us (413874957 ticks), connect time 158709.003 us (380901606 ticks)
 7: ========================================================
 7:                                                                                                                 Latency(us)
 7: Device Information                                                          :       IOPS      MiB/s    Average        min        max
 7: RDMA (addr:172.24.0.2 subnqn:nqn.2016-06.io.spdk:cnode1) NSID 1 from core  0:    4490.30      17.54     222.67      12.03    3595.81
 7: RDMA (addr:172.24.0.2 subnqn:nqn.2016-06.io.spdk:cnode1) NSID 1 from core  1:    4530.70      17.70     220.69       8.17    4433.73
 7: RDMA (addr:172.24.0.2 subnqn:nqn.2016-06.io.spdk:cnode1) NSID 1 from core  2:    4539.50      17.73     220.26       7.69    4114.58
 7: RDMA (addr:172.24.0.2 subnqn:nqn.2016-06.io.spdk:cnode1) NSID 1 from core  3:    4534.20      17.71     220.52       7.98    4114.72
 7: RDMA (addr:172.24.0.2 subnqn:nqn.2016-06.io.spdk:cnode1) NSID 1 from core  4:    4513.40      17.63     221.54      11.76    3556.38
 7: RDMA (addr:172.24.0.2 subnqn:nqn.2016-06.io.spdk:cnode1) NSID 1 from core  5:    4536.40      17.72     220.38       7.18    5243.26
 7: RDMA (addr:172.24.0.2 subnqn:nqn.2016-06.io.spdk:cnode1) NSID 1 from core  6:    4539.10      17.73     220.29       7.96    5262.10
 7: RDMA (addr:172.24.0.2 subnqn:nqn.2016-06.io.spdk:cnode1) NSID 1 from core  7:    4530.40      17.70     220.70       7.82    3622.16
 7: RDMA (addr:172.24.0.2 subnqn:nqn.2016-06.io.spdk:cnode1) NSID 1 from core  8:    4527.90      17.69     220.82       7.88    4184.50
 7: RDMA (addr:172.24.0.2 subnqn:nqn.2016-06.io.spdk:cnode1) NSID 1 from core  9:    4530.20      17.70     220.70       7.32    4185.83
 7: RDMA (addr:172.24.0.2 subnqn:nqn.2016-06.io.spdk:cnode1) NSID 1 from core 10:    4507.10      17.61     221.85       9.94    4643.80
 7: RDMA (addr:172.24.0.2 subnqn:nqn.2016-06.io.spdk:cnode1) NSID 1 from core 11:    4520.70      17.66     221.18       7.72    4407.36
 7: RDMA (addr:172.24.0.2 subnqn:nqn.2016-06.io.spdk:cnode1) NSID 1 from core 12:    4524.70      17.67     220.99       7.89    6236.39
 7: RDMA (addr:172.24.0.2 subnqn:nqn.2016-06.io.spdk:cnode1) NSID 1 from core 13:    4525.90      17.68     220.91       7.68    4187.88
 7: RDMA (addr:172.24.0.2 subnqn:nqn.2016-06.io.spdk:cnode1) NSID 1 from core 14:    4529.40      17.69     220.76       7.72    5246.44
 7: RDMA (addr:172.24.0.2 subnqn:nqn.2016-06.io.spdk:cnode1) NSID 1 from core 15:    4530.20      17.70     220.68       7.87    5238.11
 7: ========================================================
 7: Total                                                                       :   72410.10     282.85     220.93       7.18    6236.39
 7: 
 2: Initializing NVMe Controllers
 2: Attached to NVMe over Fabrics controller at 172.24.0.2:4420: nqn.2016-06.io.spdk:cnode1
 2: Controller attach time is 25095.399 us (60228958 ticks)
 2: Associating RDMA (addr:172.24.0.2 subnqn:nqn.2016-06.io.spdk:cnode1) NSID 1 with lcore 0
 2: Associating RDMA (addr:172.24.0.2 subnqn:nqn.2016-06.io.spdk:cnode1) NSID 1 with lcore 1
 2: Associating RDMA (addr:172.24.0.2 subnqn:nqn.2016-06.io.spdk:cnode1) NSID 1 with lcore 2
 2: Associating RDMA (addr:172.24.0.2 subnqn:nqn.2016-06.io.spdk:cnode1) NSID 1 with lcore 3
 2: Associating RDMA (addr:172.24.0.2 subnqn:nqn.2016-06.io.spdk:cnode1) NSID 1 with lcore 4
 2: Associating RDMA (addr:172.24.0.2 subnqn:nqn.2016-06.io.spdk:cnode1) NSID 1 with lcore 5
 2: Associating RDMA (addr:172.24.0.2 subnqn:nqn.2016-06.io.spdk:cnode1) NSID 1 with lcore 6
 2: Associating RDMA (addr:172.24.0.2 subnqn:nqn.2016-06.io.spdk:cnode1) NSID 1 with lcore 7
 2: Associating RDMA (addr:172.24.0.2 subnqn:nqn.2016-06.io.spdk:cnode1) NSID 1 with lcore 8
 2: Associating RDMA (addr:172.24.0.2 subnqn:nqn.2016-06.io.spdk:cnode1) NSID 1 with lcore 9
 2: Associating RDMA (addr:172.24.0.2 subnqn:nqn.2016-06.io.spdk:cnode1) NSID 1 with lcore 10
 2: Associating RDMA (addr:172.24.0.2 subnqn:nqn.2016-06.io.spdk:cnode1) NSID 1 with lcore 11
 2: Associating RDMA (addr:172.24.0.2 subnqn:nqn.2016-06.io.spdk:cnode1) NSID 1 with lcore 12
 2: Associating RDMA (addr:172.24.0.2 subnqn:nqn.2016-06.io.spdk:cnode1) NSID 1 with lcore 13
 2: Associating RDMA (addr:172.24.0.2 subnqn:nqn.2016-06.io.spdk:cnode1) NSID 1 with lcore 14
 2: Associating RDMA (addr:172.24.0.2 subnqn:nqn.2016-06.io.spdk:cnode1) NSID 1 with lcore 15
 2: Initialization complete. Launching workers.
 2: IO qp on core 4 total time 22200.954 us (53282289 ticks), connect time 11755.302 us (28212726 ticks)
 2: IO qp on core 3 total time 32612.619 us (78270285 ticks), connect time 22204.604 us (53291049 ticks)
 2: IO qp on core 2 total time 41941.210 us (100658903 ticks), connect time 31420.620 us (75409487 ticks)
 2: IO qp on core 1 total time 52583.908 us (126201378 ticks), connect time 41898.485 us (100556364 ticks)
 2: IO qp on core 6 total time 61868.599 us (148484637 ticks), connect time 51258.284 us (123019881 ticks)
 2: IO qp on core 7 total time 72247.880 us (173394912 ticks), connect time 61248.421 us (146996211 ticks)
 2: IO qp on core 5 total time 82246.378 us (197391307 ticks), connect time 71224.434 us (170938642 ticks)
 2: IO qp on core 0 total time 91994.003 us (220785608 ticks), connect time 80994.642 us (194387141 ticks)
 2: IO qp on core 8 total time 101236.968 us (242968723 ticks), connect time 90880.852 us (218114044 ticks)
 2: IO qp on core 11 total time 111516.175 us (267638820 ticks), connect time 101017.456 us (242441895 ticks)
 2: IO qp on core 9 total time 121037.363 us (290489670 ticks), connect time 110332.389 us (264797733 ticks)
 2: IO qp on core 12 total time 130824.124 us (313977897 ticks), connect time 119092.145 us (285821148 ticks)
 2: IO qp on core 13 total time 141251.523 us (339003656 ticks), connect time 128735.718 us (308965724 ticks)
 2: IO qp on core 10 total time 151184.101 us (362841842 ticks), connect time 138667.837 us (332802809 ticks)
 2: IO qp on core 14 total time 160807.260 us (385937425 ticks), connect time 148099.234 us (355438162 ticks)
 2: IO qp on core 15 total time 171243.009 us (410983222 ticks), connect time 158555.602 us (380533444 ticks)
 2: ========================================================
 2:                                                                                                                 Latency(us)
 2: Device Information                                                          :       IOPS      MiB/s    Average        min        max
 2: RDMA (addr:172.24.0.2 subnqn:nqn.2016-06.io.spdk:cnode1) NSID 1 from core  0:    4598.70      17.96     217.42       8.09    3646.28
 2: RDMA (addr:172.24.0.2 subnqn:nqn.2016-06.io.spdk:cnode1) NSID 1 from core  1:    4631.00      18.09     215.90       6.71    5221.96
 2: RDMA (addr:172.24.0.2 subnqn:nqn.2016-06.io.spdk:cnode1) NSID 1 from core  2:    4630.50      18.09     215.94       7.87    4666.88
 2: RDMA (addr:172.24.0.2 subnqn:nqn.2016-06.io.spdk:cnode1) NSID 1 from core  3:    4674.40      18.26     213.89       7.33    6251.73
 2: RDMA (addr:172.24.0.2 subnqn:nqn.2016-06.io.spdk:cnode1) NSID 1 from core  4:    4592.00      17.94     217.77       7.75    4627.36
 2: RDMA (addr:172.24.0.2 subnqn:nqn.2016-06.io.spdk:cnode1) NSID 1 from core  5:    4628.90      18.08     215.97       6.97    5224.69
 2: RDMA (addr:172.24.0.2 subnqn:nqn.2016-06.io.spdk:cnode1) NSID 1 from core  6:    4629.60      18.08     215.98       7.09    4680.38
 2: RDMA (addr:172.24.0.2 subnqn:nqn.2016-06.io.spdk:cnode1) NSID 1 from core  7:    4586.50      17.92     218.02       7.68    4644.44
 2: RDMA (addr:172.24.0.2 subnqn:nqn.2016-06.io.spdk:cnode1) NSID 1 from core  8:    4622.80      18.06     216.29       7.41    5219.39
 2: RDMA (addr:172.24.0.2 subnqn:nqn.2016-06.io.spdk:cnode1) NSID 1 from core  9:    4582.30      17.90     218.21       7.46    4626.88
 2: RDMA (addr:172.24.0.2 subnqn:nqn.2016-06.io.spdk:cnode1) NSID 1 from core 10:    4610.20      18.01     216.89       7.73    4434.73
 2: RDMA (addr:172.24.0.2 subnqn:nqn.2016-06.io.spdk:cnode1) NSID 1 from core 11:    4625.20      18.07     216.16       7.66    4646.58
 2: RDMA (addr:172.24.0.2 subnqn:nqn.2016-06.io.spdk:cnode1) NSID 1 from core 12:    4603.80      17.98     217.19       7.53    4436.87
 2: RDMA (addr:172.24.0.2 subnqn:nqn.2016-06.io.spdk:cnode1) NSID 1 from core 13:    4662.30      18.21     214.43       6.75    6254.99
 2: RDMA (addr:172.24.0.2 subnqn:nqn.2016-06.io.spdk:cnode1) NSID 1 from core 14:    4624.90      18.07     216.19       7.23    5243.56
 2: RDMA (addr:172.24.0.2 subnqn:nqn.2016-06.io.spdk:cnode1) NSID 1 from core 15:    4666.30      18.23     214.27       7.26    6252.30
 2: ========================================================
 2: Total                                                                       :   73969.40     288.94     216.28       6.71    6254.99
 2: 
13: Initializing NVMe Controllers
13: Attached to NVMe over Fabrics controller at 172.24.0.2:4420: nqn.2016-06.io.spdk:cnode1
13: Controller attach time is 26732.202 us (64157286 ticks)
13: Associating RDMA (addr:172.24.0.2 subnqn:nqn.2016-06.io.spdk:cnode1) NSID 1 with lcore 0
13: Associating RDMA (addr:172.24.0.2 subnqn:nqn.2016-06.io.spdk:cnode1) NSID 1 with lcore 1
13: Associating RDMA (addr:172.24.0.2 subnqn:nqn.2016-06.io.spdk:cnode1) NSID 1 with lcore 2
13: Associating RDMA (addr:172.24.0.2 subnqn:nqn.2016-06.io.spdk:cnode1) NSID 1 with lcore 3
13: Associating RDMA (addr:172.24.0.2 subnqn:nqn.2016-06.io.spdk:cnode1) NSID 1 with lcore 4
13: Associating RDMA (addr:172.24.0.2 subnqn:nqn.2016-06.io.spdk:cnode1) NSID 1 with lcore 5
13: Associating RDMA (addr:172.24.0.2 subnqn:nqn.2016-06.io.spdk:cnode1) NSID 1 with lcore 6
13: Associating RDMA (addr:172.24.0.2 subnqn:nqn.2016-06.io.spdk:cnode1) NSID 1 with lcore 7
13: Associating RDMA (addr:172.24.0.2 subnqn:nqn.2016-06.io.spdk:cnode1) NSID 1 with lcore 8
13: Associating RDMA (addr:172.24.0.2 subnqn:nqn.2016-06.io.spdk:cnode1) NSID 1 with lcore 9
13: Associating RDMA (addr:172.24.0.2 subnqn:nqn.2016-06.io.spdk:cnode1) NSID 1 with lcore 10
13: Associating RDMA (addr:172.24.0.2 subnqn:nqn.2016-06.io.spdk:cnode1) NSID 1 with lcore 11
13: Associating RDMA (addr:172.24.0.2 subnqn:nqn.2016-06.io.spdk:cnode1) NSID 1 with lcore 12
13: Associating RDMA (addr:172.24.0.2 subnqn:nqn.2016-06.io.spdk:cnode1) NSID 1 with lcore 13
13: Associating RDMA (addr:172.24.0.2 subnqn:nqn.2016-06.io.spdk:cnode1) NSID 1 with lcore 14
13: Associating RDMA (addr:172.24.0.2 subnqn:nqn.2016-06.io.spdk:cnode1) NSID 1 with lcore 15
13: Initialization complete. Launching workers.
13: IO qp on core 3 total time 20843.128 us (50023508 ticks), connect time 10764.748 us (25835396 ticks)
13: IO qp on core 2 total time 30597.373 us (73433696 ticks), connect time 20392.240 us (48941376 ticks)
13: IO qp on core 1 total time 40604.523 us (97450856 ticks), connect time 30348.449 us (72836277 ticks)
13: IO qp on core 4 total time 50493.811 us (121185146 ticks), connect time 40267.306 us (96641534 ticks)
13: IO qp on core 0 total time 59493.739 us (142784974 ticks), connect time 49192.672 us (118062412 ticks)
13: IO qp on core 6 total time 69339.962 us (166415908 ticks), connect time 59432.994 us (142639186 ticks)
13: IO qp on core 5 total time 80346.733 us (192832159 ticks), connect time 69438.318 us (166651963 ticks)
13: IO qp on core 7 total time 89387.884 us (214530921 ticks), connect time 79268.575 us (190244580 ticks)
13: IO qp on core 9 total time 99544.485 us (238906765 ticks), connect time 89125.367 us (213900880 ticks)
13: IO qp on core 11 total time 109275.676 us (262261622 ticks), connect time 98854.286 us (237250286 ticks)
13: IO qp on core 15 total time 119122.449 us (285893878 ticks), connect time 108105.650 us (259453561 ticks)
13: IO qp on core 13 total time 129353.013 us (310447231 ticks), connect time 115937.429 us (278249830 ticks)
13: IO qp on core 10 total time 138732.720 us (332958527 ticks), connect time 125048.163 us (300115592 ticks)
13: IO qp on core 8 total time 149135.713 us (357925712 ticks), connect time 135446.833 us (325072400 ticks)
13: IO qp on core 12 total time 158999.922 us (381599814 ticks), connect time 145250.640 us (348601536 ticks)
13: IO qp on core 14 total time 168887.979 us (405331150 ticks), connect time 155068.322 us (372163972 ticks)
13: ========================================================
13:                                                                                                                 Latency(us)
13: Device Information                                                          :       IOPS      MiB/s    Average        min        max
13: RDMA (addr:172.24.0.2 subnqn:nqn.2016-06.io.spdk:cnode1) NSID 1 from core  0:    4825.20      18.85     207.21       7.22    4629.57
13: RDMA (addr:172.24.0.2 subnqn:nqn.2016-06.io.spdk:cnode1) NSID 1 from core  1:    4832.20      18.88     206.90       6.72    3629.96
13: RDMA (addr:172.24.0.2 subnqn:nqn.2016-06.io.spdk:cnode1) NSID 1 from core  2:    4917.50      19.21     203.33       6.82    4437.22
13: RDMA (addr:172.24.0.2 subnqn:nqn.2016-06.io.spdk:cnode1) NSID 1 from core  3:    4885.00      19.08     204.68       6.33    5222.85
13: RDMA (addr:172.24.0.2 subnqn:nqn.2016-06.io.spdk:cnode1) NSID 1 from core  4:    4890.00      19.10     204.45       7.53    6281.99
13: RDMA (addr:172.24.0.2 subnqn:nqn.2016-06.io.spdk:cnode1) NSID 1 from core  5:    4893.00      19.11     204.33       6.87    6276.18
13: RDMA (addr:172.24.0.2 subnqn:nqn.2016-06.io.spdk:cnode1) NSID 1 from core  6:    4914.30      19.20     203.46       6.80    4414.56
13: RDMA (addr:172.24.0.2 subnqn:nqn.2016-06.io.spdk:cnode1) NSID 1 from core  7:    4935.50      19.28     202.56       6.94    4651.23
13: RDMA (addr:172.24.0.2 subnqn:nqn.2016-06.io.spdk:cnode1) NSID 1 from core  8:    4911.20      19.18     203.57       7.06    4438.74
13: RDMA (addr:172.24.0.2 subnqn:nqn.2016-06.io.spdk:cnode1) NSID 1 from core  9:    4846.60      18.93     206.30       6.32    4880.41
13: RDMA (addr:172.24.0.2 subnqn:nqn.2016-06.io.spdk:cnode1) NSID 1 from core 10:    4838.90      18.90     206.64       6.42    4888.78
13: RDMA (addr:172.24.0.2 subnqn:nqn.2016-06.io.spdk:cnode1) NSID 1 from core 11:    4835.30      18.89     206.75       8.15    3645.19
13: RDMA (addr:172.24.0.2 subnqn:nqn.2016-06.io.spdk:cnode1) NSID 1 from core 12:    4827.60      18.86     207.12       7.42    3642.74
13: RDMA (addr:172.24.0.2 subnqn:nqn.2016-06.io.spdk:cnode1) NSID 1 from core 13:    4854.00      18.96     205.97       6.64    4641.32
13: RDMA (addr:172.24.0.2 subnqn:nqn.2016-06.io.spdk:cnode1) NSID 1 from core 14:    4933.80      19.27     202.66       6.71    4672.24
13: RDMA (addr:172.24.0.2 subnqn:nqn.2016-06.io.spdk:cnode1) NSID 1 from core 15:    4933.50      19.27     202.64       6.78    4648.56
13: ========================================================
13: Total                                                                       :   78073.60     304.98     204.90       6.32    6281.99
13: 
== Servers stopping... 
srun -l -O --nodes 1 --ntasks 1 --nodelist=jazz02 --export=ALL ./stop_tgt.sh
0: == TGT Memory usage ==
0: Huge pages: 1586 MB, HWM: 566.297
srun: error: jazz02: task 0: Exited with exit code 127
srun: launch/slurm: _step_signal: Terminating StepId=59992.0
jazz02: Error while connecting to /var/tmp/spdk.sock
jazz02: Is SPDK application running?
jazz02: Error details: [Errno -2] Name or service not known
pdsh@jazz02: jazz02: ssh exited with exit code 1
jazz05: Error while connecting to /var/tmp/spdk.sock
jazz05: Is SPDK application running?
jazz05: Error details: [Errno -2] Name or service not known
jazz18: Error while connecting to /var/tmp/spdk.sock
jazz18: Is SPDK application running?
jazz18: Error details: [Errno -2] Name or service not known
pdsh@jazz02: jazz05: ssh exited with exit code 1
pdsh@jazz02: jazz18: ssh exited with exit code 1
jazz04: Error while connecting to /var/tmp/spdk.sock
jazz04: Is SPDK application running?
jazz04: Error details: [Errno -2] Name or service not known
pdsh@jazz02: jazz04: ssh exited with exit code 1
jazz26: Error while connecting to /var/tmp/spdk.sock
jazz23: Error while connecting to /var/tmp/spdk.sock
jazz26: Is SPDK application running?
jazz26: Error details: [Errno -2] Name or service not known
jazz23: Is SPDK application running?
jazz23: Error details: [Errno -2] Name or service not known
jazz22: Error while connecting to /var/tmp/spdk.sock
jazz22: Is SPDK application running?
jazz22: Error details: [Errno -2] Name or service not known
pdsh@jazz02: jazz23: ssh exited with exit code 1
pdsh@jazz02: jazz26: ssh exited with exit code 1
pdsh@jazz02: jazz22: ssh exited with exit code 1
jazz21: Error while connecting to /var/tmp/spdk.sock
jazz21: Is SPDK application running?
jazz21: Error details: [Errno -2] Name or service not known
jazz17: Error while connecting to /var/tmp/spdk.sock
jazz17: Is SPDK application running?
jazz17: Error details: [Errno -2] Name or service not known
jazz25: Error while connecting to /var/tmp/spdk.sock
jazz25: Is SPDK application running?
jazz25: Error details: [Errno -2] Name or service not known
jazz19: Error while connecting to /var/tmp/spdk.sock
jazz19: Is SPDK application running?
jazz19: Error details: [Errno -2] Name or service not known
jazz27: Error while connecting to /var/tmp/spdk.sock
jazz27: Is SPDK application running?
jazz27: Error details: [Errno -2] Name or service not known
pdsh@jazz02: jazz21: ssh exited with exit code 1
pdsh@jazz02: jazz25: ssh exited with exit code 1
pdsh@jazz02: jazz17: ssh exited with exit code 1
pdsh@jazz02: jazz19: ssh exited with exit code 1
pdsh@jazz02: jazz27: ssh exited with exit code 1
jazz20: Error while connecting to /var/tmp/spdk.sock
jazz20: Is SPDK application running?
jazz20: Error details: [Errno -2] Name or service not known
jazz30: Error while connecting to /var/tmp/spdk.sock
jazz30: Is SPDK application running?
jazz30: Error details: [Errno -2] Name or service not known
jazz16: Error while connecting to /var/tmp/spdk.sock
jazz16: Is SPDK application running?
jazz16: Error details: [Errno 111] Connection refused
pdsh@jazz02: jazz30: ssh exited with exit code 1
pdsh@jazz02: jazz20: ssh exited with exit code 1
pdsh@jazz02: jazz16: ssh exited with exit code 1
jazz07: Error while connecting to /var/tmp/spdk.sock
jazz07: Is SPDK application running?
jazz07: Error details: [Errno -2] Name or service not known
jazz06: Error while connecting to /var/tmp/spdk.sock
jazz06: Is SPDK application running?
jazz06: Error details: [Errno -2] Name or service not known
pdsh@jazz02: jazz07: ssh exited with exit code 1
jazz13: Error while connecting to /var/tmp/spdk.sock
jazz13: Is SPDK application running?
jazz13: Error details: [Errno -2] Name or service not known
pdsh@jazz02: jazz06: ssh exited with exit code 1
pdsh@jazz02: jazz13: ssh exited with exit code 1
jazz24: Error while connecting to /var/tmp/spdk.sock
jazz24: Is SPDK application running?
jazz24: Error details: [Errno -2] Name or service not known
pdsh@jazz02: jazz24: ssh exited with exit code 1
jazz03: Error while connecting to /var/tmp/spdk.sock
jazz03: Is SPDK application running?
jazz03: Error details: [Errno -2] Name or service not known
pdsh@jazz02: jazz03: ssh exited with exit code 1
jazz28: Error while connecting to /var/tmp/spdk.sock
jazz28: Is SPDK application running?
jazz28: Error details: [Errno -2] Name or service not known
pdsh@jazz02: jazz28: ssh exited with exit code 1
