== Starting run at Fri Oct  1 16:58:39 IDT 2021
== Job ID: 71124
== Totally nodes: 
== Node list: swx-ray[01-02,05-08]
== Submit dir. : /hpc/local/work/denisn/dc/spdk/dc
== Servers number: 1
== SPDK_DIR: /labhome/denisn/dc/spdk
== RDMA_CORE_DIR: /labhome/denisn/dc/rdma-core/build/lib
== TGT_MASK: 0xFF
== PERF_MASK: 0xFFFFFFFFFFFF
== Server nodelist: swx-ray01
== Client nodelist: swx-ray02,swx-ray05,swx-ray06,swx-ray07,swx-ray08
== Servers running...
srun -l -O --nodes 1 --ntasks 1 --nodelist=swx-ray01 --export=ALL ./server_run.sh &
== Clients running... 
srun -l --nodes 5 --ntasks 5 --nodelist=swx-ray02,swx-ray05,swx-ray06,swx-ray07,swx-ray08 --export=ALL ./nvmeperf_run.sh
0: Server's Servers number: 1
0: Initiator's Servers number: 1
0: Initiator's SPDK_DIR: /labhome/denisn/dc/spdk
0: Initiator's RDMA_CORE_DIR: /labhome/denisn/dc/rdma-core/build/lib
0: Initiator's TGT_MASK: 0xFF
0: Initiator's PERF_MASK: 0xFFFFFFFFFFFF
0: Server's SPDK_DIR: /labhome/denisn/dc/spdk
0: Server's RDMA_CORE_DIR: /labhome/denisn/dc/rdma-core/build/lib
0: Server's TGT_MASK: 0xFF
0: Server's PERF_MASK: 0xFFFFFFFFFFFF
0: Server's IFACE: ib0
0: Server's Need IP 1
0: Resetting IP
0: ip add add 65.65.65.133/24 dev ib0
0: Waiting for 1 servers started... now there are 0 servers
4: Initiator's Servers number: 1
4: Initiator's SPDK_DIR: /labhome/denisn/dc/spdk
4: Initiator's RDMA_CORE_DIR: /labhome/denisn/dc/rdma-core/build/lib
4: Initiator's TGT_MASK: 0xFF
4: Initiator's PERF_MASK: 0xFFFFFFFFFFFF
2: Initiator's Servers number: 1
3: Initiator's Servers number: 1
2: Initiator's SPDK_DIR: /labhome/denisn/dc/spdk
3: Initiator's SPDK_DIR: /labhome/denisn/dc/spdk
2: Initiator's RDMA_CORE_DIR: /labhome/denisn/dc/rdma-core/build/lib
3: Initiator's RDMA_CORE_DIR: /labhome/denisn/dc/rdma-core/build/lib
2: Initiator's TGT_MASK: 0xFF
3: Initiator's TGT_MASK: 0xFF
2: Initiator's PERF_MASK: 0xFFFFFFFFFFFF
3: Initiator's PERF_MASK: 0xFFFFFFFFFFFF
1: Initiator's Servers number: 1
1: Initiator's SPDK_DIR: /labhome/denisn/dc/spdk
1: Initiator's RDMA_CORE_DIR: /labhome/denisn/dc/rdma-core/build/lib
1: Initiator's TGT_MASK: 0xFF
1: Initiator's PERF_MASK: 0xFFFFFFFFFFFF
4: Resetting IP
4: ip add add 65.65.65.145/24 dev ib0
4: Waiting for 1 servers started... now there are 0 servers
3: Resetting IP
2: Resetting IP
3: Non empty ip address on iface 65.65.65.0. Resetting...
3: ip addr del 65.65.65.0/24 dev ib0
3: ip add add 65.65.65.143/24 dev ib0
1: Resetting IP
2: ip add add 65.65.65.141/24 dev ib0
2: Waiting for 1 servers started... now there are 0 servers
1: ip add add 65.65.65.139/24 dev ib0
3: Waiting for 1 servers started... now there are 0 servers
1: Waiting for 1 servers started... now there are 0 servers
0: Resetting IP
0: ip add add 65.65.65.131/24 dev ib0
0: sudo env LD_LIBRARY_PATH=/labhome/denisn/dc/rdma-core/build/lib /labhome/denisn/dc/spdk/install/bin/spdk_tgt -m 0xFF 2>&1 | tee -a /hpc/local/work/denisn/dc/spdk/dc/job.71124/spdk_tgt.0.log &
0: Waiting for 3s after spdk_tgt run ...
0: Waiting for 1 servers started... now there are 0 servers
0: [2021-10-01 16:58:41.348193] Starting SPDK v21.04 git sha1 e2b1ba5 / DPDK 20.11.0 initialization...
0: [2021-10-01 16:58:41.348252] [ DPDK EAL parameters: [2021-10-01 16:58:41.348260] spdk_tgt [2021-10-01 16:58:41.348266] --no-shconf [2021-10-01 16:58:41.348272] -c 0xFF [2021-10-01 16:58:41.348277] --log-level=lib.eal:6 [2021-10-01 16:58:41.348281] --log-level=lib.cryptodev:5 [2021-10-01 16:58:41.348286] --log-level=user1:6 [2021-10-01 16:58:41.348290] --iova-mode=pa [2021-10-01 16:58:41.348295] --base-virtaddr=0x200000000000 [2021-10-01 16:58:41.348299] --match-allocations [2021-10-01 16:58:41.348303] --file-prefix=spdk_pid20282 [2021-10-01 16:58:41.348308] ]
0: EAL: No available hugepages reported in hugepages-1048576kB
0: EAL: No free hugepages reported in hugepages-2048kB
0: EAL: No legacy callbacks, legacy socket not created
0: [2021-10-01 16:58:41.481060] app.c: 535:spdk_app_start: *NOTICE*: Total cores available: 8
0: [2021-10-01 16:58:41.548054] reactor.c: 929:reactor_run: *NOTICE*: Reactor started on core 1
0: [2021-10-01 16:58:41.548096] reactor.c: 929:reactor_run: *NOTICE*: Reactor started on core 4
0: [2021-10-01 16:58:41.548148] reactor.c: 929:reactor_run: *NOTICE*: Reactor started on core 7
0: [2021-10-01 16:58:41.548064] reactor.c: 929:reactor_run: *NOTICE*: Reactor started on core 2
0: [2021-10-01 16:58:41.548109] reactor.c: 929:reactor_run: *NOTICE*: Reactor started on core 5
0: [2021-10-01 16:58:41.548127] reactor.c: 929:reactor_run: *NOTICE*: Reactor started on core 6
0: [2021-10-01 16:58:41.548076] reactor.c: 929:reactor_run: *NOTICE*: Reactor started on core 3
0: [2021-10-01 16:58:41.548152] reactor.c: 929:reactor_run: *NOTICE*: Reactor started on core 0
0: [2021-10-01 16:58:41.548377] accel_engine.c: 852:spdk_accel_engine_initialize: *NOTICE*: Accel engine initialized to use software engine.
4: Waiting for 1 servers started... now there are 0 servers
2: Waiting for 1 servers started... now there are 0 servers
3: Waiting for 1 servers started... now there are 0 servers
1: Waiting for 1 servers started... now there are 0 servers
0: Waiting for 1 servers started... now there are 0 servers
4: Waiting for 1 servers started... now there are 0 servers
2: Waiting for 1 servers started... now there are 0 servers
3: Waiting for 1 servers started... now there are 0 servers
1: Waiting for 1 servers started... now there are 0 servers
0: Waiting for 1 servers started... now there are 0 servers
4: Waiting for 1 servers started... now there are 0 servers
2: Waiting for 1 servers started... now there are 0 servers
3: Waiting for 1 servers started... now there are 0 servers
1: Waiting for 1 servers started... now there are 0 servers
0: spdk_tgt pid: 20282
0: Waiting for 1 servers started... now there are 0 servers
0: Null0
4: Waiting for 1 servers started... now there are 0 servers
0: [2021-10-01 16:58:44.611092] rdma.c:2515:nvmf_rdma_create: *NOTICE*: Adjusting the io unit size to fit the device's maximum I/O size. New I/O unit size 12288
2: Waiting for 1 servers started... now there are 0 servers
3: Waiting for 1 servers started... now there are 0 servers
1: Waiting for 1 servers started... now there are 0 servers
0: sudo /labhome/denisn/dc/spdk/scripts/rpc.py  nvmf_subsystem_add_listener -t rdma -a 65.65.65.131 -f ipv4 -s 4420 nqn.2016-06.io.spdk:cnode1 2>&1 | tee -a /hpc/local/work/denisn/dc/spdk/dc/job.71124/spdk_tgt.0.log
0: [2021-10-01 16:58:44.989104] rdma.c:2733:nvmf_rdma_listen: *NOTICE*: *** NVMe/RDMA Target Listening on 65.65.65.131 port 4420 ***
0: Waiting for 1 servers started... now there are 0 servers
4: Waiting for 1 servers started... now there are 0 servers
2: Waiting for 1 servers started... now there are 0 servers
3: Waiting for 1 servers started... now there are 0 servers
1: Waiting for 1 servers started... now there are 0 servers
0: /hpc/local/work/denisn/dc/spdk/dc/./server_run.sh: line 44: wait: pid 20282 is not a child of this shell
0: 
0: Got servers list: 65.65.65.131
0: sudo env LD_LIBRARY_PATH=/labhome/denisn/dc/rdma-core/build/lib /labhome/denisn/dc/spdk/install/bin/spdk_nvme_perf 	 --srq-depth 128 -r "trtype:rdma adrfam:ipv4 traddr:65.65.65.131 trsvcid:4420" 	 -c 0xFFFFFFFFFFFF -q 32 -o 131072 -w randread -t 10 	  2>&1 | tee -a /hpc/local/work/denisn/dc/spdk/dc/job.71124/perf.0.log
0: [2021-10-01 16:58:46.402345] Starting SPDK v21.04 git sha1 e2b1ba5 / DPDK 20.11.0 initialization...
0: [2021-10-01 16:58:46.402395] [ DPDK EAL parameters: [2021-10-01 16:58:46.402413] perf [2021-10-01 16:58:46.402417] --no-shconf [2021-10-01 16:58:46.402422] -c 0xFFFFFFFFFFFF [2021-10-01 16:58:46.402428] --no-pci [2021-10-01 16:58:46.402432] --log-level=lib.eal:6 [2021-10-01 16:58:46.402444] --log-level=lib.cryptodev:5 [2021-10-01 16:58:46.402458] --log-level=user1:6 [2021-10-01 16:58:46.402462] --iova-mode=pa [2021-10-01 16:58:46.402466] --base-virtaddr=0x200000000000 [2021-10-01 16:58:46.402471] --match-allocations [2021-10-01 16:58:46.402475] --file-prefix=spdk_pid20011 [2021-10-01 16:58:46.402479] ]
0: EAL: No available hugepages reported in hugepages-1048576kB
0: EAL: No free hugepages reported in hugepages-2048kB
0: EAL: No legacy callbacks, legacy socket not created
4: 
4: Got servers list: 65.65.65.131
4: sudo env LD_LIBRARY_PATH=/labhome/denisn/dc/rdma-core/build/lib /labhome/denisn/dc/spdk/install/bin/spdk_nvme_perf 	 --srq-depth 128 -r "trtype:rdma adrfam:ipv4 traddr:65.65.65.131 trsvcid:4420" 	 -c 0xFFFFFFFFFFFF -q 32 -o 131072 -w randread -t 10 	  2>&1 | tee -a /hpc/local/work/denisn/dc/spdk/dc/job.71124/perf.4.log
4: [2021-10-01 16:58:46.647400] Starting SPDK v21.04 git sha1 e2b1ba5 / DPDK 20.11.0 initialization...
4: [2021-10-01 16:58:46.647467] [ DPDK EAL parameters: [2021-10-01 16:58:46.647473] perf [2021-10-01 16:58:46.647477] --no-shconf [2021-10-01 16:58:46.647482] -c 0xFFFFFFFFFFFF [2021-10-01 16:58:46.647486] --no-pci [2021-10-01 16:58:46.647491] --log-level=lib.eal:6 [2021-10-01 16:58:46.647496] --log-level=lib.cryptodev:5 [2021-10-01 16:58:46.647500] --log-level=user1:6 [2021-10-01 16:58:46.647504] --iova-mode=pa [2021-10-01 16:58:46.647508] --base-virtaddr=0x200000000000 [2021-10-01 16:58:46.647513] --match-allocations [2021-10-01 16:58:46.647519] --file-prefix=spdk_pid19991 [2021-10-01 16:58:46.647526] ]
4: EAL: No available hugepages reported in hugepages-1048576kB
4: EAL: No free hugepages reported in hugepages-2048kB
2: 
2: Got servers list: 65.65.65.131
2: sudo env LD_LIBRARY_PATH=/labhome/denisn/dc/rdma-core/build/lib /labhome/denisn/dc/spdk/install/bin/spdk_nvme_perf 	 --srq-depth 128 -r "trtype:rdma adrfam:ipv4 traddr:65.65.65.131 trsvcid:4420" 	 -c 0xFFFFFFFFFFFF -q 32 -o 131072 -w randread -t 10 	  2>&1 | tee -a /hpc/local/work/denisn/dc/spdk/dc/job.71124/perf.2.log
3: 
3: Got servers list: 65.65.65.131
3: sudo env LD_LIBRARY_PATH=/labhome/denisn/dc/rdma-core/build/lib /labhome/denisn/dc/spdk/install/bin/spdk_nvme_perf 	 --srq-depth 128 -r "trtype:rdma adrfam:ipv4 traddr:65.65.65.131 trsvcid:4420" 	 -c 0xFFFFFFFFFFFF -q 32 -o 131072 -w randread -t 10 	  2>&1 | tee -a /hpc/local/work/denisn/dc/spdk/dc/job.71124/perf.3.log
1: 
1: Got servers list: 65.65.65.131
1: sudo env LD_LIBRARY_PATH=/labhome/denisn/dc/rdma-core/build/lib /labhome/denisn/dc/spdk/install/bin/spdk_nvme_perf 	 --srq-depth 128 -r "trtype:rdma adrfam:ipv4 traddr:65.65.65.131 trsvcid:4420" 	 -c 0xFFFFFFFFFFFF -q 32 -o 131072 -w randread -t 10 	  2>&1 | tee -a /hpc/local/work/denisn/dc/spdk/dc/job.71124/perf.1.log
4: EAL: No legacy callbacks, legacy socket not created
2: [2021-10-01 16:58:46.776560] Starting SPDK v21.04 git sha1 e2b1ba5 / DPDK 20.11.0 initialization...
2: [2021-10-01 16:58:46.776618] [ DPDK EAL parameters: [2021-10-01 16:58:46.776624] perf [2021-10-01 16:58:46.776628] --no-shconf [2021-10-01 16:58:46.776646] -c 0xFFFFFFFFFFFF [2021-10-01 16:58:46.776652] --no-pci [2021-10-01 16:58:46.776657] --log-level=lib.eal:6 [2021-10-01 16:58:46.776663] --log-level=lib.cryptodev:5 [2021-10-01 16:58:46.776668] --log-level=user1:6 [2021-10-01 16:58:46.776672] --iova-mode=pa [2021-10-01 16:58:46.776677] --base-virtaddr=0x200000000000 [2021-10-01 16:58:46.776682] --match-allocations [2021-10-01 16:58:46.776687] --file-prefix=spdk_pid19999 [2021-10-01 16:58:46.776691] ]
2: EAL: No available hugepages reported in hugepages-1048576kB
2: EAL: No free hugepages reported in hugepages-2048kB
0: mlx5dv_reserved_qpn_alloc 1 1
0: [2021-10-01 16:58:46.793872] rdma.c:2990:nvmf_process_cm_event: *NOTICE*: In RDMA_CM_EVENT_CONNECT_REQUEST
3: [2021-10-01 16:58:46.813869] Starting SPDK v21.04 git sha1 e2b1ba5 / DPDK 20.11.0 initialization...
3: [2021-10-01 16:58:46.813933] [ DPDK EAL parameters: [2021-10-01 16:58:46.813940] perf [2021-10-01 16:58:46.813944] --no-shconf [2021-10-01 16:58:46.813958] -c 0xFFFFFFFFFFFF [2021-10-01 16:58:46.813963] --no-pci [2021-10-01 16:58:46.813967] --log-level=lib.eal:6 [2021-10-01 16:58:46.813971] --log-level=lib.cryptodev:5 [2021-10-01 16:58:46.813975] --log-level=user1:6 [2021-10-01 16:58:46.813979] --iova-mode=pa [2021-10-01 16:58:46.813984] --base-virtaddr=0x200000000000 [2021-10-01 16:58:46.813987] --match-allocations [2021-10-01 16:58:46.813992] --file-prefix=spdk_pid20101 [2021-10-01 16:58:46.813995] ]
3: EAL: No available hugepages reported in hugepages-1048576kB
3: EAL: No free hugepages reported in hugepages-2048kB
1: [2021-10-01 16:58:46.832696] Starting SPDK v21.04 git sha1 e2b1ba5 / DPDK 20.11.0 initialization...
1: [2021-10-01 16:58:46.832750] [ DPDK EAL parameters: [2021-10-01 16:58:46.832755] perf [2021-10-01 16:58:46.832760] --no-shconf [2021-10-01 16:58:46.832766] -c 0xFFFFFFFFFFFF [2021-10-01 16:58:46.832770] --no-pci [2021-10-01 16:58:46.832775] --log-level=lib.eal:6 [2021-10-01 16:58:46.832780] --log-level=lib.cryptodev:5 [2021-10-01 16:58:46.832785] --log-level=user1:6 [2021-10-01 16:58:46.832789] --iova-mode=pa [2021-10-01 16:58:46.832801] --base-virtaddr=0x200000000000 [2021-10-01 16:58:46.832805] --match-allocations [2021-10-01 16:58:46.832810] --file-prefix=spdk_pid20004 [2021-10-01 16:58:46.832814] ]
1: EAL: No available hugepages reported in hugepages-1048576kB
1: EAL: No free hugepages reported in hugepages-2048kB
2: EAL: No legacy callbacks, legacy socket not created
3: EAL: No legacy callbacks, legacy socket not created
1: EAL: No legacy callbacks, legacy socket not created
0: mlx5dv_reserved_qpn_alloc 1 1
0: [2021-10-01 16:58:47.031746] nvme_rdma.c:1386:_nvme_rdma_ctrlr_connect_qpair: *NOTICE*: Connect rdma qpair: pg (nil), srq depth 128
0: [2021-10-01 16:58:47.031802] nvme_rdma.c:1020:nvme_rdma_create_resources: *NOTICE*: Created resources: qp 0x11b42d0, poller (nil), num_entries 32
0: mlx5dv_reserved_qpn_alloc 1 1
0: [2021-10-01 16:58:47.042134] rdma.c:2990:nvmf_process_cm_event: *NOTICE*: In RDMA_CM_EVENT_CONNECT_REQUEST
0: mlx5dv_reserved_qpn_alloc 1 1
0: [2021-10-01 16:58:47.047830] nvme_rdma.c:1386:_nvme_rdma_ctrlr_connect_qpair: *NOTICE*: Connect rdma qpair: pg (nil), srq depth 128
0: [2021-10-01 16:58:47.047875] nvme_rdma.c:1020:nvme_rdma_create_resources: *NOTICE*: Created resources: qp 0x11be880, poller (nil), num_entries 32
0: [2021-10-01 16:58:47.049071] dc_mlx5_dv.c: 963:spdk_rdma_qp_reset: *NOTICE*: Reset called for qp: 0x11b9320
0: Initializing NVMe Controllers
0: Attached to NVMe over Fabrics controller at 65.65.65.131:4420: nqn.2016-06.io.spdk:cnode1
0: Controller attach time is 20269.039 us (56550620 ticks)
0: Associating RDMA (addr:65.65.65.131 subnqn:nqn.2016-06.io.spdk:cnode1) NSID 1 with lcore 0
0: Associating RDMA (addr:65.65.65.131 subnqn:nqn.2016-06.io.spdk:cnode1) NSID 1 with lcore 1
0: Associating RDMA (addr:65.65.65.131 subnqn:nqn.2016-06.io.spdk:cnode1) NSID 1 with lcore 2
0: Associating RDMA (addr:65.65.65.131 subnqn:nqn.2016-06.io.spdk:cnode1) NSID 1 with lcore 3
0: Associating RDMA (addr:65.65.65.131 subnqn:nqn.2016-06.io.spdk:cnode1) NSID 1 with lcore 4
0: Associating RDMA (addr:65.65.65.131 subnqn:nqn.2016-06.io.spdk:cnode1) NSID 1 with lcore 5
0: Associating RDMA (addr:65.65.65.131 subnqn:nqn.2016-06.io.spdk:cnode1) NSID 1 with lcore 6
0: Associating RDMA (addr:65.65.65.131 subnqn:nqn.2016-06.io.spdk:cnode1) NSID 1 with lcore 7
0: Associating RDMA (addr:65.65.65.131 subnqn:nqn.2016-06.io.spdk:cnode1) NSID 1 with lcore 8
0: Associating RDMA (addr:65.65.65.131 subnqn:nqn.2016-06.io.spdk:cnode1) NSID 1 with lcore 9
0: Associating RDMA (addr:65.65.65.131 subnqn:nqn.2016-06.io.spdk:cnode1) NSID 1 with lcore 10
0: Associating RDMA (addr:65.65.65.131 subnqn:nqn.2016-06.io.spdk:cnode1) NSID 1 with lcore 11
0: Associating RDMA (addr:65.65.65.131 subnqn:nqn.2016-06.io.spdk:cnode1) NSID 1 with lcore 12
0: Associating RDMA (addr:65.65.65.131 subnqn:nqn.2016-06.io.spdk:cnode1) NSID 1 with lcore 13
0: Associating RDMA (addr:65.65.65.131 subnqn:nqn.2016-06.io.spdk:cnode1) NSID 1 with lcore 14
0: Associating RDMA (addr:65.65.65.131 subnqn:nqn.2016-06.io.spdk:cnode1) NSID 1 with lcore 15
0: Associating RDMA (addr:65.65.65.131 subnqn:nqn.2016-06.io.spdk:cnode1) NSID 1 with lcore 16
0: Associating RDMA (addr:65.65.65.131 subnqn:nqn.2016-06.io.spdk:cnode1) NSID 1 with lcore 17
0: Associating RDMA (addr:65.65.65.131 subnqn:nqn.2016-06.io.spdk:cnode1) NSID 1 with lcore 18
0: Associating RDMA (addr:65.65.65.131 subnqn:nqn.2016-06.io.spdk:cnode1) NSID 1 with lcore 19
0: Associating RDMA (addr:65.65.65.131 subnqn:nqn.2016-06.io.spdk:cnode1) NSID 1 with lcore 20
0: Associating RDMA (addr:65.65.65.131 subnqn:nqn.2016-06.io.spdk:cnode1) NSID 1 with lcore 21
0: Associating RDMA (addr:65.65.65.131 subnqn:nqn.2016-06.io.spdk:cnode1) NSID 1 with lcore 22
0: Associating RDMA (addr:65.65.65.131 subnqn:nqn.2016-06.io.spdk:cnode1) NSID 1 with lcore 23
0: Associating RDMA (addr:65.65.65.131 subnqn:nqn.2016-06.io.spdk:cnode1) NSID 1 with lcore 24
0: Associating RDMA (addr:65.65.65.131 subnqn:nqn.2016-06.io.spdk:cnode1) NSID 1 with lcore 25
0: Associating RDMA (addr:65.65.65.131 subnqn:nqn.2016-06.io.spdk:cnode1) NSID 1 with lcore 26
0: Associating RDMA (addr:65.65.65.131 subnqn:nqn.2016-06.io.spdk:cnode1) NSID 1 with lcore 27
0: Associating RDMA (addr:65.65.65.131 subnqn:nqn.2016-06.io.spdk:cnode1) NSID 1 with lcore 28
0: Associating RDMA (addr:65.65.65.131 subnqn:nqn.2016-06.io.spdk:cnode1) NSID 1 with lcore 29
0: Associating RDMA (addr:65.65.65.131 subnqn:nqn.2016-06.io.spdk:cnode1) NSID 1 with lcore 30
0: Associating RDMA (addr:65.65.65.131 subnqn:nqn.2016-06.io.spdk:cnode1) NSID 1 with lcore 31
0: Associating RDMA (addr:65.65.65.131 subnqn:nqn.2016-06.io.spdk:cnode1) NSID 1 with lcore 32
0: Associating RDMA (addr:65.65.65.131 subnqn:nqn.2016-06.io.spdk:cnode1) NSID 1 with lcore 33
0: Associating RDMA (addr:65.65.65.131 subnqn:nqn.2016-06.io.spdk:cnode1) NSID 1 with lcore 34
0: Associating RDMA (addr:65.65.65.131 subnqn:nqn.2016-06.io.spdk:cnode1) NSID 1 with lcore 35
0: Associating RDMA (addr:65.65.65.131 subnqn:nqn.2016-06.io.spdk:cnode1) NSID 1 with lcore 36
0: Associating RDMA (addr:65.65.65.131 subnqn:nqn.2016-06.io.spdk:cnode1) NSID 1 with lcore 37
0: Associating RDMA (addr:65.65.65.131 subnqn:nqn.2016-06.io.spdk:cnode1) NSID 1 with lcore 38
0: Associating RDMA (addr:65.65.65.131 subnqn:nqn.2016-06.io.spdk:cnode1) NSID 1 with lcore 39
0: Associating RDMA (addr:65.65.65.131 subnqn:nqn.2016-06.io.spdk:cnode1) NSID 1 with lcore 40
0: Associating RDMA (addr:65.65.65.131 subnqn:nqn.2016-06.io.spdk:cnode1) NSID 1 with lcore 41
0: Associating RDMA (addr:65.65.65.131 subnqn:nqn.2016-06.io.spdk:cno[2021-10-01 16:58:47.056285] nvme_rdma.c:2525:nvme_rdma_poller_create: *NOTICE*: Created SRQ 0x7f696c000e58, device mlx5_0
0: [2021-10-01 16:58:47.056527] nvme_rdma.c: 928:nvme_rdma_register_rsps: *NOTICE*: res->poller->pd: 0x7f696c000e20
0: [2021-10-01 16:58:47.056663] nvme_rdma.c:1020:nvme_rdma_create_resources: *NOTICE*: Created resources: qp (nil), poller 0x7f696c000b30, num_entries 128
0: [2021-10-01 16:58:47.056688] nvme_rdma.c:2525:nvme_rdma_poller_create: *NOTICE*: Created SRQ 0x7f6980000e58, device mlx5_0
0: [2021-10-01 16:58:47.056753] nvme_rdma.c: 928:nvme_rdma_register_rsps: *NOTICE*: res->poller->pd: 0x7f6980000e20
0: [2021-10-01 16:58:47.056945] nvme_rdma.c:2525:nvme_rdma_poller_create: *NOTICE*: Created SRQ 0x7f6970000e58, device mlx5_0
0: [2021-10-01 16:58:47.056950] nvme_rdma.c:1020:nvme_rdma_create_resources: *NOTICE*: Created resources: qp (nil), poller 0x7f6980000b30, num_entries 128
0: [2021-10-01 16:58:47.057055] nvme_rdma.c: 928:nvme_rdma_register_rsps: *NOTICE*: res->poller->pd: 0x7f6970000e20
0: [2021-10-01 16:58:47.057168] nvme_rdma.c:1020:nvme_rdma_create_resources: *NOTICE*: Created resources: qp (nil), poller 0x7f6970000b30, num_entries 128
0: [2021-10-01 16:58:47.057290] nvme_rdma.c:2525:nvme_rdma_poller_create: *NOTICE*: Created SRQ 0x7f6968000e58, device mlx5_0
0: [2021-10-01 16:58:47.057550] nvme_rdma.c: 928:nvme_rdma_register_rsps: *NOTICE*: res->poller->pd: 0x7f6968000e20
0: [2021-10-01 16:58:47.057696] nvme_rdma.c:1020:nvme_rdma_create_resources: *NOTICE*: Created resources: qp (nil), poller 0x7f6968000b30, num_entries 128
0: [2021-10-01 16:58:47.057835] nvme_rdma.c:2525:nvme_rdma_poller_create: *NOTICE*: Created SRQ 0x7f6954000e58, device mlx5_0
0: [2021-10-01 16:58:47.057995] nvme_rdma.c: 928:nvme_rdma_register_rsps: *NOTICE*: res->poller->pd: 0x7f6954000e20
0: [2021-10-01 16:58:47.058115] nvme_rdma.c:1020:nvme_rdma_create_resources: *NOTICE*: Created resources: qp (nil), poller 0x7f6954000b30, num_entries 128
0: [2021-10-01 16:58:47.058271] nvme_rdma.c:2525:nvme_rdma_poller_create: *NOTICE*: Created SRQ 0x7f6960000e58, device mlx5_0
0: [2021-10-01 16:58:47.058573] nvme_rdma.c: 928:nvme_rdma_register_rsps: *NOTICE*: res->poller->pd: 0x7f6960000e20
0: [2021-10-01 16:58:47.058679] nvme_rdma.c:1020:nvme_rdma_create_resources: *NOTICE*: Created resources: qp (nil), poller 0x7f6960000b30, num_entries 128
0: [2021-10-01 16:58:47.058761] nvme_rdma.c:2525:nvme_rdma_poller_create: *NOTICE*: Created SRQ 0x7f6958000e58, device mlx5_0
0: [2021-10-01 16:58:47.059110] nvme_rdma.c: 928:nvme_rdma_register_rsps: *NOTICE*: res->poller->pd: 0x7f6958000e20
0: [2021-10-01 16:58:47.059346] nvme_rdma.c:2525:nvme_rdma_poller_create: *NOTICE*: Created SRQ 0x7f6948000e58, device mlx5_0
0: [2021-10-01 16:58:47.059447] nvme_rdma.c:1020:nvme_rdma_create_resources: *NOTICE*: Created resources: qp (nil), poller 0x7f6958000b30, num_entries 128
0: [2021-10-01 16:58:47.059453] nvme_rdma.c: 928:nvme_rdma_register_rsps: *NOTICE*: res->poller->pd: 0x7f6948000e20
0: [2021-10-01 16:58:47.059617] nvme_rdma.c:2525:nvme_rdma_poller_create: *NOTICE*: Created SRQ 0x7f695c000e58, device mlx5_0
0: [2021-10-01 16:58:47.059949] nvme_rdma.c: 928:nvme_rdma_register_rsps: *NOTICE*: res->poller->pd: 0x7f695c000e20
0: [2021-10-01 16:58:47.059978] nvme_rdma.c:1020:nvme_rdma_create_resources: *NOTICE*: Created resources: qp (nil), poller 0x7f6948000b30, num_entries 128
0: [2021-10-01 16:58:47.060148] nvme_rdma.c:1020:nvme_rdma_create_resources: *NOTICE*: Created resources: qp (nil), poller 0x7f695c000b30, num_entries 128
0: [2021-10-01 16:58:47.060200] nvme_rdma.c:2525:nvme_rdma_poller_create: *NOTICE*: Created SRQ 0x7f6950000e58, device mlx5_0
0: [2021-10-01 16:58:47.060233] nvme_rdma.c: 928:nvme_rdma_register_rsps: *NOTICE*: res->poller->pd: 0x7f6950000e20
0: [2021-10-01 16:58:47.060409] nvme_rdma.c:1020:nvme_rdma_create_resources: *NOTICE*: Created resources: qp (nil), poller 0x7f6950000b30, num_entries 128
0: [2021-10-01 16:58:47.060583] nvme_rdma.c:2525:nvme_rdma_poller_create: *NOTICE*: Created SRQ 0x7f697c000ed8, device mlx5_0
0: [2021-10-01 16:58:47.060656] nvme_rdma.c: 928:nvme_rdma_register_rsps: *NOTICE*: res->poller->pd: 0x7f697c000b00
0: [2021-10-01 16:58:47.060845] nvme_rdma.c:2525:nvme_rdma_poller_create: *NOTICE*: Created SRQ 0x7f6974000e68, device mlx5_0
0: [2021-10-01 16:58:47.060873] nvme_rdma.c:1020:nvme_rdma_create_resources: *NOTICE*: Created resources: qp (nil), poller 0x7f697c000be0, num_entries 128
0: [2021-10-01 16:58:47.060985] nvme_rdma.c: 928:nvme_rdma_register_rsps: *NOTICE*: res->poller->pd: 0x7f6974000e30
0: [2021-10-01 16:58:47.061001] nvme_rdma.c:2525:nvme_rdma_poller_create: *NOTICE*: Created SRQ 0x7f696c008c68, device mlx5_1
0: [2021-10-01 16:58:47.061085] nvme_rdma.c: 928:nvme_rdma_register_rsps: *NOTICE*: res->poller->pd: 0x7f696c000fc0
0: [2021-10-01 16:58:47.061102] nvme_rdma.c:1020:nvme_rdma_create_resources: *NOTICE*: Created resources: qp (nil), poller 0x7f6974000b40, num_entries 128
0: [2021-10-01 16:58:47.061197] nvme_rdma.c:2525:nvme_rdma_poller_create: *NOTICE*: Created SRQ 0x7f6928000e68, device mlx5_0
0: [2021-10-01 16:58:47.061266] nvme_rdma.c: 928:nvme_rdma_register_rsps: *NOTICE*: res->poller->pd: 0x7f6928000e30
0: [2021-10-01 16:58:47.061311] nvme_rdma.c:2525:nvme_rdma_poller_create: *NOTICE*: Created SRQ 0x7f6980008bf8, device mlx5_1
0: [2021-10-01 16:58:47.061398] nvme_rdma.c: 928:nvme_rdma_register_rsps: *NOTICE*: res->poller->pd: 0x7f6980000fc0
0: [2021-10-01 16:58:47.061432] nvme_rdma.c:1020:nvme_rdma_create_resources: *NOTICE*: Created resources: qp (nil), poller 0x7f696c008900, num_entries 128
0: [2021-10-01 16:58:47.061501] nvme_rdma.c:2525:nvme_rdma_poller_create: *NOTICE*: Created SRQ 0x7f694c000e58, device mlx5_0
0: [2021-10-01 16:58:47.061644] nvme_rdma.c:2525:nvme_rdma_poller_create: *NOTICE*: Created SRQ 0x7f6970008bf8, device mlx5_1
0: [2021-10-01 16:58:47.061674] nvme_rdma.c:1020:nvme_rdma_create_resources: *NOTICE*: Created resources: qp (nil), poller 0x7f6928000b40, num_entries 128
0: [2021-10-01 16:58:47.061695] nvme_rdma.c:1020:nvme_rdma_create_resources: *NOTICE*: Created resources: qp (nil), poller 0x7f6980008900, num_entries 128
0: [2021-10-01 16:58:47.061728] nvme_rdma.c: 928:nvme_rdma_register_rsps: *NOTICE*: res->poller->pd: 0x7f694c000e20
0: [2021-10-01 16:58:47.061761] nvme_rdma.c: 928:nvme_rdma_register_rsps: *NOTICE*: res->poller->pd: 0x7f6970000fc0
0: [2021-10-01 16:58:47.061826] nvme_rdma.c:1020:nvme_rdma_create_resources: *NOTICE*: Created resources: qp (nil), poller 0x7f694c000b30, num_entries 128
0: [2021-10-01 16:58:47.061927] nvme_rdma.c:1020:nvme_rdma_create_resources: *NOTICE*: Created resources: qp (nil), poller 0x7f6970008900, num_entries 128
0: [2021-10-01 16:58:47.061976] nvme_rdma.c:2525:nvme_rdma_poller_create: *NOTICE*: Created SRQ 0x7f692c000e68, device mlx5_0
0: [2021-10-01 16:58:47.062106] nvme_rdma.c: 928:nvme_rdma_register_rsps: *NOTICE*: res->poller->pd: 0x7f692c000e30
0: [2021-10-01 16:58:47.062223] nvme_rdma.c:2525:nvme_rdma_poller_create: *NOTICE*: Created SRQ 0x7f6968008bf8, device mlx5_1
0: [2021-10-01 16:58:47.062374] nvme_rdma.c:2525:nvme_rdma_poller_create: *NOTICE*: Created SRQ 0x7f6964000e68, device mlx5_0
0: [2021-10-01 16:58:47.062473] nvme_rdma.c: 928:nvme_rdma_register_rsps: *NOTICE*: res->poller->pd: 0x7f6968000fc0
0: [2021-10-01 16:58:47.062552] nvme_rdma.c: 928:nvme_rdma_register_rsps: *NOTICE*: res->poller->pd: 0x7f6964000e30
0: [2021-10-01 16:58:47.062577] nvme_rdma.c:1020:nvme_rdma_create_resources: *NOTICE*: Created resources: qp (nil), poller 0x7f692c000b40, num_entries 128
0: [2021-10-01 16:58:47.062795] nvme_rdma.c:2525:nvme_rdma_poller_create: *NOTICE*: Created SRQ 0x7f6938000e58, device mlx5_0
0: [2021-10-01 16:58:47.062813] nvme_rdma.c:1020:nvme_rdma_create_resources: *NOTICE*: Created resources: qp (nil), poller 0x7f6968008900, num_entries 128
0: [2021-10-01 16:58:47.062884] nvme_rdma.c: 928:nvme_rdma_register_rsps: *NOTICE*: res->poller->pd: 0x7f6938000e20
0: [2021-10-01 16:58:47.062923] nvme_rdma.c:1020:nvme_rdma_create_resources: *NOTICE*: Created resources: qp (nil), poller 0x7f6964000b40, num_entries 128
0: [2021-10-01 16:58:47.063038] nvme_rdma.c:2525:nvme_rdma_poller_create: *NOTICE*: Created SRQ 0x7f6954008bf8, device mlx5_1
0: [2021-10-01 16:58:47.063060] nvme_rdma.c:1020:nvme_rdma_create_resources: *NOTICE*: Created resources: qp (nil), poller 0x7f6938000b30, num_entries 128
0: [2021-10-01 16:58:47.063078] nvme_rdma.c:2525:nvme_rdma_poller_create: *NOTICE*: Created SRQ 0x7f6944000e68, device mlx5_0
0: [2021-10-01 16:58:47.063196] nvme_rdma.c: 928:nvme_rdma_register_rsps: *NOTICE*: res->poller->pd: 0x7f6954000fc0
0: [2021-10-01 16:58:47.063212] nvme_rdma.c: 928:nvme_rdma_register_rsps: *NOTICE*: res->poller->pd: 0x7f6944000e30
0: [2021-10-01 16:58:47.063307] nvme_rdma.c:1020:nvme_rdma_create_resources: *NOTICE*: Created resources: qp (nil), poller 0x7f6944000b40, num_entries 128
0: [2021-10-01 16:58:47.063592] nvme_rdma.c:1020:nvme_rdma_create_resources: *NOTICE*: Created resources: qp (nil), poller 0x7f6954008900, num_entries 128
0: [2021-10-01 16:58:47.063650] nvme_rdma.c:2525:nvme_rdma_poller_create: *NOTICE*: Created SRQ 0x7f693c000e68, device mlx5_0
0: [2021-10-01 16:58:47.063908] nvme_rdma.c: 928:nvme_rdma_register_rsps: *NOTICE*: res->poller->pd: 0x7f693c000e30
0: [2021-10-01 16:58:47.064110] nvme_rdma.c:1020:nvme_rdma_create_resources: *NOTICE*: Created resources: qp (nil), poller 0x7f693c000b40, num_entries 128
0: [2021-10-01 16:58:47.064172] nvme_rdma.c:2525:nvme_rdma_poller_create: *NOTICE*: Created SRQ 0x7f6958008bf8, device mlx5_1
0: [2021-10-01 16:58:47.064199] nvme_rdma.c: 928:nvme_rdma_register_rsps: *NOTICE*: res->poller->pd: 0x7f6958000fc0
0: [2021-10-01 16:58:47.064268] nvme_rdma.c:2525:nvme_rdma_poller_create: *NOTICE*: Created SRQ 0x7f6918000e68, device mlx5_0
0: [2021-10-01 16:58:47.064391] nvme_rdma.c:2525:nvme_rdma_poller_create: *NOTICE*: Created SRQ 0x7f6960008bf8, device mlx5_1
0: [2021-10-01 16:58:47.064598] nvme_rdma.c: 928:nvme_rdma_register_rsps: *NOTICE*: res->poller->pd: 0x7f6960000fc0
0: [2021-10-01 16:58:47.064621] nvme_rdma.c: 928:nvme_rdma_register_rsps: *NOTICE*: res->poller->pd: 0x7f6918000e30
0: [2021-10-01 16:58:47.064773] nvme_rdma.c:1020:nvme_rdma_create_resources: *NOTICE*: Created resources: qp (nil), poller 0x7f6958008900, num_entries 128
0: [2021-10-01 16:58:47.064825] nvme_rdma.c:1020:nvme_rdma_create_resources: *NOTICE*: Created resources: qp (nil), poller 0x7f6960008900, num_entries 128
0: [2021-10-01 16:58:47.064831] nvme_rdma.c:1020:nvme_rdma_create_resources: *NOTICE*: Created resources: qp (nil), poller 0x7f6918000b40, num_entries 128
0: [2021-10-01 16:58:47.065080] nvme_rdma.c:2525:nvme_rdma_poller_create: *NOTICE*: Created SRQ 0x7f6948008bf8, device mlx5_1
0: [2021-10-01 16:58:47.065209] nvme_rdma.c:2525:nvme_rdma_poller_create: *NOTICE*: Created SRQ 0x7f6910000e68, device mlx5_0
0: [2021-10-01 16:58:47.065291] nvme_rdma.c: 928:nvme_rdma_register_rsps: *NOTICE*: res->poller->pd: 0x7f6948000fc0
0: [2021-10-01 16:58:47.065302] nvme_rdma.c: 928:nvme_rdma_register_rsps: *NOTICE*: res->poller->pd: 0x7f6910000e30
0: [2021-10-01 16:58:47.065522] nvme_rdma.c:1020:nvme_rdma_create_resources: *NOTICE*: Created resources: qp (nil), poller 0x7f6910000b40, num_entries 128
0: [2021-10-01 16:58:47.065530] nvme_rdma.c:1020:nvme_rdma_create_resources: *NOTICE*: Created resources: qp (nil), poller 0x7f6948008900, num_entries 128
0: [2021-10-01 16:58:47.065567] nvme_rdma.c:2525:nvme_rdma_poller_create: *NOTICE*: Created SRQ 0x7f695c008bf8, device mlx5_1
0: [2021-10-01 16:58:47.065687] nvme_rdma.c: 928:nvme_rdma_register_rsps: *NOTICE*: res->poller->pd: 0x7f695c000fc0
0: [2021-10-01 16:58:47.065905] nvme_rdma.c:1020:nvme_rdma_create_resources: *NOTICE*: Created resources: qp (nil), poller 0x7f695c008900, num_entries 128
0: [2021-10-01 16:58:47.066118] nvme_rdma.c:2525:nvme_rdma_poller_create: *NOTICE*: Created SRQ 0x7f6914000e68, device mlx5_0
0: [2021-10-01 16:58:47.066129] nvme_rdma.c:2525:nvme_rdma_poller_create: *NOTICE*: Created SRQ 0x7f6950008bf8, device mlx5_1
0: [2021-10-01 16:58:47.066301] nvme_rdma.c: 928:nvme_rdma_register_rsps: *NOTICE*: res->poller->pd: 0x7f6914000e30
0: [2021-10-01 16:58:47.066311] nvme_rdma.c: 928:nvme_rdma_register_rsps: *NOTICE*: res->poller->pd: 0x7f6950000fc0
0: [2021-10-01 16:58:47.066555] nvme_rdma.c:2525:nvme_rdma_poller_create: *NOTICE*: Created SRQ 0x7f6974008bf8, device mlx5_1
0: [2021-10-01 16:58:47.066687] nvme_rdma.c:1020:nvme_rdma_create_resources: *NOTICE*: Created resources: qp (nil), poller 0x7f6914000b40, num_entries 128
0: [2021-10-01 16:58:47.066724] nvme_rdma.c: 928:nvme_rdma_register_rsps: *NOTICE*: res->poller->pd: 0x7f6974000fd0
0: [2021-10-01 16:58:47.066733] nvme_rdma.c:1020:nvme_rdma_create_resources: *NOTICE*: Created resources: qp (nil), poller 0x7f6950008900, num_entries 128
0: [2021-10-01 16:58:47.067018] nvme_rdma.c:2525:nvme_rdma_poller_create: *NOTICE*: Created SRQ 0x7f697c001bf8, device mlx5_1
0: [2021-10-01 16:58:47.067081] nvme_rdma.c:1020:nvme_rdma_create_resources: *NOTICE*: Created resources: qp (nil), poller 0x7f6974008900, num_entries 128
0: [2021-10-01 16:58:47.067115] nvme_rdma.c: 928:nvme_rdma_register_rsps: *NOTICE*: res->poller->pd: 0x7f697c000b30
0: [2021-10-01 16:58:47.067250] nvme_rdma.c:1020:nvme_rdma_create_resources: *NOTICE*: Created resources: qp (nil), poller 0x7f697c001900, num_entries 128
0: [2021-10-01 16:58:47.067292] nvme_rdma.c:2525:nvme_rdma_poller_create: *NOTICE*: Created SRQ 0x7f691c000ed8, device mlx5_0
0: [2021-10-01 16:58:47.067454] nvme_rdma.c: 928:nvme_rdma_register_rsps: *NOTICE*: res->poller->pd: 0x7f691c000b00
0: [2021-10-01 16:58:47.067742] nvme_rdma.c:1020:nvme_rdma_create_resources: *NOTICE*: Created resources: qp (nil), poller 0x7f691c000be0, num_entries 128
0: [2021-10-01 16:58:47.067860] nvme_rdma.c:2525:nvme_rdma_poller_create: *NOTICE*: Created SRQ 0x7f694c008bf8, device mlx5_1
0: [2021-10-01 16:58:47.067915] nvme_rdma.c: 928:nvme_rdma_register_rsps: *NOTICE*: res->poller->pd: 0x7f694c000fc0
0: [2021-10-01 16:58:47.068043] nvme_rdma.c:1020:nvme_rdma_create_resources: *NOTICE*: Created resources: qp (nil), poller 0x7f694c008900, num_entries 128
0: [2021-10-01 16:58:47.068103] nvme_rdma.c:2525:nvme_rdma_poller_create: *NOTICE*: Created SRQ 0x7f690c000e68, device mlx5_0
0: [2021-10-01 16:58:47.068184] nvme_rdma.c: 928:nvme_rdma_register_rsps: *NOTICE*: res->poller->pd: 0x7f690c000e30
0: [2021-10-01 16:58:47.068369] nvme_rdma.c:1020:nvme_rdma_create_resources: *NOTICE*: Created resources: qp (nil), poller 0x7f690c000b40, num_entries 128
0: [2021-10-01 16:58:47.068427] nvme_rdma.c:2525:nvme_rdma_poller_create: *NOTICE*: Created SRQ 0x7f6900000e68, device mlx5_0
0: [2021-10-01 16:58:47.068470] nvme_rdma.c:2525:nvme_rdma_poller_create: *NOTICE*: Created SRQ 0x7f6928008bf8, device mlx5_1
0: [2021-10-01 16:58:47.068482] nvme_rdma.c: 928:nvme_rdma_register_rsps: *NOTICE*: res->poller->pd: 0x7f6900000e30
0: [2021-10-01 16:58:47.068501] nvme_rdma.c: 928:nvme_rdma_register_rsps: *NOTICE*: res->poller->pd: 0x7f6928000fd0
0: [2021-10-01 16:58:47.068565] nvme_rdma.c:1020:nvme_rdma_create_resources: *NOTICE*: Created resources: qp (nil), poller 0x7f6900000b40, num_entries 128
0: [2021-10-01 16:58:47.068645] nvme_rdma.c:1020:nvme_rdma_create_resources: *NOTICE*: Created resources: qp (nil), poller 0x7f6928008900, num_entries 128
0: [2021-10-01 16:58:47.068724] nvme_rdma.c:2525:nvme_rdma_poller_create: *NOTICE*: Created SRQ 0x7f6908000e68, device mlx5_0
0: [2021-10-01 16:58:47.068859] nvme_rdma.c: 928:nvme_rdma_register_rsps: *NOTICE*: res->poller->pd: 0x7f6908000e30
0: [2021-10-01 16:58:47.068975] nvme_rdma.c:2525:nvme_rdma_poller_create: *NOTICE*: Created SRQ 0x7f692c008bf8, device mlx5_1
0: [2021-10-01 16:58:47.069037] nvme_rdma.c: 928:nvme_rdma_register_rsps: *NOTICE*: res->poller->pd: 0x7f692c000fd0
0: [2021-10-01 16:58:47.069049] nvme_rdma.c:1020:nvme_rdma_create_resources: *NOTICE*: Created resources: qp (nil), poller 0x7f6908000b40, num_entries 128
0: [2021-10-01 16:58:47.069160] nvme_rdma.c:1020:nvme_rdma_create_resources: *NOTICE*: Created resources: qp (nil), poller 0x7f692c008900, num_entries 128
0: [2021-10-01 16:58:47.069189] nvme_rdma.c:2525:nvme_rdma_poller_create: *NOTICE*: Created SRQ 0x7f6920000e68, device mlx5_0
0: [2021-10-01 16:58:47.069208] nvme_rdma.c: 928:nvme_rdma_register_rsps: *NOTICE*: res->poller->pd: 0x7f6920000e30
0: [2021-10-01 16:58:47.069265] nvme_rdma.c:1020:nvme_rdma_create_resources: *NOTICE*: Created resources: qp (nil), poller 0x7f6920000b40, num_entries 128
0: [2021-10-01 16:58:47.069273] nvme_rdma.c:2525:nvme_rdma_poller_create: *NOTICE*: Created SRQ 0x7f6938008bf8, device mlx5_1
0: [2021-10-01 16:58:47.069324] nvme_rdma.c: 928:nvme_rdma_register_rsps: *NOTICE*: res->poller->pd: 0x7f6938000fc0
0: [2021-10-01 16:58:47.069384] nvme_rdma.c:1020:nvme_rdma_create_resources: *NOTICE*: Created resources: qp (nil), poller 0x7f6938008900, num_entries 128
0: [2021-10-01 16:58:47.069564] nvme_rdma.c:2525:nvme_rdma_poller_create: *NOTICE*: Created SRQ 0x7f6944008bf8, device mlx5_1
0: [2021-10-01 16:58:47.069598] nvme_rdma.c: 928:nvme_rdma_register_rsps: *NOTICE*: res->poller->pd: 0x7f6944000fd0
0: [2021-10-01 16:58:47.069650] nvme_rdma.c:1020:nvme_rdma_create_resources: *NOTICE*: Created resources: qp (nil), poller 0x7f6944008900, num_entries 128
0: [2021-10-01 16:58:47.069818] nvme_rdma.c:2525:nvme_rdma_poller_create: *NOTICE*: Created SRQ 0x7f6904000e68, device mlx5_0
0: [2021-10-01 16:58:47.069845] nvme_rdma.c: 928:nvme_rdma_register_rsps: *NOTICE*: res->poller->pd: 0x7f6904000e30
0: [2021-10-01 16:58:47.069881] nvme_rdma.c:1020:nvme_rdma_create_resources: *NOTICE*: Created resources: qp (nil), poller 0x7f6904000b40, num_entries 128
0: [2021-10-01 16:58:47.070176] nvme_rdma.c:2525:nvme_rdma_poller_create: *NOTICE*: Created SRQ 0x7f6940000e58, device mlx5_0
0: [2021-10-01 16:58:47.070198] nvme_rdma.c:2525:nvme_rdma_poller_create: *NOTICE*: Created SRQ 0x7f693c008bf8, device mlx5_1
0: [2021-10-01 16:58:47.070201] nvme_rdma.c: 928:nvme_rdma_register_rsps: *NOTICE*: res->poller->pd: 0x7f6940000e20
0: [2021-10-01 16:58:47.070225] nvme_rdma.c: 928:nvme_rdma_register_rsps: *NOTICE*: res->poller->pd: 0x7f693c000fd0
0: [2021-10-01 16:58:47.070253] nvme_rdma.c:1020:nvme_rdma_create_resources: *NOTICE*: Created resources: qp (nil), poller 0x7f6940000b30, num_entries 128
0: [2021-10-01 16:58:47.070264] nvme_rdma.c:1020:nvme_rdma_create_resources: *NOTICE*: Created resources: qp (nil), poller 0x7f693c008900, num_entries 128
0: [2021-10-01 16:58:47.070909] nvme_rdma.c:2525:nvme_rdma_poller_create: *NOTICE*: Created SRQ 0x7f68e8000e58, device mlx5_0
0: [2021-10-01 16:58:47.070932] nvme_rdma.c: 928:nvme_rdma_register_rsps: *NOTICE*: res->poller->pd: 0x7f68e8000e20
0: [2021-10-01 16:58:47.070966] nvme_rdma.c:1020:nvme_rdma_create_resources: *NOTICE*: Created resources: qp (nil), poller 0x7f68e8000b30, num_entries 128
0: [2021-10-01 16:58:47.071092] nvme_rdma.c:2525:nvme_rdma_poller_create: *NOTICE*: Created SRQ 0x7f6908008bf8, device mlx5_1
0: [2021-10-01 16:58:47.071111] nvme_rdma.c: 928:nvme_rdma_register_rsps: *NOTICE*: res->poller->pd: 0x7f6908000fd0
0: [2021-10-01 16:58:47.071155] nvme_rdma.c:1020:nvme_rdma_create_resources: *NOTICE*: Created resources: qp (nil), poller 0x7f6908008900, num_entries 128
0: [2021-10-01 16:58:47.071156] nvme_rdma.c:2525:nvme_rdma_poller_create: *NOTICE*: Created SRQ 0x7f68f8000e58, device mlx5_0
0: [2021-10-01 16:58:47.071187] nvme_rdma.c: 928:nvme_rdma_register_rsps: *NOTICE*: res->poller->pd: 0x7f68f8000e20
0: [2021-10-01 16:58:47.071235] nvme_rdma.c:1020:nvme_rdma_create_resources: *NOTICE*: Created resources: qp (nil), poller 0x7f68f8000b30, num_entries 128
0: [2021-10-01 16:58:47.071373] nvme_rdma.c:2525:nvme_rdma_poller_create: *NOTICE*: Created SRQ 0x7f68e0000e58, device mlx5_0
0: [2021-10-01 16:58:47.071395] nvme_rdma.c: 928:nvme_rdma_register_rsps: *NOTICE*: res->poller->pd: 0x7f68e0000e20
0: [2021-10-01 16:58:47.071430] nvme_rdma.c:1020:nvme_rdma_create_resources: *NOTICE*: Created resources: qp (nil), poller 0x7f68e0000b30, num_entries 128
0: [2021-10-01 16:58:47.071535] nvme_rdma.c:2525:nvme_rdma_poller_create: *NOTICE*: Created SRQ 0x7f6910008bf8, device mlx5_1
0: [2021-10-01 16:58:47.071555] nvme_rdma.c: 928:nvme_rdma_register_rsps: *NOTICE*: res->poller->pd: 0x7f6910000fd0
0: [2021-10-01 16:58:47.071606] nvme_rdma.c:2525:nvme_rdma_poller_create: *NOTICE*: Created SRQ 0x7f68fc000e58, device mlx5_0
0: [2021-10-01 16:58:47.071608] nvme_rdma.c:1020:nvme_rdma_create_resources: *NOTICE*: Created resources: qp (nil), poller 0x7f6910008900, num_entries 128
0: [2021-10-01 16:58:47.071639] nvme_rdma.c: 928:nvme_rdma_register_rsps: *NOTICE*: res->poller->pd: 0x7f68fc000e20
0: [2021-10-01 16:58:47.071677] nvme_rdma.c:1020:nvme_rdma_create_resources: *NOTICE*: Created resources: qp (nil), poller 0x7f68fc000b30, num_entries 128
0: [2021-10-01 16:58:47.071849] nvme_rdma.c:2525:nvme_rdma_poller_create: *NOTICE*: Created SRQ 0x7f68ec000e58, device mlx5_0
0: [2021-10-01 16:58:47.071878] nvme_rdma.c: 928:nvme_rdma_register_rsps: *NOTICE*: res->poller->pd: 0x7f68ec000e20
0: [2021-10-01 16:58:47.071911] nvme_rdma.c:1020:nvme_rdma_create_resources: *NOTICE*: Created resources: qp (nil), poller 0x7f68ec000b30, num_entries 128
0: [2021-10-01 16:58:47.072001] nvme_rdma.c:2525:nvme_rdma_poller_create: *NOTICE*: Created SRQ 0x7f68e8008bf8, device mlx5_1
0: [2021-10-01 16:58:47.072015] nvme_rdma.c: 928:nvme_rdma_register_rsps: *NOTICE*: res->poller->pd: 0x7f68e8000fc0
0: [2021-10-01 16:58:47.072064] nvme_rdma.c:1020:nvme_rdma_create_resources: *NOTICE*: Created resources: qp (nil), poller 0x7f68e8008900, num_entries 128
0: [2021-10-01 16:58:47.072089] nvme_rdma.c:2525:nvme_rdma_poller_create: *NOTICE*: Created SRQ 0x7f68f0000ed8, device mlx5_0
0: [2021-10-01 16:58:47.072111] nvme_rdma.c: 928:nvme_rdma_register_rsps: *NOTICE*: res->poller->pd: 0x7f68f0000b00
0: [2021-10-01 16:58:47.072151] nvme_rdma.c:1020:nvme_rdma_create_resources: *NOTICE*: Created resources: qp (nil), poller 0x7f68f0000be0, num_entries 128
0: [2021-10-01 16:58:47.072355] nvme_rdma.c:2525:nvme_rdma_poller_create: *NOTICE*: Created SRQ 0x7f6914008bf8, device mlx5_1
0: [2021-10-01 16:58:47.072370] nvme_rdma.c: 928:nvme_rdma_register_rsps: *NOTICE*: res->poller->pd: 0x7f6914000fd0
0: [2021-10-01 16:58:47.072406] nvme_rdma.c:1020:nvme_rdma_create_resources: *NOTICE*: Created resources: qp (nil), poller 0x7f6914008900, num_entries 128
0: [2021-10-01 16:58:47.072684] nvme_rdma.c:2525:nvme_rdma_poller_create: *NOTICE*: Created SRQ 0x7f691c001bf8, device mlx5_1
0: [2021-10-01 16:58:47.072705] nvme_rdma.c: 928:nvme_rdma_register_rsps: *NOTICE*: res->poller->pd: 0x7f691c000b30
0: [2021-10-01 16:58:47.072737] nvme_rdma.c:1020:nvme_rdma_create_resources: *NOTICE*: Created resources: qp (nil), poller 0x7f691c001900, num_entries 128
0: [2021-10-01 16:58:47.073780] nvme_rdma.c:2525:nvme_rdma_poller_create: *NOTICE*: Created SRQ 0x7f690c008bf8, device mlx5_1
0: [2021-10-01 16:58:47.073797] nvme_rdma.c: 928:nvme_rdma_register_rsps: *NOTICE*: res->poller->pd: 0x7f690c000fd0
0: [2021-10-01 16:58:47.073830] nvme_rdma.c:1020:nvme_rdma_create_resources: *NOTICE*: Created resources: qp (nil), poller 0x7f690c008900, num_entries 128
0: mlx5dv_reserved_qpn_alloc 1 1
0: [2021-10-01 16:58:47.074039] nvme_rdma.c:2525:nvme_rdma_poller_create: *NOTICE*: Created SRQ 0x7f6900008bf8, device mlx5_1
0: [2021-10-01 16:58:47.074053] nvme_rdma.c: 928:nvme_rdma_register_rsps: *NOTICE*: res->poller->pd: 0x7f6900000fd0
0: [2021-10-01 16:58:47.074085] nvme_rdma.c:1020:nvme_rdma_create_resources: *NOTICE*: Created resources: qp (nil), poller 0x7f6900008900, num_entries 128
0: [2021-10-01 16:58:47.074285] nvme_rdma.c:2525:nvme_rdma_poller_create: *NOTICE*: Created SRQ 0x7f6918008bf8, device mlx5_1
0: [2021-10-01 16:58:47.074303] nvme_rdma.c: 928:nvme_rdma_register_rsps: *NOTICE*: res->poller->pd: 0x7f6918000fd0
0: [2021-10-01 16:58:47.074333] nvme_rdma.c:1020:nvme_rdma_create_resources: *NOTICE*: Created resources: qp (nil), poller 0x7f6918008900, num_entries 128
0: [2021-10-01 16:58:47.074531] nvme_rdma.c:2525:nvme_rdma_poller_create: *NOTICE*: Created SRQ 0x7f6920008bf8, device mlx5_1
0: [2021-10-01 16:58:47.074549] nvme_rdma.c: 928:nvme_rdma_register_rsps: *NOTICE*: res->poller->pd: 0x7f6920000fd0
0: [2021-10-01 16:58:47.074584] nvme_rdma.c:1020:nvme_rdma_create_resources: *NOTICE*: Created resources: qp (nil), poller 0x7f6920008900, num_entries 128
0: [2021-10-01 16:58:47.074771] nvme_rdma.c:2525:nvme_rdma_poller_create: *NOTICE*: Created SRQ 0x7f6904006c48, device mlx5_1
0: [2021-10-01 16:58:47.074804] nvme_rdma.c: 928:nvme_rdma_register_rsps: *NOTICE*: res->poller->pd: 0x7f6904000fd0
0: [2021-10-01 16:58:47.074836] nvme_rdma.c:1020:nvme_rdma_create_resources: *NOTICE*: Created resources: qp (nil), poller 0x7f6904006950, num_entries 128
0: [2021-10-01 16:58:47.074994] nvme_rdma.c:2525:nvme_rdma_poller_create: *NOTICE*: Created SRQ 0x7f6940008bf8, device mlx5_1
0: [2021-10-01 16:58:47.075012] nvme_rdma.c: 928:nvme_rdma_register_rsps: *NOTICE*: res->poller->pd: 0x7f6940000fc0
0: [2021-10-01 16:58:47.075048] nvme_rdma.c:1020:nvme_rdma_create_resources: *NOTICE*: Created resources: qp (nil), poller 0x7f6940008900, num_entries 128
0: [2021-10-01 16:58:47.075232] nvme_rdma.c:2525:nvme_rdma_poller_create: *NOTICE*: Created SRQ 0x7f68f8008bf8, device mlx5_1
0: [2021-10-01 16:58:47.075249] nvme_rdma.c: 928:nvme_rdma_register_rsps: *NOTICE*: res->poller->pd: 0x7f68f8000fc0
0: [2021-10-01 16:58:47.075286] nvme_rdma.c:1020:nvme_rdma_create_resources: *NOTICE*: Created resources: qp (nil), poller 0x7f68f8008900, num_entries 128
0: [2021-10-01 16:58:47.075430] nvme_rdma.c:2525:nvme_rdma_poller_create: *NOTICE*: Created SRQ 0x7f68e0008bf8, device mlx5_1
0: [2021-10-01 16:58:47.075453] nvme_rdma.c: 928:nvme_rdma_register_rsps: *NOTICE*: res->poller->pd: 0x7f68e0000fc0
0: [2021-10-01 16:58:47.075489] nvme_rdma.c:1020:nvme_rdma_create_resources: *NOTICE*: Created resources: qp (nil), poller 0x7f68e0008900, num_entries 128
0: [2021-10-01 16:58:47.075687] nvme_rdma.c:2525:nvme_rdma_poller_create: *NOTICE*: Created SRQ 0x7f68fc008bf8, device mlx5_1
0: [2021-10-01 16:58:47.075707] nvme_rdma.c: 928:nvme_rdma_register_rsps: *NOTICE*: res->poller->pd: 0x7f68fc000fc0
0: [2021-10-01 16:58:47.075748] nvme_rdma.c:1020:nvme_rdma_create_resources: *NOTICE*: Created resources: qp (nil), poller 0x7f68fc008900, num_entries 128
0: [2021-10-01 16:58:47.075891] nvme_rdma.c:2525:nvme_rdma_poller_create: *NOTICE*: Created SRQ 0x7f68ec008bf8, device mlx5_1
0: [2021-10-01 16:58:47.075912] nvme_rdma.c: 928:nvme_rdma_register_rsps: *NOTICE*: res->poller->pd: 0x7f68ec000fc0
0: [2021-10-01 16:58:47.075948] nvme_rdma.c:1020:nvme_rdma_create_resources: *NOTICE*: Created resources: qp (nil), poller 0x7f68ec008900, num_entries 128
0: [2021-10-01 16:58:47.076099] nvme_rdma.c:2525:nvme_rdma_poller_create: *NOTICE*: Created SRQ 0x7f68f0001c18, device mlx5_1
0: [2021-10-01 16:58:47.076115] nvme_rdma.c: 928:nvme_rdma_register_rsps: *NOTICE*: res->poller->pd: 0x7f68f0000b30
0: [2021-10-01 16:58:47.076147] nvme_rdma.c:1020:nvme_rdma_create_resources: *NOTICE*: Created resources: qp (nil), poller 0x7f68f0001920, num_entries 128
0: [2021-10-01 16:58:47.076667] nvme_rdma.c:2525:nvme_rdma_poller_create: *NOTICE*: Created SRQ 0x7f6964008bf8, device mlx5_1
0: [2021-10-01 16:58:47.076690] nvme_rdma.c: 928:nvme_rdma_register_rsps: *NOTICE*: res->poller->pd: 0x7f6964000fd0
0: [2021-10-01 16:58:47.076728] nvme_rdma.c:1020:nvme_rdma_create_resources: *NOTICE*: Created resources: qp (nil), poller 0x7f6964008900, num_entries 128
0: [2021-10-01 16:58:47.082065] rdma.c:2990:nvmf_process_cm_event: *NOTICE*: In RDMA_CM_EVENT_CONNECT_REQUEST
0: mlx5dv_reserved_qpn_alloc 1 1
0: [2021-10-01 16:58:47.082172] nvme_rdma.c:1386:_nvme_rdma_ctrlr_connect_qpair: *NOTICE*: Connect rdma qpair: pg 0x7f697c000b60, srq depth 128
0: [2021-10-01 16:58:47.084377] nvme_rdma.c:2525:nvme_rdma_poller_create: *NOTICE*: Created SRQ 0x7f6930000e58, device mlx5_0
0: [2021-10-01 16:58:47.084420] nvme_rdma.c: 928:nvme_rdma_register_rsps: *NOTICE*: res->poller->pd: 0x7f6930000e20
0: [2021-10-01 16:58:47.084487] nvme_rdma.c:1020:nvme_rdma_create_resources: *NOTICE*: Created resources: qp (nil), poller 0x7f6930000b30, num_entries 128
0: [2021-10-01 16:58:47.085145] nvme_rdma.c:2525:nvme_rdma_poller_create: *NOTICE*: Created SRQ 0x7f68d8000e58, device mlx5_0
0: [2021-10-01 16:58:47.085168] nvme_rdma.c: 928:nvme_rdma_register_rsps: *NOTICE*: res->poller->pd: 0x7f68d8000e20
0: [2021-10-01 16:58:47.085206] nvme_rdma.c:1020:nvme_rdma_create_resources: *NOTICE*: Created resources: qp (nil), poller 0x7f68d8000b30, num_entries 128
0: [2021-10-01 16:58:47.085336] nvme_rdma.c:2525:nvme_rdma_poller_create: *NOTICE*: Created SRQ 0x7f6930008bf8, device mlx5_1
0: [2021-10-01 16:58:47.085354] nvme_rdma.c: 928:nvme_rdma_register_rsps: *NOTICE*: res->poller->pd: 0x7f6930000fc0
0: [2021-10-01 16:58:47.085399] nvme_rdma.c:1020:nvme_rdma_create_resources: *NOTICE*: Created resources: qp (nil), poller 0x7f6930008900, num_entries 128
0: [2021-10-01 16:58:47.085470] nvme_rdma.c:2525:nvme_rdma_poller_create: *NOTICE*: Created SRQ 0x7f68e4000e58, device mlx5_0
0: [2021-10-01 16:58:47.085487] nvme_rdma.c: 928:nvme_rdma_register_rsps: *NOTICE*: res->poller->pd: 0x7f68e4000e20
0: [2021-10-01 16:58:47.085521] nvme_rdma.c:1020:nvme_rdma_create_resources: *NOTICE*: Created resources: qp (nil), poller 0x7f68e4000b30, num_entries 128
0: [2021-10-01 16:58:47.085680] nvme_rdma.c:2525:nvme_rdma_poller_create: *NOTICE*: Created SRQ 0x7f68b8000e58, device mlx5_0
0: [2021-10-01 16:58:47.085702] nvme_rdma.c: 928:nvme_rdma_register_rsps: *NOTICE*: res->poller->pd: 0x7f68b8000e20
0: [2021-10-01 16:58:47.085738] nvme_rdma.c:1020:nvme_rdma_create_resources: *NOTICE*: Created resources: qp (nil), poller 0x7f68b8000b30, num_entries 128
0: [2021-10-01 16:58:47.085873] nvme_rdma.c:2525:nvme_rdma_poller_create: *NOTICE*: Created SRQ 0x7f68d0000e58, device mlx5_0
0: [2021-10-01 16:58:47.085905] nvme_rdma.c: 928:nvme_rdma_register_rsps: *NOTICE*: res->poller->pd: 0x7f68d0000e20
0: [2021-10-01 16:58:47.085950] nvme_rdma.c:1020:nvme_rdma_create_resources: *NOTICE*: Created resources: qp (nil), poller 0x7f68d0000b30, num_entries 128
0: [2021-10-01 16:58:47.085994] nvme_rdma.c:2525:nvme_rdma_poller_create: *NOTICE*: Created SRQ 0x7f68d8008bf8, device mlx5_1
0: [2021-10-01 16:58:47.086012] nvme_rdma.c: 928:nvme_rdma_register_rsps: *NOTICE*: res->poller->pd: 0x7f68d8000fc0
0: [2021-10-01 16:58:47.086060] nvme_rdma.c:1020:nvme_rdma_create_resources: *NOTICE*: Created resources: qp (nil), poller 0x7f68d8008900, num_entries 128
0: [2021-10-01 16:58:47.086078] nvme_rdma.c:2525:nvme_rdma_poller_create: *NOTICE*: Created SRQ 0x7f68c8000e58, device mlx5_0
0: [2021-10-01 16:58:47.086097] nvme_rdma.c: 928:nvme_rdma_register_rsps: *NOTICE*: res->poller->pd: 0x7f68c8000e20
0: [2021-10-01 16:58:47.086137] nvme_rdma.c:1020:nvme_rdma_create_resources: *NOTICE*: Created resources: qp (nil), poller 0x7f68c8000b30, num_entries 128
0: [2021-10-01 16:58:47.086305] nvme_rdma.c:2525:nvme_rdma_poller_create: *NOTICE*: Created SRQ 0x7f68dc000e58, device mlx5_0
0: [2021-10-01 16:58:47.086331] nvme_rdma.c: 928:nvme_rdma_register_rsps: *NOTICE*: res->poller->pd: 0x7f68dc000e20
0: [2021-10-01 16:58:47.086338] nvme_rdma.c:2525:nvme_rdma_poller_create: *NOTICE*: Created SRQ 0x7f68e4008bf8, device mlx5_1
0: [2021-10-01 16:58:47.086374] nvme_rdma.c: 928:nvme_rdma_register_rsps: *NOTICE*: res->poller->pd: 0x7f68e4000fc0
0: [2021-10-01 16:58:47.086381] nvme_rdma.c:1020:nvme_rdma_create_resources: *NOTICE*: Created resources: qp (nil), poller 0x7f68dc000b30, num_entries 128
0: [2021-10-01 16:58:47.086422] nvme_rdma.c:1020:nvme_rdma_create_resources: *NOTICE*: Created resources: qp (nil), poller 0x7f68e4008900, num_entries 128
0: [2021-10-01 16:58:47.086574] nvme_rdma.c:2525:nvme_rdma_poller_create: *NOTICE*: Created SRQ 0x7f6934000e58, device mlx5_0
0: [2021-10-01 16:58:47.086595] nvme_rdma.c: 928:nvme_rdma_register_rsps: *NOTICE*: res->poller->pd: 0x7f6934000e20
0: [2021-10-01 16:58:47.086626] nvme_rdma.c:1020:nvme_rdma_create_resources: *NOTICE*: Created resources: qp (nil), poller 0x7f6934000b30, num_entries 128
0: [2021-10-01 16:58:47.086785] nvme_rdma.c:2525:nvme_rdma_poller_create: *NOTICE*: Created SRQ 0x7f68b8008bf8, device mlx5_1
0: [2021-10-01 16:58:47.086799] nvme_rdma.c: 928:nvme_rdma_register_rsps: *NOTICE*: res->poller->pd: 0x7f68b8000fc0
0: [2021-10-01 16:58:47.086835] nvme_rdma.c:1020:nvme_rdma_create_resources: *NOTICE*: Created resources: qp (nil), poller 0x7f68b8008900, num_entries 128
0: [2021-10-01 16:58:47.086965] nvme_rdma.c:2525:nvme_rdma_poller_create: *NOTICE*: Created SRQ 0x7f6924000e58, device mlx5_0
0: [2021-10-01 16:58:47.086986] nvme_rdma.c: 928:nvme_rdma_register_rsps: *NOTICE*: res->poller->pd: 0x7f6924000e20
0: [2021-10-01 16:58:47.087017] nvme_rdma.c:1020:nvme_rdma_create_resources: *NOTICE*: Created resources: qp (nil), poller 0x7f6924000b30, num_entries 128
0: [2021-10-01 16:58:47.087182] nvme_rdma.c:2525:nvme_rdma_poller_create: *NOTICE*: Created SRQ 0x7f68cc000e58, device mlx5_0
0: [2021-10-01 16:58:47.087200] nvme_rdma.c:2525:nvme_rdma_poller_create: *NOTICE*: Created SRQ 0x7f68d0008bf8, device mlx5_1
0: [2021-10-01 16:58:47.087213] nvme_rdma.c: 928:nvme_rdma_register_rsps: *NOTICE*: res->poller->pd: 0x7f68cc000e20
0: [2021-10-01 16:58:47.087225] nvme_rdma.c: 928:nvme_rdma_register_rsps: *NOTICE*: res->poller->pd: 0x7f68d0000fc0
0: [2021-10-01 16:58:47.087260] nvme_rdma.c:1020:nvme_rdma_create_resources: *NOTICE*: Created resources: qp (nil), poller 0x7f68cc000b30, num_entries 128
0: [2021-10-01 16:58:47.087272] nvme_rdma.c:1020:nvme_rdma_create_resources: *NOTICE*: Created resources: qp (nil), poller 0x7f68d0008900, num_entries 128
0: [2021-10-01 16:58:47.087398] nvme_rdma.c:2525:nvme_rdma_poller_create: *NOTICE*: Created SRQ 0x7f68f4000e58, device mlx5_0
0: [2021-10-01 16:58:47.087418] nvme_rdma.c: 928:nvme_rdma_register_rsps: *NOTICE*: res->poller->pd: 0x7f68f4000e20
0: [2021-10-01 16:58:47.087452] nvme_rdma.c:1020:nvme_rdma_create_resources: *NOTICE*: Created resources: qp (nil), poller 0x7f68f4000b30, num_entries 128
0: [2021-10-01 16:58:47.087530] nvme_rdma.c:2525:nvme_rdma_poller_create: *NOTICE*: Created SRQ 0x7f68c8008bf8, device mlx5_1
0: [2021-10-01 16:58:47.087559] nvme_rdma.c: 928:nvme_rdma_register_rsps: *NOTICE*: res->poller->pd: 0x7f68c8000fc0
0: [2021-10-01 16:58:47.087602] nvme_rdma.c:2525:nvme_rdma_poller_create: *NOTICE*: Created SRQ 0x7f68c0000f28, device mlx5_0
0: [2021-10-01 16:58:47.087604] nvme_rdma.c:1020:nvme_rdma_create_resources: *NOTICE*: Created resources: qp (nil), poller 0x7f68c8008900, num_entries 128
0: [2021-10-01 16:58:47.087625] nvme_rdma.c: 928:nvme_rdma_register_rsps: *NOTICE*: res->poller->pd: 0x7f68c0000b00
0: [2021-10-01 16:58:47.087660] nvme_rdma.c:1020:nvme_rdma_create_resources: *NOTICE*: Created resources: qp (nil), poller 0x7f68c0000c30, num_entries 128
0: [2021-10-01 16:58:47.087794] nvme_rdma.c:2525:nvme_rdma_poller_create: *NOTICE*: Created SRQ 0x7f68dc008bf8, device mlx5_1
0: [2021-10-01 16:58:47.087817] nvme_rdma.c: 928:nvme_rdma_register_rsps: *NOTICE*: res->poller->pd: 0x7f68dc000fc0
0: [2021-10-01 16:58:47.087855] nvme_rdma.c:1020:nvme_rdma_create_resources: *NOTICE*: Created resources: qp (nil), poller 0x7f68dc008900, num_entries 128
0: [2021-10-01 16:58:47.088099] nvme_rdma.c:2525:nvme_rdma_poller_create: *NOTICE*: Created SRQ 0x7f6934008bf8, device mlx5_1
0: [2021-10-01 16:58:47.088119] nvme_rdma.c: 928:nvme_rdma_register_rsps: *NOTICE*: res->poller->pd: 0x7f6934000fc0
0: [2021-10-01 16:58:47.088155] nvme_rdma.c:1020:nvme_rdma_create_resources: *NOTICE*: Created resources: qp (nil), poller 0x7f6934008900, num_entries 128
0: mlx5dv_reserved_qpn_alloc 1 1
0: [2021-10-01 16:58:47.088337] nvme_rdma.c:2525:nvme_rdma_poller_create: *NOTICE*: Created SRQ 0x7f6924008bf8, device mlx5_1
0: [2021-10-01 16:58:47.088354] nvme_rdma.c: 928:nvme_rdma_register_rsps: *NOTICE*: res->poller->pd: 0x7f6924000fc0
0: [2021-10-01 16:58:47.088391] nvme_rdma.c:1020:nvme_rdma_create_resources: *NOTICE*: Created resources: qp (nil), poller 0x7f6924008900, num_entries 128
0: [2021-10-01 16:58:47.088580] nvme_rdma.c:2525:nvme_rdma_poller_create: *NOTICE*: Created SRQ 0x7f68cc008bf8, device mlx5_1
0: [2021-10-01 16:58:47.088596] nvme_rdma.c: 928:nvme_rdma_register_rsps: *NOTICE*: res->poller->pd: 0x7f68cc000fc0
0: [2021-10-01 16:58:47.088632] nvme_rdma.c:1020:nvme_rdma_create_resources: *NOTICE*: Created resources: qp (nil), poller 0x7f68cc008900, num_entries 128
0: [2021-10-01 16:58:47.088781] nvme_rdma.c:2525:nvme_rdma_poller_create: *NOTICE*: Created SRQ 0x7f68f4008bf8, device mlx5_1
0: [2021-10-01 16:58:47.088796] nvme_rdma.c: 928:nvme_rdma_register_rsps: *NOTICE*: res->poller->pd: 0x7f68f4000fc0
0: [2021-10-01 16:58:47.088831] nvme_rdma.c:1020:nvme_rdma_create_resources: *NOTICE*: Created resources: qp (nil), poller 0x7f68f4008900, num_entries 128
0: [2021-10-01 16:58:47.088983] nvme_rdma.c:2525:nvme_rdma_poller_create: *NOTICE*: Created SRQ 0x7f68c0001c68, device mlx5_1
0: [2021-10-01 16:58:47.088999] nvme_rdma.c: 928:nvme_rdma_register_rsps: *NOTICE*: res->poller->pd: 0x7f68c0000b30
0: [2021-10-01 16:58:47.089034] nvme_rdma.c:1020:nvme_rdma_create_resources: *NOTICE*: Created resources: qp (nil), poller 0x7f68c0001970, num_entries 128
0: [2021-10-01 16:58:47.092051] rdma.c:2990:nvmf_process_cm_event: *NOTICE*: In RDMA_CM_EVENT_CONNECT_REQUEST
0: mlx5dv_reserved_qpn_alloc 1 1
0: [2021-10-01 16:58:47.092158] nvme_rdma.c:1386:_nvme_rdma_ctrlr_connect_qpair: *NOTICE*: Connect rdma qpair: pg 0x7f696c000a90, srq depth 128
0: mlx5dv_reserved_qpn_alloc 1 1
0: [2021-10-01 16:58:47.102033] rdma.c:2990:nvmf_process_cm_event: *NOTICE*: In RDMA_CM_EVENT_CONNECT_REQUEST
0: mlx5dv_reserved_qpn_alloc 1 1
0: [2021-10-01 16:58:47.106071] nvme_rdma.c:1386:_nvme_rdma_ctrlr_connect_qpair: *NOTICE*: Connect rdma qpair: pg 0x7f6980000a90, srq depth 128
0: mlx5dv_reserved_qpn_alloc 1 1
0: [2021-10-01 16:58:47.112016] rdma.c:2990:nvmf_process_cm_event: *NOTICE*: In RDMA_CM_EVENT_CONNECT_REQUEST
0: mlx5dv_reserved_qpn_alloc 1 1
0: [2021-10-01 16:58:47.114501] nvme_rdma.c:1386:_nvme_rdma_ctrlr_connect_qpair: *NOTICE*: Connect rdma qpair: pg 0x7f6970000a90, srq depth 128
0: mlx5dv_reserved_qpn_alloc 1 1
0: [2021-10-01 16:58:47.122000] rdma.c:2990:nvmf_process_cm_event: *NOTICE*: In RDMA_CM_EVENT_CONNECT_REQUEST
0: mlx5dv_reserved_qpn_alloc 1 1
0: [2021-10-01 16:58:47.124825] nvme_rdma.c:1386:_nvme_rdma_ctrlr_connect_qpair: *NOTICE*: Connect rdma qpair: pg 0x7f6968000a90, srq depth 128
0: mlx5dv_reserved_qpn_alloc 1 1
0: [2021-10-01 16:58:47.131984] rdma.c:2990:nvmf_process_cm_event: *NOTICE*: In RDMA_CM_EVENT_CONNECT_REQUEST
0: mlx5dv_reserved_qpn_alloc 1 1
0: [2021-10-01 16:58:47.134624] nvme_rdma.c:1386:_nvme_rdma_ctrlr_connect_qpair: *NOTICE*: Connect rdma qpair: pg 0x7f6954000a90, srq depth 128
0: mlx5dv_reserved_qpn_alloc 1 1
4: mlx5dv_reserved_qpn_alloc 1 1
0: [2021-10-01 16:58:47.141967] rdma.c:2990:nvmf_process_cm_event: *NOTICE*: In RDMA_CM_EVENT_CONNECT_REQUEST
0: [2021-10-01 16:58:47.141985] rdma.c:2990:nvmf_process_cm_event: *NOTICE*: In RDMA_CM_EVENT_CONNECT_REQUEST
0: mlx5dv_reserved_qpn_alloc 1 1
4: [2021-10-01 16:58:47.142106] nvme_rdma.c:1386:_nvme_rdma_ctrlr_connect_qpair: *NOTICE*: Connect rdma qpair: pg (nil), srq depth 128
4: [2021-10-01 16:58:47.142162] nvme_rdma.c:1020:nvme_rdma_create_resources: *NOTICE*: Created resources: qp 0xb062d0, poller (nil), num_entries 32
0: mlx5dv_reserved_qpn_alloc 1 1
0: [2021-10-01 16:58:47.144677] nvme_rdma.c:1386:_nvme_rdma_ctrlr_connect_qpair: *NOTICE*: Connect rdma qpair: pg 0x7f6958000a90, srq depth 128
0: mlx5dv_reserved_qpn_alloc 1 1
4: mlx5dv_reserved_qpn_alloc 1 1
0: [2021-10-01 16:58:47.151952] rdma.c:2990:nvmf_process_cm_event: *NOTICE*: In RDMA_CM_EVENT_CONNECT_REQUEST
0: [2021-10-01 16:58:47.151973] rdma.c:2990:nvmf_process_cm_event: *NOTICE*: In RDMA_CM_EVENT_CONNECT_REQUEST
0: mlx5dv_reserved_qpn_alloc 1 1
4: [2021-10-01 16:58:47.152084] nvme_rdma.c:1386:_nvme_rdma_ctrlr_connect_qpair: *NOTICE*: Connect rdma qpair: pg (nil), srq depth 128
4: [2021-10-01 16:58:47.152129] nvme_rdma.c:1020:nvme_rdma_create_resources: *NOTICE*: Created resources: qp 0xb10880, poller (nil), num_entries 32
0: mlx5dv_reserved_qpn_alloc 1 1
0: [2021-10-01 16:58:47.154597] nvme_rdma.c:1386:_nvme_rdma_ctrlr_connect_qpair: *NOTICE*: Connect rdma qpair: pg 0x7f6960000a90, srq depth 128
4: [2021-10-01 16:58:47.155431] dc_mlx5_dv.c: 963:spdk_rdma_qp_reset: *NOTICE*: Reset called for qp: 0xb0b320
0: mlx5dv_reserved_qpn_alloc 1 1
0: [2021-10-01 16:58:47.161935] rdma.c:2990:nvmf_process_cm_event: *NOTICE*: In RDMA_CM_EVENT_CONNECT_REQUEST
0: mlx5dv_reserved_qpn_alloc 1 1
0: [2021-10-01 16:58:47.162045] nvme_rdma.c:1386:_nvme_rdma_ctrlr_connect_qpair: *NOTICE*: Connect rdma qpair: pg 0x7f6948000a90, srq depth 128
4: Initializing NVMe Controllers
4: Attached to NVMe over Fabrics controller at 65.65.65.131:4420: nqn.2016-06.io.spdk:cnode1
4: Controller attach time is 19876.688 us (55455960 ticks)
4: Associating RDMA (addr:65.65.65.131 subnqn:nqn.2016-06.io.spdk:cnode1) NSID 1 with lcore 0
4: Associating RDMA (addr:65.65.65.131 subnqn:nqn.2016-06.io.spdk:cnode1) NSID 1 with lcore 1
4: Associating RDMA (addr:65.65.65.131 subnqn:nqn.2016-06.io.spdk:cnode1) NSID 1 with lcore 2
4: Associating RDMA (addr:65.65.65.131 subnqn:nqn.2016-06.io.spdk:cnode1) NSID 1 with lcore 3
4: Associating RDMA (addr:65.65.65.131 subnqn:nqn.2016-06.io.spdk:cnode1) NSID 1 with lcore 4
4: Associating RDMA (addr:65.65.65.131 subnqn:nqn.2016-06.io.spdk:cnode1) NSID 1 with lcore 5
4: Associating RDMA (addr:65.65.65.131 subnqn:nqn.2016-06.io.spdk:cnode1) NSID 1 with lcore 6
4: Associating RDMA (addr:65.65.65.131 subnqn:nqn.2016-06.io.spdk:cnode1) NSID 1 with lcore 7
4: Associating RDMA (addr:65.65.65.131 subnqn:nqn.2016-06.io.spdk:cnode1) NSID 1 with lcore 8
4: Associating RDMA (addr:65.65.65.131 subnqn:nqn.2016-06.io.spdk:cnode1) NSID 1 with lcore 9
4: Associating RDMA (addr:65.65.65.131 subnqn:nqn.2016-06.io.spdk:cnode1) NSID 1 with lcore 10
4: Associating RDMA (addr:65.65.65.131 subnqn:nqn.2016-06.io.spdk:cnode1) NSID 1 with lcore 11
4: Associating RDMA (addr:65.65.65.131 subnqn:nqn.2016-06.io.spdk:cnode1) NSID 1 with lcore 12
4: Associating RDMA (addr:65.65.65.131 subnqn:nqn.2016-06.io.spdk:cnode1) NSID 1 with lcore 13
4: Associating RDMA (addr:65.65.65.131 subnqn:nqn.2016-06.io.spdk:cnode1) NSID 1 with lcore 14
4: Associating RDMA (addr:65.65.65.131 subnqn:nqn.2016-06.io.spdk:cnode1) NSID 1 with lcore 15
4: Associating RDMA (addr:65.65.65.131 subnqn:nqn.2016-06.io.spdk:cnode1) NSID 1 with lcore 16
4: Associating RDMA (addr:65.65.65.131 subnqn:nqn.2016-06.io.spdk:cnode1) NSID 1 with lcore 17
4: Associating RDMA (addr:65.65.65.131 subnqn:nqn.2016-06.io.spdk:cnode1) NSID 1 with lcore 18
4: Associating RDMA (addr:65.65.65.131 subnqn:nqn.2016-06.io.spdk:cnode1) NSID 1 with lcore 19
4: Associating RDMA (addr:65.65.65.131 subnqn:nqn.2016-06.io.spdk:cnode1) NSID 1 with lcore 20
4: Associating RDMA (addr:65.65.65.131 subnqn:nqn.2016-06.io.spdk:cnode1) NSID 1 with lcore 21
4: Associating RDMA (addr:65.65.65.131 subnqn:nqn.2016-06.io.spdk:cnode1) NSID 1 with lcore 22
4: Associating RDMA (addr:65.65.65.131 subnqn:nqn.2016-06.io.spdk:cnode1) NSID 1 with lcore 23
4: Associating RDMA (addr:65.65.65.131 subnqn:nqn.2016-06.io.spdk:cnode1) NSID 1 with lcore 24
4: Associating RDMA (addr:65.65.65.131 subnqn:nqn.2016-06.io.spdk:cnode1) NSID 1 with lcore 25
4: Associating RDMA (addr:65.65.65.131 subnqn:nqn.2016-06.io.spdk:cnode1) NSID 1 with lcore 26
4: Associating RDMA (addr:65.65.65.131 subnqn:nqn.2016-06.io.spdk:cnode1) NSID 1 with lcore 27
4: Associating RDMA (addr:65.65.65.131 subnqn:nqn.2016-06.io.spdk:cnode1) NSID 1 with lcore 28
4: Associating RDMA (addr:65.65.65.131 subnqn:nqn.2016-06.io.spdk:cnode1) NSID 1 with lcore 29
4: Associating RDMA (addr:65.65.65.131 subnqn:nqn.2016-06.io.spdk:cnode1) NSID 1 with lcore 30
4: Associating RDMA (addr:65.65.65.131 subnqn:nqn.2016-06.io.spdk:cnode1) NSID 1 with lcore 31
4: Associating RDMA (addr:65.65.65.131 subnqn:nqn.2016-06.io.spdk:cnode1) NSID 1 with lcore 32
4: Associating RDMA (addr:65.65.65.131 subnqn:nqn.2016-06.io.spdk:cnode1) NSID 1 with lcore 33
4: Associating RDMA (addr:65.65.65.131 subnqn:nqn.2016-06.io.spdk:cnode1) NSID 1 with lcore 34
4: Associating RDMA (addr:65.65.65.131 subnqn:nqn.2016-06.io.spdk:cnode1) NSID 1 with lcore 35
4: Associating RDMA (addr:65.65.65.131 subnqn:nqn.2016-06.io.spdk:cnode1) NSID 1 with lcore 36
4: Associating RDMA (addr:65.65.65.131 subnqn:nqn.2016-06.io.spdk:cnode1) NSID 1 with lcore 37
4: Associating RDMA (addr:65.65.65.131 subnqn:nqn.2016-06.io.spdk:cnode1) NSID 1 with lcore 38
4: Associating RDMA (addr:65.65.65.131 subnqn:nqn.2016-06.io.spdk:cnode1) NSID 1 with lcore 39
4: Associating RDMA (addr:65.65.65.131 subnqn:nqn.2016-06.io.spdk:cnode1) NSID 1 with lcore 40
4: Associating RDMA (addr:65.65.65.131 subnqn:nqn.2016-06.io.spdk:cnode1) NSID 1 with lcore 41
0: mlx5dv_reserved_qpn_alloc 1 1
4: Associating RDMA (addr:65.65.65.131 subnqn:nqn.2016-06.io.spdk:cno[2021-10-01 16:58:47.166812] nvme_rdma.c:2525:nvme_rdma_poller_create: *NOTICE*: Created SRQ 0x7fc340000e58, device mlx5_0
4: [2021-10-01 16:58:47.166854] nvme_rdma.c: 928:nvme_rdma_register_rsps: *NOTICE*: res->poller->pd: 0x7fc340000e20
4: [2021-10-01 16:58:47.166904] nvme_rdma.c:1020:nvme_rdma_create_resources: *NOTICE*: Created resources: qp (nil), poller 0x7fc340000b30, num_entries 128
4: [2021-10-01 16:58:47.167137] nvme_rdma.c:2525:nvme_rdma_poller_create: *NOTICE*: Created SRQ 0x7fc328000e58, device mlx5_0
4: [2021-10-01 16:58:47.167379] nvme_rdma.c: 928:nvme_rdma_register_rsps: *NOTICE*: res->poller->pd: 0x7fc328000e20
4: [2021-10-01 16:58:47.167572] nvme_rdma.c:1020:nvme_rdma_create_resources: *NOTICE*: Created resources: qp (nil), poller 0x7fc328000b30, num_entries 128
4: [2021-10-01 16:58:47.167595] nvme_rdma.c:2525:nvme_rdma_poller_create: *NOTICE*: Created SRQ 0x7fc334000e58, device mlx5_0
4: [2021-10-01 16:58:47.167650] nvme_rdma.c: 928:nvme_rdma_register_rsps: *NOTICE*: res->poller->pd: 0x7fc334000e20
4: [2021-10-01 16:58:47.167715] nvme_rdma.c:1020:nvme_rdma_create_resources: *NOTICE*: Created resources: qp (nil), poller 0x7fc334000b30, num_entries 128
4: [2021-10-01 16:58:47.167894] nvme_rdma.c:2525:nvme_rdma_poller_create: *NOTICE*: Created SRQ 0x7fc33c000e58, device mlx5_0
4: [2021-10-01 16:58:47.167940] nvme_rdma.c: 928:nvme_rdma_register_rsps: *NOTICE*: res->poller->pd: 0x7fc33c000e20
4: [2021-10-01 16:58:47.168017] nvme_rdma.c:1020:nvme_rdma_create_resources: *NOTICE*: Created resources: qp (nil), poller 0x7fc33c000b30, num_entries 128
4: [2021-10-01 16:58:47.168192] nvme_rdma.c:2525:nvme_rdma_poller_create: *NOTICE*: Created SRQ 0x7fc330000e58, device mlx5_0
4: [2021-10-01 16:58:47.168220] nvme_rdma.c: 928:nvme_rdma_register_rsps: *NOTICE*: res->poller->pd: 0x7fc330000e20
4: [2021-10-01 16:58:47.168297] nvme_rdma.c:1020:nvme_rdma_create_resources: *NOTICE*: Created resources: qp (nil), poller 0x7fc330000b30, num_entries 128
2: mlx5dv_reserved_qpn_alloc 1 1
4: [2021-10-01 16:58:47.169030] nvme_rdma.c:2525:nvme_rdma_poller_create: *NOTICE*: Created SRQ 0x7fc340008c68, device mlx5_1
4: [2021-10-01 16:58:47.169078] nvme_rdma.c: 928:nvme_rdma_register_rsps: *NOTICE*: res->poller->pd: 0x7fc340000fc0
4: [2021-10-01 16:58:47.169104] nvme_rdma.c:2525:nvme_rdma_poller_create: *NOTICE*: Created SRQ 0x7fc320000e58, device mlx5_0
4: [2021-10-01 16:58:47.169370] nvme_rdma.c: 928:nvme_rdma_register_rsps: *NOTICE*: res->poller->pd: 0x7fc320000e20
4: [2021-10-01 16:58:47.169408] nvme_rdma.c:1020:nvme_rdma_create_resources: *NOTICE*: Created resources: qp (nil), poller 0x7fc340008900, num_entries 128
4: [2021-10-01 16:58:47.169467] nvme_rdma.c:2525:nvme_rdma_poller_create: *NOTICE*: Created SRQ 0x7fc328008bf8, device mlx5_1
4: [2021-10-01 16:58:47.169485] nvme_rdma.c: 928:nvme_rdma_register_rsps: *NOTICE*: res->poller->pd: 0x7fc328000fc0
4: [2021-10-01 16:58:47.169508] nvme_rdma.c:1020:nvme_rdma_create_resources: *NOTICE*: Created resources: qp (nil), poller 0x7fc320000b30, num_entries 128
4: [2021-10-01 16:58:47.169544] nvme_rdma.c:1020:nvme_rdma_create_resources: *NOTICE*: Created resources: qp (nil), poller 0x7fc328008900, num_entries 128
4: [2021-10-01 16:58:47.169755] nvme_rdma.c:2525:nvme_rdma_poller_create: *NOTICE*: Created SRQ 0x7fc318000e58, device mlx5_0
4: [2021-10-01 16:58:47.169768] nvme_rdma.c:2525:nvme_rdma_poller_create: *NOTICE*: Created SRQ 0x7fc334008bf8, device mlx5_1
4: [2021-10-01 16:58:47.170053] nvme_rdma.c: 928:nvme_rdma_register_rsps: *NOTICE*: res->poller->pd: 0x7fc334000fc0
4: [2021-10-01 16:58:47.170058] nvme_rdma.c: 928:nvme_rdma_register_rsps: *NOTICE*: res->poller->pd: 0x7fc318000e20
4: [2021-10-01 16:58:47.170187] nvme_rdma.c:1020:nvme_rdma_create_resources: *NOTICE*: Created resources: qp (nil), poller 0x7fc318000b30, num_entries 128
4: [2021-10-01 16:58:47.170192] nvme_rdma.c:1020:nvme_rdma_create_resources: *NOTICE*: Created resources: qp (nil), poller 0x7fc334008900, num_entries 128
4: [2021-10-01 16:58:47.170312] nvme_rdma.c:2525:nvme_rdma_poller_create: *NOTICE*: Created SRQ 0x7fc33c008bf8, device mlx5_1
4: [2021-10-01 16:58:47.170444] nvme_rdma.c: 928:nvme_rdma_register_rsps: *NOTICE*: res->poller->pd: 0x7fc33c000fc0
4: [2021-10-01 16:58:47.170470] nvme_rdma.c:2525:nvme_rdma_poller_create: *NOTICE*: Created SRQ 0x7fc2e4000e68, device mlx5_0
4: [2021-10-01 16:58:47.170501] nvme_rdma.c: 928:nvme_rdma_register_rsps: *NOTICE*: res->poller->pd: 0x7fc2e4000e30
4: [2021-10-01 16:58:47.170504] nvme_rdma.c:1020:nvme_rdma_create_resources: *NOTICE*: Created resources: qp (nil), poller 0x7fc33c008900, num_entries 128
4: [2021-10-01 16:58:47.170567] nvme_rdma.c:1020:nvme_rdma_create_resources: *NOTICE*: Created resources: qp (nil), poller 0x7fc2e4000b40, num_entries 128
4: [2021-10-01 16:58:47.170663] nvme_rdma.c:2525:nvme_rdma_poller_create: *NOTICE*: Created SRQ 0x7fc330008bf8, device mlx5_1
4: [2021-10-01 16:58:47.170906] nvme_rdma.c: 928:nvme_rdma_register_rsps: *NOTICE*: res->poller->pd: 0x7fc330000fc0
4: [2021-10-01 16:58:47.171233] nvme_rdma.c:1020:nvme_rdma_create_resources: *NOTICE*: Created resources: qp (nil), poller 0x7fc330008900, num_entries 128
0: [2021-10-01 16:58:47.171914] rdma.c:2990:nvmf_process_cm_event: *NOTICE*: In RDMA_CM_EVENT_CONNECT_REQUEST
0: mlx5dv_reserved_qpn_alloc 1 1
0: [2021-10-01 16:58:47.171931] rdma.c:2990:nvmf_process_cm_event: *NOTICE*: In RDMA_CM_EVENT_CONNECT_REQUEST
0: mlx5dv_reserved_qpn_alloc 1 1
0: [2021-10-01 16:58:47.172011] nvme_rdma.c:1386:_nvme_rdma_ctrlr_connect_qpair: *NOTICE*: Connect rdma qpair: pg 0x7f695c000a90, srq depth 128
2: [2021-10-01 16:58:47.172035] nvme_rdma.c:1386:_nvme_rdma_ctrlr_connect_qpair: *NOTICE*: Connect rdma qpair: pg (nil), srq depth 128
2: [2021-10-01 16:58:47.172086] nvme_rdma.c:1020:nvme_rdma_create_resources: *NOTICE*: Created resources: qp 0x27a22d0, poller (nil), num_entries 32
4: [2021-10-01 16:58:47.172361] nvme_rdma.c:2525:nvme_rdma_poller_create: *NOTICE*: Created SRQ 0x7fc320008bf8, device mlx5_1
4: [2021-10-01 16:58:47.172385] nvme_rdma.c: 928:nvme_rdma_register_rsps: *NOTICE*: res->poller->pd: 0x7fc320000fc0
4: [2021-10-01 16:58:47.172434] nvme_rdma.c:1020:nvme_rdma_create_resources: *NOTICE*: Created resources: qp (nil), poller 0x7fc320008900, num_entries 128
4: [2021-10-01 16:58:47.173233] nvme_rdma.c:2525:nvme_rdma_poller_create: *NOTICE*: Created SRQ 0x7fc31c000e58, device mlx5_0
4: [2021-10-01 16:58:47.173276] nvme_rdma.c: 928:nvme_rdma_register_rsps: *NOTICE*: res->poller->pd: 0x7fc31c000e20
4: [2021-10-01 16:58:47.173335] nvme_rdma.c:1020:nvme_rdma_create_resources: *NOTICE*: Created resources: qp (nil), poller 0x7fc31c000b30, num_entries 128
4: [2021-10-01 16:58:47.173522] nvme_rdma.c:2525:nvme_rdma_poller_create: *NOTICE*: Created SRQ 0x7fc2e4008bf8, device mlx5_1
4: [2021-10-01 16:58:47.173544] nvme_rdma.c: 928:nvme_rdma_register_rsps: *NOTICE*: res->poller->pd: 0x7fc2e4000fd0
4: [2021-10-01 16:58:47.173587] nvme_rdma.c:1020:nvme_rdma_create_resources: *NOTICE*: Created resources: qp (nil), poller 0x7fc2e4008900, num_entries 128
4: [2021-10-01 16:58:47.173636] nvme_rdma.c:2525:nvme_rdma_poller_create: *NOTICE*: Created SRQ 0x7fc314000e68, device mlx5_0
4: [2021-10-01 16:58:47.173665] nvme_rdma.c: 928:nvme_rdma_register_rsps: *NOTICE*: res->poller->pd: 0x7fc314000e30
4: [2021-10-01 16:58:47.173704] nvme_rdma.c:1020:nvme_rdma_create_resources: *NOTICE*: Created resources: qp (nil), poller 0x7fc314000b40, num_entries 128
4: [2021-10-01 16:58:47.173952] nvme_rdma.c:2525:nvme_rdma_poller_create: *NOTICE*: Created SRQ 0x7fc318008bf8, device mlx5_1
4: [2021-10-01 16:58:47.173973] nvme_rdma.c: 928:nvme_rdma_register_rsps: *NOTICE*: res->poller->pd: 0x7fc318000fc0
4: [2021-10-01 16:58:47.174015] nvme_rdma.c:1020:nvme_rdma_create_resources: *NOTICE*: Created resources: qp (nil), poller 0x7fc318008900, num_entries 128
4: [2021-10-01 16:58:47.174079] nvme_rdma.c:2525:nvme_rdma_poller_create: *NOTICE*: Created SRQ 0x7fc32c000ed8, device mlx5_0
4: [2021-10-01 16:58:47.174376] nvme_rdma.c: 928:nvme_rdma_register_rsps: *NOTICE*: res->poller->pd: 0x7fc32c000b00
4: [2021-10-01 16:58:47.174420] nvme_rdma.c:1020:nvme_rdma_create_resources: *NOTICE*: Created resources: qp (nil), poller 0x7fc32c000be0, num_entries 128
4: [2021-10-01 16:58:47.174744] nvme_rdma.c:2525:nvme_rdma_poller_create: *NOTICE*: Created SRQ 0x7fc314008bf8, device mlx5_1
4: [2021-10-01 16:58:47.174760] nvme_rdma.c:2525:nvme_rdma_poller_create: *NOTICE*: Created SRQ 0x7fc30c000e58, device mlx5_0
4: [2021-10-01 16:58:47.174765] nvme_rdma.c: 928:nvme_rdma_register_rsps: *NOTICE*: res->poller->pd: 0x7fc314000fd0
4: [2021-10-01 16:58:47.174804] nvme_rdma.c: 928:nvme_rdma_register_rsps: *NOTICE*: res->poller->pd: 0x7fc30c000e20
4: [2021-10-01 16:58:47.174848] nvme_rdma.c:1020:nvme_rdma_create_resources: *NOTICE*: Created resources: qp (nil), poller 0x7fc30c000b30, num_entries 128
4: [2021-10-01 16:58:47.174948] nvme_rdma.c:1020:nvme_rdma_create_resources: *NOTICE*: Created resources: qp (nil), poller 0x7fc314008900, num_entries 128
0: mlx5dv_reserved_qpn_alloc 1 1
4: [2021-10-01 16:58:47.175164] nvme_rdma.c:2525:nvme_rdma_poller_create: *NOTICE*: Created SRQ 0x7fc300000e58, device mlx5_0
4: [2021-10-01 16:58:47.175187] nvme_rdma.c: 928:nvme_rdma_register_rsps: *NOTICE*: res->poller->pd: 0x7fc300000e20
4: [2021-10-01 16:58:47.175223] nvme_rdma.c:1020:nvme_rdma_create_resources: *NOTICE*: Created resources: qp (nil), poller 0x7fc300000b30, num_entries 128
4: [2021-10-01 16:58:47.175291] nvme_rdma.c:2525:nvme_rdma_poller_create: *NOTICE*: Created SRQ 0x7fc31c008bf8, device mlx5_1
4: [2021-10-01 16:58:47.175321] nvme_rdma.c: 928:nvme_rdma_register_rsps: *NOTICE*: res->poller->pd: 0x7fc31c000fc0
4: [2021-10-01 16:58:47.175391] nvme_rdma.c:1020:nvme_rdma_create_resources: *NOTICE*: Created resources: qp (nil), poller 0x7fc31c008900, num_entries 128
4: [2021-10-01 16:58:47.175554] nvme_rdma.c:2525:nvme_rdma_poller_create: *NOTICE*: Created SRQ 0x7fc2f0000e68, device mlx5_0
4: [2021-10-01 16:58:47.175585] nvme_rdma.c: 928:nvme_rdma_register_rsps: *NOTICE*: res->poller->pd: 0x7fc2f0000e30
4: [2021-10-01 16:58:47.175594] nvme_rdma.c:2525:nvme_rdma_poller_create: *NOTICE*: Created SRQ 0x7fc32c001bf8, device mlx5_1
4: [2021-10-01 16:58:47.175612] nvme_rdma.c: 928:nvme_rdma_register_rsps: *NOTICE*: res->poller->pd: 0x7fc32c000b30
4: [2021-10-01 16:58:47.175619] nvme_rdma.c:1020:nvme_rdma_create_resources: *NOTICE*: Created resources: qp (nil), poller 0x7fc2f0000b40, num_entries 128
4: [2021-10-01 16:58:47.175683] nvme_rdma.c:1020:nvme_rdma_create_resources: *NOTICE*: Created resources: qp (nil), poller 0x7fc32c001900, num_entries 128
4: [2021-10-01 16:58:47.176058] nvme_rdma.c:2525:nvme_rdma_poller_create: *NOTICE*: Created SRQ 0x7fc30c008bf8, device mlx5_1
4: [2021-10-01 16:58:47.176074] nvme_rdma.c: 928:nvme_rdma_register_rsps: *NOTICE*: res->poller->pd: 0x7fc30c000fc0
4: [2021-10-01 16:58:47.176113] nvme_rdma.c:1020:nvme_rdma_create_resources: *NOTICE*: Created resources: qp (nil), poller 0x7fc30c008900, num_entries 128
4: [2021-10-01 16:58:47.176286] nvme_rdma.c:2525:nvme_rdma_poller_create: *NOTICE*: Created SRQ 0x7fc300008bf8, device mlx5_1
4: [2021-10-01 16:58:47.176301] nvme_rdma.c: 928:nvme_rdma_register_rsps: *NOTICE*: res->poller->pd: 0x7fc300000fc0
4: [2021-10-01 16:58:47.176339] nvme_rdma.c:1020:nvme_rdma_create_resources: *NOTICE*: Created resources: qp (nil), poller 0x7fc300008900, num_entries 128
4: [2021-10-01 16:58:47.176345] nvme_rdma.c:2525:nvme_rdma_poller_create: *NOTICE*: Created SRQ 0x7fc324000e68, device mlx5_0
4: [2021-10-01 16:58:47.176363] nvme_rdma.c: 928:nvme_rdma_register_rsps: *NOTICE*: res->poller->pd: 0x7fc324000e30
4: [2021-10-01 16:58:47.176394] nvme_rdma.c:1020:nvme_rdma_create_resources: *NOTICE*: Created resources: qp (nil), poller 0x7fc324000b40, num_entries 128
4: [2021-10-01 16:58:47.176707] nvme_rdma.c:2525:nvme_rdma_poller_create: *NOTICE*: Created SRQ 0x7fc2f0008bf8, device mlx5_1
4: [2021-10-01 16:58:47.176722] nvme_rdma.c: 928:nvme_rdma_register_rsps: *NOTICE*: res->poller->pd: 0x7fc2f0000fd0
4: [2021-10-01 16:58:47.176760] nvme_rdma.c:1020:nvme_rdma_create_resources: *NOTICE*: Created resources: qp (nil), poller 0x7fc2f0008900, num_entries 128
4: [2021-10-01 16:58:47.177027] nvme_rdma.c:2525:nvme_rdma_poller_create: *NOTICE*: Created SRQ 0x7fc304000e58, device mlx5_0
4: [2021-10-01 16:58:47.177054] nvme_rdma.c: 928:nvme_rdma_register_rsps: *NOTICE*: res->poller->pd: 0x7fc304000e20
4: [2021-10-01 16:58:47.177099] nvme_rdma.c:1020:nvme_rdma_create_resources: *NOTICE*: Created resources: qp (nil), poller 0x7fc304000b30, num_entries 128
4: [2021-10-01 16:58:47.177307] nvme_rdma.c:2525:nvme_rdma_poller_create: *NOTICE*: Created SRQ 0x7fc324008bf8, device mlx5_1
4: [2021-10-01 16:58:47.177325] nvme_rdma.c: 928:nvme_rdma_register_rsps: *NOTICE*: res->poller->pd: 0x7fc324000fd0
4: [2021-10-01 16:58:47.177360] nvme_rdma.c:1020:nvme_rdma_create_resources: *NOTICE*: Created resources: qp (nil), poller 0x7fc324008900, num_entries 128
4: [2021-10-01 16:58:47.177924] nvme_rdma.c:2525:nvme_rdma_poller_create: *NOTICE*: Created SRQ 0x7fc2f4000e68, device mlx5_0
4: [2021-10-01 16:58:47.177943] nvme_rdma.c: 928:nvme_rdma_register_rsps: *NOTICE*: res->poller->pd: 0x7fc2f4000e30
4: [2021-10-01 16:58:47.177974] nvme_rdma.c:1020:nvme_rdma_create_resources: *NOTICE*: Created resources: qp (nil), poller 0x7fc2f4000b40, num_entries 128
4: [2021-10-01 16:58:47.178198] nvme_rdma.c:2525:nvme_rdma_poller_create: *NOTICE*: Created SRQ 0x7fc304008bf8, device mlx5_1
4: [2021-10-01 16:58:47.178218] nvme_rdma.c: 928:nvme_rdma_register_rsps: *NOTICE*: res->poller->pd: 0x7fc304000fc0
4: [2021-10-01 16:58:47.178271] nvme_rdma.c:1020:nvme_rdma_create_resources: *NOTICE*: Created resources: qp (nil), poller 0x7fc304008900, num_entries 128
2: mlx5dv_reserved_qpn_alloc 1 1
4: [2021-10-01 16:58:47.178474] nvme_rdma.c:2525:nvme_rdma_poller_create: *NOTICE*: Created SRQ 0x7fc2e8000e68, device mlx5_0
4: [2021-10-01 16:58:47.178494] nvme_rdma.c: 928:nvme_rdma_register_rsps: *NOTICE*: res->poller->pd: 0x7fc2e8000e30
4: [2021-10-01 16:58:47.178524] nvme_rdma.c:1020:nvme_rdma_create_resources: *NOTICE*: Created resources: qp (nil), poller 0x7fc2e8000b40, num_entries 128
4: [2021-10-01 16:58:47.178841] nvme_rdma.c:2525:nvme_rdma_poller_create: *NOTICE*: Created SRQ 0x7fc2f4008bf8, device mlx5_1
4: [2021-10-01 16:58:47.178855] nvme_rdma.c: 928:nvme_rdma_register_rsps: *NOTICE*: res->poller->pd: 0x7fc2f4000fd0
4: [2021-10-01 16:58:47.178888] nvme_rdma.c:1020:nvme_rdma_create_resources: *NOTICE*: Created resources: qp (nil), poller 0x7fc2f4008900, num_entries 128
4: [2021-10-01 16:58:47.179077] nvme_rdma.c:2525:nvme_rdma_poller_create: *NOTICE*: Created SRQ 0x7fc2e0000e68, device mlx5_0
4: [2021-10-01 16:58:47.179100] nvme_rdma.c: 928:nvme_rdma_register_rsps: *NOTICE*: res->poller->pd: 0x7fc2e0000e30
4: [2021-10-01 16:58:47.179148] nvme_rdma.c:1020:nvme_rdma_create_resources: *NOTICE*: Created resources: qp (nil), poller 0x7fc2e0000b40, num_entries 128
4: [2021-10-01 16:58:47.179435] nvme_rdma.c:2525:nvme_rdma_poller_create: *NOTICE*: Created SRQ 0x7fc2e8008bf8, device mlx5_1
4: [2021-10-01 16:58:47.179451] nvme_rdma.c: 928:nvme_rdma_register_rsps: *NOTICE*: res->poller->pd: 0x7fc2e8000fd0
4: [2021-10-01 16:58:47.179483] nvme_rdma.c:1020:nvme_rdma_create_resources: *NOTICE*: Created resources: qp (nil), poller 0x7fc2e8008900, num_entries 128
4: [2021-10-01 16:58:47.179850] nvme_rdma.c:2525:nvme_rdma_poller_create: *NOTICE*: Created SRQ 0x7fc310000e58, device mlx5_0
4: [2021-10-01 16:58:47.179879] nvme_rdma.c: 928:nvme_rdma_register_rsps: *NOTICE*: res->poller->pd: 0x7fc310000e20
4: [2021-10-01 16:58:47.179945] nvme_rdma.c:1020:nvme_rdma_create_resources: *NOTICE*: Created resources: qp (nil), poller 0x7fc310000b30, num_entries 128
4: [2021-10-01 16:58:47.180248] nvme_rdma.c:2525:nvme_rdma_poller_create: *NOTICE*: Created SRQ 0x7fc2e0008bf8, device mlx5_1
4: [2021-10-01 16:58:47.180267] nvme_rdma.c: 928:nvme_rdma_register_rsps: *NOTICE*: res->poller->pd: 0x7fc2e0000fd0
4: [2021-10-01 16:58:47.180300] nvme_rdma.c:1020:nvme_rdma_create_resources: *NOTICE*: Created resources: qp (nil), poller 0x7fc2e0008900, num_entries 128
4: [2021-10-01 16:58:47.180594] nvme_rdma.c:2525:nvme_rdma_poller_create: *NOTICE*: Created SRQ 0x7fc2f8000e58, device mlx5_0
4: [2021-10-01 16:58:47.180619] nvme_rdma.c: 928:nvme_rdma_register_rsps: *NOTICE*: res->poller->pd: 0x7fc2f8000e20
4: [2021-10-01 16:58:47.180656] nvme_rdma.c:1020:nvme_rdma_create_resources: *NOTICE*: Created resources: qp (nil), poller 0x7fc2f8000b30, num_entries 128
4: [2021-10-01 16:58:47.180894] nvme_rdma.c:2525:nvme_rdma_poller_create: *NOTICE*: Created SRQ 0x7fc310008bf8, device mlx5_1
4: [2021-10-01 16:58:47.180910] nvme_rdma.c: 928:nvme_rdma_register_rsps: *NOTICE*: res->poller->pd: 0x7fc310000fc0
4: [2021-10-01 16:58:47.180963] nvme_rdma.c:1020:nvme_rdma_create_resources: *NOTICE*: Created resources: qp (nil), poller 0x7fc310008900, num_entries 128
4: [2021-10-01 16:58:47.181164] nvme_rdma.c:2525:nvme_rdma_poller_create: *NOTICE*: Created SRQ 0x7fc2d0000e68, device mlx5_0
4: [2021-10-01 16:58:47.181186] nvme_rdma.c: 928:nvme_rdma_register_rsps: *NOTICE*: res->poller->pd: 0x7fc2d0000e30
4: [2021-10-01 16:58:47.181217] nvme_rdma.c:1020:nvme_rdma_create_resources: *NOTICE*: Created resources: qp (nil), poller 0x7fc2d0000b40, num_entries 128
4: [2021-10-01 16:58:47.181539] nvme_rdma.c:2525:nvme_rdma_poller_create: *NOTICE*: Created SRQ 0x7fc2f8008bf8, device mlx5_1
4: [2021-10-01 16:58:47.181558] nvme_rdma.c: 928:nvme_rdma_register_rsps: *NOTICE*: res->poller->pd: 0x7fc2f8000fc0
4: [2021-10-01 16:58:47.181594] nvme_rdma.c:1020:nvme_rdma_create_resources: *NOTICE*: Created resources: qp (nil), poller 0x7fc2f8008900, num_entries 128
4: [2021-10-01 16:58:47.181855] nvme_rdma.c:2525:nvme_rdma_poller_create: *NOTICE*: Created SRQ 0x7fc2c8000ed8, device mlx5_0
0: [2021-10-01 16:58:47.181901] rdma.c:2990:nvmf_process_cm_event: *NOTICE*: In RDMA_CM_EVENT_CONNECT_REQUEST
0: mlx5dv_reserved_qpn_alloc 1 1
0: [2021-10-01 16:58:47.181921] rdma.c:2990:nvmf_process_cm_event: *NOTICE*: In RDMA_CM_EVENT_CONNECT_REQUEST
0: mlx5dv_reserved_qpn_alloc 1 1
4: [2021-10-01 16:58:47.181878] nvme_rdma.c: 928:nvme_rdma_register_rsps: *NOTICE*: res->poller->pd: 0x7fc2c8000b00
4: [2021-10-01 16:58:47.181912] nvme_rdma.c:1020:nvme_rdma_create_resources: *NOTICE*: Created resources: qp (nil), poller 0x7fc2c8000be0, num_entries 128
0: [2021-10-01 16:58:47.181993] nvme_rdma.c:1386:_nvme_rdma_ctrlr_connect_qpair: *NOTICE*: Connect rdma qpair: pg 0x7f6950000a90, srq depth 128
2: [2021-10-01 16:58:47.182035] nvme_rdma.c:1386:_nvme_rdma_ctrlr_connect_qpair: *NOTICE*: Connect rdma qpair: pg (nil), srq depth 128
4: [2021-10-01 16:58:47.182131] nvme_rdma.c:2525:nvme_rdma_poller_create: *NOTICE*: Created SRQ 0x7fc2d0008bf8, device mlx5_1
2: [2021-10-01 16:58:47.182077] nvme_rdma.c:1020:nvme_rdma_create_resources: *NOTICE*: Created resources: qp 0x27ac880, poller (nil), num_entries 32
4: [2021-10-01 16:58:47.182179] nvme_rdma.c: 928:nvme_rdma_register_rsps: *NOTICE*: res->poller->pd: 0x7fc2d0000fd0
2: [2021-10-01 16:58:47.182193] dc_mlx5_dv.c: 963:spdk_rdma_qp_reset: *NOTICE*: Reset called for qp: 0x27a7320
4: [2021-10-01 16:58:47.182214] nvme_rdma.c:1020:nvme_rdma_create_resources: *NOTICE*: Created resources: qp (nil), poller 0x7fc2d0008900, num_entries 128
4: [2021-10-01 16:58:47.182376] nvme_rdma.c:2525:nvme_rdma_poller_create: *NOTICE*: Created SRQ 0x7fc2cc000e68, device mlx5_0
4: [2021-10-01 16:58:47.182397] nvme_rdma.c: 928:nvme_rdma_register_rsps: *NOTICE*: res->poller->pd: 0x7fc2cc000e30
4: [2021-10-01 16:58:47.182452] nvme_rdma.c:1020:nvme_rdma_create_resources: *NOTICE*: Created resources: qp (nil), poller 0x7fc2cc000b40, num_entries 128
4: [2021-10-01 16:58:47.182773] nvme_rdma.c:2525:nvme_rdma_poller_create: *NOTICE*: Created SRQ 0x7fc2c8001bf8, device mlx5_1
4: [2021-10-01 16:58:47.182787] nvme_rdma.c: 928:nvme_rdma_register_rsps: *NOTICE*: res->poller->pd: 0x7fc2c8000b30
4: [2021-10-01 16:58:47.182822] nvme_rdma.c:1020:nvme_rdma_create_resources: *NOTICE*: Created resources: qp (nil), poller 0x7fc2c8001900, num_entries 128
4: [2021-10-01 16:58:47.183144] nvme_rdma.c:2525:nvme_rdma_poller_create: *NOTICE*: Created SRQ 0x7fc308000e58, device mlx5_0
4: [2021-10-01 16:58:47.183167] nvme_rdma.c: 928:nvme_rdma_register_rsps: *NOTICE*: res->poller->pd: 0x7fc308000e20
4: [2021-10-01 16:58:47.183200] nvme_rdma.c:1020:nvme_rdma_create_resources: *NOTICE*: Created resources: qp (nil), poller 0x7fc308000b30, num_entries 128
4: [2021-10-01 16:58:47.183374] nvme_rdma.c:2525:nvme_rdma_poller_create: *NOTICE*: Created SRQ 0x7fc2cc008bf8, device mlx5_1
4: [2021-10-01 16:58:47.183409] nvme_rdma.c: 928:nvme_rdma_register_rsps: *NOTICE*: res->poller->pd: 0x7fc2cc000fd0
4: [2021-10-01 16:58:47.183446] nvme_rdma.c:1020:nvme_rdma_create_resources: *NOTICE*: Created resources: qp (nil), poller 0x7fc2cc008900, num_entries 128
4: [2021-10-01 16:58:47.183856] nvme_rdma.c:2525:nvme_rdma_poller_create: *NOTICE*: Created SRQ 0x7fc2c0000e68, device mlx5_0
4: [2021-10-01 16:58:47.183883] nvme_rdma.c: 928:nvme_rdma_register_rsps: *NOTICE*: res->poller->pd: 0x7fc2c0000e30
4: [2021-10-01 16:58:47.183925] nvme_rdma.c:1020:nvme_rdma_create_resources: *NOTICE*: Created resources: qp (nil), poller 0x7fc2c0000b40, num_entries 128
4: [2021-10-01 16:58:47.184257] nvme_rdma.c:2525:nvme_rdma_poller_create: *NOTICE*: Created SRQ 0x7fc308008bf8, device mlx5_1
4: [2021-10-01 16:58:47.184279] nvme_rdma.c: 928:nvme_rdma_register_rsps: *NOTICE*: res->poller->pd: 0x7fc308000fc0
4: [2021-10-01 16:58:47.184315] nvme_rdma.c:1020:nvme_rdma_create_resources: *NOTICE*: Created resources: qp (nil), poller 0x7fc308008900, num_entries 128
4: [2021-10-01 16:58:47.184381] nvme_rdma.c:2525:nvme_rdma_poller_create: *NOTICE*: Created SRQ 0x7fc2c4000e68, device mlx5_0
4: [2021-10-01 16:58:47.184402] nvme_rdma.c: 928:nvme_rdma_register_rsps: *NOTICE*: res->poller->pd: 0x7fc2c4000e30
4: [2021-10-01 16:58:47.184439] nvme_rdma.c:1020:nvme_rdma_create_resources: *NOTICE*: Created resources: qp (nil), poller 0x7fc2c4000b40, num_entries 128
4: [2021-10-01 16:58:47.185002] nvme_rdma.c:2525:nvme_rdma_poller_create: *NOTICE*: Created SRQ 0x7fc2c0008bf8, device mlx5_1
4: [2021-10-01 16:58:47.185016] nvme_rdma.c: 928:nvme_rdma_register_rsps: *NOTICE*: res->poller->pd: 0x7fc2c0000fd0
4: [2021-10-01 16:58:47.185053] nvme_rdma.c:1020:nvme_rdma_create_resources: *NOTICE*: Created resources: qp (nil), poller 0x7fc2c0008900, num_entries 128
4: [2021-10-01 16:58:47.185092] nvme_rdma.c:2525:nvme_rdma_poller_create: *NOTICE*: Created SRQ 0x7fc2b8000e68, device mlx5_0
0: mlx5dv_reserved_qpn_alloc 1 1
4: [2021-10-01 16:58:47.185113] nvme_rdma.c: 928:nvme_rdma_register_rsps: *NOTICE*: res->poller->pd: 0x7fc2b8000e30
4: [2021-10-01 16:58:47.185147] nvme_rdma.c:1020:nvme_rdma_create_resources: *NOTICE*: Created resources: qp (nil), poller 0x7fc2b8000b40, num_entries 128
4: [2021-10-01 16:58:47.185395] nvme_rdma.c:2525:nvme_rdma_poller_create: *NOTICE*: Created SRQ 0x7fc2c4008bf8, device mlx5_1
4: [2021-10-01 16:58:47.185412] nvme_rdma.c: 928:nvme_rdma_register_rsps: *NOTICE*: res->poller->pd: 0x7fc2c4000fd0
4: [2021-10-01 16:58:47.185448] nvme_rdma.c:1020:nvme_rdma_create_resources: *NOTICE*: Created resources: qp (nil), poller 0x7fc2c4008900, num_entries 128
4: [2021-10-01 16:58:47.185581] nvme_rdma.c:2525:nvme_rdma_poller_create: *NOTICE*: Created SRQ 0x7fc2bc000e68, device mlx5_0
4: [2021-10-01 16:58:47.185601] nvme_rdma.c: 928:nvme_rdma_register_rsps: *NOTICE*: res->poller->pd: 0x7fc2bc000e30
4: [2021-10-01 16:58:47.185636] nvme_rdma.c:1020:nvme_rdma_create_resources: *NOTICE*: Created resources: qp (nil), poller 0x7fc2bc000b40, num_entries 128
4: [2021-10-01 16:58:47.186255] nvme_rdma.c:2525:nvme_rdma_poller_create: *NOTICE*: Created SRQ 0x7fc2b8008bf8, device mlx5_1
4: [2021-10-01 16:58:47.186259] nvme_rdma.c:2525:nvme_rdma_poller_create: *NOTICE*: Created SRQ 0x7fc2d8002018, device mlx5_0
4: [2021-10-01 16:58:47.186271] nvme_rdma.c: 928:nvme_rdma_register_rsps: *NOTICE*: res->poller->pd: 0x7fc2b8000fd0
4: [2021-10-01 16:58:47.186278] nvme_rdma.c: 928:nvme_rdma_register_rsps: *NOTICE*: res->poller->pd: 0x7fc2d8000ea0
4: [2021-10-01 16:58:47.186310] nvme_rdma.c:1020:nvme_rdma_create_resources: *NOTICE*: Created resources: qp (nil), poller 0x7fc2b8008900, num_entries 128
4: [2021-10-01 16:58:47.186316] nvme_rdma.c:1020:nvme_rdma_create_resources: *NOTICE*: Created resources: qp (nil), poller 0x7fc2d8000b40, num_entries 128
4: [2021-10-01 16:58:47.186741] nvme_rdma.c:2525:nvme_rdma_poller_create: *NOTICE*: Created SRQ 0x7fc2bc008bf8, device mlx5_1
4: [2021-10-01 16:58:47.186759] nvme_rdma.c: 928:nvme_rdma_register_rsps: *NOTICE*: res->poller->pd: 0x7fc2bc000fd0
4: [2021-10-01 16:58:47.186797] nvme_rdma.c:1020:nvme_rdma_create_resources: *NOTICE*: Created resources: qp (nil), poller 0x7fc2bc008900, num_entries 128
4: [2021-10-01 16:58:47.186857] nvme_rdma.c:2525:nvme_rdma_poller_create: *NOTICE*: Created SRQ 0x7fc2b4000e58, device mlx5_0
4: [2021-10-01 16:58:47.186878] nvme_rdma.c: 928:nvme_rdma_register_rsps: *NOTICE*: res->poller->pd: 0x7fc2b4000e20
4: [2021-10-01 16:58:47.186910] nvme_rdma.c:1020:nvme_rdma_create_resources: *NOTICE*: Created resources: qp (nil), poller 0x7fc2b4000b30, num_entries 128
4: [2021-10-01 16:58:47.187263] nvme_rdma.c:2525:nvme_rdma_poller_create: *NOTICE*: Created SRQ 0x7fc2d8002c88, device mlx5_1
4: [2021-10-01 16:58:47.187284] nvme_rdma.c: 928:nvme_rdma_register_rsps: *NOTICE*: res->poller->pd: 0x7fc2d8000f80
4: [2021-10-01 16:58:47.187328] nvme_rdma.c:1020:nvme_rdma_create_resources: *NOTICE*: Created resources: qp (nil), poller 0x7fc2d8002990, num_entries 128
4: [2021-10-01 16:58:47.187598] nvme_rdma.c:2525:nvme_rdma_poller_create: *NOTICE*: Created SRQ 0x7fc2b0000e58, device mlx5_0
4: [2021-10-01 16:58:47.187619] nvme_rdma.c: 928:nvme_rdma_register_rsps: *NOTICE*: res->poller->pd: 0x7fc2b0000e20
4: [2021-10-01 16:58:47.187655] nvme_rdma.c:1020:nvme_rdma_create_resources: *NOTICE*: Created resources: qp (nil), poller 0x7fc2b0000b30, num_entries 128
4: [2021-10-01 16:58:47.187865] nvme_rdma.c:2525:nvme_rdma_poller_create: *NOTICE*: Created SRQ 0x7fc2b4008bf8, device mlx5_1
4: [2021-10-01 16:58:47.187879] nvme_rdma.c: 928:nvme_rdma_register_rsps: *NOTICE*: res->poller->pd: 0x7fc2b4000fc0
4: [2021-10-01 16:58:47.188103] nvme_rdma.c:1020:nvme_rdma_create_resources: *NOTICE*: Created resources: qp (nil), poller 0x7fc2b4008900, num_entries 128
4: [2021-10-01 16:58:47.188501] nvme_rdma.c:2525:nvme_rdma_poller_create: *NOTICE*: Created SRQ 0x7fc298000e58, device mlx5_0
4: [2021-10-01 16:58:47.188520] nvme_rdma.c: 928:nvme_rdma_register_rsps: *NOTICE*: res->poller->pd: 0x7fc298000e20
4: [2021-10-01 16:58:47.188560] nvme_rdma.c:1020:nvme_rdma_create_resources: *NOTICE*: Created resources: qp (nil), poller 0x7fc298000b30, num_entries 128
4: [2021-10-01 16:58:47.189178] nvme_rdma.c:2525:nvme_rdma_poller_create: *NOTICE*: Created SRQ 0x7fc2b0008bf8, device mlx5_1
4: [2021-10-01 16:58:47.189194] nvme_rdma.c: 928:nvme_rdma_register_rsps: *NOTICE*: res->poller->pd: 0x7fc2b0000fc0
4: [2021-10-01 16:58:47.189234] nvme_rdma.c:1020:nvme_rdma_create_resources: *NOTICE*: Created resources: qp (nil), poller 0x7fc2b0008900, num_entries 128
4: [2021-10-01 16:58:47.189241] nvme_rdma.c:2525:nvme_rdma_poller_create: *NOTICE*: Created SRQ 0x7fc29c000e58, device mlx5_0
4: [2021-10-01 16:58:47.189263] nvme_rdma.c: 928:nvme_rdma_register_rsps: *NOTICE*: res->poller->pd: 0x7fc29c000e20
4: [2021-10-01 16:58:47.189297] nvme_rdma.c:1020:nvme_rdma_create_resources: *NOTICE*: Created resources: qp (nil), poller 0x7fc29c000b30, num_entries 128
4: [2021-10-01 16:58:47.189523] nvme_rdma.c:2525:nvme_rdma_poller_create: *NOTICE*: Created SRQ 0x7fc298008bf8, device mlx5_1
4: [2021-10-01 16:58:47.189539] nvme_rdma.c: 928:nvme_rdma_register_rsps: *NOTICE*: res->poller->pd: 0x7fc298000fc0
4: [2021-10-01 16:58:47.189572] nvme_rdma.c:2525:nvme_rdma_poller_create: *NOTICE*: Created SRQ 0xb01be8, device mlx5_0
4: [2021-10-01 16:58:47.189577] nvme_rdma.c:1020:nvme_rdma_create_resources: *NOTICE*: Created resources: qp (nil), poller 0x7fc298008900, num_entries 128
4: [2021-10-01 16:58:47.189584] nvme_rdma.c: 928:nvme_rdma_register_rsps: *NOTICE*: res->poller->pd: 0xb10ea0
4: [2021-10-01 16:58:47.189621] nvme_rdma.c:1020:nvme_rdma_create_resources: *NOTICE*: Created resources: qp (nil), poller 0xb018f0, num_entries 128
4: [2021-10-01 16:58:47.189938] nvme_rdma.c:2525:nvme_rdma_poller_create: *NOTICE*: Created SRQ 0x7fc2a8000e68, device mlx5_0
4: [2021-10-01 16:58:47.189960] nvme_rdma.c: 928:nvme_rdma_register_rsps: *NOTICE*: res->poller->pd: 0x7fc2a8000e30
4: [2021-10-01 16:58:47.189999] nvme_rdma.c:1020:nvme_rdma_create_resources: *NOTICE*: Created resources: qp (nil), poller 0x7fc2a8000b40, num_entries 128
4: [2021-10-01 16:58:47.190316] nvme_rdma.c:2525:nvme_rdma_poller_create: *NOTICE*: Created SRQ 0x7fc29c008bf8, device mlx5_1
4: [2021-10-01 16:58:47.190333] nvme_rdma.c: 928:nvme_rdma_register_rsps: *NOTICE*: res->poller->pd: 0x7fc29c000fc0
4: [2021-10-01 16:58:47.190384] nvme_rdma.c:1020:nvme_rdma_create_resources: *NOTICE*: Created resources: qp (nil), poller 0x7fc29c008900, num_entries 128
4: [2021-10-01 16:58:47.190787] nvme_rdma.c:2525:nvme_rdma_poller_create: *NOTICE*: Created SRQ 0xe2edb8, device mlx5_1
4: [2021-10-01 16:58:47.190803] nvme_rdma.c: 928:nvme_rdma_register_rsps: *NOTICE*: res->poller->pd: 0xb0b380
4: [2021-10-01 16:58:47.190840] nvme_rdma.c:1020:nvme_rdma_create_resources: *NOTICE*: Created resources: qp (nil), poller 0xb061a0, num_entries 128
4: [2021-10-01 16:58:47.190884] nvme_rdma.c:2525:nvme_rdma_poller_create: *NOTICE*: Created SRQ 0x7fc294000e58, device mlx5_0
4: [2021-10-01 16:58:47.190903] nvme_rdma.c: 928:nvme_rdma_register_rsps: *NOTICE*: res->poller->pd: 0x7fc294000e20
4: [2021-10-01 16:58:47.190937] nvme_rdma.c:1020:nvme_rdma_create_resources: *NOTICE*: Created resources: qp (nil), poller 0x7fc294000b30, num_entries 128
4: [2021-10-01 16:58:47.191173] nvme_rdma.c:2525:nvme_rdma_poller_create: *NOTICE*: Created SRQ 0x7fc2a8008bf8, device mlx5_1
4: [2021-10-01 16:58:47.191191] nvme_rdma.c: 928:nvme_rdma_register_rsps: *NOTICE*: res->poller->pd: 0x7fc2a8000fd0
4: [2021-10-01 16:58:47.191243] nvme_rdma.c:1020:nvme_rdma_create_resources: *NOTICE*: Created resources: qp (nil), poller 0x7fc2a8008900, num_entries 128
4: [2021-10-01 16:58:47.191314] nvme_rdma.c:2525:nvme_rdma_poller_create: *NOTICE*: Created SRQ 0x7fc290000e58, device mlx5_0
4: [2021-10-01 16:58:47.191335] nvme_rdma.c: 928:nvme_rdma_register_rsps: *NOTICE*: res->poller->pd: 0x7fc290000e20
4: [2021-10-01 16:58:47.191380] nvme_rdma.c:1020:nvme_rdma_create_resources: *NOTICE*: Created resources: qp (nil), poller 0x7fc290000b30, num_entries 128
0: [2021-10-01 16:58:47.191887] rdma.c:2990:nvmf_process_cm_event: *NOTICE*: In RDMA_CM_EVENT_CONNECT_REQUEST
0: mlx5dv_reserved_qpn_alloc 1 1
4: [2021-10-01 16:58:47.191913] nvme_rdma.c:2525:nvme_rdma_poller_create: *NOTICE*: Created SRQ 0x7fc294008bf8, device mlx5_1
0: [2021-10-01 16:58:47.191980] nvme_rdma.c:1386:_nvme_rdma_ctrlr_connect_qpair: *NOTICE*: Connect rdma qpair: pg 0x7f6974000ab0, srq depth 128
4: [2021-10-01 16:58:47.191928] nvme_rdma.c: 928:nvme_rdma_register_rsps: *NOTICE*: res->poller->pd: 0x7fc294000fc0
4: [2021-10-01 16:58:47.191963] nvme_rdma.c:1020:nvme_rdma_create_resources: *NOTICE*: Created resources: qp (nil), poller 0x7fc294008900, num_entries 128
4: [2021-10-01 16:58:47.192155] nvme_rdma.c:2525:nvme_rdma_poller_create: *NOTICE*: Created SRQ 0x7fc288000e58, device mlx5_0
4: [2021-10-01 16:58:47.192172] nvme_rdma.c: 928:nvme_rdma_register_rsps: *NOTICE*: res->poller->pd: 0x7fc288000e20
4: [2021-10-01 16:58:47.192203] nvme_rdma.c:1020:nvme_rdma_create_resources: *NOTICE*: Created resources: qp (nil), poller 0x7fc288000b30, num_entries 128
4: [2021-10-01 16:58:47.192279] nvme_rdma.c:2525:nvme_rdma_poller_create: *NOTICE*: Created SRQ 0x7fc290008bf8, device mlx5_1
4: [2021-10-01 16:58:47.192292] nvme_rdma.c: 928:nvme_rdma_register_rsps: *NOTICE*: res->poller->pd: 0x7fc290000fc0
4: [2021-10-01 16:58:47.192328] nvme_rdma.c:1020:nvme_rdma_create_resources: *NOTICE*: Created resources: qp (nil), poller 0x7fc290008900, num_entries 128
4: [2021-10-01 16:58:47.193118] nvme_rdma.c:2525:nvme_rdma_poller_create: *NOTICE*: Created SRQ 0x7fc288008c28, device mlx5_1
2: Initializing NVMe Controllers
2: Attached to NVMe over Fabrics controller at 65.65.65.131:4420: nqn.2016-06.io.spdk:cnode1
2: Controller attach time is 19772.968 us (55166580 ticks)
2: Associating RDMA (addr:65.65.65.131 subnqn:nqn.2016-06.io.spdk:cnode1) NSID 1 with lcore 0
2: Associating RDMA (addr:65.65.65.131 subnqn:nqn.2016-06.io.spdk:cnode1) NSID 1 with lcore 1
2: Associating RDMA (addr:65.65.65.131 subnqn:nqn.2016-06.io.spdk:cnode1) NSID 1 with lcore 2
2: Associating RDMA (addr:65.65.65.131 subnqn:nqn.2016-06.io.spdk:cnode1) NSID 1 with lcore 3
2: Associating RDMA (addr:65.65.65.131 subnqn:nqn.2016-06.io.spdk:cnode1) NSID 1 with lcore 4
2: Associating RDMA (addr:65.65.65.131 subnqn:nqn.2016-06.io.spdk:cnode1) NSID 1 with lcore 5
2: Associating RDMA (addr:65.65.65.131 subnqn:nqn.2016-06.io.spdk:cnode1) NSID 1 with lcore 6
2: Associating RDMA (addr:65.65.65.131 subnqn:nqn.2016-06.io.spdk:cnode1) NSID 1 with lcore 7
2: Associating RDMA (addr:65.65.65.131 subnqn:nqn.2016-06.io.spdk:cnode1) NSID 1 with lcore 8
2: Associating RDMA (addr:65.65.65.131 subnqn:nqn.2016-06.io.spdk:cnode1) NSID 1 with lcore 9
2: Associating RDMA (addr:65.65.65.131 subnqn:nqn.2016-06.io.spdk:cnode1) NSID 1 with lcore 10
2: Associating RDMA (addr:65.65.65.131 subnqn:nqn.2016-06.io.spdk:cnode1) NSID 1 with lcore 11
2: Associating RDMA (addr:65.65.65.131 subnqn:nqn.2016-06.io.spdk:cnode1) NSID 1 with lcore 12
2: Associating RDMA (addr:65.65.65.131 subnqn:nqn.2016-06.io.spdk:cnode1) NSID 1 with lcore 13
2: Associating RDMA (addr:65.65.65.131 subnqn:nqn.2016-06.io.spdk:cnode1) NSID 1 with lcore 14
2: Associating RDMA (addr:65.65.65.131 subnqn:nqn.2016-06.io.spdk:cnode1) NSID 1 with lcore 15
2: Associating RDMA (addr:65.65.65.131 subnqn:nqn.2016-06.io.spdk:cnode1) NSID 1 with lcore 16
2: Associating RDMA (addr:65.65.65.131 subnqn:nqn.2016-06.io.spdk:cnode1) NSID 1 with lcore 17
2: Associating RDMA (addr:65.65.65.131 subnqn:nqn.2016-06.io.spdk:cnode1) NSID 1 with lcore 18
2: Associating RDMA (addr:65.65.65.131 subnqn:nqn.2016-06.io.spdk:cnode1) NSID 1 with lcore 19
4: [2021-10-01 16:58:47.193136] nvme_rdma.c: 928:nvme_rdma_register_rsps: *NOTICE*: res->poller->pd: 0x7fc288008bf0
2: Associating RDMA (addr:65.65.65.131 subnqn:nqn.2016-06.io.spdk:cnode1) NSID 1 with lcore 20
2: Associating RDMA (addr:65.65.65.131 subnqn:nqn.2016-06.io.spdk:cnode1) NSID 1 with lcore 21
2: Associating RDMA (addr:65.65.65.131 subnqn:nqn.2016-06.io.spdk:cnode1) NSID 1 with lcore 22
2: Associating RDMA (addr:65.65.65.131 subnqn:nqn.2016-06.io.spdk:cnode1) NSID 1 with lcore 23
2: Associating RDMA (addr:65.65.65.131 subnqn:nqn.2016-06.io.spdk:cnode1) NSID 1 with lcore 24
2: Associating RDMA (addr:65.65.65.131 subnqn:nqn.2016-06.io.spdk:cnode1) NSID 1 with lcore 25
2: Associating RDMA (addr:65.65.65.131 subnqn:nqn.2016-06.io.spdk:cnode1) NSID 1 with lcore 26
2: Associating RDMA (addr:65.65.65.131 subnqn:nqn.2016-06.io.spdk:cnode1) NSID 1 with lcore 27
2: Associating RDMA (addr:65.65.65.131 subnqn:nqn.2016-06.io.spdk:cnode1) NSID 1 with lcore 28
2: Associating RDMA (addr:65.65.65.131 subnqn:nqn.2016-06.io.spdk:cnode1) NSID 1 with lcore 29
2: Associating RDMA (addr:65.65.65.131 subnqn:nqn.2016-06.io.spdk:cnode1) NSID 1 with lcore 30
4: [2021-10-01 16:58:47.193169] nvme_rdma.c:1020:nvme_rdma_create_resources: *NOTICE*: Created resources: qp (nil), poller 0x7fc288008900, num_entries 128
2: Associating RDMA (addr:65.65.65.131 subnqn:nqn.2016-06.io.spdk:cnode1) NSID 1 with lcore 31
2: Associating RDMA (addr:65.65.65.131 subnqn:nqn.2016-06.io.spdk:cnode1) NSID 1 with lcore 32
2: Associating RDMA (addr:65.65.65.131 subnqn:nqn.2016-06.io.spdk:cnode1) NSID 1 with lcore 33
2: Associating RDMA (addr:65.65.65.131 subnqn:nqn.2016-06.io.spdk:cnode1) NSID 1 with lcore 34
2: Associating RDMA (addr:65.65.65.131 subnqn:nqn.2016-06.io.spdk:cnode1) NSID 1 with lcore 35
2: Associating RDMA (addr:65.65.65.131 subnqn:nqn.2016-06.io.spdk:cnode1) NSID 1 with lcore 36
2: Associating RDMA (addr:65.65.65.131 subnqn:nqn.2016-06.io.spdk:cnode1) NSID 1 with lcore 37
2: Associating RDMA (addr:65.65.65.131 subnqn:nqn.2016-06.io.spdk:cnode1) NSID 1 with lcore 38
2: Associating RDMA (addr:65.65.65.131 subnqn:nqn.2016-06.io.spdk:cnode1) NSID 1 with lcore 39
2: Associating RDMA (addr:65.65.65.131 subnqn:nqn.2016-06.io.spdk:cnode1) NSID 1 with lcore 40
2: Associating RDMA (addr:65.65.65.131 subnqn:nqn.2016-06.io.spdk:cnode1) NSID 1 with lcore 41
4: [2021-10-01 16:58:47.194296] nvme_rdma.c:2525:nvme_rdma_poller_create: *NOTICE*: Created SRQ 0x7fc2a0000e58, device mlx5_0
4: [2021-10-01 16:58:47.194320] nvme_rdma.c: 928:nvme_rdma_register_rsps: *NOTICE*: res->poller->pd: 0x7fc2a0000e20
4: [2021-10-01 16:58:47.194367] nvme_rdma.c:1020:nvme_rdma_create_resources: *NOTICE*: Created resources: qp (nil), poller 0x7fc2a0000b30, num_entries 128
0: [2021-10-01 16:58:47.194498] nvme_rdma.c:2525:nvme_rdma_poller_create: *NOTICE*: Created SRQ 0x11afb58, device mlx5_0
0: [2021-10-01 16:58:47.194520] nvme_rdma.c: 928:nvme_rdma_register_rsps: *NOTICE*: res->poller->pd: 0x11beea0
0: [2021-10-01 16:58:47.194557] nvme_rdma.c:1020:nvme_rdma_create_resources: *NOTICE*: Created resources: qp (nil), poller 0x11b41a0, num_entries 128
4: [2021-10-01 16:58:47.194772] nvme_rdma.c:2525:nvme_rdma_poller_create: *NOTICE*: Created SRQ 0x7fc284000e58, device mlx5_0
4: [2021-10-01 16:58:47.194795] nvme_rdma.c: 928:nvme_rdma_register_rsps: *NOTICE*: res->poller->pd: 0x7fc284000e20
4: [2021-10-01 16:58:47.194827] nvme_rdma.c:1020:nvme_rdma_create_resources: *NOTICE*: Created resources: qp (nil), poller 0x7fc284000b30, num_entries 128
0: [2021-10-01 16:58:47.195300] nvme_rdma.c:2525:nvme_rdma_poller_create: *NOTICE*: Created SRQ 0x14dc638, device mlx5_1
4: [2021-10-01 16:58:47.195315] nvme_rdma.c:2525:nvme_rdma_poller_create: *NOTICE*: Created SRQ 0x7fc280000e58, device mlx5_0
0: [2021-10-01 16:58:47.195316] nvme_rdma.c: 928:nvme_rdma_register_rsps: *NOTICE*: res->poller->pd: 0x11b9d00
4: [2021-10-01 16:58:47.195338] nvme_rdma.c: 928:nvme_rdma_register_rsps: *NOTICE*: res->poller->pd: 0x7fc280000e20
0: [2021-10-01 16:58:47.195355] nvme_rdma.c:1020:nvme_rdma_create_resources: *NOTICE*: Created resources: qp (nil), poller 0x14dc340, num_entries 128
4: [2021-10-01 16:58:47.195370] nvme_rdma.c:1020:nvme_rdma_create_resources: *NOTICE*: Created resources: qp (nil), poller 0x7fc280000b30, num_entries 128
4: [2021-10-01 16:58:47.195527] nvme_rdma.c:2525:nvme_rdma_poller_create: *NOTICE*: Created SRQ 0x7fc2a0008bf8, device mlx5_1
4: [2021-10-01 16:58:47.195545] nvme_rdma.c: 928:nvme_rdma_register_rsps: *NOTICE*: res->poller->pd: 0x7fc2a0000fc0
4: [2021-10-01 16:58:47.195587] nvme_rdma.c:1020:nvme_rdma_create_resources: *NOTICE*: Created resources: qp (nil), poller 0x7fc2a0008900, num_entries 128
0: mlx5dv_reserved_qpn_alloc 1 1
4: [2021-10-01 16:58:47.195989] nvme_rdma.c:2525:nvme_rdma_poller_create: *NOTICE*: Created SRQ 0x7fc284008bf8, device mlx5_1
4: [2021-10-01 16:58:47.196009] nvme_rdma.c: 928:nvme_rdma_register_rsps: *NOTICE*: res->poller->pd: 0x7fc284000fc0
2: Associating RDMA (addr:65.65.65.131 subnqn:nqn.2016-06.io.spdk:cno[2021-10-01 16:58:47.196069] nvme_rdma.c:2525:nvme_rdma_poller_create: *NOTICE*: Created SRQ 0x7f2d38000e58, device mlx5_0
4: [2021-10-01 16:58:47.196054] nvme_rdma.c:1020:nvme_rdma_create_resources: *NOTICE*: Created resources: qp (nil), poller 0x7fc284008900, num_entries 128
2: [2021-10-01 16:58:47.196156] nvme_rdma.c: 928:nvme_rdma_register_rsps: *NOTICE*: res->poller->pd: 0x7f2d38000e20
4: [2021-10-01 16:58:47.196095] nvme_rdma.c:2525:nvme_rdma_poller_create: *NOTICE*: Created SRQ 0x7fc2ec000e58, device mlx5_0
4: [2021-10-01 16:58:47.196116] nvme_rdma.c: 928:nvme_rdma_register_rsps: *NOTICE*: res->poller->pd: 0x7fc2ec000e20
4: [2021-10-01 16:58:47.196154] nvme_rdma.c:1020:nvme_rdma_create_resources: *NOTICE*: Created resources: qp (nil), poller 0x7fc2ec000b30, num_entries 128
2: [2021-10-01 16:58:47.196243] nvme_rdma.c:1020:nvme_rdma_create_resources: *NOTICE*: Created resources: qp (nil), poller 0x7f2d38000b30, num_entries 128
2: [2021-10-01 16:58:47.196343] nvme_rdma.c:2525:nvme_rdma_poller_create: *NOTICE*: Created SRQ 0x7f2d34000e58, device mlx5_0
2: [2021-10-01 16:58:47.196369] nvme_rdma.c: 928:nvme_rdma_register_rsps: *NOTICE*: res->poller->pd: 0x7f2d34000e20
4: [2021-10-01 16:58:47.196479] nvme_rdma.c:2525:nvme_rdma_poller_create: *NOTICE*: Created SRQ 0x7fc280008bf8, device mlx5_1
2: [2021-10-01 16:58:47.196538] nvme_rdma.c:1020:nvme_rdma_create_resources: *NOTICE*: Created resources: qp (nil), poller 0x7f2d34000b30, num_entries 128
4: [2021-10-01 16:58:47.196495] nvme_rdma.c: 928:nvme_rdma_register_rsps: *NOTICE*: res->poller->pd: 0x7fc280000fc0
4: [2021-10-01 16:58:47.196530] nvme_rdma.c:1020:nvme_rdma_create_resources: *NOTICE*: Created resources: qp (nil), poller 0x7fc280008900, num_entries 128
4: [2021-10-01 16:58:47.196542] nvme_rdma.c:2525:nvme_rdma_poller_create: *NOTICE*: Created SRQ 0x7fc2fc000e58, device mlx5_0
4: [2021-10-01 16:58:47.196563] nvme_rdma.c: 928:nvme_rdma_register_rsps: *NOTICE*: res->poller->pd: 0x7fc2fc000e20
4: [2021-10-01 16:58:47.196593] nvme_rdma.c:1020:nvme_rdma_create_resources: *NOTICE*: Created resources: qp (nil), poller 0x7fc2fc000b30, num_entries 128
2: [2021-10-01 16:58:47.196675] nvme_rdma.c:2525:nvme_rdma_poller_create: *NOTICE*: Created SRQ 0x7f2d30000e58, device mlx5_0
2: [2021-10-01 16:58:47.196815] nvme_rdma.c: 928:nvme_rdma_register_rsps: *NOTICE*: res->poller->pd: 0x7f2d30000e20
2: [2021-10-01 16:58:47.197114] nvme_rdma.c:2525:nvme_rdma_poller_create: *NOTICE*: Created SRQ 0x7f2d3c000e58, device mlx5_0
4: [2021-10-01 16:58:47.197234] nvme_rdma.c:2525:nvme_rdma_poller_create: *NOTICE*: Created SRQ 0x7fc28c000e58, device mlx5_0
2: [2021-10-01 16:58:47.197217] nvme_rdma.c:1020:nvme_rdma_create_resources: *NOTICE*: Created resources: qp (nil), poller 0x7f2d30000b30, num_entries 128
2: [2021-10-01 16:58:47.197218] nvme_rdma.c: 928:nvme_rdma_register_rsps: *NOTICE*: res->poller->pd: 0x7f2d3c000e20
4: [2021-10-01 16:58:47.197256] nvme_rdma.c: 928:nvme_rdma_register_rsps: *NOTICE*: res->poller->pd: 0x7fc28c000e20
4: [2021-10-01 16:58:47.197287] nvme_rdma.c:1020:nvme_rdma_create_resources: *NOTICE*: Created resources: qp (nil), poller 0x7fc28c000b30, num_entries 128
2: [2021-10-01 16:58:47.197367] nvme_rdma.c:2525:nvme_rdma_poller_create: *NOTICE*: Created SRQ 0x7f2d20000e58, device mlx5_0
4: [2021-10-01 16:58:47.197376] nvme_rdma.c:2525:nvme_rdma_poller_create: *NOTICE*: Created SRQ 0x7fc2ec008bf8, device mlx5_1
4: [2021-10-01 16:58:47.197399] nvme_rdma.c: 928:nvme_rdma_register_rsps: *NOTICE*: res->poller->pd: 0x7fc2ec000fc0
2: [2021-10-01 16:58:47.197419] nvme_rdma.c: 928:nvme_rdma_register_rsps: *NOTICE*: res->poller->pd: 0x7f2d20000e20
2: [2021-10-01 16:58:47.197437] nvme_rdma.c:1020:nvme_rdma_create_resources: *NOTICE*: Created resources: qp (nil), poller 0x7f2d3c000b30, num_entries 128
4: [2021-10-01 16:58:47.197477] nvme_rdma.c:1020:nvme_rdma_create_resources: *NOTICE*: Created resources: qp (nil), poller 0x7fc2ec008900, num_entries 128
2: [2021-10-01 16:58:47.197528] nvme_rdma.c:1020:nvme_rdma_create_resources: *NOTICE*: Created resources: qp (nil), poller 0x7f2d20000b30, num_entries 128
2: [2021-10-01 16:58:47.197582] nvme_rdma.c:2525:nvme_rdma_poller_create: *NOTICE*: Created SRQ 0x7f2d18000e58, device mlx5_0
4: [2021-10-01 16:58:47.197673] nvme_rdma.c:2525:nvme_rdma_poller_create: *NOTICE*: Created SRQ 0x7fc2fc008bf8, device mlx5_1
2: [2021-10-01 16:58:47.197674] nvme_rdma.c: 928:nvme_rdma_register_rsps: *NOTICE*: res->poller->pd: 0x7f2d18000e20
4: [2021-10-01 16:58:47.197687] nvme_rdma.c: 928:nvme_rdma_register_rsps: *NOTICE*: res->poller->pd: 0x7fc2fc000fc0
4: [2021-10-01 16:58:47.197721] nvme_rdma.c:1020:nvme_rdma_create_resources: *NOTICE*: Created resources: qp (nil), poller 0x7fc2fc008900, num_entries 128
2: [2021-10-01 16:58:47.197821] nvme_rdma.c:2525:nvme_rdma_poller_create: *NOTICE*: Created SRQ 0x7f2d28000e58, device mlx5_0
4: [2021-10-01 16:58:47.197940] nvme_rdma.c:2525:nvme_rdma_poller_create: *NOTICE*: Created SRQ 0x7fc270000e58, device mlx5_0
2: [2021-10-01 16:58:47.197942] nvme_rdma.c: 928:nvme_rdma_register_rsps: *NOTICE*: res->poller->pd: 0x7f2d28000e20
4: [2021-10-01 16:58:47.197959] nvme_rdma.c: 928:nvme_rdma_register_rsps: *NOTICE*: res->poller->pd: 0x7fc270000e20
2: [2021-10-01 16:58:47.198037] nvme_rdma.c:1020:nvme_rdma_create_resources: *NOTICE*: Created resources: qp (nil), poller 0x7f2d18000b30, num_entries 128
4: [2021-10-01 16:58:47.197993] nvme_rdma.c:1020:nvme_rdma_create_resources: *NOTICE*: Created resources: qp (nil), poller 0x7fc270000b30, num_entries 128
2: [2021-10-01 16:58:47.198111] nvme_rdma.c:2525:nvme_rdma_poller_create: *NOTICE*: Created SRQ 0x7f2d2c000e58, device mlx5_0
4: [2021-10-01 16:58:47.198282] nvme_rdma.c:2525:nvme_rdma_poller_create: *NOTICE*: Created SRQ 0x7fc28c008bf8, device mlx5_1
2: [2021-10-01 16:58:47.198230] nvme_rdma.c:1020:nvme_rdma_create_resources: *NOTICE*: Created resources: qp (nil), poller 0x7f2d28000b30, num_entries 128
2: [2021-10-01 16:58:47.198230] nvme_rdma.c: 928:nvme_rdma_register_rsps: *NOTICE*: res->poller->pd: 0x7f2d2c000e20
4: [2021-10-01 16:58:47.198298] nvme_rdma.c: 928:nvme_rdma_register_rsps: *NOTICE*: res->poller->pd: 0x7fc28c000fc0
4: [2021-10-01 16:58:47.198361] nvme_rdma.c:1020:nvme_rdma_create_resources: *NOTICE*: Created resources: qp (nil), poller 0x7fc28c008900, num_entries 128
4: [2021-10-01 16:58:47.198380] nvme_rdma.c:2525:nvme_rdma_poller_create: *NOTICE*: Created SRQ 0x7fc278000ed8, device mlx5_0
2: [2021-10-01 16:58:47.198381] nvme_rdma.c:2525:nvme_rdma_poller_create: *NOTICE*: Created SRQ 0x7f2d1c000e58, device mlx5_0
4: [2021-10-01 16:58:47.198400] nvme_rdma.c: 928:nvme_rdma_register_rsps: *NOTICE*: res->poller->pd: 0x7fc278000b00
4: [2021-10-01 16:58:47.198444] nvme_rdma.c:1020:nvme_rdma_create_resources: *NOTICE*: Created resources: qp (nil), poller 0x7fc278000be0, num_entries 128
2: [2021-10-01 16:58:47.198494] nvme_rdma.c: 928:nvme_rdma_register_rsps: *NOTICE*: res->poller->pd: 0x7f2d1c000e20
2: [2021-10-01 16:58:47.198497] nvme_rdma.c:1020:nvme_rdma_create_resources: *NOTICE*: Created resources: qp (nil), poller 0x7f2d2c000b30, num_entries 128
2: [2021-10-01 16:58:47.198724] nvme_rdma.c:1020:nvme_rdma_create_resources: *NOTICE*: Created resources: qp (nil), poller 0x7f2d1c000b30, num_entries 128
2: [2021-10-01 16:58:47.198825] nvme_rdma.c:2525:nvme_rdma_poller_create: *NOTICE*: Created SRQ 0x7f2d10000e58, device mlx5_0
4: [2021-10-01 16:58:47.198952] nvme_rdma.c:2525:nvme_rdma_poller_create: *NOTICE*: Created SRQ 0x7fc270008bf8, device mlx5_1
2: [2021-10-01 16:58:47.198932] nvme_rdma.c: 928:nvme_rdma_register_rsps: *NOTICE*: res->poller->pd: 0x7f2d10000e20
4: [2021-10-01 16:58:47.198973] nvme_rdma.c: 928:nvme_rdma_register_rsps: *NOTICE*: res->poller->pd: 0x7fc270000fc0
4: [2021-10-01 16:58:47.199019] nvme_rdma.c:1020:nvme_rdma_create_resources: *NOTICE*: Created resources: qp (nil), poller 0x7fc270008900, num_entries 128
4: [2021-10-01 16:58:47.199080] nvme_rdma.c:2525:nvme_rdma_poller_create: *NOTICE*: Created SRQ 0x7fc268000e58, device mlx5_0
2: [2021-10-01 16:58:47.199157] nvme_rdma.c:2525:nvme_rdma_poller_create: *NOTICE*: Created SRQ 0x7f2d24000ed8, device mlx5_0
4: [2021-10-01 16:58:47.199097] nvme_rdma.c: 928:nvme_rdma_register_rsps: *NOTICE*: res->poller->pd: 0x7fc268000e20
4: [2021-10-01 16:58:47.199131] nvme_rdma.c:1020:nvme_rdma_create_resources: *NOTICE*: Created resources: qp (nil), poller 0x7fc268000b30, num_entries 128
2: [2021-10-01 16:58:47.199345] nvme_rdma.c: 928:nvme_rdma_register_rsps: *NOTICE*: res->poller->pd: 0x7f2d24000b00
2: [2021-10-01 16:58:47.199360] nvme_rdma.c:1020:nvme_rdma_create_resources: *NOTICE*: Created resources: qp (nil), poller 0x7f2d10000b30, num_entries 128
4: [2021-10-01 16:58:47.199515] nvme_rdma.c:2525:nvme_rdma_poller_create: *NOTICE*: Created SRQ 0x7fc278001bf8, device mlx5_1
2: [2021-10-01 16:58:47.199549] nvme_rdma.c:1020:nvme_rdma_create_resources: *NOTICE*: Created resources: qp (nil), poller 0x7f2d24000be0, num_entries 128
4: [2021-10-01 16:58:47.199532] nvme_rdma.c: 928:nvme_rdma_register_rsps: *NOTICE*: res->poller->pd: 0x7fc278000b30
4: [2021-10-01 16:58:47.199617] nvme_rdma.c:1020:nvme_rdma_create_resources: *NOTICE*: Created resources: qp (nil), poller 0x7fc278001900, num_entries 128
2: [2021-10-01 16:58:47.199626] nvme_rdma.c:2525:nvme_rdma_poller_create: *NOTICE*: Created SRQ 0x7f2d08000e58, device mlx5_0
2: [2021-10-01 16:58:47.199811] nvme_rdma.c: 928:nvme_rdma_register_rsps: *NOTICE*: res->poller->pd: 0x7f2d08000e20
4: [2021-10-01 16:58:47.200180] nvme_rdma.c:2525:nvme_rdma_poller_create: *NOTICE*: Created SRQ 0x7fc268008c28, device mlx5_1
2: [2021-10-01 16:58:47.200014] nvme_rdma.c:2525:nvme_rdma_poller_create: *NOTICE*: Created SRQ 0x7f2d00000e58, device mlx5_0
4: [2021-10-01 16:58:47.200194] nvme_rdma.c: 928:nvme_rdma_register_rsps: *NOTICE*: res->poller->pd: 0x7fc268008bf0
2: [2021-10-01 16:58:47.200212] nvme_rdma.c: 928:nvme_rdma_register_rsps: *NOTICE*: res->poller->pd: 0x7f2d00000e20
4: [2021-10-01 16:58:47.200231] nvme_rdma.c:1020:nvme_rdma_create_resources: *NOTICE*: Created resources: qp (nil), poller 0x7fc268008900, num_entries 128
2: [2021-10-01 16:58:47.200251] nvme_rdma.c:1020:nvme_rdma_create_resources: *NOTICE*: Created resources: qp (nil), poller 0x7f2d08000b30, num_entries 128
2: [2021-10-01 16:58:47.200429] nvme_rdma.c:1020:nvme_rdma_create_resources: *NOTICE*: Created resources: qp (nil), poller 0x7f2d00000b30, num_entries 128
2: [2021-10-01 16:58:47.200481] nvme_rdma.c:2525:nvme_rdma_poller_create: *NOTICE*: Created SRQ 0x7f2d0c000e58, device mlx5_0
2: [2021-10-01 16:58:47.200573] nvme_rdma.c: 928:nvme_rdma_register_rsps: *NOTICE*: res->poller->pd: 0x7f2d0c000e20
2: [2021-10-01 16:58:47.200694] nvme_rdma.c:1020:nvme_rdma_create_resources: *NOTICE*: Created resources: qp (nil), poller 0x7f2d0c000b30, num_entries 128
2: [2021-10-01 16:58:47.200764] nvme_rdma.c:2525:nvme_rdma_poller_create: *NOTICE*: Created SRQ 0x7f2cf8000e68, device mlx5_0
2: [2021-10-01 16:58:47.200803] nvme_rdma.c: 928:nvme_rdma_register_rsps: *NOTICE*: res->poller->pd: 0x7f2cf8000e30
2: [2021-10-01 16:58:47.200880] nvme_rdma.c:2525:nvme_rdma_poller_create: *NOTICE*: Created SRQ 0x7f2d34008bf8, device mlx5_1
2: [2021-10-01 16:58:47.200948] nvme_rdma.c: 928:nvme_rdma_register_rsps: *NOTICE*: res->poller->pd: 0x7f2d34000fc0
2: [2021-10-01 16:58:47.201055] nvme_rdma.c:1020:nvme_rdma_create_resources: *NOTICE*: Created resources: qp (nil), poller 0x7f2cf8000b40, num_entries 128
2: [2021-10-01 16:58:47.201190] nvme_rdma.c:2525:nvme_rdma_poller_create: *NOTICE*: Created SRQ 0x7f2d38008c68, device mlx5_1
2: [2021-10-01 16:58:47.201215] nvme_rdma.c:1020:nvme_rdma_create_resources: *NOTICE*: Created resources: qp (nil), poller 0x7f2d34008900, num_entries 128
2: [2021-10-01 16:58:47.201263] nvme_rdma.c: 928:nvme_rdma_register_rsps: *NOTICE*: res->poller->pd: 0x7f2d38000fc0
2: [2021-10-01 16:58:47.201525] nvme_rdma.c:2525:nvme_rdma_poller_create: *NOTICE*: Created SRQ 0x7f2d04000e58, device mlx5_0
2: [2021-10-01 16:58:47.201742] nvme_rdma.c: 928:nvme_rdma_register_rsps: *NOTICE*: res->poller->pd: 0x7f2d04000e20
0: [2021-10-01 16:58:47.201866] rdma.c:2990:nvmf_process_cm_event: *NOTICE*: In RDMA_CM_EVENT_CONNECT_REQUEST
0: mlx5dv_reserved_qpn_alloc 1 1
2: [2021-10-01 16:58:47.201824] nvme_rdma.c:2525:nvme_rdma_poller_create: *NOTICE*: Created SRQ 0x7f2d30008bf8, device mlx5_1
2: [2021-10-01 16:58:47.201835] nvme_rdma.c:1020:nvme_rdma_create_resources: *NOTICE*: Created resources: qp (nil), poller 0x7f2d38008900, num_entries 128
0: [2021-10-01 16:58:47.201969] nvme_rdma.c:1386:_nvme_rdma_ctrlr_connect_qpair: *NOTICE*: Connect rdma qpair: pg 0x7f694c000a90, srq depth 128
2: [2021-10-01 16:58:47.202011] nvme_rdma.c: 928:nvme_rdma_register_rsps: *NOTICE*: res->poller->pd: 0x7f2d30000fc0
2: [2021-10-01 16:58:47.202031] nvme_rdma.c:2525:nvme_rdma_poller_create: *NOTICE*: Created SRQ 0x7f2cec000e68, device mlx5_0
2: [2021-10-01 16:58:47.202034] nvme_rdma.c:1020:nvme_rdma_create_resources: *NOTICE*: Created resources: qp (nil), poller 0x7f2d04000b30, num_entries 128
2: [2021-10-01 16:58:47.202179] nvme_rdma.c:1020:nvme_rdma_create_resources: *NOTICE*: Created resources: qp (nil), poller 0x7f2d30008900, num_entries 128
2: [2021-10-01 16:58:47.202214] nvme_rdma.c: 928:nvme_rdma_register_rsps: *NOTICE*: res->poller->pd: 0x7f2cec000e30
2: [2021-10-01 16:58:47.202319] nvme_rdma.c:2525:nvme_rdma_poller_create: *NOTICE*: Created SRQ 0x7f2cfc000e68, device mlx5_0
2: [2021-10-01 16:58:47.202828] nvme_rdma.c: 928:nvme_rdma_register_rsps: *NOTICE*: res->poller->pd: 0x7f2cfc000e30
2: [2021-10-01 16:58:47.203019] nvme_rdma.c:1020:nvme_rdma_create_resources: *NOTICE*: Created resources: qp (nil), poller 0x7f2cec000b40, num_entries 128
2: [2021-10-01 16:58:47.203025] nvme_rdma.c:1020:nvme_rdma_create_resources: *NOTICE*: Created resources: qp (nil), poller 0x7f2cfc000b40, num_entries 128
2: [2021-10-01 16:58:47.203090] nvme_rdma.c:2525:nvme_rdma_poller_create: *NOTICE*: Created SRQ 0x7f2d3c008bf8, device mlx5_1
2: [2021-10-01 16:58:47.203121] nvme_rdma.c:2525:nvme_rdma_poller_create: *NOTICE*: Created SRQ 0x7f2ce8000e68, device mlx5_0
2: [2021-10-01 16:58:47.203242] nvme_rdma.c: 928:nvme_rdma_register_rsps: *NOTICE*: res->poller->pd: 0x7f2d3c000fc0
2: [2021-10-01 16:58:47.203255] nvme_rdma.c: 928:nvme_rdma_register_rsps: *NOTICE*: res->poller->pd: 0x7f2ce8000e30
4: mlx5dv_reserved_qpn_alloc 1 1
2: [2021-10-01 16:58:47.203730] nvme_rdma.c:1020:nvme_rdma_create_resources: *NOTICE*: Created resources: qp (nil), poller 0x7f2ce8000b40, num_entries 128
2: [2021-10-01 16:58:47.203751] nvme_rdma.c:1020:nvme_rdma_create_resources: *NOTICE*: Created resources: qp (nil), poller 0x7f2d3c008900, num_entries 128
2: [2021-10-01 16:58:47.204324] nvme_rdma.c:2525:nvme_rdma_poller_create: *NOTICE*: Created SRQ 0x7f2d20008bf8, device mlx5_1
2: [2021-10-01 16:58:47.204482] nvme_rdma.c: 928:nvme_rdma_register_rsps: *NOTICE*: res->poller->pd: 0x7f2d20000fc0
2: [2021-10-01 16:58:47.204659] nvme_rdma.c:1020:nvme_rdma_create_resources: *NOTICE*: Created resources: qp (nil), poller 0x7f2d20008900, num_entries 128
0: mlx5dv_reserved_qpn_alloc 1 1
2: [2021-10-01 16:58:47.204845] nvme_rdma.c:2525:nvme_rdma_poller_create: *NOTICE*: Created SRQ 0x7f2cf0000e68, device mlx5_0
2: [2021-10-01 16:58:47.204915] nvme_rdma.c: 928:nvme_rdma_register_rsps: *NOTICE*: res->poller->pd: 0x7f2cf0000e30
2: [2021-10-01 16:58:47.205019] nvme_rdma.c:1020:nvme_rdma_create_resources: *NOTICE*: Created resources: qp (nil), poller 0x7f2cf0000b40, num_entries 128
2: [2021-10-01 16:58:47.205171] nvme_rdma.c:2525:nvme_rdma_poller_create: *NOTICE*: Created SRQ 0x7f2ce0000e68, device mlx5_0
2: [2021-10-01 16:58:47.205353] nvme_rdma.c: 928:nvme_rdma_register_rsps: *NOTICE*: res->poller->pd: 0x7f2ce0000e30
2: [2021-10-01 16:58:47.205551] nvme_rdma.c:1020:nvme_rdma_create_resources: *NOTICE*: Created resources: qp (nil), poller 0x7f2ce0000b40, num_entries 128
2: [2021-10-01 16:58:47.205735] nvme_rdma.c:2525:nvme_rdma_poller_create: *NOTICE*: Created SRQ 0x7f2ce4000e68, device mlx5_0
2: [2021-10-01 16:58:47.205989] nvme_rdma.c: 928:nvme_rdma_register_rsps: *NOTICE*: res->poller->pd: 0x7f2ce4000e30
2: [2021-10-01 16:58:47.206214] nvme_rdma.c:2525:nvme_rdma_poller_create: *NOTICE*: Created SRQ 0x7f2d14000ed8, device mlx5_0
2: [2021-10-01 16:58:47.206222] nvme_rdma.c:1020:nvme_rdma_create_resources: *NOTICE*: Created resources: qp (nil), poller 0x7f2ce4000b40, num_entries 128
2: [2021-10-01 16:58:47.206280] nvme_rdma.c: 928:nvme_rdma_register_rsps: *NOTICE*: res->poller->pd: 0x7f2d14000b00
2: [2021-10-01 16:58:47.206374] nvme_rdma.c:1020:nvme_rdma_create_resources: *NOTICE*: Created resources: qp (nil), poller 0x7f2d14000be0, num_entries 128
3: mlx5dv_reserved_qpn_alloc 1 1
2: [2021-10-01 16:58:47.206619] nvme_rdma.c:2525:nvme_rdma_poller_create: *NOTICE*: Created SRQ 0x7f2cc4000e58, device mlx5_0
2: [2021-10-01 16:58:47.206872] nvme_rdma.c: 928:nvme_rdma_register_rsps: *NOTICE*: res->poller->pd: 0x7f2cc4000e20
2: [2021-10-01 16:58:47.207040] nvme_rdma.c:1020:nvme_rdma_create_resources: *NOTICE*: Created resources: qp (nil), poller 0x7f2cc4000b30, num_entries 128
2: [2021-10-01 16:58:47.207115] nvme_rdma.c:2525:nvme_rdma_poller_create: *NOTICE*: Created SRQ 0x7f2cd0000e58, device mlx5_0
2: [2021-10-01 16:58:47.207259] nvme_rdma.c: 928:nvme_rdma_register_rsps: *NOTICE*: res->poller->pd: 0x7f2cd0000e20
2: [2021-10-01 16:58:47.207376] nvme_rdma.c:1020:nvme_rdma_create_resources: *NOTICE*: Created resources: qp (nil), poller 0x7f2cd0000b30, num_entries 128
2: [2021-10-01 16:58:47.207656] nvme_rdma.c:2525:nvme_rdma_poller_create: *NOTICE*: Created SRQ 0x7f2d18008bf8, device mlx5_1
2: [2021-10-01 16:58:47.207745] nvme_rdma.c: 928:nvme_rdma_register_rsps: *NOTICE*: res->poller->pd: 0x7f2d18000fc0
2: [2021-10-01 16:58:47.207830] nvme_rdma.c:2525:nvme_rdma_poller_create: *NOTICE*: Created SRQ 0x279db58, device mlx5_0
2: [2021-10-01 16:58:47.207848] nvme_rdma.c: 928:nvme_rdma_register_rsps: *NOTICE*: res->poller->pd: 0x27acea0
2: [2021-10-01 16:58:47.207855] nvme_rdma.c:1020:nvme_rdma_create_resources: *NOTICE*: Created resources: qp (nil), poller 0x7f2d18008900, num_entries 128
2: [2021-10-01 16:58:47.208269] nvme_rdma.c:1020:nvme_rdma_create_resources: *NOTICE*: Created resources: qp (nil), poller 0x27a21a0, num_entries 128
2: [2021-10-01 16:58:47.208483] nvme_rdma.c:2525:nvme_rdma_poller_create: *NOTICE*: Created SRQ 0x7f2ccc000e68, device mlx5_0
2: [2021-10-01 16:58:47.208827] nvme_rdma.c: 928:nvme_rdma_register_rsps: *NOTICE*: res->poller->pd: 0x7f2ccc000e30
2: [2021-10-01 16:58:47.208866] nvme_rdma.c:2525:nvme_rdma_poller_create: *NOTICE*: Created SRQ 0x7f2d2c008bf8, device mlx5_1
2: [2021-10-01 16:58:47.209008] nvme_rdma.c: 928:nvme_rdma_register_rsps: *NOTICE*: res->poller->pd: 0x7f2d2c000fc0
2: [2021-10-01 16:58:47.209045] nvme_rdma.c:1020:nvme_rdma_create_resources: *NOTICE*: Created resources: qp (nil), poller 0x7f2ccc000b40, num_entries 128
2: [2021-10-01 16:58:47.209092] nvme_rdma.c:1020:nvme_rdma_create_resources: *NOTICE*: Created resources: qp (nil), poller 0x7f2d2c008900, num_entries 128
2: [2021-10-01 16:58:47.209149] nvme_rdma.c:2525:nvme_rdma_poller_create: *NOTICE*: Created SRQ 0x7f2cf4000e68, device mlx5_0
2: [2021-10-01 16:58:47.209225] nvme_rdma.c: 928:nvme_rdma_register_rsps: *NOTICE*: res->poller->pd: 0x7f2cf4000e30
2: [2021-10-01 16:58:47.209341] nvme_rdma.c:2525:nvme_rdma_poller_create: *NOTICE*: Created SRQ 0x7f2d1c008bf8, device mlx5_1
2: [2021-10-01 16:58:47.209430] nvme_rdma.c: 928:nvme_rdma_register_rsps: *NOTICE*: res->poller->pd: 0x7f2d1c000fc0
2: [2021-10-01 16:58:47.209432] nvme_rdma.c:2525:nvme_rdma_poller_create: *NOTICE*: Created SRQ 0x7f2ca4000e58, device mlx5_0
2: [2021-10-01 16:58:47.209439] nvme_rdma.c:1020:nvme_rdma_create_resources: *NOTICE*: Created resources: qp (nil), poller 0x7f2cf4000b40, num_entries 128
2: [2021-10-01 16:58:47.209511] nvme_rdma.c: 928:nvme_rdma_register_rsps: *NOTICE*: res->poller->pd: 0x7f2ca4000e20
2: [2021-10-01 16:58:47.209537] nvme_rdma.c:1020:nvme_rdma_create_resources: *NOTICE*: Created resources: qp (nil), poller 0x7f2d1c008900, num_entries 128
2: [2021-10-01 16:58:47.209600] nvme_rdma.c:1020:nvme_rdma_create_resources: *NOTICE*: Created resources: qp (nil), poller 0x7f2ca4000b30, num_entries 128
2: [2021-10-01 16:58:47.209684] nvme_rdma.c:2525:nvme_rdma_poller_create: *NOTICE*: Created SRQ 0x7f2d28008bf8, device mlx5_1
2: [2021-10-01 16:58:47.209740] nvme_rdma.c: 928:nvme_rdma_register_rsps: *NOTICE*: res->poller->pd: 0x7f2d28000fc0
2: [2021-10-01 16:58:47.209851] nvme_rdma.c:1020:nvme_rdma_create_resources: *NOTICE*: Created resources: qp (nil), poller 0x7f2d28008900, num_entries 128
2: [2021-10-01 16:58:47.210504] nvme_rdma.c:2525:nvme_rdma_poller_create: *NOTICE*: Created SRQ 0x7f2cc4008bf8, device mlx5_1
2: [2021-10-01 16:58:47.210507] nvme_rdma.c:2525:nvme_rdma_poller_create: *NOTICE*: Created SRQ 0x7f2cac000e68, device mlx5_0
2: [2021-10-01 16:58:47.210569] nvme_rdma.c: 928:nvme_rdma_register_rsps: *NOTICE*: res->poller->pd: 0x7f2cc4000fc0
2: [2021-10-01 16:58:47.210574] nvme_rdma.c: 928:nvme_rdma_register_rsps: *NOTICE*: res->poller->pd: 0x7f2cac000e30
2: [2021-10-01 16:58:47.210638] nvme_rdma.c:1020:nvme_rdma_create_resources: *NOTICE*: Created resources: qp (nil), poller 0x7f2cc4008900, num_entries 128
2: [2021-10-01 16:58:47.210641] nvme_rdma.c:1020:nvme_rdma_create_resources: *NOTICE*: Created resources: qp (nil), poller 0x7f2cac000b40, num_entries 128
2: [2021-10-01 16:58:47.211170] nvme_rdma.c:2525:nvme_rdma_poller_create: *NOTICE*: Created SRQ 0x7f2d08008bf8, device mlx5_1
2: [2021-10-01 16:58:47.211191] nvme_rdma.c: 928:nvme_rdma_register_rsps: *NOTICE*: res->poller->pd: 0x7f2d08000fc0
2: [2021-10-01 16:58:47.211275] nvme_rdma.c:1020:nvme_rdma_create_resources: *NOTICE*: Created resources: qp (nil), poller 0x7f2d08008900, num_entries 128
2: [2021-10-01 16:58:47.211589] nvme_rdma.c:2525:nvme_rdma_poller_create: *NOTICE*: Created SRQ 0x7f2cd4002018, device mlx5_0
2: [2021-10-01 16:58:47.211614] nvme_rdma.c: 928:nvme_rdma_register_rsps: *NOTICE*: res->poller->pd: 0x7f2cd4000ea0
2: [2021-10-01 16:58:47.211653] nvme_rdma.c:1020:nvme_rdma_create_resources: *NOTICE*: Created resources: qp (nil), poller 0x7f2cd4000b40, num_entries 128
0: [2021-10-01 16:58:47.211848] rdma.c:2990:nvmf_process_cm_event: *NOTICE*: In RDMA_CM_EVENT_CONNECT_REQUEST
2: [2021-10-01 16:58:47.211814] nvme_rdma.c:2525:nvme_rdma_poller_create: *NOTICE*: Created SRQ 0x7f2ca8000e58, device mlx5_0
0: mlx5dv_reserved_qpn_alloc 1 1
0: [2021-10-01 16:58:47.211870] rdma.c:2990:nvmf_process_cm_event: *NOTICE*: In RDMA_CM_EVENT_CONNECT_REQUEST
0: mlx5dv_reserved_qpn_alloc 1 1
0: [2021-10-01 16:58:47.211885] rdma.c:2990:nvmf_process_cm_event: *NOTICE*: In RDMA_CM_EVENT_CONNECT_REQUEST
2: [2021-10-01 16:58:47.211834] nvme_rdma.c: 928:nvme_rdma_register_rsps: *NOTICE*: res->poller->pd: 0x7f2ca8000e20
2: [2021-10-01 16:58:47.211839] nvme_rdma.c:2525:nvme_rdma_poller_create: *NOTICE*: Created SRQ 0x7f2d00008bf8, device mlx5_1
2: [2021-10-01 16:58:47.211860] nvme_rdma.c: 928:nvme_rdma_register_rsps: *NOTICE*: res->poller->pd: 0x7f2d00000fc0
0: [2021-10-01 16:58:47.211954] nvme_rdma.c:1386:_nvme_rdma_ctrlr_connect_qpair: *NOTICE*: Connect rdma qpair: pg 0x7f6928000ab0, srq depth 128
0: mlx5dv_reserved_qpn_alloc 1 1
2: [2021-10-01 16:58:47.211871] nvme_rdma.c:1020:nvme_rdma_create_resources: *NOTICE*: Created resources: qp (nil), poller 0x7f2ca8000b30, num_entries 128
2: [2021-10-01 16:58:47.211900] nvme_rdma.c:1020:nvme_rdma_create_resources: *NOTICE*: Created resources: qp (nil), poller 0x7f2d00008900, num_entries 128
4: [2021-10-01 16:58:47.212015] nvme_rdma.c:1386:_nvme_rdma_ctrlr_connect_qpair: *NOTICE*: Connect rdma qpair: pg 0x7fc340000a90, srq depth 128
3: [2021-10-01 16:58:47.212143] nvme_rdma.c:1386:_nvme_rdma_ctrlr_connect_qpair: *NOTICE*: Connect rdma qpair: pg (nil), srq depth 128
3: [2021-10-01 16:58:47.212197] nvme_rdma.c:1020:nvme_rdma_create_resources: *NOTICE*: Created resources: qp 0x161d2d0, poller (nil), num_entries 32
2: [2021-10-01 16:58:47.212897] nvme_rdma.c:2525:nvme_rdma_poller_create: *NOTICE*: Created SRQ 0x7f2cc0000e58, device mlx5_0
2: [2021-10-01 16:58:47.212921] nvme_rdma.c: 928:nvme_rdma_register_rsps: *NOTICE*: res->poller->pd: 0x7f2cc0000e20
2: [2021-10-01 16:58:47.212958] nvme_rdma.c:1020:nvme_rdma_create_resources: *NOTICE*: Created resources: qp (nil), poller 0x7f2cc0000b30, num_entries 128
2: [2021-10-01 16:58:47.213130] nvme_rdma.c:2525:nvme_rdma_poller_create: *NOTICE*: Created SRQ 0x7f2cb0000e58, device mlx5_0
2: [2021-10-01 16:58:47.213133] nvme_rdma.c:2525:nvme_rdma_poller_create: *NOTICE*: Created SRQ 0x7f2cec008bf8, device mlx5_1
2: [2021-10-01 16:58:47.213184] nvme_rdma.c: 928:nvme_rdma_register_rsps: *NOTICE*: res->poller->pd: 0x7f2cb0000e20
2: [2021-10-01 16:58:47.213194] nvme_rdma.c: 928:nvme_rdma_register_rsps: *NOTICE*: res->poller->pd: 0x7f2cec000fd0
2: [2021-10-01 16:58:47.213238] nvme_rdma.c:1020:nvme_rdma_create_resources: *NOTICE*: Created resources: qp (nil), poller 0x7f2cec008900, num_entries 128
2: [2021-10-01 16:58:47.213243] nvme_rdma.c:1020:nvme_rdma_create_resources: *NOTICE*: Created resources: qp (nil), poller 0x7f2cb0000b30, num_entries 128
2: [2021-10-01 16:58:47.213347] nvme_rdma.c:2525:nvme_rdma_poller_create: *NOTICE*: Created SRQ 0x7f2c8c000ed8, device mlx5_0
2: [2021-10-01 16:58:47.213395] nvme_rdma.c: 928:nvme_rdma_register_rsps: *NOTICE*: res->poller->pd: 0x7f2c8c000b00
2: [2021-10-01 16:58:47.213429] nvme_rdma.c:1020:nvme_rdma_create_resources: *NOTICE*: Created resources: qp (nil), poller 0x7f2c8c000be0, num_entries 128
2: [2021-10-01 16:58:47.213520] nvme_rdma.c:2525:nvme_rdma_poller_create: *NOTICE*: Created SRQ 0x7f2ce8008bf8, device mlx5_1
2: [2021-10-01 16:58:47.213559] nvme_rdma.c: 928:nvme_rdma_register_rsps: *NOTICE*: res->poller->pd: 0x7f2ce8000fd0
2: [2021-10-01 16:58:47.213612] nvme_rdma.c:1020:nvme_rdma_create_resources: *NOTICE*: Created resources: qp (nil), poller 0x7f2ce8008900, num_entries 128
2: [2021-10-01 16:58:47.213626] nvme_rdma.c:2525:nvme_rdma_poller_create: *NOTICE*: Created SRQ 0x7f2c94000e68, device mlx5_0
2: [2021-10-01 16:58:47.213662] nvme_rdma.c: 928:nvme_rdma_register_rsps: *NOTICE*: res->poller->pd: 0x7f2c94000e30
2: [2021-10-01 16:58:47.213697] nvme_rdma.c:1020:nvme_rdma_create_resources: *NOTICE*: Created resources: qp (nil), poller 0x7f2c94000b40, num_entries 128
2: [2021-10-01 16:58:47.213841] nvme_rdma.c:2525:nvme_rdma_poller_create: *NOTICE*: Created SRQ 0x7f2c84000e58, device mlx5_0
2: [2021-10-01 16:58:47.213861] nvme_rdma.c: 928:nvme_rdma_register_rsps: *NOTICE*: res->poller->pd: 0x7f2c84000e20
2: [2021-10-01 16:58:47.213873] nvme_rdma.c:2525:nvme_rdma_poller_create: *NOTICE*: Created SRQ 0x7f2ce0008bf8, device mlx5_1
2: [2021-10-01 16:58:47.213893] nvme_rdma.c: 928:nvme_rdma_register_rsps: *NOTICE*: res->poller->pd: 0x7f2ce0000fd0
2: [2021-10-01 16:58:47.213895] nvme_rdma.c:1020:nvme_rdma_create_resources: *NOTICE*: Created resources: qp (nil), poller 0x7f2c84000b30, num_entries 128
2: [2021-10-01 16:58:47.213962] nvme_rdma.c:1020:nvme_rdma_create_resources: *NOTICE*: Created resources: qp (nil), poller 0x7f2ce0008900, num_entries 128
2: [2021-10-01 16:58:47.214063] nvme_rdma.c:2525:nvme_rdma_poller_create: *NOTICE*: Created SRQ 0x7f2c90000e58, device mlx5_0
2: [2021-10-01 16:58:47.214085] nvme_rdma.c: 928:nvme_rdma_register_rsps: *NOTICE*: res->poller->pd: 0x7f2c90000e20
2: [2021-10-01 16:58:47.214116] nvme_rdma.c:1020:nvme_rdma_create_resources: *NOTICE*: Created resources: qp (nil), poller 0x7f2c90000b30, num_entries 128
2: [2021-10-01 16:58:47.214250] nvme_rdma.c:2525:nvme_rdma_poller_create: *NOTICE*: Created SRQ 0x7f2d0c008bf8, device mlx5_1
2: [2021-10-01 16:58:47.214270] nvme_rdma.c: 928:nvme_rdma_register_rsps: *NOTICE*: res->poller->pd: 0x7f2d0c000fc0
2: [2021-10-01 16:58:47.214299] nvme_rdma.c:2525:nvme_rdma_poller_create: *NOTICE*: Created SRQ 0x7f2c88000e58, device mlx5_0
2: [2021-10-01 16:58:47.214315] nvme_rdma.c:1020:nvme_rdma_create_resources: *NOTICE*: Created resources: qp (nil), poller 0x7f2d0c008900, num_entries 128
2: [2021-10-01 16:58:47.214329] nvme_rdma.c: 928:nvme_rdma_register_rsps: *NOTICE*: res->poller->pd: 0x7f2c88000e20
2: [2021-10-01 16:58:47.214364] nvme_rdma.c:1020:nvme_rdma_create_resources: *NOTICE*: Created resources: qp (nil), poller 0x7f2c88000b30, num_entries 128
2: [2021-10-01 16:58:47.214536] nvme_rdma.c:2525:nvme_rdma_poller_create: *NOTICE*: Created SRQ 0x7f2cd8000e68, device mlx5_0
2: [2021-10-01 16:58:47.214560] nvme_rdma.c: 928:nvme_rdma_register_rsps: *NOTICE*: res->poller->pd: 0x7f2cd8000e30
2: [2021-10-01 16:58:47.214592] nvme_rdma.c:1020:nvme_rdma_create_resources: *NOTICE*: Created resources: qp (nil), poller 0x7f2cd8000b40, num_entries 128
2: [2021-10-01 16:58:47.214664] nvme_rdma.c:2525:nvme_rdma_poller_create: *NOTICE*: Created SRQ 0x7f2d04008bf8, device mlx5_1
2: [2021-10-01 16:58:47.214697] nvme_rdma.c: 928:nvme_rdma_register_rsps: *NOTICE*: res->poller->pd: 0x7f2d04000fc0
2: [2021-10-01 16:58:47.214735] nvme_rdma.c:1020:nvme_rdma_create_resources: *NOTICE*: Created resources: qp (nil), poller 0x7f2d04008900, num_entries 128
2: [2021-10-01 16:58:47.214784] nvme_rdma.c:2525:nvme_rdma_poller_create: *NOTICE*: Created SRQ 0x7f2cc8000e58, device mlx5_0
2: [2021-10-01 16:58:47.214822] nvme_rdma.c: 928:nvme_rdma_register_rsps: *NOTICE*: res->poller->pd: 0x7f2cc8000e20
2: [2021-10-01 16:58:47.214857] nvme_rdma.c:1020:nvme_rdma_create_resources: *NOTICE*: Created resources: qp (nil), poller 0x7f2cc8000b30, num_entries 128
2: [2021-10-01 16:58:47.215005] nvme_rdma.c:2525:nvme_rdma_poller_create: *NOTICE*: Created SRQ 0x7f2cdc000e68, device mlx5_0
2: [2021-10-01 16:58:47.215027] nvme_rdma.c: 928:nvme_rdma_register_rsps: *NOTICE*: res->poller->pd: 0x7f2cdc000e30
0: mlx5dv_reserved_qpn_alloc 1 1
2: [2021-10-01 16:58:47.215063] nvme_rdma.c:1020:nvme_rdma_create_resources: *NOTICE*: Created resources: qp (nil), poller 0x7f2cdc000b40, num_entries 128
2: [2021-10-01 16:58:47.215099] nvme_rdma.c:2525:nvme_rdma_poller_create: *NOTICE*: Created SRQ 0x7f2cf8008bf8, device mlx5_1
2: [2021-10-01 16:58:47.215123] nvme_rdma.c: 928:nvme_rdma_register_rsps: *NOTICE*: res->poller->pd: 0x7f2cf8000fd0
2: [2021-10-01 16:58:47.215177] nvme_rdma.c:1020:nvme_rdma_create_resources: *NOTICE*: Created resources: qp (nil), poller 0x7f2cf8008900, num_entries 128
2: [2021-10-01 16:58:47.215414] nvme_rdma.c:2525:nvme_rdma_poller_create: *NOTICE*: Created SRQ 0x7f2c74000e58, device mlx5_0
2: [2021-10-01 16:58:47.215434] nvme_rdma.c: 928:nvme_rdma_register_rsps: *NOTICE*: res->poller->pd: 0x7f2c74000e20
2: [2021-10-01 16:58:47.215466] nvme_rdma.c:1020:nvme_rdma_create_resources: *NOTICE*: Created resources: qp (nil), poller 0x7f2c74000b30, num_entries 128
2: [2021-10-01 16:58:47.215619] nvme_rdma.c:2525:nvme_rdma_poller_create: *NOTICE*: Created SRQ 0x7f2cd8008bf8, device mlx5_1
2: [2021-10-01 16:58:47.215642] nvme_rdma.c: 928:nvme_rdma_register_rsps: *NOTICE*: res->poller->pd: 0x7f2cd8000fd0
2: [2021-10-01 16:58:47.215679] nvme_rdma.c:1020:nvme_rdma_create_resources: *NOTICE*: Created resources: qp (nil), poller 0x7f2cd8008900, num_entries 128
2: mlx5dv_reserved_qpn_alloc 1 1
2: [2021-10-01 16:58:47.215760] nvme_rdma.c:2525:nvme_rdma_poller_create: *NOTICE*: Created SRQ 0x7f2cb4000e68, device mlx5_0
2: [2021-10-01 16:58:47.215816] nvme_rdma.c: 928:nvme_rdma_register_rsps: *NOTICE*: res->poller->pd: 0x7f2cb4000e30
2: [2021-10-01 16:58:47.215850] nvme_rdma.c:1020:nvme_rdma_create_resources: *NOTICE*: Created resources: qp (nil), poller 0x7f2cb4000b40, num_entries 128
2: [2021-10-01 16:58:47.215958] nvme_rdma.c:2525:nvme_rdma_poller_create: *NOTICE*: Created SRQ 0x7f2cfc008bf8, device mlx5_1
2: [2021-10-01 16:58:47.216005] nvme_rdma.c: 928:nvme_rdma_register_rsps: *NOTICE*: res->poller->pd: 0x7f2cfc000fd0
4: mlx5dv_reserved_qpn_alloc 1 1
2: [2021-10-01 16:58:47.216032] nvme_rdma.c:2525:nvme_rdma_poller_create: *NOTICE*: Created SRQ 0x7f2c7c000e58, device mlx5_0
2: [2021-10-01 16:58:47.216055] nvme_rdma.c:1020:nvme_rdma_create_resources: *NOTICE*: Created resources: qp (nil), poller 0x7f2cfc008900, num_entries 128
2: [2021-10-01 16:58:47.216090] nvme_rdma.c: 928:nvme_rdma_register_rsps: *NOTICE*: res->poller->pd: 0x7f2c7c000e20
2: [2021-10-01 16:58:47.216150] nvme_rdma.c:1020:nvme_rdma_create_resources: *NOTICE*: Created resources: qp (nil), poller 0x7f2c7c000b30, num_entries 128
2: [2021-10-01 16:58:47.216201] nvme_rdma.c:2525:nvme_rdma_poller_create: *NOTICE*: Created SRQ 0x7f2ce4008bf8, device mlx5_1
2: [2021-10-01 16:58:47.216225] nvme_rdma.c: 928:nvme_rdma_register_rsps: *NOTICE*: res->poller->pd: 0x7f2ce4000fd0
2: [2021-10-01 16:58:47.216251] nvme_rdma.c:2525:nvme_rdma_poller_create: *NOTICE*: Created SRQ 0x7f2c98000e58, device mlx5_0
2: [2021-10-01 16:58:47.216276] nvme_rdma.c:1020:nvme_rdma_create_resources: *NOTICE*: Created resources: qp (nil), poller 0x7f2ce4008900, num_entries 128
2: [2021-10-01 16:58:47.216301] nvme_rdma.c: 928:nvme_rdma_register_rsps: *NOTICE*: res->poller->pd: 0x7f2c98000e20
2: [2021-10-01 16:58:47.216342] nvme_rdma.c:1020:nvme_rdma_create_resources: *NOTICE*: Created resources: qp (nil), poller 0x7f2c98000b30, num_entries 128
2: [2021-10-01 16:58:47.216481] nvme_rdma.c:2525:nvme_rdma_poller_create: *NOTICE*: Created SRQ 0x7f2cbc000e58, device mlx5_0
2: [2021-10-01 16:58:47.216511] nvme_rdma.c: 928:nvme_rdma_register_rsps: *NOTICE*: res->poller->pd: 0x7f2cbc000e20
2: [2021-10-01 16:58:47.216543] nvme_rdma.c:1020:nvme_rdma_create_resources: *NOTICE*: Created resources: qp (nil), poller 0x7f2cbc000b30, num_entries 128
2: [2021-10-01 16:58:47.216559] nvme_rdma.c:2525:nvme_rdma_poller_create: *NOTICE*: Created SRQ 0x7f2d14001bf8, device mlx5_1
1: mlx5dv_reserved_qpn_alloc 1 1
2: [2021-10-01 16:58:47.216603] nvme_rdma.c: 928:nvme_rdma_register_rsps: *NOTICE*: res->poller->pd: 0x7f2d14000b30
2: [2021-10-01 16:58:47.216648] nvme_rdma.c:1020:nvme_rdma_create_resources: *NOTICE*: Created resources: qp (nil), poller 0x7f2d14001900, num_entries 128
2: [2021-10-01 16:58:47.216721] nvme_rdma.c:2525:nvme_rdma_poller_create: *NOTICE*: Created SRQ 0x7f2c9c000ed8, device mlx5_0
2: [2021-10-01 16:58:47.216743] nvme_rdma.c: 928:nvme_rdma_register_rsps: *NOTICE*: res->poller->pd: 0x7f2c9c000b00
2: [2021-10-01 16:58:47.216777] nvme_rdma.c:1020:nvme_rdma_create_resources: *NOTICE*: Created resources: qp (nil), poller 0x7f2c9c000be0, num_entries 128
2: [2021-10-01 16:58:47.216919] nvme_rdma.c:2525:nvme_rdma_poller_create: *NOTICE*: Created SRQ 0x7f2cf0008bf8, device mlx5_1
2: [2021-10-01 16:58:47.216947] nvme_rdma.c: 928:nvme_rdma_register_rsps: *NOTICE*: res->poller->pd: 0x7f2cf0000fd0
2: [2021-10-01 16:58:47.216984] nvme_rdma.c:1020:nvme_rdma_create_resources: *NOTICE*: Created resources: qp (nil), poller 0x7f2cf0008900, num_entries 128
2: [2021-10-01 16:58:47.217330] nvme_rdma.c:2525:nvme_rdma_poller_create: *NOTICE*: Created SRQ 0x7f2d10008bf8, device mlx5_1
2: [2021-10-01 16:58:47.217349] nvme_rdma.c: 928:nvme_rdma_register_rsps: *NOTICE*: res->poller->pd: 0x7f2d10000fc0
2: [2021-10-01 16:58:47.217385] nvme_rdma.c:1020:nvme_rdma_create_resources: *NOTICE*: Created resources: qp (nil), poller 0x7f2d10008900, num_entries 128
2: [2021-10-01 16:58:47.217534] nvme_rdma.c:2525:nvme_rdma_poller_create: *NOTICE*: Created SRQ 0x7f2cd0008bf8, device mlx5_1
2: [2021-10-01 16:58:47.217557] nvme_rdma.c: 928:nvme_rdma_register_rsps: *NOTICE*: res->poller->pd: 0x7f2cd0000fc0
2: [2021-10-01 16:58:47.217595] nvme_rdma.c:1020:nvme_rdma_create_resources: *NOTICE*: Created resources: qp (nil), poller 0x7f2cd0008900, num_entries 128
2: [2021-10-01 16:58:47.217732] nvme_rdma.c:2525:nvme_rdma_poller_create: *NOTICE*: Created SRQ 0x2aca638, device mlx5_1
2: [2021-10-01 16:58:47.217746] nvme_rdma.c: 928:nvme_rdma_register_rsps: *NOTICE*: res->poller->pd: 0x27a7380
2: [2021-10-01 16:58:47.217781] nvme_rdma.c:1020:nvme_rdma_create_resources: *NOTICE*: Created resources: qp (nil), poller 0x2aca340, num_entries 128
2: [2021-10-01 16:58:47.217978] nvme_rdma.c:2525:nvme_rdma_poller_create: *NOTICE*: Created SRQ 0x7f2ccc008bf8, device mlx5_1
2: [2021-10-01 16:58:47.217995] nvme_rdma.c: 928:nvme_rdma_register_rsps: *NOTICE*: res->poller->pd: 0x7f2ccc000fd0
2: [2021-10-01 16:58:47.218030] nvme_rdma.c:1020:nvme_rdma_create_resources: *NOTICE*: Created resources: qp (nil), poller 0x7f2ccc008900, num_entries 128
2: [2021-10-01 16:58:47.218190] nvme_rdma.c:2525:nvme_rdma_poller_create: *NOTICE*: Created SRQ 0x7f2cf4008bf8, device mlx5_1
2: [2021-10-01 16:58:47.218211] nvme_rdma.c: 928:nvme_rdma_register_rsps: *NOTICE*: res->poller->pd: 0x7f2cf4000fd0
2: [2021-10-01 16:58:47.218243] nvme_rdma.c:1020:nvme_rdma_create_resources: *NOTICE*: Created resources: qp (nil), poller 0x7f2cf4008900, num_entries 128
2: [2021-10-01 16:58:47.218394] nvme_rdma.c:2525:nvme_rdma_poller_create: *NOTICE*: Created SRQ 0x7f2ca4008bf8, device mlx5_1
2: [2021-10-01 16:58:47.218428] nvme_rdma.c: 928:nvme_rdma_register_rsps: *NOTICE*: res->poller->pd: 0x7f2ca4000fc0
2: [2021-10-01 16:58:47.218463] nvme_rdma.c:1020:nvme_rdma_create_resources: *NOTICE*: Created resources: qp (nil), poller 0x7f2ca4008900, num_entries 128
2: [2021-10-01 16:58:47.218605] nvme_rdma.c:2525:nvme_rdma_poller_create: *NOTICE*: Created SRQ 0x7f2cac008bf8, device mlx5_1
2: [2021-10-01 16:58:47.218623] nvme_rdma.c: 928:nvme_rdma_register_rsps: *NOTICE*: res->poller->pd: 0x7f2cac000fd0
2: [2021-10-01 16:58:47.218658] nvme_rdma.c:1020:nvme_rdma_create_resources: *NOTICE*: Created resources: qp (nil), poller 0x7f2cac008900, num_entries 128
3: mlx5dv_reserved_qpn_alloc 1 1
2: [2021-10-01 16:58:47.218806] nvme_rdma.c:2525:nvme_rdma_poller_create: *NOTICE*: Created SRQ 0x7f2cd4002c88, device mlx5_1
2: [2021-10-01 16:58:47.218822] nvme_rdma.c: 928:nvme_rdma_register_rsps: *NOTICE*: res->poller->pd: 0x7f2cd4000f80
2: [2021-10-01 16:58:47.218857] nvme_rdma.c:1020:nvme_rdma_create_resources: *NOTICE*: Created resources: qp (nil), poller 0x7f2cd4002990, num_entries 128
2: [2021-10-01 16:58:47.219008] nvme_rdma.c:2525:nvme_rdma_poller_create: *NOTICE*: Created SRQ 0x7f2ca8008bf8, device mlx5_1
2: [2021-10-01 16:58:47.219036] nvme_rdma.c: 928:nvme_rdma_register_rsps: *NOTICE*: res->poller->pd: 0x7f2ca8000fc0
2: [2021-10-01 16:58:47.219071] nvme_rdma.c:1020:nvme_rdma_create_resources: *NOTICE*: Created resources: qp (nil), poller 0x7f2ca8008900, num_entries 128
2: [2021-10-01 16:58:47.219221] nvme_rdma.c:2525:nvme_rdma_poller_create: *NOTICE*: Created SRQ 0x7f2cc0008bf8, device mlx5_1
2: [2021-10-01 16:58:47.219238] nvme_rdma.c: 928:nvme_rdma_register_rsps: *NOTICE*: res->poller->pd: 0x7f2cc0000fc0
2: [2021-10-01 16:58:47.219275] nvme_rdma.c:1020:nvme_rdma_create_resources: *NOTICE*: Created resources: qp (nil), poller 0x7f2cc0008900, num_entries 128
2: [2021-10-01 16:58:47.219437] nvme_rdma.c:2525:nvme_rdma_poller_create: *NOTICE*: Created SRQ 0x7f2cb0008bf8, device mlx5_1
2: [2021-10-01 16:58:47.219460] nvme_rdma.c: 928:nvme_rdma_register_rsps: *NOTICE*: res->poller->pd: 0x7f2cb0000fc0
2: [2021-10-01 16:58:47.219508] nvme_rdma.c:1020:nvme_rdma_create_resources: *NOTICE*: Created resources: qp (nil), poller 0x7f2cb0008900, num_entries 128
2: [2021-10-01 16:58:47.219655] nvme_rdma.c:2525:nvme_rdma_poller_create: *NOTICE*: Created SRQ 0x7f2c8c001bf8, device mlx5_1
2: [2021-10-01 16:58:47.219666] nvme_rdma.c: 928:nvme_rdma_register_rsps: *NOTICE*: res->poller->pd: 0x7f2c8c000b30
2: [2021-10-01 16:58:47.219698] nvme_rdma.c:1020:nvme_rdma_create_resources: *NOTICE*: Created resources: qp (nil), poller 0x7f2c8c001900, num_entries 128
2: [2021-10-01 16:58:47.219923] nvme_rdma.c:2525:nvme_rdma_poller_create: *NOTICE*: Created SRQ 0x7f2c94008bf8, device mlx5_1
2: [2021-10-01 16:58:47.219949] nvme_rdma.c: 928:nvme_rdma_register_rsps: *NOTICE*: res->poller->pd: 0x7f2c94000fd0
2: [2021-10-01 16:58:47.219981] nvme_rdma.c:1020:nvme_rdma_create_resources: *NOTICE*: Created resources: qp (nil), poller 0x7f2c94008900, num_entries 128
2: [2021-10-01 16:58:47.220130] nvme_rdma.c:2525:nvme_rdma_poller_create: *NOTICE*: Created SRQ 0x7f2c84008bf8, device mlx5_1
2: [2021-10-01 16:58:47.220153] nvme_rdma.c: 928:nvme_rdma_register_rsps: *NOTICE*: res->poller->pd: 0x7f2c84000fc0
2: [2021-10-01 16:58:47.220189] nvme_rdma.c:1020:nvme_rdma_create_resources: *NOTICE*: Created resources: qp (nil), poller 0x7f2c84008900, num_entries 128
2: [2021-10-01 16:58:47.220326] nvme_rdma.c:2525:nvme_rdma_poller_create: *NOTICE*: Created SRQ 0x7f2c90008bf8, device mlx5_1
2: [2021-10-01 16:58:47.220344] nvme_rdma.c: 928:nvme_rdma_register_rsps: *NOTICE*: res->poller->pd: 0x7f2c90000fc0
2: [2021-10-01 16:58:47.220377] nvme_rdma.c:1020:nvme_rdma_create_resources: *NOTICE*: Created resources: qp (nil), poller 0x7f2c90008900, num_entries 128
2: [2021-10-01 16:58:47.220518] nvme_rdma.c:2525:nvme_rdma_poller_create: *NOTICE*: Created SRQ 0x7f2c88008bf8, device mlx5_1
2: [2021-10-01 16:58:47.220533] nvme_rdma.c: 928:nvme_rdma_register_rsps: *NOTICE*: res->poller->pd: 0x7f2c88000fc0
2: [2021-10-01 16:58:47.220567] nvme_rdma.c:1020:nvme_rdma_create_resources: *NOTICE*: Created resources: qp (nil), poller 0x7f2c88008900, num_entries 128
2: [2021-10-01 16:58:47.220719] nvme_rdma.c:2525:nvme_rdma_poller_create: *NOTICE*: Created SRQ 0x7f2cc8008bf8, device mlx5_1
2: [2021-10-01 16:58:47.220751] nvme_rdma.c: 928:nvme_rdma_register_rsps: *NOTICE*: res->poller->pd: 0x7f2cc8000fc0
2: [2021-10-01 16:58:47.220789] nvme_rdma.c:1020:nvme_rdma_create_resources: *NOTICE*: Created resources: qp (nil), poller 0x7f2cc8008900, num_entries 128
2: [2021-10-01 16:58:47.220929] nvme_rdma.c:2525:nvme_rdma_poller_create: *NOTICE*: Created SRQ 0x7f2cdc008bf8, device mlx5_1
2: [2021-10-01 16:58:47.220958] nvme_rdma.c: 928:nvme_rdma_register_rsps: *NOTICE*: res->poller->pd: 0x7f2cdc000fd0
2: [2021-10-01 16:58:47.221000] nvme_rdma.c:1020:nvme_rdma_create_resources: *NOTICE*: Created resources: qp (nil), poller 0x7f2cdc008900, num_entries 128
2: [2021-10-01 16:58:47.221154] nvme_rdma.c:2525:nvme_rdma_poller_create: *NOTICE*: Created SRQ 0x7f2c74008bf8, device mlx5_1
2: [2021-10-01 16:58:47.221175] nvme_rdma.c: 928:nvme_rdma_register_rsps: *NOTICE*: res->poller->pd: 0x7f2c74000fc0
2: [2021-10-01 16:58:47.221209] nvme_rdma.c:1020:nvme_rdma_create_resources: *NOTICE*: Created resources: qp (nil), poller 0x7f2c74008900, num_entries 128
2: [2021-10-01 16:58:47.221355] nvme_rdma.c:2525:nvme_rdma_poller_create: *NOTICE*: Created SRQ 0x7f2d24001bf8, device mlx5_1
2: [2021-10-01 16:58:47.221372] nvme_rdma.c: 928:nvme_rdma_register_rsps: *NOTICE*: res->poller->pd: 0x7f2d24000b30
2: [2021-10-01 16:58:47.221412] nvme_rdma.c:1020:nvme_rdma_create_resources: *NOTICE*: Created resources: qp (nil), poller 0x7f2d24001900, num_entries 128
2: [2021-10-01 16:58:47.221552] nvme_rdma.c:2525:nvme_rdma_poller_create: *NOTICE*: Created SRQ 0x7f2cb4008bf8, device mlx5_1
2: [2021-10-01 16:58:47.221569] nvme_rdma.c: 928:nvme_rdma_register_rsps: *NOTICE*: res->poller->pd: 0x7f2cb4000fd0
2: [2021-10-01 16:58:47.221611] nvme_rdma.c:1020:nvme_rdma_create_resources: *NOTICE*: Created resources: qp (nil), poller 0x7f2cb4008900, num_entries 128
0: [2021-10-01 16:58:47.221835] rdma.c:2990:nvmf_process_cm_event: *NOTICE*: In RDMA_CM_EVENT_CONNECT_REQUEST
0: mlx5dv_reserved_qpn_alloc 1 1
0: [2021-10-01 16:58:47.221854] rdma.c:2990:nvmf_process_cm_event: *NOTICE*: In RDMA_CM_EVENT_CONNECT_REQUEST
2: [2021-10-01 16:58:47.221800] nvme_rdma.c:2525:nvme_rdma_poller_create: *NOTICE*: Created SRQ 0x7f2c7c008bf8, device mlx5_1
0: [2021-10-01 16:58:47.221874] rdma.c:2990:nvmf_process_cm_event: *NOTICE*: In RDMA_CM_EVENT_CONNECT_REQUEST
0: mlx5dv_reserved_qpn_alloc 1 1
0: [2021-10-01 16:58:47.221888] rdma.c:2990:nvmf_process_cm_event: *NOTICE*: In RDMA_CM_EVENT_CONNECT_REQUEST
0: [2021-10-01 16:58:47.221902] rdma.c:2990:nvmf_process_cm_event: *NOTICE*: In RDMA_CM_EVENT_CONNECT_REQUEST
0: mlx5dv_reserved_qpn_alloc 1 1
2: [2021-10-01 16:58:47.221821] nvme_rdma.c: 928:nvme_rdma_register_rsps: *NOTICE*: res->poller->pd: 0x7f2c7c000fc0
0: [2021-10-01 16:58:47.221926] nvme_rdma.c:1386:_nvme_rdma_ctrlr_connect_qpair: *NOTICE*: Connect rdma qpair: pg 0x7f692c000ab0, srq depth 128
2: [2021-10-01 16:58:47.221865] nvme_rdma.c:1020:nvme_rdma_create_resources: *NOTICE*: Created resources: qp (nil), poller 0x7f2c7c008900, num_entries 128
0: mlx5dv_reserved_qpn_alloc 1 1
4: [2021-10-01 16:58:47.221966] nvme_rdma.c:1386:_nvme_rdma_ctrlr_connect_qpair: *NOTICE*: Connect rdma qpair: pg 0x7fc328000a90, srq depth 128
0: mlx5dv_reserved_qpn_alloc 1 1
2: [2021-10-01 16:58:47.222000] nvme_rdma.c:2525:nvme_rdma_poller_create: *NOTICE*: Created SRQ 0x7f2c98008bf8, device mlx5_1
1: [2021-10-01 16:58:47.222105] nvme_rdma.c:1386:_nvme_rdma_ctrlr_connect_qpair: *NOTICE*: Connect rdma qpair: pg (nil), srq depth 128
2: [2021-10-01 16:58:47.222004] nvme_rdma.c:1386:_nvme_rdma_ctrlr_connect_qpair: *NOTICE*: Connect rdma qpair: pg 0x7f2d34000a90, srq depth 128
2: [2021-10-01 16:58:47.222020] nvme_rdma.c: 928:nvme_rdma_register_rsps: *NOTICE*: res->poller->pd: 0x7f2c98000fc0
2: [2021-10-01 16:58:47.222064] nvme_rdma.c:1020:nvme_rdma_create_resources: *NOTICE*: Created resources: qp (nil), poller 0x7f2c98008900, num_entries 128
3: [2021-10-01 16:58:47.222153] nvme_rdma.c:1386:_nvme_rdma_ctrlr_connect_qpair: *NOTICE*: Connect rdma qpair: pg (nil), srq depth 128
2: [2021-10-01 16:58:47.222201] nvme_rdma.c:2525:nvme_rdma_poller_create: *NOTICE*: Created SRQ 0x7f2cbc008bf8, device mlx5_1
3: [2021-10-01 16:58:47.222199] nvme_rdma.c:1020:nvme_rdma_create_resources: *NOTICE*: Created resources: qp 0x1627880, poller (nil), num_entries 32
2: [2021-10-01 16:58:47.222229] nvme_rdma.c: 928:nvme_rdma_register_rsps: *NOTICE*: res->poller->pd: 0x7f2cbc000fc0
3: [2021-10-01 16:58:47.222298] dc_mlx5_dv.c: 963:spdk_rdma_qp_reset: *NOTICE*: Reset called for qp: 0x1622320
2: [2021-10-01 16:58:47.222266] nvme_rdma.c:1020:nvme_rdma_create_resources: *NOTICE*: Created resources: qp (nil), poller 0x7f2cbc008900, num_entries 128
1: [2021-10-01 16:58:47.222162] nvme_rdma.c:1020:nvme_rdma_create_resources: *NOTICE*: Created resources: qp 0x10e82d0, poller (nil), num_entries 32
2: [2021-10-01 16:58:47.222405] nvme_rdma.c:2525:nvme_rdma_poller_create: *NOTICE*: Created SRQ 0x7f2c9c001c18, device mlx5_1
2: [2021-10-01 16:58:47.222420] nvme_rdma.c: 928:nvme_rdma_register_rsps: *NOTICE*: res->poller->pd: 0x7f2c9c000b30
2: [2021-10-01 16:58:47.222461] nvme_rdma.c:1020:nvme_rdma_create_resources: *NOTICE*: Created resources: qp (nil), poller 0x7f2c9c001920, num_entries 128
2: mlx5dv_reserved_qpn_alloc 1 1
0: mlx5dv_reserved_qpn_alloc 1 1
4: mlx5dv_reserved_qpn_alloc 1 1
1: mlx5dv_reserved_qpn_alloc 1 1
0: [2021-10-01 16:58:47.231820] rdma.c:2990:nvmf_process_cm_event: *NOTICE*: In RDMA_CM_EVENT_CONNECT_REQUEST
0: mlx5dv_reserved_qpn_alloc 1 1
0: [2021-10-01 16:58:47.231842] rdma.c:2990:nvmf_process_cm_event: *NOTICE*: In RDMA_CM_EVENT_CONNECT_REQUEST
0: mlx5dv_reserved_qpn_alloc 1 1
0: [2021-10-01 16:58:47.231853] rdma.c:2990:nvmf_process_cm_event: *NOTICE*: In RDMA_CM_EVENT_CONNECT_REQUEST
0: mlx5dv_reserved_qpn_alloc 1 1
0: [2021-10-01 16:58:47.231872] rdma.c:2990:nvmf_process_cm_event: *NOTICE*: In RDMA_CM_EVENT_CONNECT_REQUEST
0: mlx5dv_reserved_qpn_alloc 1 1
0: [2021-10-01 16:58:47.231932] nvme_rdma.c:1386:_nvme_rdma_ctrlr_connect_qpair: *NOTICE*: Connect rdma qpair: pg 0x7f6938000a90, srq depth 128
2: [2021-10-01 16:58:47.231928] nvme_rdma.c:1386:_nvme_rdma_ctrlr_connect_qpair: *NOTICE*: Connect rdma qpair: pg 0x7f2d38000a90, srq depth 128
4: [2021-10-01 16:58:47.231957] nvme_rdma.c:1386:_nvme_rdma_ctrlr_connect_qpair: *NOTICE*: Connect rdma qpair: pg 0x7fc334000a90, srq depth 128
1: [2021-10-01 16:58:47.231974] nvme_rdma.c:1386:_nvme_rdma_ctrlr_connect_qpair: *NOTICE*: Connect rdma qpair: pg (nil), srq depth 128
1: [2021-10-01 16:58:47.232020] nvme_rdma.c:1020:nvme_rdma_create_resources: *NOTICE*: Created resources: qp 0x10f2880, poller (nil), num_entries 32
1: [2021-10-01 16:58:47.232127] dc_mlx5_dv.c: 963:spdk_rdma_qp_reset: *NOTICE*: Reset called for qp: 0x10ed320
3: Initializing NVMe Controllers
3: Attached to NVMe over Fabrics controller at 65.65.65.131:4420: nqn.2016-06.io.spdk:cnode1
3: Controller attach time is 19645.733 us (54811596 ticks)
3: Associating RDMA (addr:65.65.65.131 subnqn:nqn.2016-06.io.spdk:cnode1) NSID 1 with lcore 0
3: Associating RDMA (addr:65.65.65.131 subnqn:nqn.2016-06.io.spdk:cnode1) NSID 1 with lcore 1
3: Associating RDMA (addr:65.65.65.131 subnqn:nqn.2016-06.io.spdk:cnode1) NSID 1 with lcore 2
3: Associating RDMA (addr:65.65.65.131 subnqn:nqn.2016-06.io.spdk:cnode1) NSID 1 with lcore 3
3: Associating RDMA (addr:65.65.65.131 subnqn:nqn.2016-06.io.spdk:cnode1) NSID 1 with lcore 4
3: Associating RDMA (addr:65.65.65.131 subnqn:nqn.2016-06.io.spdk:cnode1) NSID 1 with lcore 5
3: Associating RDMA (addr:65.65.65.131 subnqn:nqn.2016-06.io.spdk:cnode1) NSID 1 with lcore 6
3: Associating RDMA (addr:65.65.65.131 subnqn:nqn.2016-06.io.spdk:cnode1) NSID 1 with lcore 7
3: Associating RDMA (addr:65.65.65.131 subnqn:nqn.2016-06.io.spdk:cnode1) NSID 1 with lcore 8
3: Associating RDMA (addr:65.65.65.131 subnqn:nqn.2016-06.io.spdk:cnode1) NSID 1 with lcore 9
3: Associating RDMA (addr:65.65.65.131 subnqn:nqn.2016-06.io.spdk:cnode1) NSID 1 with lcore 10
3: Associating RDMA (addr:65.65.65.131 subnqn:nqn.2016-06.io.spdk:cnode1) NSID 1 with lcore 11
3: Associating RDMA (addr:65.65.65.131 subnqn:nqn.2016-06.io.spdk:cnode1) NSID 1 with lcore 12
3: Associating RDMA (addr:65.65.65.131 subnqn:nqn.2016-06.io.spdk:cnode1) NSID 1 with lcore 13
3: Associating RDMA (addr:65.65.65.131 subnqn:nqn.2016-06.io.spdk:cnode1) NSID 1 with lcore 14
3: Associating RDMA (addr:65.65.65.131 subnqn:nqn.2016-06.io.spdk:cnode1) NSID 1 with lcore 15
3: Associating RDMA (addr:65.65.65.131 subnqn:nqn.2016-06.io.spdk:cnode1) NSID 1 with lcore 16
3: Associating RDMA (addr:65.65.65.131 subnqn:nqn.2016-06.io.spdk:cnode1) NSID 1 with lcore 17
3: Associating RDMA (addr:65.65.65.131 subnqn:nqn.2016-06.io.spdk:cnode1) NSID 1 with lcore 18
3: Associating RDMA (addr:65.65.65.131 subnqn:nqn.2016-06.io.spdk:cnode1) NSID 1 with lcore 19
3: Associating RDMA (addr:65.65.65.131 subnqn:nqn.2016-06.io.spdk:cnode1) NSID 1 with lcore 20
3: Associating RDMA (addr:65.65.65.131 subnqn:nqn.2016-06.io.spdk:cnode1) NSID 1 with lcore 21
3: Associating RDMA (addr:65.65.65.131 subnqn:nqn.2016-06.io.spdk:cnode1) NSID 1 with lcore 22
3: Associating RDMA (addr:65.65.65.131 subnqn:nqn.2016-06.io.spdk:cnode1) NSID 1 with lcore 23
3: Associating RDMA (addr:65.65.65.131 subnqn:nqn.2016-06.io.spdk:cnode1) NSID 1 with lcore 24
3: Associating RDMA (addr:65.65.65.131 subnqn:nqn.2016-06.io.spdk:cnode1) NSID 1 with lcore 25
3: Associating RDMA (addr:65.65.65.131 subnqn:nqn.2016-06.io.spdk:cnode1) NSID 1 with lcore 26
3: Associating RDMA (addr:65.65.65.131 subnqn:nqn.2016-06.io.spdk:cnode1) NSID 1 with lcore 27
3: Associating RDMA (addr:65.65.65.131 subnqn:nqn.2016-06.io.spdk:cnode1) NSID 1 with lcore 28
3: Associating RDMA (addr:65.65.65.131 subnqn:nqn.2016-06.io.spdk:cnode1) NSID 1 with lcore 29
3: Associating RDMA (addr:65.65.65.131 subnqn:nqn.2016-06.io.spdk:cnode1) NSID 1 with lcore 30
3: Associating RDMA (addr:65.65.65.131 subnqn:nqn.2016-06.io.spdk:cnode1) NSID 1 with lcore 31
3: Associating RDMA (addr:65.65.65.131 subnqn:nqn.2016-06.io.spdk:cnode1) NSID 1 with lcore 32
3: Associating RDMA (addr:65.65.65.131 subnqn:nqn.2016-06.io.spdk:cnode1) NSID 1 with lcore 33
3: Associating RDMA (addr:65.65.65.131 subnqn:nqn.2016-06.io.spdk:cnode1) NSID 1 with lcore 34
3: Associating RDMA (addr:65.65.65.131 subnqn:nqn.2016-06.io.spdk:cnode1) NSID 1 with lcore 35
3: Associating RDMA (addr:65.65.65.131 subnqn:nqn.2016-06.io.spdk:cnode1) NSID 1 with lcore 36
3: Associating RDMA (addr:65.65.65.131 subnqn:nqn.2016-06.io.spdk:cnode1) NSID 1 with lcore 37
3: Associating RDMA (addr:65.65.65.131 subnqn:nqn.2016-06.io.spdk:cnode1) NSID 1 with lcore 38
3: Associating RDMA (addr:65.65.65.131 subnqn:nqn.2016-06.io.spdk:cnode1) NSID 1 with lcore 39
3: Associating RDMA (addr:65.65.65.131 subnqn:nqn.2016-06.io.spdk:cnode1) NSID 1 with lcore 40
3: Associating RDMA (addr:65.65.65.131 subnqn:nqn.2016-06.io.spdk:cnode1) NSID 1 with lcore 41
0: mlx5dv_reserved_qpn_alloc 1 1
2: mlx5dv_reserved_qpn_alloc 1 1
3: Associating RDMA (addr:65.65.65.131 subnqn:nqn.2016-06.io.spdk:cno[2021-10-01 16:58:47.235976] nvme_rdma.c:2525:nvme_rdma_poller_create: *NOTICE*: Created SRQ 0x7f3484000e58, device mlx5_0
4: mlx5dv_reserved_qpn_alloc 1 1
3: [2021-10-01 16:58:47.236101] nvme_rdma.c: 928:nvme_rdma_register_rsps: *NOTICE*: res->poller->pd: 0x7f3484000e20
3: [2021-10-01 16:58:47.236245] nvme_rdma.c:1020:nvme_rdma_create_resources: *NOTICE*: Created resources: qp (nil), poller 0x7f3484000b30, num_entries 128
3: [2021-10-01 16:58:47.236298] nvme_rdma.c:2525:nvme_rdma_poller_create: *NOTICE*: Created SRQ 0x7f3480000e58, device mlx5_0
3: [2021-10-01 16:58:47.236359] nvme_rdma.c: 928:nvme_rdma_register_rsps: *NOTICE*: res->poller->pd: 0x7f3480000e20
3: [2021-10-01 16:58:47.236436] nvme_rdma.c:1020:nvme_rdma_create_resources: *NOTICE*: Created resources: qp (nil), poller 0x7f3480000b30, num_entries 128
3: [2021-10-01 16:58:47.236620] nvme_rdma.c:2525:nvme_rdma_poller_create: *NOTICE*: Created SRQ 0x7f3478000e58, device mlx5_0
3: [2021-10-01 16:58:47.236732] nvme_rdma.c: 928:nvme_rdma_register_rsps: *NOTICE*: res->poller->pd: 0x7f3478000e20
3: [2021-10-01 16:58:47.236853] nvme_rdma.c:1020:nvme_rdma_create_resources: *NOTICE*: Created resources: qp (nil), poller 0x7f3478000b30, num_entries 128
3: [2021-10-01 16:58:47.236924] nvme_rdma.c:2525:nvme_rdma_poller_create: *NOTICE*: Created SRQ 0x7f3448000e58, device mlx5_0
3: [2021-10-01 16:58:47.237013] nvme_rdma.c: 928:nvme_rdma_register_rsps: *NOTICE*: res->poller->pd: 0x7f3448000e20
3: [2021-10-01 16:58:47.237186] nvme_rdma.c:2525:nvme_rdma_poller_create: *NOTICE*: Created SRQ 0x7f3468000e58, device mlx5_0
3: [2021-10-01 16:58:47.237231] nvme_rdma.c:1020:nvme_rdma_create_resources: *NOTICE*: Created resources: qp (nil), poller 0x7f3448000b30, num_entries 128
3: [2021-10-01 16:58:47.237265] nvme_rdma.c: 928:nvme_rdma_register_rsps: *NOTICE*: res->poller->pd: 0x7f3468000e20
3: [2021-10-01 16:58:47.237358] nvme_rdma.c:1020:nvme_rdma_create_resources: *NOTICE*: Created resources: qp (nil), poller 0x7f3468000b30, num_entries 128
3: [2021-10-01 16:58:47.237458] nvme_rdma.c:2525:nvme_rdma_poller_create: *NOTICE*: Created SRQ 0x7f3470000e58, device mlx5_0
3: [2021-10-01 16:58:47.237852] nvme_rdma.c: 928:nvme_rdma_register_rsps: *NOTICE*: res->poller->pd: 0x7f3470000e20
3: [2021-10-01 16:58:47.238022] nvme_rdma.c:1020:nvme_rdma_create_resources: *NOTICE*: Created resources: qp (nil), poller 0x7f3470000b30, num_entries 128
3: [2021-10-01 16:58:47.238077] nvme_rdma.c:2525:nvme_rdma_poller_create: *NOTICE*: Created SRQ 0x7f341c000e68, device mlx5_0
3: [2021-10-01 16:58:47.238152] nvme_rdma.c: 928:nvme_rdma_register_rsps: *NOTICE*: res->poller->pd: 0x7f341c000e30
3: [2021-10-01 16:58:47.238413] nvme_rdma.c:2525:nvme_rdma_poller_create: *NOTICE*: Created SRQ 0x7f3460000e58, device mlx5_0
3: [2021-10-01 16:58:47.238416] nvme_rdma.c:1020:nvme_rdma_create_resources: *NOTICE*: Created resources: qp (nil), poller 0x7f341c000b40, num_entries 128
3: [2021-10-01 16:58:47.238504] nvme_rdma.c: 928:nvme_rdma_register_rsps: *NOTICE*: res->poller->pd: 0x7f3460000e20
3: [2021-10-01 16:58:47.238648] nvme_rdma.c:1020:nvme_rdma_create_resources: *NOTICE*: Created resources: qp (nil), poller 0x7f3460000b30, num_entries 128
3: [2021-10-01 16:58:47.238796] nvme_rdma.c:2525:nvme_rdma_poller_create: *NOTICE*: Created SRQ 0x7f3464000e58, device mlx5_0
3: [2021-10-01 16:58:47.239034] nvme_rdma.c: 928:nvme_rdma_register_rsps: *NOTICE*: res->poller->pd: 0x7f3464000e20
3: [2021-10-01 16:58:47.239229] nvme_rdma.c:1020:nvme_rdma_create_resources: *NOTICE*: Created resources: qp (nil), poller 0x7f3464000b30, num_entries 128
3: [2021-10-01 16:58:47.239339] nvme_rdma.c:2525:nvme_rdma_poller_create: *NOTICE*: Created SRQ 0x7f3454000e58, device mlx5_0
3: [2021-10-01 16:58:47.239442] nvme_rdma.c: 928:nvme_rdma_register_rsps: *NOTICE*: res->poller->pd: 0x7f3454000e20
3: [2021-10-01 16:58:47.239518] nvme_rdma.c:1020:nvme_rdma_create_resources: *NOTICE*: Created resources: qp (nil), poller 0x7f3454000b30, num_entries 128
3: [2021-10-01 16:58:47.239623] nvme_rdma.c:2525:nvme_rdma_poller_create: *NOTICE*: Created SRQ 0x7f3484008c68, device mlx5_1
3: [2021-10-01 16:58:47.239671] nvme_rdma.c: 928:nvme_rdma_register_rsps: *NOTICE*: res->poller->pd: 0x7f3484000fc0
3: [2021-10-01 16:58:47.239768] nvme_rdma.c:1020:nvme_rdma_create_resources: *NOTICE*: Created resources: qp (nil), poller 0x7f3484008900, num_entries 128
3: [2021-10-01 16:58:47.239819] nvme_rdma.c:2525:nvme_rdma_poller_create: *NOTICE*: Created SRQ 0x7f346c000ed8, device mlx5_0
3: [2021-10-01 16:58:47.239899] nvme_rdma.c: 928:nvme_rdma_register_rsps: *NOTICE*: res->poller->pd: 0x7f346c000b00
3: [2021-10-01 16:58:47.239993] nvme_rdma.c:1020:nvme_rdma_create_resources: *NOTICE*: Created resources: qp (nil), poller 0x7f346c000be0, num_entries 128
3: [2021-10-01 16:58:47.240037] nvme_rdma.c:2525:nvme_rdma_poller_create: *NOTICE*: Created SRQ 0x7f3480008bf8, device mlx5_1
3: [2021-10-01 16:58:47.240118] nvme_rdma.c: 928:nvme_rdma_register_rsps: *NOTICE*: res->poller->pd: 0x7f3480000fc0
3: [2021-10-01 16:58:47.240120] nvme_rdma.c:2525:nvme_rdma_poller_create: *NOTICE*: Created SRQ 0x7f3444000e58, device mlx5_0
3: [2021-10-01 16:58:47.240191] nvme_rdma.c: 928:nvme_rdma_register_rsps: *NOTICE*: res->poller->pd: 0x7f3444000e20
3: [2021-10-01 16:58:47.240284] nvme_rdma.c:1020:nvme_rdma_create_resources: *NOTICE*: Created resources: qp (nil), poller 0x7f3480008900, num_entries 128
3: [2021-10-01 16:58:47.240320] nvme_rdma.c:1020:nvme_rdma_create_resources: *NOTICE*: Created resources: qp (nil), poller 0x7f3444000b30, num_entries 128
3: [2021-10-01 16:58:47.240480] nvme_rdma.c:2525:nvme_rdma_poller_create: *NOTICE*: Created SRQ 0x7f344c000e58, device mlx5_0
3: [2021-10-01 16:58:47.240554] nvme_rdma.c: 928:nvme_rdma_register_rsps: *NOTICE*: res->poller->pd: 0x7f344c000e20
3: [2021-10-01 16:58:47.240625] nvme_rdma.c:2525:nvme_rdma_poller_create: *NOTICE*: Created SRQ 0x7f3448008bf8, device mlx5_1
3: [2021-10-01 16:58:47.240633] nvme_rdma.c:1020:nvme_rdma_create_resources: *NOTICE*: Created resources: qp (nil), poller 0x7f344c000b30, num_entries 128
3: [2021-10-01 16:58:47.240714] nvme_rdma.c: 928:nvme_rdma_register_rsps: *NOTICE*: res->poller->pd: 0x7f3448000fc0
3: [2021-10-01 16:58:47.240782] nvme_rdma.c:1020:nvme_rdma_create_resources: *NOTICE*: Created resources: qp (nil), poller 0x7f3448008900, num_entries 128
3: [2021-10-01 16:58:47.240828] nvme_rdma.c:2525:nvme_rdma_poller_create: *NOTICE*: Created SRQ 0x7f345c000e58, device mlx5_0
3: [2021-10-01 16:58:47.240881] nvme_rdma.c: 928:nvme_rdma_register_rsps: *NOTICE*: res->poller->pd: 0x7f345c000e20
3: [2021-10-01 16:58:47.240954] nvme_rdma.c:1020:nvme_rdma_create_resources: *NOTICE*: Created resources: qp (nil), poller 0x7f345c000b30, num_entries 128
3: [2021-10-01 16:58:47.241174] nvme_rdma.c:2525:nvme_rdma_poller_create: *NOTICE*: Created SRQ 0x7f343c000e68, device mlx5_0
3: [2021-10-01 16:58:47.241192] nvme_rdma.c:2525:nvme_rdma_poller_create: *NOTICE*: Created SRQ 0x7f3478008bf8, device mlx5_1
3: [2021-10-01 16:58:47.241235] nvme_rdma.c: 928:nvme_rdma_register_rsps: *NOTICE*: res->poller->pd: 0x7f3478000fc0
3: [2021-10-01 16:58:47.241244] nvme_rdma.c: 928:nvme_rdma_register_rsps: *NOTICE*: res->poller->pd: 0x7f343c000e30
3: [2021-10-01 16:58:47.241291] nvme_rdma.c:1020:nvme_rdma_create_resources: *NOTICE*: Created resources: qp (nil), poller 0x7f3478008900, num_entries 128
3: [2021-10-01 16:58:47.241317] nvme_rdma.c:1020:nvme_rdma_create_resources: *NOTICE*: Created resources: qp (nil), poller 0x7f343c000b40, num_entries 128
3: [2021-10-01 16:58:47.241467] nvme_rdma.c:2525:nvme_rdma_poller_create: *NOTICE*: Created SRQ 0x7f3450000e58, device mlx5_0
3: [2021-10-01 16:58:47.241502] nvme_rdma.c: 928:nvme_rdma_register_rsps: *NOTICE*: res->poller->pd: 0x7f3450000e20
3: [2021-10-01 16:58:47.241546] nvme_rdma.c:1020:nvme_rdma_create_resources: *NOTICE*: Created resources: qp (nil), poller 0x7f3450000b30, num_entries 128
3: [2021-10-01 16:58:47.241708] nvme_rdma.c:2525:nvme_rdma_poller_create: *NOTICE*: Created SRQ 0x7f3468008bf8, device mlx5_1
0: [2021-10-01 16:58:47.241804] rdma.c:2990:nvmf_process_cm_event: *NOTICE*: In RDMA_CM_EVENT_CONNECT_REQUEST
0: mlx5dv_reserved_qpn_alloc 1 1
0: [2021-10-01 16:58:47.241826] rdma.c:2990:nvmf_process_cm_event: *NOTICE*: In RDMA_CM_EVENT_CONNECT_REQUEST
3: [2021-10-01 16:58:47.241713] nvme_rdma.c:2525:nvme_rdma_poller_create: *NOTICE*: Created SRQ 0x7f3440000e68, device mlx5_0
0: mlx5dv_reserved_qpn_alloc 1 1
3: [2021-10-01 16:58:47.241766] nvme_rdma.c: 928:nvme_rdma_register_rsps: *NOTICE*: res->poller->pd: 0x7f3440000e30
3: [2021-10-01 16:58:47.241776] nvme_rdma.c: 928:nvme_rdma_register_rsps: *NOTICE*: res->poller->pd: 0x7f3468000fc0
0: [2021-10-01 16:58:47.241847] rdma.c:2990:nvmf_process_cm_event: *NOTICE*: In RDMA_CM_EVENT_CONNECT_REQUEST
0: mlx5dv_reserved_qpn_alloc 1 1
3: [2021-10-01 16:58:47.241835] nvme_rdma.c:1020:nvme_rdma_create_resources: *NOTICE*: Created resources: qp (nil), poller 0x7f3440000b40, num_entries 128
3: [2021-10-01 16:58:47.241847] nvme_rdma.c:1020:nvme_rdma_create_resources: *NOTICE*: Created resources: qp (nil), poller 0x7f3468008900, num_entries 128
0: [2021-10-01 16:58:47.241895] nvme_rdma.c:1386:_nvme_rdma_ctrlr_connect_qpair: *NOTICE*: Connect rdma qpair: pg 0x7f6944000ab0, srq depth 128
4: [2021-10-01 16:58:47.241928] nvme_rdma.c:1386:_nvme_rdma_ctrlr_connect_qpair: *NOTICE*: Connect rdma qpair: pg 0x7fc33c000a90, srq depth 128
2: [2021-10-01 16:58:47.241919] nvme_rdma.c:1386:_nvme_rdma_ctrlr_connect_qpair: *NOTICE*: Connect rdma qpair: pg 0x7f2d30000a90, srq depth 128
3: [2021-10-01 16:58:47.241960] nvme_rdma.c:2525:nvme_rdma_poller_create: *NOTICE*: Created SRQ 0x7f3458000e68, device mlx5_0
3: [2021-10-01 16:58:47.241988] nvme_rdma.c: 928:nvme_rdma_register_rsps: *NOTICE*: res->poller->pd: 0x7f3458000e30
3: [2021-10-01 16:58:47.242026] nvme_rdma.c:1020:nvme_rdma_create_resources: *NOTICE*: Created resources: qp (nil), poller 0x7f3458000b40, num_entries 128
3: [2021-10-01 16:58:47.242235] nvme_rdma.c:2525:nvme_rdma_poller_create: *NOTICE*: Created SRQ 0x7f3470008bf8, device mlx5_1
3: [2021-10-01 16:58:47.242249] nvme_rdma.c:2525:nvme_rdma_poller_create: *NOTICE*: Created SRQ 0x7f3434000e68, device mlx5_0
3: [2021-10-01 16:58:47.242268] nvme_rdma.c: 928:nvme_rdma_register_rsps: *NOTICE*: res->poller->pd: 0x7f3470000fc0
3: [2021-10-01 16:58:47.242273] nvme_rdma.c: 928:nvme_rdma_register_rsps: *NOTICE*: res->poller->pd: 0x7f3434000e30
3: [2021-10-01 16:58:47.242325] nvme_rdma.c:1020:nvme_rdma_create_resources: *NOTICE*: Created resources: qp (nil), poller 0x7f3470008900, num_entries 128
3: [2021-10-01 16:58:47.242331] nvme_rdma.c:1020:nvme_rdma_create_resources: *NOTICE*: Created resources: qp (nil), poller 0x7f3434000b40, num_entries 128
3: [2021-10-01 16:58:47.242503] nvme_rdma.c:2525:nvme_rdma_poller_create: *NOTICE*: Created SRQ 0x7f3424000e68, device mlx5_0
3: [2021-10-01 16:58:47.242522] nvme_rdma.c: 928:nvme_rdma_register_rsps: *NOTICE*: res->poller->pd: 0x7f3424000e30
3: [2021-10-01 16:58:47.242564] nvme_rdma.c:1020:nvme_rdma_create_resources: *NOTICE*: Created resources: qp (nil), poller 0x7f3424000b40, num_entries 128
3: [2021-10-01 16:58:47.242648] nvme_rdma.c:2525:nvme_rdma_poller_create: *NOTICE*: Created SRQ 0x7f341c008bf8, device mlx5_1
3: [2021-10-01 16:58:47.242680] nvme_rdma.c: 928:nvme_rdma_register_rsps: *NOTICE*: res->poller->pd: 0x7f341c000fd0
3: [2021-10-01 16:58:47.242704] nvme_rdma.c:2525:nvme_rdma_poller_create: *NOTICE*: Created SRQ 0x7f342c000e68, device mlx5_0
3: [2021-10-01 16:58:47.242731] nvme_rdma.c: 928:nvme_rdma_register_rsps: *NOTICE*: res->poller->pd: 0x7f342c000e30
3: [2021-10-01 16:58:47.242744] nvme_rdma.c:1020:nvme_rdma_create_resources: *NOTICE*: Created resources: qp (nil), poller 0x7f341c008900, num_entries 128
3: [2021-10-01 16:58:47.242763] nvme_rdma.c:1020:nvme_rdma_create_resources: *NOTICE*: Created resources: qp (nil), poller 0x7f342c000b40, num_entries 128
3: [2021-10-01 16:58:47.242953] nvme_rdma.c:2525:nvme_rdma_poller_create: *NOTICE*: Created SRQ 0x7f3460008bf8, device mlx5_1
3: [2021-10-01 16:58:47.242982] nvme_rdma.c: 928:nvme_rdma_register_rsps: *NOTICE*: res->poller->pd: 0x7f3460000fc0
1: Initializing NVMe Controllers
1: Attached to NVMe over Fabrics controller at 65.65.65.131:4420: nqn.2016-06.io.spdk:cnode1
1: Controller attach time is 19634.714 us (54780852 ticks)
1: Associating RDMA (addr:65.65.65.131 subnqn:nqn.2016-06.io.spdk:cnode1) NSID 1 with lcore 0
1: Associating RDMA (addr:65.65.65.131 subnqn:nqn.2016-06.io.spdk:cnode1) NSID 1 with lcore 1
1: Associating RDMA (addr:65.65.65.131 subnqn:nqn.2016-06.io.spdk:cnode1) NSID 1 with lcore 2
1: Associating RDMA (addr:65.65.65.131 subnqn:nqn.2016-06.io.spdk:cnode1) NSID 1 with lcore 3
1: Associating RDMA (addr:65.65.65.131 subnqn:nqn.2016-06.io.spdk:cnode1) NSID 1 with lcore 4
1: Associating RDMA (addr:65.65.65.131 subnqn:nqn.2016-06.io.spdk:cnode1) NSID 1 with lcore 5
1: Associating RDMA (addr:65.65.65.131 subnqn:nqn.2016-06.io.spdk:cnode1) NSID 1 with lcore 6
1: Associating RDMA (addr:65.65.65.131 subnqn:nqn.2016-06.io.spdk:cnode1) NSID 1 with lcore 7
1: Associating RDMA (addr:65.65.65.131 subnqn:nqn.2016-06.io.spdk:cnode1) NSID 1 with lcore 8
3: [2021-10-01 16:58:47.243021] nvme_rdma.c:1020:nvme_rdma_create_resources: *NOTICE*: Created resources: qp (nil), poller 0x7f3460008900, num_entries 128
1: Associating RDMA (addr:65.65.65.131 subnqn:nqn.2016-06.io.spdk:cnode1) NSID 1 with lcore 9
1: Associating RDMA (addr:65.65.65.131 subnqn:nqn.2016-06.io.spdk:cnode1) NSID 1 with lcore 10
1: Associating RDMA (addr:65.65.65.131 subnqn:nqn.2016-06.io.spdk:cnode1) NSID 1 with lcore 11
1: Associating RDMA (addr:65.65.65.131 subnqn:nqn.2016-06.io.spdk:cnode1) NSID 1 with lcore 12
1: Associating RDMA (addr:65.65.65.131 subnqn:nqn.2016-06.io.spdk:cnode1) NSID 1 with lcore 13
1: Associating RDMA (addr:65.65.65.131 subnqn:nqn.2016-06.io.spdk:cnode1) NSID 1 with lcore 14
1: Associating RDMA (addr:65.65.65.131 subnqn:nqn.2016-06.io.spdk:cnode1) NSID 1 with lcore 15
1: Associating RDMA (addr:65.65.65.131 subnqn:nqn.2016-06.io.spdk:cnode1) NSID 1 with lcore 16
1: Associating RDMA (addr:65.65.65.131 subnqn:nqn.2016-06.io.spdk:cnode1) NSID 1 with lcore 17
1: Associating RDMA (addr:65.65.65.131 subnqn:nqn.2016-06.io.spdk:cnode1) NSID 1 with lcore 18
1: Associating RDMA (addr:65.65.65.131 subnqn:nqn.2016-06.io.spdk:cnode1) NSID 1 with lcore 19
1: Associating RDMA (addr:65.65.65.131 subnqn:nqn.2016-06.io.spdk:cnode1) NSID 1 with lcore 20
1: Associating RDMA (addr:65.65.65.131 subnqn:nqn.2016-06.io.spdk:cnode1) NSID 1 with lcore 21
1: Associating RDMA (addr:65.65.65.131 subnqn:nqn.2016-06.io.spdk:cnode1) NSID 1 with lcore 22
1: Associating RDMA (addr:65.65.65.131 subnqn:nqn.2016-06.io.spdk:cnode1) NSID 1 with lcore 23
1: Associating RDMA (addr:65.65.65.131 subnqn:nqn.2016-06.io.spdk:cnode1) NSID 1 with lcore 24
1: Associating RDMA (addr:65.65.65.131 subnqn:nqn.2016-06.io.spdk:cnode1) NSID 1 with lcore 25
1: Associating RDMA (addr:65.65.65.131 subnqn:nqn.2016-06.io.spdk:cnode1) NSID 1 with lcore 26
1: Associating RDMA (addr:65.65.65.131 subnqn:nqn.2016-06.io.spdk:cnode1) NSID 1 with lcore 27
1: Associating RDMA (addr:65.65.65.131 subnqn:nqn.2016-06.io.spdk:cnode1) NSID 1 with lcore 28
1: Associating RDMA (addr:65.65.65.131 subnqn:nqn.2016-06.io.spdk:cnode1) NSID 1 with lcore 29
1: Associating RDMA (addr:65.65.65.131 subnqn:nqn.2016-06.io.spdk:cnode1) NSID 1 with lcore 30
1: Associating RDMA (addr:65.65.65.131 subnqn:nqn.2016-06.io.spdk:cnode1) NSID 1 with lcore 31
1: Associating RDMA (addr:65.65.65.131 subnqn:nqn.2016-06.io.spdk:cnode1) NSID 1 with lcore 32
1: Associating RDMA (addr:65.65.65.131 subnqn:nqn.2016-06.io.spdk:cnode1) NSID 1 with lcore 33
1: Associating RDMA (addr:65.65.65.131 subnqn:nqn.2016-06.io.spdk:cnode1) NSID 1 with lcore 34
1: Associating RDMA (addr:65.65.65.131 subnqn:nqn.2016-06.io.spdk:cnode1) NSID 1 with lcore 35
1: Associating RDMA (addr:65.65.65.131 subnqn:nqn.2016-06.io.spdk:cnode1) NSID 1 with lcore 36
1: Associating RDMA (addr:65.65.65.131 subnqn:nqn.2016-06.io.spdk:cnode1) NSID 1 with lcore 37
1: Associating RDMA (addr:65.65.65.131 subnqn:nqn.2016-06.io.spdk:cnode1) NSID 1 with lcore 38
1: Associating RDMA (addr:65.65.65.131 subnqn:nqn.2016-06.io.spdk:cnode1) NSID 1 with lcore 39
1: Associating RDMA (addr:65.65.65.131 subnqn:nqn.2016-06.io.spdk:cnode1) NSID 1 with lcore 40
1: Associating RDMA (addr:65.65.65.131 subnqn:nqn.2016-06.io.spdk:cnode1) NSID 1 with lcore 41
3: [2021-10-01 16:58:47.243373] nvme_rdma.c:2525:nvme_rdma_poller_create: *NOTICE*: Created SRQ 0x7f3464008bf8, device mlx5_1
3: [2021-10-01 16:58:47.243393] nvme_rdma.c: 928:nvme_rdma_register_rsps: *NOTICE*: res->poller->pd: 0x7f3464000fc0
3: [2021-10-01 16:58:47.243435] nvme_rdma.c:1020:nvme_rdma_create_resources: *NOTICE*: Created resources: qp (nil), poller 0x7f3464008900, num_entries 128
3: [2021-10-01 16:58:47.243568] nvme_rdma.c:2525:nvme_rdma_poller_create: *NOTICE*: Created SRQ 0x7f342c008c18, device mlx5_1
3: [2021-10-01 16:58:47.243592] nvme_rdma.c: 928:nvme_rdma_register_rsps: *NOTICE*: res->poller->pd: 0x7f342c000fd0
3: [2021-10-01 16:58:47.243624] nvme_rdma.c:1020:nvme_rdma_create_resources: *NOTICE*: Created resources: qp (nil), poller 0x7f342c008920, num_entries 128
3: [2021-10-01 16:58:47.244388] nvme_rdma.c:2525:nvme_rdma_poller_create: *NOTICE*: Created SRQ 0x7f346c001bf8, device mlx5_1
3: [2021-10-01 16:58:47.244410] nvme_rdma.c: 928:nvme_rdma_register_rsps: *NOTICE*: res->poller->pd: 0x7f346c000b30
3: [2021-10-01 16:58:47.244447] nvme_rdma.c:1020:nvme_rdma_create_resources: *NOTICE*: Created resources: qp (nil), poller 0x7f346c001900, num_entries 128
3: [2021-10-01 16:58:47.244636] nvme_rdma.c:2525:nvme_rdma_poller_create: *NOTICE*: Created SRQ 0x7f344c008bf8, device mlx5_1
3: [2021-10-01 16:58:47.244661] nvme_rdma.c: 928:nvme_rdma_register_rsps: *NOTICE*: res->poller->pd: 0x7f344c000fc0
3: [2021-10-01 16:58:47.244696] nvme_rdma.c:1020:nvme_rdma_create_resources: *NOTICE*: Created resources: qp (nil), poller 0x7f344c008900, num_entries 128
3: mlx5dv_reserved_qpn_alloc 1 1
3: [2021-10-01 16:58:47.244846] nvme_rdma.c:2525:nvme_rdma_poller_create: *NOTICE*: Created SRQ 0x7f3444008bf8, device mlx5_1
3: [2021-10-01 16:58:47.244869] nvme_rdma.c: 928:nvme_rdma_register_rsps: *NOTICE*: res->poller->pd: 0x7f3444000fc0
3: [2021-10-01 16:58:47.244934] nvme_rdma.c:1020:nvme_rdma_create_resources: *NOTICE*: Created resources: qp (nil), poller 0x7f3444008900, num_entries 128
3: [2021-10-01 16:58:47.245047] nvme_rdma.c:2525:nvme_rdma_poller_create: *NOTICE*: Created SRQ 0x7f345c008bf8, device mlx5_1
3: [2021-10-01 16:58:47.245077] nvme_rdma.c: 928:nvme_rdma_register_rsps: *NOTICE*: res->poller->pd: 0x7f345c000fc0
3: [2021-10-01 16:58:47.245115] nvme_rdma.c:1020:nvme_rdma_create_resources: *NOTICE*: Created resources: qp (nil), poller 0x7f345c008900, num_entries 128
2: mlx5dv_reserved_qpn_alloc 1 1
0: mlx5dv_reserved_qpn_alloc 1 1
3: [2021-10-01 16:58:47.245324] nvme_rdma.c:2525:nvme_rdma_poller_create: *NOTICE*: Created SRQ 0x7f343c008bf8, device mlx5_1
3: [2021-10-01 16:58:47.245345] nvme_rdma.c: 928:nvme_rdma_register_rsps: *NOTICE*: res->poller->pd: 0x7f343c000fd0
3: [2021-10-01 16:58:47.245383] nvme_rdma.c:1020:nvme_rdma_create_resources: *NOTICE*: Created resources: qp (nil), poller 0x7f343c008900, num_entries 128
3: [2021-10-01 16:58:47.245632] nvme_rdma.c:2525:nvme_rdma_poller_create: *NOTICE*: Created SRQ 0x7f3450008bf8, device mlx5_1
3: [2021-10-01 16:58:47.245661] nvme_rdma.c: 928:nvme_rdma_register_rsps: *NOTICE*: res->poller->pd: 0x7f3450000fc0
3: [2021-10-01 16:58:47.245698] nvme_rdma.c:1020:nvme_rdma_create_resources: *NOTICE*: Created resources: qp (nil), poller 0x7f3450008900, num_entries 128
3: [2021-10-01 16:58:47.245864] nvme_rdma.c:2525:nvme_rdma_poller_create: *NOTICE*: Created SRQ 0x7f3440008bf8, device mlx5_1
3: [2021-10-01 16:58:47.245897] nvme_rdma.c: 928:nvme_rdma_register_rsps: *NOTICE*: res->poller->pd: 0x7f3440000fd0
3: [2021-10-01 16:58:47.245926] nvme_rdma.c:1020:nvme_rdma_create_resources: *NOTICE*: Created resources: qp (nil), poller 0x7f3440008900, num_entries 128
3: [2021-10-01 16:58:47.246075] nvme_rdma.c:2525:nvme_rdma_poller_create: *NOTICE*: Created SRQ 0x7f3458008bf8, device mlx5_1
4: mlx5dv_reserved_qpn_alloc 1 1
1: Associating RDMA (addr:65.65.65.131 subnqn:nqn.2016-06.io.spdk:cno[2021-10-01 16:58:47.246089] nvme_rdma.c:2525:nvme_rdma_poller_create: *NOTICE*: Created SRQ 0x7fe9a8000e58, device mlx5_0
3: [2021-10-01 16:58:47.246091] nvme_rdma.c: 928:nvme_rdma_register_rsps: *NOTICE*: res->poller->pd: 0x7f3458000fd0
3: [2021-10-01 16:58:47.246127] nvme_rdma.c:1020:nvme_rdma_create_resources: *NOTICE*: Created resources: qp (nil), poller 0x7f3458008900, num_entries 128
3: [2021-10-01 16:58:47.246366] nvme_rdma.c:2525:nvme_rdma_poller_create: *NOTICE*: Created SRQ 0x7f3434008bf8, device mlx5_1
3: [2021-10-01 16:58:47.246383] nvme_rdma.c: 928:nvme_rdma_register_rsps: *NOTICE*: res->poller->pd: 0x7f3434000fd0
1: [2021-10-01 16:58:47.246166] nvme_rdma.c: 928:nvme_rdma_register_rsps: *NOTICE*: res->poller->pd: 0x7fe9a8000e20
1: [2021-10-01 16:58:47.246245] nvme_rdma.c:1020:nvme_rdma_create_resources: *NOTICE*: Created resources: qp (nil), poller 0x7fe9a8000b30, num_entries 128
1: [2021-10-01 16:58:47.246405] nvme_rdma.c:2525:nvme_rdma_poller_create: *NOTICE*: Created SRQ 0x7fe9a4000e58, device mlx5_0
3: [2021-10-01 16:58:47.246411] nvme_rdma.c:1020:nvme_rdma_create_resources: *NOTICE*: Created resources: qp (nil), poller 0x7f3434008900, num_entries 128
3: [2021-10-01 16:58:47.246567] nvme_rdma.c:2525:nvme_rdma_poller_create: *NOTICE*: Created SRQ 0x7f3424008bf8, device mlx5_1
1: [2021-10-01 16:58:47.246549] nvme_rdma.c: 928:nvme_rdma_register_rsps: *NOTICE*: res->poller->pd: 0x7fe9a4000e20
3: [2021-10-01 16:58:47.246581] nvme_rdma.c: 928:nvme_rdma_register_rsps: *NOTICE*: res->poller->pd: 0x7f3424000fd0
1: [2021-10-01 16:58:47.246651] nvme_rdma.c:1020:nvme_rdma_create_resources: *NOTICE*: Created resources: qp (nil), poller 0x7fe9a4000b30, num_entries 128
3: [2021-10-01 16:58:47.246616] nvme_rdma.c:1020:nvme_rdma_create_resources: *NOTICE*: Created resources: qp (nil), poller 0x7f3424008900, num_entries 128
1: [2021-10-01 16:58:47.246685] nvme_rdma.c:2525:nvme_rdma_poller_create: *NOTICE*: Created SRQ 0x7fe988000e58, device mlx5_0
1: [2021-10-01 16:58:47.246743] nvme_rdma.c: 928:nvme_rdma_register_rsps: *NOTICE*: res->poller->pd: 0x7fe988000e20
3: [2021-10-01 16:58:47.246770] nvme_rdma.c:2525:nvme_rdma_poller_create: *NOTICE*: Created SRQ 0x7f3454008bf8, device mlx5_1
3: [2021-10-01 16:58:47.246789] nvme_rdma.c: 928:nvme_rdma_register_rsps: *NOTICE*: res->poller->pd: 0x7f3454000fc0
3: [2021-10-01 16:58:47.246825] nvme_rdma.c:1020:nvme_rdma_create_resources: *NOTICE*: Created resources: qp (nil), poller 0x7f3454008900, num_entries 128
1: [2021-10-01 16:58:47.246955] nvme_rdma.c:2525:nvme_rdma_poller_create: *NOTICE*: Created SRQ 0x7fe998000e58, device mlx5_0
1: [2021-10-01 16:58:47.247136] nvme_rdma.c: 928:nvme_rdma_register_rsps: *NOTICE*: res->poller->pd: 0x7fe998000e20
1: [2021-10-01 16:58:47.247163] nvme_rdma.c:1020:nvme_rdma_create_resources: *NOTICE*: Created resources: qp (nil), poller 0x7fe988000b30, num_entries 128
1: [2021-10-01 16:58:47.247308] nvme_rdma.c:2525:nvme_rdma_poller_create: *NOTICE*: Created SRQ 0x7fe990000e58, device mlx5_0
1: [2021-10-01 16:58:47.247364] nvme_rdma.c:1020:nvme_rdma_create_resources: *NOTICE*: Created resources: qp (nil), poller 0x7fe998000b30, num_entries 128
1: [2021-10-01 16:58:47.247377] nvme_rdma.c: 928:nvme_rdma_register_rsps: *NOTICE*: res->poller->pd: 0x7fe990000e20
1: [2021-10-01 16:58:47.247489] nvme_rdma.c:1020:nvme_rdma_create_resources: *NOTICE*: Created resources: qp (nil), poller 0x7fe990000b30, num_entries 128
1: [2021-10-01 16:58:47.247568] nvme_rdma.c:2525:nvme_rdma_poller_create: *NOTICE*: Created SRQ 0x7fe98c000e58, device mlx5_0
1: [2021-10-01 16:58:47.247748] nvme_rdma.c: 928:nvme_rdma_register_rsps: *NOTICE*: res->poller->pd: 0x7fe98c000e20
1: [2021-10-01 16:58:47.247921] nvme_rdma.c:1020:nvme_rdma_create_resources: *NOTICE*: Created resources: qp (nil), poller 0x7fe98c000b30, num_entries 128
1: [2021-10-01 16:58:47.247932] nvme_rdma.c:2525:nvme_rdma_poller_create: *NOTICE*: Created SRQ 0x7fe97c000e58, device mlx5_0
1: [2021-10-01 16:58:47.248014] nvme_rdma.c: 928:nvme_rdma_register_rsps: *NOTICE*: res->poller->pd: 0x7fe97c000e20
1: [2021-10-01 16:58:47.248198] nvme_rdma.c:1020:nvme_rdma_create_resources: *NOTICE*: Created resources: qp (nil), poller 0x7fe97c000b30, num_entries 128
1: [2021-10-01 16:58:47.248254] nvme_rdma.c:2525:nvme_rdma_poller_create: *NOTICE*: Created SRQ 0x7fe970000e58, device mlx5_0
1: [2021-10-01 16:58:47.248317] nvme_rdma.c: 928:nvme_rdma_register_rsps: *NOTICE*: res->poller->pd: 0x7fe970000e20
1: [2021-10-01 16:58:47.248419] nvme_rdma.c:1020:nvme_rdma_create_resources: *NOTICE*: Created resources: qp (nil), poller 0x7fe970000b30, num_entries 128
1: [2021-10-01 16:58:47.248628] nvme_rdma.c:2525:nvme_rdma_poller_create: *NOTICE*: Created SRQ 0x7fe938000e68, device mlx5_0
1: [2021-10-01 16:58:47.248862] nvme_rdma.c: 928:nvme_rdma_register_rsps: *NOTICE*: res->poller->pd: 0x7fe938000e30
1: [2021-10-01 16:58:47.249036] nvme_rdma.c:1020:nvme_rdma_create_resources: *NOTICE*: Created resources: qp (nil), poller 0x7fe938000b40, num_entries 128
1: [2021-10-01 16:58:47.249149] nvme_rdma.c:2525:nvme_rdma_poller_create: *NOTICE*: Created SRQ 0x7fe980000e58, device mlx5_0
1: [2021-10-01 16:58:47.249579] nvme_rdma.c: 928:nvme_rdma_register_rsps: *NOTICE*: res->poller->pd: 0x7fe980000e20
1: [2021-10-01 16:58:47.249653] nvme_rdma.c:2525:nvme_rdma_poller_create: *NOTICE*: Created SRQ 0x7fe9a8008c68, device mlx5_1
1: [2021-10-01 16:58:47.249746] nvme_rdma.c: 928:nvme_rdma_register_rsps: *NOTICE*: res->poller->pd: 0x7fe9a8000fc0
1: [2021-10-01 16:58:47.249804] nvme_rdma.c:1020:nvme_rdma_create_resources: *NOTICE*: Created resources: qp (nil), poller 0x7fe980000b30, num_entries 128
1: [2021-10-01 16:58:47.249815] nvme_rdma.c:2525:nvme_rdma_poller_create: *NOTICE*: Created SRQ 0x7fe964000ed8, device mlx5_0
1: [2021-10-01 16:58:47.249898] nvme_rdma.c: 928:nvme_rdma_register_rsps: *NOTICE*: res->poller->pd: 0x7fe964000b00
1: [2021-10-01 16:58:47.249938] nvme_rdma.c:1020:nvme_rdma_create_resources: *NOTICE*: Created resources: qp (nil), poller 0x7fe9a8008900, num_entries 128
1: [2021-10-01 16:58:47.250077] nvme_rdma.c:2525:nvme_rdma_poller_create: *NOTICE*: Created SRQ 0x7fe96c000e58, device mlx5_0
1: [2021-10-01 16:58:47.250388] nvme_rdma.c:1020:nvme_rdma_create_resources: *NOTICE*: Created resources: qp (nil), poller 0x7fe964000be0, num_entries 128
1: [2021-10-01 16:58:47.250439] nvme_rdma.c: 928:nvme_rdma_register_rsps: *NOTICE*: res->poller->pd: 0x7fe96c000e20
1: [2021-10-01 16:58:47.250629] nvme_rdma.c:1020:nvme_rdma_create_resources: *NOTICE*: Created resources: qp (nil), poller 0x7fe96c000b30, num_entries 128
1: [2021-10-01 16:58:47.250708] nvme_rdma.c:2525:nvme_rdma_poller_create: *NOTICE*: Created SRQ 0x7fe960000e58, device mlx5_0
1: [2021-10-01 16:58:47.250969] nvme_rdma.c:2525:nvme_rdma_poller_create: *NOTICE*: Created SRQ 0x7fe9a4008bf8, device mlx5_1
1: [2021-10-01 16:58:47.250992] nvme_rdma.c: 928:nvme_rdma_register_rsps: *NOTICE*: res->poller->pd: 0x7fe9a4000fc0
1: [2021-10-01 16:58:47.251002] nvme_rdma.c: 928:nvme_rdma_register_rsps: *NOTICE*: res->poller->pd: 0x7fe960000e20
1: [2021-10-01 16:58:47.251124] nvme_rdma.c:1020:nvme_rdma_create_resources: *NOTICE*: Created resources: qp (nil), poller 0x7fe9a4008900, num_entries 128
1: [2021-10-01 16:58:47.251156] nvme_rdma.c:1020:nvme_rdma_create_resources: *NOTICE*: Created resources: qp (nil), poller 0x7fe960000b30, num_entries 128
1: [2021-10-01 16:58:47.251266] nvme_rdma.c:2525:nvme_rdma_poller_create: *NOTICE*: Created SRQ 0x7fe99c000e58, device mlx5_0
1: [2021-10-01 16:58:47.251289] nvme_rdma.c:2525:nvme_rdma_poller_create: *NOTICE*: Created SRQ 0x7fe988008bf8, device mlx5_1
1: [2021-10-01 16:58:47.251435] nvme_rdma.c: 928:nvme_rdma_register_rsps: *NOTICE*: res->poller->pd: 0x7fe99c000e20
1: [2021-10-01 16:58:47.251445] nvme_rdma.c: 928:nvme_rdma_register_rsps: *NOTICE*: res->poller->pd: 0x7fe988000fc0
1: [2021-10-01 16:58:47.251675] nvme_rdma.c:1020:nvme_rdma_create_resources: *NOTICE*: Created resources: qp (nil), poller 0x7fe99c000b30, num_entries 128
0: [2021-10-01 16:58:47.251784] rdma.c:2990:nvmf_process_cm_event: *NOTICE*: In RDMA_CM_EVENT_CONNECT_REQUEST
1: [2021-10-01 16:58:47.251742] nvme_rdma.c:1020:nvme_rdma_create_resources: *NOTICE*: Created resources: qp (nil), poller 0x7fe988008900, num_entries 128
0: [2021-10-01 16:58:47.251801] rdma.c:2990:nvmf_process_cm_event: *NOTICE*: In RDMA_CM_EVENT_CONNECT_REQUEST
0: mlx5dv_reserved_qpn_alloc 1 1
0: [2021-10-01 16:58:47.251813] rdma.c:2990:nvmf_process_cm_event: *NOTICE*: In RDMA_CM_EVENT_CONNECT_REQUEST
0: mlx5dv_reserved_qpn_alloc 1 1
0: [2021-10-01 16:58:47.251826] rdma.c:2990:nvmf_process_cm_event: *NOTICE*: In RDMA_CM_EVENT_CONNECT_REQUEST
0: mlx5dv_reserved_qpn_alloc 1 1
0: mlx5dv_reserved_qpn_alloc 1 1
1: [2021-10-01 16:58:47.251750] nvme_rdma.c:2525:nvme_rdma_poller_create: *NOTICE*: Created SRQ 0x7fe968000e58, device mlx5_0
1: [2021-10-01 16:58:47.251820] nvme_rdma.c:2525:nvme_rdma_poller_create: *NOTICE*: Created SRQ 0x7fe998008bf8, device mlx5_1
1: [2021-10-01 16:58:47.251841] nvme_rdma.c: 928:nvme_rdma_register_rsps: *NOTICE*: res->poller->pd: 0x7fe968000e20
0: [2021-10-01 16:58:47.251894] nvme_rdma.c:1386:_nvme_rdma_ctrlr_connect_qpair: *NOTICE*: Connect rdma qpair: pg 0x7f693c000ab0, srq depth 128
2: [2021-10-01 16:58:47.251878] nvme_rdma.c:1386:_nvme_rdma_ctrlr_connect_qpair: *NOTICE*: Connect rdma qpair: pg 0x7f2d3c000a90, srq depth 128
4: [2021-10-01 16:58:47.251914] nvme_rdma.c:1386:_nvme_rdma_ctrlr_connect_qpair: *NOTICE*: Connect rdma qpair: pg 0x7fc330000a90, srq depth 128
3: [2021-10-01 16:58:47.251943] nvme_rdma.c:1386:_nvme_rdma_ctrlr_connect_qpair: *NOTICE*: Connect rdma qpair: pg 0x7f3484000a90, srq depth 128
1: [2021-10-01 16:58:47.252011] nvme_rdma.c:2525:nvme_rdma_poller_create: *NOTICE*: Created SRQ 0x7fe950000e68, device mlx5_0
1: [2021-10-01 16:58:47.252216] nvme_rdma.c: 928:nvme_rdma_register_rsps: *NOTICE*: res->poller->pd: 0x7fe950000e30
1: [2021-10-01 16:58:47.252234] nvme_rdma.c: 928:nvme_rdma_register_rsps: *NOTICE*: res->poller->pd: 0x7fe998000fc0
1: [2021-10-01 16:58:47.252390] nvme_rdma.c:2525:nvme_rdma_poller_create: *NOTICE*: Created SRQ 0x7fe990008bf8, device mlx5_1
1: [2021-10-01 16:58:47.252391] nvme_rdma.c:1020:nvme_rdma_create_resources: *NOTICE*: Created resources: qp (nil), poller 0x7fe968000b30, num_entries 128
1: [2021-10-01 16:58:47.252478] nvme_rdma.c:1020:nvme_rdma_create_resources: *NOTICE*: Created resources: qp (nil), poller 0x7fe950000b40, num_entries 128
1: [2021-10-01 16:58:47.252487] nvme_rdma.c: 928:nvme_rdma_register_rsps: *NOTICE*: res->poller->pd: 0x7fe990000fc0
1: [2021-10-01 16:58:47.252513] nvme_rdma.c:1020:nvme_rdma_create_resources: *NOTICE*: Created resources: qp (nil), poller 0x7fe998008900, num_entries 128
1: [2021-10-01 16:58:47.252621] nvme_rdma.c:1020:nvme_rdma_create_resources: *NOTICE*: Created resources: qp (nil), poller 0x7fe990008900, num_entries 128
1: [2021-10-01 16:58:47.252989] nvme_rdma.c:2525:nvme_rdma_poller_create: *NOTICE*: Created SRQ 0x7fe954000e68, device mlx5_0
1: [2021-10-01 16:58:47.253059] nvme_rdma.c: 928:nvme_rdma_register_rsps: *NOTICE*: res->poller->pd: 0x7fe954000e30
1: [2021-10-01 16:58:47.253265] nvme_rdma.c:1020:nvme_rdma_create_resources: *NOTICE*: Created resources: qp (nil), poller 0x7fe954000b40, num_entries 128
1: [2021-10-01 16:58:47.253266] nvme_rdma.c:2525:nvme_rdma_poller_create: *NOTICE*: Created SRQ 0x7fe98c008bf8, device mlx5_1
1: [2021-10-01 16:58:47.253358] nvme_rdma.c: 928:nvme_rdma_register_rsps: *NOTICE*: res->poller->pd: 0x7fe98c000fc0
1: [2021-10-01 16:58:47.253365] nvme_rdma.c:2525:nvme_rdma_poller_create: *NOTICE*: Created SRQ 0x7fe94c000e68, device mlx5_0
1: [2021-10-01 16:58:47.253474] nvme_rdma.c: 928:nvme_rdma_register_rsps: *NOTICE*: res->poller->pd: 0x7fe94c000e30
1: [2021-10-01 16:58:47.253511] nvme_rdma.c:1020:nvme_rdma_create_resources: *NOTICE*: Created resources: qp (nil), poller 0x7fe98c008900, num_entries 128
1: [2021-10-01 16:58:47.253636] nvme_rdma.c:2525:nvme_rdma_poller_create: *NOTICE*: Created SRQ 0x7fe97c008bf8, device mlx5_1
3: [2021-10-01 16:58:47.253736] nvme_rdma.c:2525:nvme_rdma_poller_create: *NOTICE*: Created SRQ 0x7f3474000e58, device mlx5_0
3: [2021-10-01 16:58:47.253766] nvme_rdma.c: 928:nvme_rdma_register_rsps: *NOTICE*: res->poller->pd: 0x7f3474000e20
1: [2021-10-01 16:58:47.253834] nvme_rdma.c: 928:nvme_rdma_register_rsps: *NOTICE*: res->poller->pd: 0x7fe97c000fc0
3: [2021-10-01 16:58:47.253822] nvme_rdma.c:1020:nvme_rdma_create_resources: *NOTICE*: Created resources: qp (nil), poller 0x7f3474000b30, num_entries 128
1: [2021-10-01 16:58:47.253940] nvme_rdma.c:1020:nvme_rdma_create_resources: *NOTICE*: Created resources: qp (nil), poller 0x7fe94c000b40, num_entries 128
1: [2021-10-01 16:58:47.254017] nvme_rdma.c:2525:nvme_rdma_poller_create: *NOTICE*: Created SRQ 0x7fe940000e68, device mlx5_0
1: [2021-10-01 16:58:47.254039] nvme_rdma.c:1020:nvme_rdma_create_resources: *NOTICE*: Created resources: qp (nil), poller 0x7fe97c008900, num_entries 128
1: [2021-10-01 16:58:47.254104] nvme_rdma.c: 928:nvme_rdma_register_rsps: *NOTICE*: res->poller->pd: 0x7fe940000e30
1: [2021-10-01 16:58:47.254231] nvme_rdma.c:2525:nvme_rdma_poller_create: *NOTICE*: Created SRQ 0x7fe938008bf8, device mlx5_1
1: [2021-10-01 16:58:47.254233] nvme_rdma.c:1020:nvme_rdma_create_resources: *NOTICE*: Created resources: qp (nil), poller 0x7fe940000b40, num_entries 128
3: [2021-10-01 16:58:47.254347] nvme_rdma.c:2525:nvme_rdma_poller_create: *NOTICE*: Created SRQ 0x7f3430000f28, device mlx5_0
1: [2021-10-01 16:58:47.254350] nvme_rdma.c: 928:nvme_rdma_register_rsps: *NOTICE*: res->poller->pd: 0x7fe938000fd0
1: [2021-10-01 16:58:47.254461] nvme_rdma.c:2525:nvme_rdma_poller_create: *NOTICE*: Created SRQ 0x7fe948000e68, device mlx5_0
1: [2021-10-01 16:58:47.254465] nvme_rdma.c:1020:nvme_rdma_create_resources: *NOTICE*: Created resources: qp (nil), poller 0x7fe938008900, num_entries 128
1: [2021-10-01 16:58:47.254515] nvme_rdma.c: 928:nvme_rdma_register_rsps: *NOTICE*: res->poller->pd: 0x7fe948000e30
3: [2021-10-01 16:58:47.254640] nvme_rdma.c: 928:nvme_rdma_register_rsps: *NOTICE*: res->poller->pd: 0x7f3430000b00
1: [2021-10-01 16:58:47.254559] nvme_rdma.c:2525:nvme_rdma_poller_create: *NOTICE*: Created SRQ 0x7fe970008bf8, device mlx5_1
1: [2021-10-01 16:58:47.254609] nvme_rdma.c: 928:nvme_rdma_register_rsps: *NOTICE*: res->poller->pd: 0x7fe970000fc0
3: [2021-10-01 16:58:47.254745] nvme_rdma.c:1020:nvme_rdma_create_resources: *NOTICE*: Created resources: qp (nil), poller 0x7f3430000c30, num_entries 128
1: [2021-10-01 16:58:47.254700] nvme_rdma.c:2525:nvme_rdma_poller_create: *NOTICE*: Created SRQ 0x7fe93c000e68, device mlx5_0
1: [2021-10-01 16:58:47.254708] nvme_rdma.c:1020:nvme_rdma_create_resources: *NOTICE*: Created resources: qp (nil), poller 0x7fe948000b40, num_entries 128
1: [2021-10-01 16:58:47.254731] nvme_rdma.c: 928:nvme_rdma_register_rsps: *NOTICE*: res->poller->pd: 0x7fe93c000e30
3: [2021-10-01 16:58:47.254880] nvme_rdma.c:2525:nvme_rdma_poller_create: *NOTICE*: Created SRQ 0x7f3414000e68, device mlx5_0
1: [2021-10-01 16:58:47.254793] nvme_rdma.c:1020:nvme_rdma_create_resources: *NOTICE*: Created resources: qp (nil), poller 0x7fe970008900, num_entries 128
0: mlx5dv_reserved_qpn_alloc 1 1
3: [2021-10-01 16:58:47.254949] nvme_rdma.c: 928:nvme_rdma_register_rsps: *NOTICE*: res->poller->pd: 0x7f3414000e30
1: [2021-10-01 16:58:47.254926] nvme_rdma.c:2525:nvme_rdma_poller_create: *NOTICE*: Created SRQ 0x7fe980008bf8, device mlx5_1
3: [2021-10-01 16:58:47.255057] nvme_rdma.c:1020:nvme_rdma_create_resources: *NOTICE*: Created resources: qp (nil), poller 0x7f3414000b40, num_entries 128
1: [2021-10-01 16:58:47.255023] nvme_rdma.c:2525:nvme_rdma_poller_create: *NOTICE*: Created SRQ 0x7fe958000e68, device mlx5_0
2: mlx5dv_reserved_qpn_alloc 1 1
1: [2021-10-01 16:58:47.255195] nvme_rdma.c:1020:nvme_rdma_create_resources: *NOTICE*: Created resources: qp (nil), poller 0x7fe93c000b40, num_entries 128
1: [2021-10-01 16:58:47.255246] nvme_rdma.c: 928:nvme_rdma_register_rsps: *NOTICE*: res->poller->pd: 0x7fe980000fc0
1: [2021-10-01 16:58:47.255305] nvme_rdma.c: 928:nvme_rdma_register_rsps: *NOTICE*: res->poller->pd: 0x7fe958000e30
1: [2021-10-01 16:58:47.255430] nvme_rdma.c:2525:nvme_rdma_poller_create: *NOTICE*: Created SRQ 0x7fe964001bf8, device mlx5_1
1: [2021-10-01 16:58:47.255439] nvme_rdma.c:1020:nvme_rdma_create_resources: *NOTICE*: Created resources: qp (nil), poller 0x7fe980008900, num_entries 128
1: [2021-10-01 16:58:47.255433] nvme_rdma.c:1020:nvme_rdma_create_resources: *NOTICE*: Created resources: qp (nil), poller 0x7fe958000b40, num_entries 128
1: [2021-10-01 16:58:47.255555] nvme_rdma.c: 928:nvme_rdma_register_rsps: *NOTICE*: res->poller->pd: 0x7fe964000b30
3: [2021-10-01 16:58:47.255738] nvme_rdma.c:2525:nvme_rdma_poller_create: *NOTICE*: Created SRQ 0x7f340c000e58, device mlx5_0
3: [2021-10-01 16:58:47.255808] nvme_rdma.c:2525:nvme_rdma_poller_create: *NOTICE*: Created SRQ 0x7f3474008bf8, device mlx5_1
3: [2021-10-01 16:58:47.255862] nvme_rdma.c: 928:nvme_rdma_register_rsps: *NOTICE*: res->poller->pd: 0x7f340c000e20
3: [2021-10-01 16:58:47.255871] nvme_rdma.c: 928:nvme_rdma_register_rsps: *NOTICE*: res->poller->pd: 0x7f3474000fc0
1: [2021-10-01 16:58:47.256018] nvme_rdma.c:2525:nvme_rdma_poller_create: *NOTICE*: Created SRQ 0x7fe978000ed8, device mlx5_0
4: mlx5dv_reserved_qpn_alloc 1 1
3: [2021-10-01 16:58:47.256056] nvme_rdma.c:2525:nvme_rdma_poller_create: *NOTICE*: Created SRQ 0x7f3410000e58, device mlx5_0
1: [2021-10-01 16:58:47.256038] nvme_rdma.c:1020:nvme_rdma_create_resources: *NOTICE*: Created resources: qp (nil), poller 0x7fe964001900, num_entries 128
1: [2021-10-01 16:58:47.256109] nvme_rdma.c: 928:nvme_rdma_register_rsps: *NOTICE*: res->poller->pd: 0x7fe978000b00
3: [2021-10-01 16:58:47.256162] nvme_rdma.c: 928:nvme_rdma_register_rsps: *NOTICE*: res->poller->pd: 0x7f3410000e20
1: [2021-10-01 16:58:47.256211] nvme_rdma.c:1020:nvme_rdma_create_resources: *NOTICE*: Created resources: qp (nil), poller 0x7fe978000be0, num_entries 128
3: [2021-10-01 16:58:47.256190] nvme_rdma.c:1020:nvme_rdma_create_resources: *NOTICE*: Created resources: qp (nil), poller 0x7f340c000b30, num_entries 128
3: [2021-10-01 16:58:47.256196] nvme_rdma.c:1020:nvme_rdma_create_resources: *NOTICE*: Created resources: qp (nil), poller 0x7f3474008900, num_entries 128
3: [2021-10-01 16:58:47.256299] nvme_rdma.c:1020:nvme_rdma_create_resources: *NOTICE*: Created resources: qp (nil), poller 0x7f3410000b30, num_entries 128
1: [2021-10-01 16:58:47.256366] nvme_rdma.c:2525:nvme_rdma_poller_create: *NOTICE*: Created SRQ 0x7fe96c008bf8, device mlx5_1
3: [2021-10-01 16:58:47.256444] nvme_rdma.c:2525:nvme_rdma_poller_create: *NOTICE*: Created SRQ 0x7f3404000e58, device mlx5_0
1: [2021-10-01 16:58:47.256449] nvme_rdma.c: 928:nvme_rdma_register_rsps: *NOTICE*: res->poller->pd: 0x7fe96c000fc0
3: [2021-10-01 16:58:47.256501] nvme_rdma.c: 928:nvme_rdma_register_rsps: *NOTICE*: res->poller->pd: 0x7f3404000e20
1: [2021-10-01 16:58:47.256628] nvme_rdma.c:1020:nvme_rdma_create_resources: *NOTICE*: Created resources: qp (nil), poller 0x7fe96c008900, num_entries 128
3: [2021-10-01 16:58:47.256681] nvme_rdma.c:2525:nvme_rdma_poller_create: *NOTICE*: Created SRQ 0x7f3418000e68, device mlx5_0
1: [2021-10-01 16:58:47.256630] nvme_rdma.c:2525:nvme_rdma_poller_create: *NOTICE*: Created SRQ 0x7fe960008bf8, device mlx5_1
3: [2021-10-01 16:58:47.256851] nvme_rdma.c: 928:nvme_rdma_register_rsps: *NOTICE*: res->poller->pd: 0x7f3418000e30
3: [2021-10-01 16:58:47.256855] nvme_rdma.c:1020:nvme_rdma_create_resources: *NOTICE*: Created resources: qp (nil), poller 0x7f3404000b30, num_entries 128
1: [2021-10-01 16:58:47.256731] nvme_rdma.c: 928:nvme_rdma_register_rsps: *NOTICE*: res->poller->pd: 0x7fe960000fc0
1: [2021-10-01 16:58:47.256764] nvme_rdma.c:2525:nvme_rdma_poller_create: *NOTICE*: Created SRQ 0x7fe930000e68, device mlx5_0
1: [2021-10-01 16:58:47.257066] nvme_rdma.c:2525:nvme_rdma_poller_create: *NOTICE*: Created SRQ 0x7fe99c008bf8, device mlx5_1
1: [2021-10-01 16:58:47.257078] nvme_rdma.c:1020:nvme_rdma_create_resources: *NOTICE*: Created resources: qp (nil), poller 0x7fe960008900, num_entries 128
1: [2021-10-01 16:58:47.257070] nvme_rdma.c: 928:nvme_rdma_register_rsps: *NOTICE*: res->poller->pd: 0x7fe930000e30
1: [2021-10-01 16:58:47.257227] nvme_rdma.c: 928:nvme_rdma_register_rsps: *NOTICE*: res->poller->pd: 0x7fe99c000fc0
1: [2021-10-01 16:58:47.257326] nvme_rdma.c:1020:nvme_rdma_create_resources: *NOTICE*: Created resources: qp (nil), poller 0x7fe930000b40, num_entries 128
3: [2021-10-01 16:58:47.257337] nvme_rdma.c:2525:nvme_rdma_poller_create: *NOTICE*: Created SRQ 0x7f3408000e58, device mlx5_0
3: [2021-10-01 16:58:47.257519] nvme_rdma.c:1020:nvme_rdma_create_resources: *NOTICE*: Created resources: qp (nil), poller 0x7f3418000b40, num_entries 128
1: [2021-10-01 16:58:47.257409] nvme_rdma.c:1020:nvme_rdma_create_resources: *NOTICE*: Created resources: qp (nil), poller 0x7fe99c008900, num_entries 128
1: [2021-10-01 16:58:47.257447] nvme_rdma.c:2525:nvme_rdma_poller_create: *NOTICE*: Created SRQ 0x7fe994000e68, device mlx5_0
1: [2021-10-01 16:58:47.257467] nvme_rdma.c:2525:nvme_rdma_poller_create: *NOTICE*: Created SRQ 0x7fe968008bf8, device mlx5_1
3: [2021-10-01 16:58:47.257556] nvme_rdma.c: 928:nvme_rdma_register_rsps: *NOTICE*: res->poller->pd: 0x7f3408000e20
1: [2021-10-01 16:58:47.257570] nvme_rdma.c: 928:nvme_rdma_register_rsps: *NOTICE*: res->poller->pd: 0x7fe994000e30
1: [2021-10-01 16:58:47.257600] nvme_rdma.c: 928:nvme_rdma_register_rsps: *NOTICE*: res->poller->pd: 0x7fe968000fc0
3: [2021-10-01 16:58:47.257759] nvme_rdma.c:1020:nvme_rdma_create_resources: *NOTICE*: Created resources: qp (nil), poller 0x7f3408000b30, num_entries 128
1: [2021-10-01 16:58:47.257857] nvme_rdma.c:1020:nvme_rdma_create_resources: *NOTICE*: Created resources: qp (nil), poller 0x7fe994000b40, num_entries 128
3: [2021-10-01 16:58:47.257855] nvme_rdma.c:2525:nvme_rdma_poller_create: *NOTICE*: Created SRQ 0x7f33f8002018, device mlx5_0
3: [2021-10-01 16:58:47.257868] nvme_rdma.c:2525:nvme_rdma_poller_create: *NOTICE*: Created SRQ 0x7f3430001c48, device mlx5_1
1: [2021-10-01 16:58:47.257998] nvme_rdma.c:1020:nvme_rdma_create_resources: *NOTICE*: Created resources: qp (nil), poller 0x7fe968008900, num_entries 128
3: [2021-10-01 16:58:47.257937] nvme_rdma.c: 928:nvme_rdma_register_rsps: *NOTICE*: res->poller->pd: 0x7f3430000b30
3: [2021-10-01 16:58:47.258022] nvme_rdma.c: 928:nvme_rdma_register_rsps: *NOTICE*: res->poller->pd: 0x7f33f8000e90
3: [2021-10-01 16:58:47.258146] nvme_rdma.c:1020:nvme_rdma_create_resources: *NOTICE*: Created resources: qp (nil), poller 0x7f3430001950, num_entries 128
3: [2021-10-01 16:58:47.258224] nvme_rdma.c:1020:nvme_rdma_create_resources: *NOTICE*: Created resources: qp (nil), poller 0x7f33f8000b30, num_entries 128
3: [2021-10-01 16:58:47.258449] nvme_rdma.c:2525:nvme_rdma_poller_create: *NOTICE*: Created SRQ 0x1618b58, device mlx5_0
3: [2021-10-01 16:58:47.258474] nvme_rdma.c: 928:nvme_rdma_register_rsps: *NOTICE*: res->poller->pd: 0x1627ea0
1: [2021-10-01 16:58:47.258532] nvme_rdma.c:2525:nvme_rdma_poller_create: *NOTICE*: Created SRQ 0x7fe944000e68, device mlx5_0
3: [2021-10-01 16:58:47.258626] nvme_rdma.c:1020:nvme_rdma_create_resources: *NOTICE*: Created resources: qp (nil), poller 0x161d1a0, num_entries 128
1: [2021-10-01 16:58:47.258560] nvme_rdma.c: 928:nvme_rdma_register_rsps: *NOTICE*: res->poller->pd: 0x7fe944000e30
1: [2021-10-01 16:58:47.258695] nvme_rdma.c:2525:nvme_rdma_poller_create: *NOTICE*: Created SRQ 0x7fe950008bf8, device mlx5_1
3: [2021-10-01 16:58:47.258793] nvme_rdma.c:2525:nvme_rdma_poller_create: *NOTICE*: Created SRQ 0x7f33f0000e68, device mlx5_0
3: [2021-10-01 16:58:47.258866] nvme_rdma.c: 928:nvme_rdma_register_rsps: *NOTICE*: res->poller->pd: 0x7f33f0000e30
3: [2021-10-01 16:58:47.258877] nvme_rdma.c:2525:nvme_rdma_poller_create: *NOTICE*: Created SRQ 0x7f3414008bf8, device mlx5_1
3: [2021-10-01 16:58:47.258902] nvme_rdma.c: 928:nvme_rdma_register_rsps: *NOTICE*: res->poller->pd: 0x7f3414000fd0
3: [2021-10-01 16:58:47.258977] nvme_rdma.c:1020:nvme_rdma_create_resources: *NOTICE*: Created resources: qp (nil), poller 0x7f33f0000b40, num_entries 128
3: [2021-10-01 16:58:47.259071] nvme_rdma.c:1020:nvme_rdma_create_resources: *NOTICE*: Created resources: qp (nil), poller 0x7f3414008900, num_entries 128
1: [2021-10-01 16:58:47.259058] nvme_rdma.c: 928:nvme_rdma_register_rsps: *NOTICE*: res->poller->pd: 0x7fe950000fd0
1: [2021-10-01 16:58:47.259063] nvme_rdma.c:1020:nvme_rdma_create_resources: *NOTICE*: Created resources: qp (nil), poller 0x7fe944000b40, num_entries 128
1: [2021-10-01 16:58:47.259084] nvme_rdma.c:2525:nvme_rdma_poller_create: *NOTICE*: Created SRQ 0x7fe934000e68, device mlx5_0
3: [2021-10-01 16:58:47.259102] nvme_rdma.c:2525:nvme_rdma_poller_create: *NOTICE*: Created SRQ 0x7f33ec000e58, device mlx5_0
3: [2021-10-01 16:58:47.259195] nvme_rdma.c: 928:nvme_rdma_register_rsps: *NOTICE*: res->poller->pd: 0x7f33ec000e20
1: [2021-10-01 16:58:47.259225] nvme_rdma.c:2525:nvme_rdma_poller_create: *NOTICE*: Created SRQ 0x7fe940008bf8, device mlx5_1
3: [2021-10-01 16:58:47.259333] nvme_rdma.c:1020:nvme_rdma_create_resources: *NOTICE*: Created resources: qp (nil), poller 0x7f33ec000b30, num_entries 128
1: [2021-10-01 16:58:47.259265] nvme_rdma.c: 928:nvme_rdma_register_rsps: *NOTICE*: res->poller->pd: 0x7fe934000e30
3: [2021-10-01 16:58:47.259386] nvme_rdma.c:2525:nvme_rdma_poller_create: *NOTICE*: Created SRQ 0x7f3410008bf8, device mlx5_1
3: [2021-10-01 16:58:47.259479] nvme_rdma.c: 928:nvme_rdma_register_rsps: *NOTICE*: res->poller->pd: 0x7f3410000fc0
3: [2021-10-01 16:58:47.259481] nvme_rdma.c:2525:nvme_rdma_poller_create: *NOTICE*: Created SRQ 0x7f33e4000e58, device mlx5_0
1: [2021-10-01 16:58:47.259502] nvme_rdma.c: 928:nvme_rdma_register_rsps: *NOTICE*: res->poller->pd: 0x7fe940000fd0
3: [2021-10-01 16:58:47.259564] nvme_rdma.c: 928:nvme_rdma_register_rsps: *NOTICE*: res->poller->pd: 0x7f33e4000e20
1: [2021-10-01 16:58:47.259532] nvme_rdma.c:1020:nvme_rdma_create_resources: *NOTICE*: Created resources: qp (nil), poller 0x7fe950008900, num_entries 128
3: [2021-10-01 16:58:47.259584] nvme_rdma.c:1020:nvme_rdma_create_resources: *NOTICE*: Created resources: qp (nil), poller 0x7f3410008900, num_entries 128
3: [2021-10-01 16:58:47.259655] nvme_rdma.c:1020:nvme_rdma_create_resources: *NOTICE*: Created resources: qp (nil), poller 0x7f33e4000b30, num_entries 128
1: [2021-10-01 16:58:47.259663] nvme_rdma.c:1020:nvme_rdma_create_resources: *NOTICE*: Created resources: qp (nil), poller 0x7fe934000b40, num_entries 128
1: [2021-10-01 16:58:47.259755] nvme_rdma.c:2525:nvme_rdma_poller_create: *NOTICE*: Created SRQ 0x7fe94c008bf8, device mlx5_1
3: [2021-10-01 16:58:47.259856] nvme_rdma.c:2525:nvme_rdma_poller_create: *NOTICE*: Created SRQ 0x7f340c008bf8, device mlx5_1
3: [2021-10-01 16:58:47.259910] nvme_rdma.c: 928:nvme_rdma_register_rsps: *NOTICE*: res->poller->pd: 0x7f340c000fc0
1: [2021-10-01 16:58:47.259873] nvme_rdma.c: 928:nvme_rdma_register_rsps: *NOTICE*: res->poller->pd: 0x7fe94c000fd0
1: [2021-10-01 16:58:47.259880] nvme_rdma.c:1020:nvme_rdma_create_resources: *NOTICE*: Created resources: qp (nil), poller 0x7fe940008900, num_entries 128
3: [2021-10-01 16:58:47.259930] nvme_rdma.c:2525:nvme_rdma_poller_create: *NOTICE*: Created SRQ 0x7f33e0000f28, device mlx5_0
1: [2021-10-01 16:58:47.259911] nvme_rdma.c:2525:nvme_rdma_poller_create: *NOTICE*: Created SRQ 0x7fe928000e68, device mlx5_0
3: [2021-10-01 16:58:47.259983] nvme_rdma.c: 928:nvme_rdma_register_rsps: *NOTICE*: res->poller->pd: 0x7f33e0000b00
1: [2021-10-01 16:58:47.259996] nvme_rdma.c: 928:nvme_rdma_register_rsps: *NOTICE*: res->poller->pd: 0x7fe928000e30
3: [2021-10-01 16:58:47.259999] nvme_rdma.c:1020:nvme_rdma_create_resources: *NOTICE*: Created resources: qp (nil), poller 0x7f340c008900, num_entries 128
3: [2021-10-01 16:58:47.260035] nvme_rdma.c:1020:nvme_rdma_create_resources: *NOTICE*: Created resources: qp (nil), poller 0x7f33e0000c30, num_entries 128
1: [2021-10-01 16:58:47.260081] nvme_rdma.c:1020:nvme_rdma_create_resources: *NOTICE*: Created resources: qp (nil), poller 0x7fe94c008900, num_entries 128
1: [2021-10-01 16:58:47.260121] nvme_rdma.c:2525:nvme_rdma_poller_create: *NOTICE*: Created SRQ 0x7fe954008bf8, device mlx5_1
3: [2021-10-01 16:58:47.260283] nvme_rdma.c:2525:nvme_rdma_poller_create: *NOTICE*: Created SRQ 0x7f33e8000e58, device mlx5_0
1: [2021-10-01 16:58:47.260185] nvme_rdma.c:2525:nvme_rdma_poller_create: *NOTICE*: Created SRQ 0x7fe914000e58, device mlx5_0
1: [2021-10-01 16:58:47.260270] nvme_rdma.c: 928:nvme_rdma_register_rsps: *NOTICE*: res->poller->pd: 0x7fe954000fd0
3: [2021-10-01 16:58:47.260329] nvme_rdma.c: 928:nvme_rdma_register_rsps: *NOTICE*: res->poller->pd: 0x7f33e8000e20
1: [2021-10-01 16:58:47.260299] nvme_rdma.c:1020:nvme_rdma_create_resources: *NOTICE*: Created resources: qp (nil), poller 0x7fe928000b40, num_entries 128
3: [2021-10-01 16:58:47.260358] nvme_rdma.c:2525:nvme_rdma_poller_create: *NOTICE*: Created SRQ 0x7f3404008bf8, device mlx5_1
1: [2021-10-01 16:58:47.260318] nvme_rdma.c: 928:nvme_rdma_register_rsps: *NOTICE*: res->poller->pd: 0x7fe914000e20
3: [2021-10-01 16:58:47.260369] nvme_rdma.c:1020:nvme_rdma_create_resources: *NOTICE*: Created resources: qp (nil), poller 0x7f33e8000b30, num_entries 128
3: [2021-10-01 16:58:47.260397] nvme_rdma.c: 928:nvme_rdma_register_rsps: *NOTICE*: res->poller->pd: 0x7f3404000fc0
1: [2021-10-01 16:58:47.260435] nvme_rdma.c:1020:nvme_rdma_create_resources: *NOTICE*: Created resources: qp (nil), poller 0x7fe954008900, num_entries 128
3: [2021-10-01 16:58:47.260442] nvme_rdma.c:1020:nvme_rdma_create_resources: *NOTICE*: Created resources: qp (nil), poller 0x7f3404008900, num_entries 128
1: [2021-10-01 16:58:47.260489] nvme_rdma.c:2525:nvme_rdma_poller_create: *NOTICE*: Created SRQ 0x7fe948008bf8, device mlx5_1
3: [2021-10-01 16:58:47.260541] nvme_rdma.c:2525:nvme_rdma_poller_create: *NOTICE*: Created SRQ 0x7f33d8000e68, device mlx5_0
1: [2021-10-01 16:58:47.260584] nvme_rdma.c:2525:nvme_rdma_poller_create: *NOTICE*: Created SRQ 0x10e3b58, device mlx5_0
3: [2021-10-01 16:58:47.260572] nvme_rdma.c: 928:nvme_rdma_register_rsps: *NOTICE*: res->poller->pd: 0x7f33d8000e30
1: [2021-10-01 16:58:47.260604] nvme_rdma.c: 928:nvme_rdma_register_rsps: *NOTICE*: res->poller->pd: 0x10f2ea0
3: [2021-10-01 16:58:47.260610] nvme_rdma.c:1020:nvme_rdma_create_resources: *NOTICE*: Created resources: qp (nil), poller 0x7f33d8000b40, num_entries 128
1: [2021-10-01 16:58:47.260729] nvme_rdma.c:1020:nvme_rdma_create_resources: *NOTICE*: Created resources: qp (nil), poller 0x7fe914000b30, num_entries 128
1: [2021-10-01 16:58:47.260751] nvme_rdma.c: 928:nvme_rdma_register_rsps: *NOTICE*: res->poller->pd: 0x7fe948000fd0
3: [2021-10-01 16:58:47.260938] nvme_rdma.c:2525:nvme_rdma_poller_create: *NOTICE*: Created SRQ 0x7f33d4000e58, device mlx5_0
1: [2021-10-01 16:58:47.260863] nvme_rdma.c:2525:nvme_rdma_poller_create: *NOTICE*: Created SRQ 0x7fe910000e58, device mlx5_0
1: [2021-10-01 16:58:47.260869] nvme_rdma.c:1020:nvme_rdma_create_resources: *NOTICE*: Created resources: qp (nil), poller 0x10e81a0, num_entries 128
3: [2021-10-01 16:58:47.260954] nvme_rdma.c:2525:nvme_rdma_poller_create: *NOTICE*: Created SRQ 0x7f3418008bf8, device mlx5_1
3: [2021-10-01 16:58:47.260961] nvme_rdma.c: 928:nvme_rdma_register_rsps: *NOTICE*: res->poller->pd: 0x7f33d4000e20
1: [2021-10-01 16:58:47.260963] nvme_rdma.c:2525:nvme_rdma_poller_create: *NOTICE*: Created SRQ 0x7fe93c008bf8, device mlx5_1
3: [2021-10-01 16:58:47.260974] nvme_rdma.c: 928:nvme_rdma_register_rsps: *NOTICE*: res->poller->pd: 0x7f3418000fd0
3: [2021-10-01 16:58:47.261012] nvme_rdma.c:1020:nvme_rdma_create_resources: *NOTICE*: Created resources: qp (nil), poller 0x7f33d4000b30, num_entries 128
3: [2021-10-01 16:58:47.261019] nvme_rdma.c:1020:nvme_rdma_create_resources: *NOTICE*: Created resources: qp (nil), poller 0x7f3418008900, num_entries 128
3: [2021-10-01 16:58:47.261132] nvme_rdma.c:2525:nvme_rdma_poller_create: *NOTICE*: Created SRQ 0x7f33d0000e58, device mlx5_0
1: [2021-10-01 16:58:47.261123] nvme_rdma.c:1020:nvme_rdma_create_resources: *NOTICE*: Created resources: qp (nil), poller 0x7fe948008900, num_entries 128
1: [2021-10-01 16:58:47.261123] nvme_rdma.c: 928:nvme_rdma_register_rsps: *NOTICE*: res->poller->pd: 0x7fe910000e20
3: [2021-10-01 16:58:47.261168] nvme_rdma.c: 928:nvme_rdma_register_rsps: *NOTICE*: res->poller->pd: 0x7f33d0000e20
1: [2021-10-01 16:58:47.261165] nvme_rdma.c: 928:nvme_rdma_register_rsps: *NOTICE*: res->poller->pd: 0x7fe93c000fd0
3: [2021-10-01 16:58:47.261204] nvme_rdma.c:1020:nvme_rdma_create_resources: *NOTICE*: Created resources: qp (nil), poller 0x7f33d0000b30, num_entries 128
1: [2021-10-01 16:58:47.261247] nvme_rdma.c:1020:nvme_rdma_create_resources: *NOTICE*: Created resources: qp (nil), poller 0x7fe910000b30, num_entries 128
3: [2021-10-01 16:58:47.261393] nvme_rdma.c:2525:nvme_rdma_poller_create: *NOTICE*: Created SRQ 0x7f33c8000e58, device mlx5_0
1: [2021-10-01 16:58:47.261321] nvme_rdma.c:2525:nvme_rdma_poller_create: *NOTICE*: Created SRQ 0x7fe90c000e58, device mlx5_0
3: [2021-10-01 16:58:47.261414] nvme_rdma.c: 928:nvme_rdma_register_rsps: *NOTICE*: res->poller->pd: 0x7f33c8000e20
1: [2021-10-01 16:58:47.261357] nvme_rdma.c:2525:nvme_rdma_poller_create: *NOTICE*: Created SRQ 0x7fe958008bf8, device mlx5_1
3: [2021-10-01 16:58:47.261446] nvme_rdma.c:1020:nvme_rdma_create_resources: *NOTICE*: Created resources: qp (nil), poller 0x7f33c8000b30, num_entries 128
1: [2021-10-01 16:58:47.261438] nvme_rdma.c:1020:nvme_rdma_create_resources: *NOTICE*: Created resources: qp (nil), poller 0x7fe93c008900, num_entries 128
3: [2021-10-01 16:58:47.261489] nvme_rdma.c:2525:nvme_rdma_poller_create: *NOTICE*: Created SRQ 0x7f3408008bf8, device mlx5_1
1: [2021-10-01 16:58:47.261460] nvme_rdma.c: 928:nvme_rdma_register_rsps: *NOTICE*: res->poller->pd: 0x7fe90c000e20
1: [2021-10-01 16:58:47.261464] nvme_rdma.c: 928:nvme_rdma_register_rsps: *NOTICE*: res->poller->pd: 0x7fe958000fd0
3: [2021-10-01 16:58:47.261520] nvme_rdma.c: 928:nvme_rdma_register_rsps: *NOTICE*: res->poller->pd: 0x7f3408000fc0
3: [2021-10-01 16:58:47.261565] nvme_rdma.c:1020:nvme_rdma_create_resources: *NOTICE*: Created resources: qp (nil), poller 0x7f3408008900, num_entries 128
3: [2021-10-01 16:58:47.261585] nvme_rdma.c:2525:nvme_rdma_poller_create: *NOTICE*: Created SRQ 0x7f33cc000e58, device mlx5_0
3: [2021-10-01 16:58:47.261607] nvme_rdma.c: 928:nvme_rdma_register_rsps: *NOTICE*: res->poller->pd: 0x7f33cc000e20
1: [2021-10-01 16:58:47.261654] nvme_rdma.c:2525:nvme_rdma_poller_create: *NOTICE*: Created SRQ 0x7fe908000e58, device mlx5_0
3: [2021-10-01 16:58:47.261646] nvme_rdma.c:1020:nvme_rdma_create_resources: *NOTICE*: Created resources: qp (nil), poller 0x7f33cc000b30, num_entries 128
0: [2021-10-01 16:58:47.261766] rdma.c:2990:nvmf_process_cm_event: *NOTICE*: In RDMA_CM_EVENT_CONNECT_REQUEST
0: mlx5dv_reserved_qpn_alloc 1 1
0: [2021-10-01 16:58:47.261785] rdma.c:2990:nvmf_process_cm_event: *NOTICE*: In RDMA_CM_EVENT_CONNECT_REQUEST
0: mlx5dv_reserved_qpn_alloc 1 1
0: [2021-10-01 16:58:47.261801] rdma.c:2990:nvmf_process_cm_event: *NOTICE*: In RDMA_CM_EVENT_CONNECT_REQUEST
1: [2021-10-01 16:58:47.261672] nvme_rdma.c:2525:nvme_rdma_poller_create: *NOTICE*: Created SRQ 0x7fe978001bf8, device mlx5_1
0: mlx5dv_reserved_qpn_alloc 1 1
1: [2021-10-01 16:58:47.261700] nvme_rdma.c:1020:nvme_rdma_create_resources: *NOTICE*: Created resources: qp (nil), poller 0x7fe90c000b30, num_entries 128
3: [2021-10-01 16:58:47.261795] nvme_rdma.c:2525:nvme_rdma_poller_create: *NOTICE*: Created SRQ 0x7f3438000e68, device mlx5_0
3: [2021-10-01 16:58:47.261826] nvme_rdma.c: 928:nvme_rdma_register_rsps: *NOTICE*: res->poller->pd: 0x7f3438000e30
0: [2021-10-01 16:58:47.261860] nvme_rdma.c:1386:_nvme_rdma_ctrlr_connect_qpair: *NOTICE*: Connect rdma qpair: pg 0x7f6908000ab0, srq depth 128
1: [2021-10-01 16:58:47.261814] nvme_rdma.c:1020:nvme_rdma_create_resources: *NOTICE*: Created resources: qp (nil), poller 0x7fe958008900, num_entries 128
1: [2021-10-01 16:58:47.261855] nvme_rdma.c: 928:nvme_rdma_register_rsps: *NOTICE*: res->poller->pd: 0x7fe908000e20
1: [2021-10-01 16:58:47.261857] nvme_rdma.c: 928:nvme_rdma_register_rsps: *NOTICE*: res->poller->pd: 0x7fe978000b30
4: [2021-10-01 16:58:47.261896] nvme_rdma.c:1386:_nvme_rdma_ctrlr_connect_qpair: *NOTICE*: Connect rdma qpair: pg 0x7fc320000a90, srq depth 128
2: [2021-10-01 16:58:47.261867] nvme_rdma.c:1386:_nvme_rdma_ctrlr_connect_qpair: *NOTICE*: Connect rdma qpair: pg 0x7f2d20000a90, srq depth 128
3: [2021-10-01 16:58:47.261881] nvme_rdma.c:1020:nvme_rdma_create_resources: *NOTICE*: Created resources: qp (nil), poller 0x7f3438000b40, num_entries 128
3: [2021-10-01 16:58:47.261945] nvme_rdma.c:2525:nvme_rdma_poller_create: *NOTICE*: Created SRQ 0x7f33f8002c28, device mlx5_1
1: [2021-10-01 16:58:47.262044] nvme_rdma.c:2525:nvme_rdma_poller_create: *NOTICE*: Created SRQ 0x7fe920000e68, device mlx5_0
3: [2021-10-01 16:58:47.261966] nvme_rdma.c: 928:nvme_rdma_register_rsps: *NOTICE*: res->poller->pd: 0x7f33f8002bf0
3: [2021-10-01 16:58:47.262013] nvme_rdma.c:2525:nvme_rdma_poller_create: *NOTICE*: Created SRQ 0x7f3420000e68, device mlx5_0
3: [2021-10-01 16:58:47.262014] nvme_rdma.c:1020:nvme_rdma_create_resources: *NOTICE*: Created resources: qp (nil), poller 0x7f33f8000f70, num_entries 128
3: [2021-10-01 16:58:47.262045] nvme_rdma.c: 928:nvme_rdma_register_rsps: *NOTICE*: res->poller->pd: 0x7f3420000e30
1: [2021-10-01 16:58:47.262067] nvme_rdma.c:1020:nvme_rdma_create_resources: *NOTICE*: Created resources: qp (nil), poller 0x7fe908000b30, num_entries 128
3: [2021-10-01 16:58:47.262089] nvme_rdma.c:1020:nvme_rdma_create_resources: *NOTICE*: Created resources: qp (nil), poller 0x7f3420000b40, num_entries 128
1: [2021-10-01 16:58:47.262073] nvme_rdma.c:1020:nvme_rdma_create_resources: *NOTICE*: Created resources: qp (nil), poller 0x7fe978001900, num_entries 128
1: [2021-10-01 16:58:47.262178] nvme_rdma.c: 928:nvme_rdma_register_rsps: *NOTICE*: res->poller->pd: 0x7fe920000e30
1: [2021-10-01 16:58:47.262379] nvme_rdma.c:1020:nvme_rdma_create_resources: *NOTICE*: Created resources: qp (nil), poller 0x7fe920000b40, num_entries 128
1: [2021-10-01 16:58:47.262588] nvme_rdma.c:2525:nvme_rdma_poller_create: *NOTICE*: Created SRQ 0x7fe924000e58, device mlx5_0
1: [2021-10-01 16:58:47.262778] nvme_rdma.c: 928:nvme_rdma_register_rsps: *NOTICE*: res->poller->pd: 0x7fe924000e20
1: [2021-10-01 16:58:47.262934] nvme_rdma.c:1020:nvme_rdma_create_resources: *NOTICE*: Created resources: qp (nil), poller 0x7fe924000b30, num_entries 128
3: [2021-10-01 16:58:47.263033] nvme_rdma.c:2525:nvme_rdma_poller_create: *NOTICE*: Created SRQ 0x1945638, device mlx5_1
1: [2021-10-01 16:58:47.263059] nvme_rdma.c:2525:nvme_rdma_poller_create: *NOTICE*: Created SRQ 0x7fe994008bf8, device mlx5_1
3: [2021-10-01 16:58:47.263054] nvme_rdma.c: 928:nvme_rdma_register_rsps: *NOTICE*: res->poller->pd: 0x1622380
3: [2021-10-01 16:58:47.263095] nvme_rdma.c:1020:nvme_rdma_create_resources: *NOTICE*: Created resources: qp (nil), poller 0x1945340, num_entries 128
1: [2021-10-01 16:58:47.263105] nvme_rdma.c:2525:nvme_rdma_poller_create: *NOTICE*: Created SRQ 0x7fe900000ed8, device mlx5_0
1: [2021-10-01 16:58:47.263143] nvme_rdma.c: 928:nvme_rdma_register_rsps: *NOTICE*: res->poller->pd: 0x7fe994000fd0
1: [2021-10-01 16:58:47.263170] nvme_rdma.c: 928:nvme_rdma_register_rsps: *NOTICE*: res->poller->pd: 0x7fe900000b00
1: [2021-10-01 16:58:47.263244] nvme_rdma.c:1020:nvme_rdma_create_resources: *NOTICE*: Created resources: qp (nil), poller 0x7fe994008900, num_entries 128
3: [2021-10-01 16:58:47.263338] nvme_rdma.c:2525:nvme_rdma_poller_create: *NOTICE*: Created SRQ 0x7f33f0008bf8, device mlx5_1
1: [2021-10-01 16:58:47.263333] nvme_rdma.c:1020:nvme_rdma_create_resources: *NOTICE*: Created resources: qp (nil), poller 0x7fe900000be0, num_entries 128
3: [2021-10-01 16:58:47.263356] nvme_rdma.c: 928:nvme_rdma_register_rsps: *NOTICE*: res->poller->pd: 0x7f33f0000fd0
3: [2021-10-01 16:58:47.263393] nvme_rdma.c:1020:nvme_rdma_create_resources: *NOTICE*: Created resources: qp (nil), poller 0x7f33f0008900, num_entries 128
1: [2021-10-01 16:58:47.263792] nvme_rdma.c:2525:nvme_rdma_poller_create: *NOTICE*: Created SRQ 0x7fe904000e58, device mlx5_0
1: [2021-10-01 16:58:47.263838] nvme_rdma.c: 928:nvme_rdma_register_rsps: *NOTICE*: res->poller->pd: 0x7fe904000e20
1: [2021-10-01 16:58:47.263890] nvme_rdma.c:1020:nvme_rdma_create_resources: *NOTICE*: Created resources: qp (nil), poller 0x7fe904000b30, num_entries 128
3: mlx5dv_reserved_qpn_alloc 1 1
1: [2021-10-01 16:58:47.264203] nvme_rdma.c:2525:nvme_rdma_poller_create: *NOTICE*: Created SRQ 0x7fe92c000e58, device mlx5_0
1: [2021-10-01 16:58:47.264226] nvme_rdma.c: 928:nvme_rdma_register_rsps: *NOTICE*: res->poller->pd: 0x7fe92c000e20
1: [2021-10-01 16:58:47.264260] nvme_rdma.c:1020:nvme_rdma_create_resources: *NOTICE*: Created resources: qp (nil), poller 0x7fe92c000b30, num_entries 128
3: [2021-10-01 16:58:47.264383] nvme_rdma.c:2525:nvme_rdma_poller_create: *NOTICE*: Created SRQ 0x7f33e4008bf8, device mlx5_1
1: [2021-10-01 16:58:47.264439] nvme_rdma.c:2525:nvme_rdma_poller_create: *NOTICE*: Created SRQ 0x7fe944008bf8, device mlx5_1
3: [2021-10-01 16:58:47.264406] nvme_rdma.c: 928:nvme_rdma_register_rsps: *NOTICE*: res->poller->pd: 0x7f33e4000fc0
3: [2021-10-01 16:58:47.264444] nvme_rdma.c:1020:nvme_rdma_create_resources: *NOTICE*: Created resources: qp (nil), poller 0x7f33e4008900, num_entries 128
1: [2021-10-01 16:58:47.264464] nvme_rdma.c: 928:nvme_rdma_register_rsps: *NOTICE*: res->poller->pd: 0x7fe944000fd0
1: [2021-10-01 16:58:47.264499] nvme_rdma.c:1020:nvme_rdma_create_resources: *NOTICE*: Created resources: qp (nil), poller 0x7fe944008900, num_entries 128
3: [2021-10-01 16:58:47.264580] nvme_rdma.c:2525:nvme_rdma_poller_create: *NOTICE*: Created SRQ 0x7f33ec008bf8, device mlx5_1
1: [2021-10-01 16:58:47.264550] nvme_rdma.c:2525:nvme_rdma_poller_create: *NOTICE*: Created SRQ 0x7fe8f8000e58, device mlx5_0
1: [2021-10-01 16:58:47.264573] nvme_rdma.c: 928:nvme_rdma_register_rsps: *NOTICE*: res->poller->pd: 0x7fe8f8000e20
1: [2021-10-01 16:58:47.264607] nvme_rdma.c:1020:nvme_rdma_create_resources: *NOTICE*: Created resources: qp (nil), poller 0x7fe8f8000b30, num_entries 128
3: [2021-10-01 16:58:47.264598] nvme_rdma.c: 928:nvme_rdma_register_rsps: *NOTICE*: res->poller->pd: 0x7f33ec000fc0
3: [2021-10-01 16:58:47.264637] nvme_rdma.c:1020:nvme_rdma_create_resources: *NOTICE*: Created resources: qp (nil), poller 0x7f33ec008900, num_entries 128
3: [2021-10-01 16:58:47.264803] nvme_rdma.c:2525:nvme_rdma_poller_create: *NOTICE*: Created SRQ 0x7f33e0001c48, device mlx5_1
1: [2021-10-01 16:58:47.264784] nvme_rdma.c:2525:nvme_rdma_poller_create: *NOTICE*: Created SRQ 0x7fe918000e58, device mlx5_0
3: [2021-10-01 16:58:47.264821] nvme_rdma.c: 928:nvme_rdma_register_rsps: *NOTICE*: res->poller->pd: 0x7f33e0000b30
1: [2021-10-01 16:58:47.264804] nvme_rdma.c: 928:nvme_rdma_register_rsps: *NOTICE*: res->poller->pd: 0x7fe918000e20
3: [2021-10-01 16:58:47.264855] nvme_rdma.c:1020:nvme_rdma_create_resources: *NOTICE*: Created resources: qp (nil), poller 0x7f33e0001950, num_entries 128
1: [2021-10-01 16:58:47.264833] nvme_rdma.c:1020:nvme_rdma_create_resources: *NOTICE*: Created resources: qp (nil), poller 0x7fe918000b30, num_entries 128
3: [2021-10-01 16:58:47.265039] nvme_rdma.c:2525:nvme_rdma_poller_create: *NOTICE*: Created SRQ 0x7f33e8008bf8, device mlx5_1
2: mlx5dv_reserved_qpn_alloc 1 1
3: [2021-10-01 16:58:47.265056] nvme_rdma.c: 928:nvme_rdma_register_rsps: *NOTICE*: res->poller->pd: 0x7f33e8000fc0
3: [2021-10-01 16:58:47.265092] nvme_rdma.c:1020:nvme_rdma_create_resources: *NOTICE*: Created resources: qp (nil), poller 0x7f33e8008900, num_entries 128
3: [2021-10-01 16:58:47.265237] nvme_rdma.c:2525:nvme_rdma_poller_create: *NOTICE*: Created SRQ 0x7f33d8008bf8, device mlx5_1
3: [2021-10-01 16:58:47.265264] nvme_rdma.c: 928:nvme_rdma_register_rsps: *NOTICE*: res->poller->pd: 0x7f33d8000fd0
3: [2021-10-01 16:58:47.265300] nvme_rdma.c:1020:nvme_rdma_create_resources: *NOTICE*: Created resources: qp (nil), poller 0x7f33d8008900, num_entries 128
1: [2021-10-01 16:58:47.265384] nvme_rdma.c:2525:nvme_rdma_poller_create: *NOTICE*: Created SRQ 0x7fe934008bf8, device mlx5_1
0: mlx5dv_reserved_qpn_alloc 1 1
3: [2021-10-01 16:58:47.265449] nvme_rdma.c:2525:nvme_rdma_poller_create: *NOTICE*: Created SRQ 0x7f33d4008bf8, device mlx5_1
1: [2021-10-01 16:58:47.265405] nvme_rdma.c: 928:nvme_rdma_register_rsps: *NOTICE*: res->poller->pd: 0x7fe934000fd0
1: [2021-10-01 16:58:47.265447] nvme_rdma.c:1020:nvme_rdma_create_resources: *NOTICE*: Created resources: qp (nil), poller 0x7fe934008900, num_entries 128
3: [2021-10-01 16:58:47.265465] nvme_rdma.c: 928:nvme_rdma_register_rsps: *NOTICE*: res->poller->pd: 0x7f33d4000fc0
3: [2021-10-01 16:58:47.265502] nvme_rdma.c:1020:nvme_rdma_create_resources: *NOTICE*: Created resources: qp (nil), poller 0x7f33d4008900, num_entries 128
3: [2021-10-01 16:58:47.265659] nvme_rdma.c:2525:nvme_rdma_poller_create: *NOTICE*: Created SRQ 0x7f33d0008bf8, device mlx5_1
1: [2021-10-01 16:58:47.265655] nvme_rdma.c:2525:nvme_rdma_poller_create: *NOTICE*: Created SRQ 0x7fe914008bf8, device mlx5_1
3: [2021-10-01 16:58:47.265675] nvme_rdma.c: 928:nvme_rdma_register_rsps: *NOTICE*: res->poller->pd: 0x7f33d0000fc0
1: [2021-10-01 16:58:47.265673] nvme_rdma.c: 928:nvme_rdma_register_rsps: *NOTICE*: res->poller->pd: 0x7fe914000fc0
3: [2021-10-01 16:58:47.265712] nvme_rdma.c:1020:nvme_rdma_create_resources: *NOTICE*: Created resources: qp (nil), poller 0x7f33d0008900, num_entries 128
1: [2021-10-01 16:58:47.265709] nvme_rdma.c:1020:nvme_rdma_create_resources: *NOTICE*: Created resources: qp (nil), poller 0x7fe914008900, num_entries 128
3: [2021-10-01 16:58:47.265858] nvme_rdma.c:2525:nvme_rdma_poller_create: *NOTICE*: Created SRQ 0x7f33c8008bf8, device mlx5_1
1: [2021-10-01 16:58:47.265867] nvme_rdma.c:2525:nvme_rdma_poller_create: *NOTICE*: Created SRQ 0x7fe924008bf8, device mlx5_1
3: [2021-10-01 16:58:47.265874] nvme_rdma.c: 928:nvme_rdma_register_rsps: *NOTICE*: res->poller->pd: 0x7f33c8000fc0
1: [2021-10-01 16:58:47.265886] nvme_rdma.c: 928:nvme_rdma_register_rsps: *NOTICE*: res->poller->pd: 0x7fe924000fc0
3: [2021-10-01 16:58:47.265906] nvme_rdma.c:1020:nvme_rdma_create_resources: *NOTICE*: Created resources: qp (nil), poller 0x7f33c8008900, num_entries 128
1: [2021-10-01 16:58:47.265922] nvme_rdma.c:1020:nvme_rdma_create_resources: *NOTICE*: Created resources: qp (nil), poller 0x7fe924008900, num_entries 128
3: [2021-10-01 16:58:47.266053] nvme_rdma.c:2525:nvme_rdma_poller_create: *NOTICE*: Created SRQ 0x7f33cc008bf8, device mlx5_1
1: [2021-10-01 16:58:47.266080] nvme_rdma.c:2525:nvme_rdma_poller_create: *NOTICE*: Created SRQ 0x7fe90c008bf8, device mlx5_1
3: [2021-10-01 16:58:47.266075] nvme_rdma.c: 928:nvme_rdma_register_rsps: *NOTICE*: res->poller->pd: 0x7f33cc000fc0
3: [2021-10-01 16:58:47.266112] nvme_rdma.c:1020:nvme_rdma_create_resources: *NOTICE*: Created resources: qp (nil), poller 0x7f33cc008900, num_entries 128
1: [2021-10-01 16:58:47.266097] nvme_rdma.c: 928:nvme_rdma_register_rsps: *NOTICE*: res->poller->pd: 0x7fe90c000fc0
1: [2021-10-01 16:58:47.266134] nvme_rdma.c:1020:nvme_rdma_create_resources: *NOTICE*: Created resources: qp (nil), poller 0x7fe90c008900, num_entries 128
4: mlx5dv_reserved_qpn_alloc 1 1
3: [2021-10-01 16:58:47.266254] nvme_rdma.c:2525:nvme_rdma_poller_create: *NOTICE*: Created SRQ 0x7f3420008c18, device mlx5_1
1: [2021-10-01 16:58:47.266283] nvme_rdma.c:2525:nvme_rdma_poller_create: *NOTICE*: Created SRQ 0x7fe910008bf8, device mlx5_1
3: [2021-10-01 16:58:47.266292] nvme_rdma.c: 928:nvme_rdma_register_rsps: *NOTICE*: res->poller->pd: 0x7f3420000fd0
3: [2021-10-01 16:58:47.266323] nvme_rdma.c:1020:nvme_rdma_create_resources: *NOTICE*: Created resources: qp (nil), poller 0x7f3420008920, num_entries 128
1: [2021-10-01 16:58:47.266301] nvme_rdma.c: 928:nvme_rdma_register_rsps: *NOTICE*: res->poller->pd: 0x7fe910000fc0
1: [2021-10-01 16:58:47.266335] nvme_rdma.c:1020:nvme_rdma_create_resources: *NOTICE*: Created resources: qp (nil), poller 0x7fe910008900, num_entries 128
3: [2021-10-01 16:58:47.266469] nvme_rdma.c:2525:nvme_rdma_poller_create: *NOTICE*: Created SRQ 0x7f3438008bf8, device mlx5_1
1: [2021-10-01 16:58:47.266491] nvme_rdma.c:2525:nvme_rdma_poller_create: *NOTICE*: Created SRQ 0x1410638, device mlx5_1
3: [2021-10-01 16:58:47.266484] nvme_rdma.c: 928:nvme_rdma_register_rsps: *NOTICE*: res->poller->pd: 0x7f3438000fd0
3: [2021-10-01 16:58:47.266517] nvme_rdma.c:1020:nvme_rdma_create_resources: *NOTICE*: Created resources: qp (nil), poller 0x7f3438008900, num_entries 128
1: [2021-10-01 16:58:47.266511] nvme_rdma.c: 928:nvme_rdma_register_rsps: *NOTICE*: res->poller->pd: 0x10ed380
1: [2021-10-01 16:58:47.266546] nvme_rdma.c:1020:nvme_rdma_create_resources: *NOTICE*: Created resources: qp (nil), poller 0x1410340, num_entries 128
1: [2021-10-01 16:58:47.266697] nvme_rdma.c:2525:nvme_rdma_poller_create: *NOTICE*: Created SRQ 0x7fe928006c48, device mlx5_1
1: [2021-10-01 16:58:47.266715] nvme_rdma.c: 928:nvme_rdma_register_rsps: *NOTICE*: res->poller->pd: 0x7fe928000fd0
1: [2021-10-01 16:58:47.266750] nvme_rdma.c:1020:nvme_rdma_create_resources: *NOTICE*: Created resources: qp (nil), poller 0x7fe928006950, num_entries 128
1: [2021-10-01 16:58:47.266916] nvme_rdma.c:2525:nvme_rdma_poller_create: *NOTICE*: Created SRQ 0x7fe908008bf8, device mlx5_1
1: [2021-10-01 16:58:47.266938] nvme_rdma.c: 928:nvme_rdma_register_rsps: *NOTICE*: res->poller->pd: 0x7fe908000fc0
1: [2021-10-01 16:58:47.266977] nvme_rdma.c:1020:nvme_rdma_create_resources: *NOTICE*: Created resources: qp (nil), poller 0x7fe908008900, num_entries 128
1: [2021-10-01 16:58:47.267123] nvme_rdma.c:2525:nvme_rdma_poller_create: *NOTICE*: Created SRQ 0x7fe930008bf8, device mlx5_1
1: [2021-10-01 16:58:47.267143] nvme_rdma.c: 928:nvme_rdma_register_rsps: *NOTICE*: res->poller->pd: 0x7fe930000fd0
1: [2021-10-01 16:58:47.267176] nvme_rdma.c:1020:nvme_rdma_create_resources: *NOTICE*: Created resources: qp (nil), poller 0x7fe930008900, num_entries 128
1: [2021-10-01 16:58:47.267371] nvme_rdma.c:2525:nvme_rdma_poller_create: *NOTICE*: Created SRQ 0x7fe920008bf8, device mlx5_1
1: [2021-10-01 16:58:47.267387] nvme_rdma.c: 928:nvme_rdma_register_rsps: *NOTICE*: res->poller->pd: 0x7fe920000fd0
1: [2021-10-01 16:58:47.267418] nvme_rdma.c:1020:nvme_rdma_create_resources: *NOTICE*: Created resources: qp (nil), poller 0x7fe920008900, num_entries 128
1: mlx5dv_reserved_qpn_alloc 1 1
1: [2021-10-01 16:58:47.267621] nvme_rdma.c:2525:nvme_rdma_poller_create: *NOTICE*: Created SRQ 0x7fe900001bf8, device mlx5_1
1: [2021-10-01 16:58:47.267638] nvme_rdma.c: 928:nvme_rdma_register_rsps: *NOTICE*: res->poller->pd: 0x7fe900000b30
1: [2021-10-01 16:58:47.267677] nvme_rdma.c:1020:nvme_rdma_create_resources: *NOTICE*: Created resources: qp (nil), poller 0x7fe900001900, num_entries 128
1: [2021-10-01 16:58:47.267820] nvme_rdma.c:2525:nvme_rdma_poller_create: *NOTICE*: Created SRQ 0x7fe92c008c68, device mlx5_1
1: [2021-10-01 16:58:47.267837] nvme_rdma.c: 928:nvme_rdma_register_rsps: *NOTICE*: res->poller->pd: 0x7fe92c000fc0
1: [2021-10-01 16:58:47.267873] nvme_rdma.c:1020:nvme_rdma_create_resources: *NOTICE*: Created resources: qp (nil), poller 0x7fe92c008900, num_entries 128
1: [2021-10-01 16:58:47.268017] nvme_rdma.c:2525:nvme_rdma_poller_create: *NOTICE*: Created SRQ 0x7fe904008bf8, device mlx5_1
1: [2021-10-01 16:58:47.268033] nvme_rdma.c: 928:nvme_rdma_register_rsps: *NOTICE*: res->poller->pd: 0x7fe904000fc0
1: [2021-10-01 16:58:47.268069] nvme_rdma.c:1020:nvme_rdma_create_resources: *NOTICE*: Created resources: qp (nil), poller 0x7fe904008900, num_entries 128
1: [2021-10-01 16:58:47.268216] nvme_rdma.c:2525:nvme_rdma_poller_create: *NOTICE*: Created SRQ 0x7fe8f8008bf8, device mlx5_1
1: [2021-10-01 16:58:47.268232] nvme_rdma.c: 928:nvme_rdma_register_rsps: *NOTICE*: res->poller->pd: 0x7fe8f8000fc0
1: [2021-10-01 16:58:47.268266] nvme_rdma.c:1020:nvme_rdma_create_resources: *NOTICE*: Created resources: qp (nil), poller 0x7fe8f8008900, num_entries 128
1: [2021-10-01 16:58:47.268425] nvme_rdma.c:2525:nvme_rdma_poller_create: *NOTICE*: Created SRQ 0x7fe918008bf8, device mlx5_1
1: [2021-10-01 16:58:47.268438] nvme_rdma.c: 928:nvme_rdma_register_rsps: *NOTICE*: res->poller->pd: 0x7fe918000fc0
1: [2021-10-01 16:58:47.268470] nvme_rdma.c:1020:nvme_rdma_create_resources: *NOTICE*: Created resources: qp (nil), poller 0x7fe918008900, num_entries 128
0: [2021-10-01 16:58:47.271750] rdma.c:2990:nvmf_process_cm_event: *NOTICE*: In RDMA_CM_EVENT_CONNECT_REQUEST
0: mlx5dv_reserved_qpn_alloc 1 1
0: [2021-10-01 16:58:47.271768] rdma.c:2990:nvmf_process_cm_event: *NOTICE*: In RDMA_CM_EVENT_CONNECT_REQUEST
0: [2021-10-01 16:58:47.271782] rdma.c:2990:nvmf_process_cm_event: *NOTICE*: In RDMA_CM_EVENT_CONNECT_REQUEST
0: mlx5dv_reserved_qpn_alloc 1 1
0: [2021-10-01 16:58:47.271795] rdma.c:2990:nvmf_process_cm_event: *NOTICE*: In RDMA_CM_EVENT_CONNECT_REQUEST
0: mlx5dv_reserved_qpn_alloc 1 1
0: [2021-10-01 16:58:47.271808] rdma.c:2990:nvmf_process_cm_event: *NOTICE*: In RDMA_CM_EVENT_CONNECT_REQUEST
0: mlx5dv_reserved_qpn_alloc 1 1
0: mlx5dv_reserved_qpn_alloc 1 1
3: [2021-10-01 16:58:47.271854] nvme_rdma.c:1386:_nvme_rdma_ctrlr_connect_qpair: *NOTICE*: Connect rdma qpair: pg 0x7f3430000bb0, srq depth 128
0: [2021-10-01 16:58:47.271869] nvme_rdma.c:1386:_nvme_rdma_ctrlr_connect_qpair: *NOTICE*: Connect rdma qpair: pg 0x7f6910000ab0, srq depth 128
4: [2021-10-01 16:58:47.271916] nvme_rdma.c:1386:_nvme_rdma_ctrlr_connect_qpair: *NOTICE*: Connect rdma qpair: pg 0x7fc29c000a90, srq depth 128
2: [2021-10-01 16:58:47.271902] nvme_rdma.c:1386:_nvme_rdma_ctrlr_connect_qpair: *NOTICE*: Connect rdma qpair: pg 0x7f2d18000a90, srq depth 128
1: [2021-10-01 16:58:47.271933] nvme_rdma.c:1386:_nvme_rdma_ctrlr_connect_qpair: *NOTICE*: Connect rdma qpair: pg 0x7fe9a8000a90, srq depth 128
1: [2021-10-01 16:58:47.272892] nvme_rdma.c:2525:nvme_rdma_poller_create: *NOTICE*: Created SRQ 0x7fe974000e68, device mlx5_0
1: [2021-10-01 16:58:47.272919] nvme_rdma.c: 928:nvme_rdma_register_rsps: *NOTICE*: res->poller->pd: 0x7fe974000e30
1: [2021-10-01 16:58:47.272978] nvme_rdma.c:1020:nvme_rdma_create_resources: *NOTICE*: Created resources: qp (nil), poller 0x7fe974000b40, num_entries 128
1: [2021-10-01 16:58:47.273080] nvme_rdma.c:2525:nvme_rdma_poller_create: *NOTICE*: Created SRQ 0x7fe8fc000e58, device mlx5_0
1: [2021-10-01 16:58:47.273117] nvme_rdma.c: 928:nvme_rdma_register_rsps: *NOTICE*: res->poller->pd: 0x7fe8fc000e20
1: [2021-10-01 16:58:47.273168] nvme_rdma.c:1020:nvme_rdma_create_resources: *NOTICE*: Created resources: qp (nil), poller 0x7fe8fc000b30, num_entries 128
1: [2021-10-01 16:58:47.273271] nvme_rdma.c:2525:nvme_rdma_poller_create: *NOTICE*: Created SRQ 0x7fe984000e68, device mlx5_0
1: [2021-10-01 16:58:47.273305] nvme_rdma.c: 928:nvme_rdma_register_rsps: *NOTICE*: res->poller->pd: 0x7fe984000e30
1: [2021-10-01 16:58:47.273357] nvme_rdma.c:1020:nvme_rdma_create_resources: *NOTICE*: Created resources: qp (nil), poller 0x7fe984000b40, num_entries 128
1: [2021-10-01 16:58:47.273595] nvme_rdma.c:2525:nvme_rdma_poller_create: *NOTICE*: Created SRQ 0x7fe8f0000e58, device mlx5_0
1: [2021-10-01 16:58:47.273622] nvme_rdma.c: 928:nvme_rdma_register_rsps: *NOTICE*: res->poller->pd: 0x7fe8f0000e20
1: [2021-10-01 16:58:47.273658] nvme_rdma.c:1020:nvme_rdma_create_resources: *NOTICE*: Created resources: qp (nil), poller 0x7fe8f0000b30, num_entries 128
1: [2021-10-01 16:58:47.273866] nvme_rdma.c:2525:nvme_rdma_poller_create: *NOTICE*: Created SRQ 0x7fe8e8000e58, device mlx5_0
1: [2021-10-01 16:58:47.273888] nvme_rdma.c: 928:nvme_rdma_register_rsps: *NOTICE*: res->poller->pd: 0x7fe8e8000e20
1: [2021-10-01 16:58:47.273923] nvme_rdma.c:1020:nvme_rdma_create_resources: *NOTICE*: Created resources: qp (nil), poller 0x7fe8e8000b30, num_entries 128
1: [2021-10-01 16:58:47.274110] nvme_rdma.c:2525:nvme_rdma_poller_create: *NOTICE*: Created SRQ 0x7fe91c000ed8, device mlx5_0
1: [2021-10-01 16:58:47.274130] nvme_rdma.c: 928:nvme_rdma_register_rsps: *NOTICE*: res->poller->pd: 0x7fe91c000b00
1: [2021-10-01 16:58:47.274168] nvme_rdma.c:2525:nvme_rdma_poller_create: *NOTICE*: Created SRQ 0x7fe974008bf8, device mlx5_1
1: [2021-10-01 16:58:47.274169] nvme_rdma.c:1020:nvme_rdma_create_resources: *NOTICE*: Created resources: qp (nil), poller 0x7fe91c000be0, num_entries 128
1: [2021-10-01 16:58:47.274195] nvme_rdma.c: 928:nvme_rdma_register_rsps: *NOTICE*: res->poller->pd: 0x7fe974000fd0
1: [2021-10-01 16:58:47.274254] nvme_rdma.c:1020:nvme_rdma_create_resources: *NOTICE*: Created resources: qp (nil), poller 0x7fe974008900, num_entries 128
1: [2021-10-01 16:58:47.274355] nvme_rdma.c:2525:nvme_rdma_poller_create: *NOTICE*: Created SRQ 0x7fe8e0000e58, device mlx5_0
1: [2021-10-01 16:58:47.274382] nvme_rdma.c: 928:nvme_rdma_register_rsps: *NOTICE*: res->poller->pd: 0x7fe8e0000e20
1: [2021-10-01 16:58:47.274417] nvme_rdma.c:1020:nvme_rdma_create_resources: *NOTICE*: Created resources: qp (nil), poller 0x7fe8e0000b30, num_entries 128
1: [2021-10-01 16:58:47.274479] nvme_rdma.c:2525:nvme_rdma_poller_create: *NOTICE*: Created SRQ 0x7fe8fc008bf8, device mlx5_1
1: [2021-10-01 16:58:47.274493] nvme_rdma.c: 928:nvme_rdma_register_rsps: *NOTICE*: res->poller->pd: 0x7fe8fc000fc0
1: [2021-10-01 16:58:47.274535] nvme_rdma.c:1020:nvme_rdma_create_resources: *NOTICE*: Created resources: qp (nil), poller 0x7fe8fc008900, num_entries 128
1: [2021-10-01 16:58:47.274561] nvme_rdma.c:2525:nvme_rdma_poller_create: *NOTICE*: Created SRQ 0x7fe8d8000e58, device mlx5_0
1: [2021-10-01 16:58:47.274580] nvme_rdma.c: 928:nvme_rdma_register_rsps: *NOTICE*: res->poller->pd: 0x7fe8d8000e20
1: [2021-10-01 16:58:47.274623] nvme_rdma.c:1020:nvme_rdma_create_resources: *NOTICE*: Created resources: qp (nil), poller 0x7fe8d8000b30, num_entries 128
3: [2021-10-01 16:58:47.274712] nvme_rdma.c:2525:nvme_rdma_poller_create: *NOTICE*: Created SRQ 0x7f33fc000e68, device mlx5_0
3: [2021-10-01 16:58:47.274748] nvme_rdma.c: 928:nvme_rdma_register_rsps: *NOTICE*: res->poller->pd: 0x7f33fc000e30
1: [2021-10-01 16:58:47.274816] nvme_rdma.c:2525:nvme_rdma_poller_create: *NOTICE*: Created SRQ 0x7fe984008bf8, device mlx5_1
3: [2021-10-01 16:58:47.274854] nvme_rdma.c:1020:nvme_rdma_create_resources: *NOTICE*: Created resources: qp (nil), poller 0x7f33fc000b40, num_entries 128
1: [2021-10-01 16:58:47.274833] nvme_rdma.c: 928:nvme_rdma_register_rsps: *NOTICE*: res->poller->pd: 0x7fe984000fd0
1: [2021-10-01 16:58:47.274870] nvme_rdma.c:1020:nvme_rdma_create_resources: *NOTICE*: Created resources: qp (nil), poller 0x7fe984008900, num_entries 128
3: [2021-10-01 16:58:47.274937] nvme_rdma.c:2525:nvme_rdma_poller_create: *NOTICE*: Created SRQ 0x7f3400000e58, device mlx5_0
3: [2021-10-01 16:58:47.274968] nvme_rdma.c: 928:nvme_rdma_register_rsps: *NOTICE*: res->poller->pd: 0x7f3400000e20
3: [2021-10-01 16:58:47.275016] nvme_rdma.c:1020:nvme_rdma_create_resources: *NOTICE*: Created resources: qp (nil), poller 0x7f3400000b30, num_entries 128
2: mlx5dv_reserved_qpn_alloc 1 1
1: [2021-10-01 16:58:47.275189] nvme_rdma.c:2525:nvme_rdma_poller_create: *NOTICE*: Created SRQ 0x7fe8f0008bf8, device mlx5_1
3: [2021-10-01 16:58:47.275211] nvme_rdma.c:2525:nvme_rdma_poller_create: *NOTICE*: Created SRQ 0x7f33b8000e58, device mlx5_0
1: [2021-10-01 16:58:47.275207] nvme_rdma.c: 928:nvme_rdma_register_rsps: *NOTICE*: res->poller->pd: 0x7fe8f0000fc0
1: [2021-10-01 16:58:47.275241] nvme_rdma.c:1020:nvme_rdma_create_resources: *NOTICE*: Created resources: qp (nil), poller 0x7fe8f0008900, num_entries 128
3: [2021-10-01 16:58:47.275232] nvme_rdma.c: 928:nvme_rdma_register_rsps: *NOTICE*: res->poller->pd: 0x7f33b8000e20
3: [2021-10-01 16:58:47.275269] nvme_rdma.c:1020:nvme_rdma_create_resources: *NOTICE*: Created resources: qp (nil), poller 0x7f33b8000b30, num_entries 128
0: mlx5dv_reserved_qpn_alloc 1 1
1: [2021-10-01 16:58:47.275393] nvme_rdma.c:2525:nvme_rdma_poller_create: *NOTICE*: Created SRQ 0x7fe8e8008bf8, device mlx5_1
1: [2021-10-01 16:58:47.275410] nvme_rdma.c: 928:nvme_rdma_register_rsps: *NOTICE*: res->poller->pd: 0x7fe8e8000fc0
3: [2021-10-01 16:58:47.275500] nvme_rdma.c:2525:nvme_rdma_poller_create: *NOTICE*: Created SRQ 0x7f3428000f78, device mlx5_0
1: [2021-10-01 16:58:47.275442] nvme_rdma.c:1020:nvme_rdma_create_resources: *NOTICE*: Created resources: qp (nil), poller 0x7fe8e8008900, num_entries 128
3: [2021-10-01 16:58:47.275523] nvme_rdma.c: 928:nvme_rdma_register_rsps: *NOTICE*: res->poller->pd: 0x7f3428000b00
1: [2021-10-01 16:58:47.275601] nvme_rdma.c:2525:nvme_rdma_poller_create: *NOTICE*: Created SRQ 0x7fe91c001bf8, device mlx5_1
3: [2021-10-01 16:58:47.275555] nvme_rdma.c:1020:nvme_rdma_create_resources: *NOTICE*: Created resources: qp (nil), poller 0x7f3428000c80, num_entries 128
1: [2021-10-01 16:58:47.275622] nvme_rdma.c: 928:nvme_rdma_register_rsps: *NOTICE*: res->poller->pd: 0x7fe91c000b30
1: [2021-10-01 16:58:47.275658] nvme_rdma.c:1020:nvme_rdma_create_resources: *NOTICE*: Created resources: qp (nil), poller 0x7fe91c001900, num_entries 128
1: mlx5dv_reserved_qpn_alloc 1 1
3: [2021-10-01 16:58:47.275758] nvme_rdma.c:2525:nvme_rdma_poller_create: *NOTICE*: Created SRQ 0x7f33fc008bf8, device mlx5_1
3: [2021-10-01 16:58:47.275773] nvme_rdma.c: 928:nvme_rdma_register_rsps: *NOTICE*: res->poller->pd: 0x7f33fc000fd0
1: [2021-10-01 16:58:47.275853] nvme_rdma.c:2525:nvme_rdma_poller_create: *NOTICE*: Created SRQ 0x7fe8e0008bf8, device mlx5_1
3: [2021-10-01 16:58:47.275810] nvme_rdma.c:1020:nvme_rdma_create_resources: *NOTICE*: Created resources: qp (nil), poller 0x7f33fc008900, num_entries 128
1: [2021-10-01 16:58:47.275869] nvme_rdma.c: 928:nvme_rdma_register_rsps: *NOTICE*: res->poller->pd: 0x7fe8e0000fc0
1: [2021-10-01 16:58:47.275905] nvme_rdma.c:1020:nvme_rdma_create_resources: *NOTICE*: Created resources: qp (nil), poller 0x7fe8e0008900, num_entries 128
1: [2021-10-01 16:58:47.276044] nvme_rdma.c:2525:nvme_rdma_poller_create: *NOTICE*: Created SRQ 0x7fe8d8008c28, device mlx5_1
3: [2021-10-01 16:58:47.276089] nvme_rdma.c:2525:nvme_rdma_poller_create: *NOTICE*: Created SRQ 0x7f3400008bf8, device mlx5_1
1: [2021-10-01 16:58:47.276058] nvme_rdma.c: 928:nvme_rdma_register_rsps: *NOTICE*: res->poller->pd: 0x7fe8d8008bf0
1: [2021-10-01 16:58:47.276090] nvme_rdma.c:1020:nvme_rdma_create_resources: *NOTICE*: Created resources: qp (nil), poller 0x7fe8d8008900, num_entries 128
3: [2021-10-01 16:58:47.276111] nvme_rdma.c: 928:nvme_rdma_register_rsps: *NOTICE*: res->poller->pd: 0x7f3400000fc0
3: [2021-10-01 16:58:47.276155] nvme_rdma.c:1020:nvme_rdma_create_resources: *NOTICE*: Created resources: qp (nil), poller 0x7f3400008900, num_entries 128
4: mlx5dv_reserved_qpn_alloc 1 1
3: [2021-10-01 16:58:47.276296] nvme_rdma.c:2525:nvme_rdma_poller_create: *NOTICE*: Created SRQ 0x7f33b8008bf8, device mlx5_1
3: [2021-10-01 16:58:47.276316] nvme_rdma.c: 928:nvme_rdma_register_rsps: *NOTICE*: res->poller->pd: 0x7f33b8000fc0
3: [2021-10-01 16:58:47.276350] nvme_rdma.c:1020:nvme_rdma_create_resources: *NOTICE*: Created resources: qp (nil), poller 0x7f33b8008900, num_entries 128
3: [2021-10-01 16:58:47.276502] nvme_rdma.c:2525:nvme_rdma_poller_create: *NOTICE*: Created SRQ 0x7f3428001cb8, device mlx5_1
3: [2021-10-01 16:58:47.276516] nvme_rdma.c: 928:nvme_rdma_register_rsps: *NOTICE*: res->poller->pd: 0x7f3428000b30
3: [2021-10-01 16:58:47.276550] nvme_rdma.c:1020:nvme_rdma_create_resources: *NOTICE*: Created resources: qp (nil), poller 0x7f34280019c0, num_entries 128
3: mlx5dv_reserved_qpn_alloc 1 1
0: [2021-10-01 16:58:47.281736] rdma.c:2990:nvmf_process_cm_event: *NOTICE*: In RDMA_CM_EVENT_CONNECT_REQUEST
0: mlx5dv_reserved_qpn_alloc 1 1
0: [2021-10-01 16:58:47.281757] rdma.c:2990:nvmf_process_cm_event: *NOTICE*: In RDMA_CM_EVENT_CONNECT_REQUEST
0: mlx5dv_reserved_qpn_alloc 1 1
0: [2021-10-01 16:58:47.281774] rdma.c:2990:nvmf_process_cm_event: *NOTICE*: In RDMA_CM_EVENT_CONNECT_REQUEST
0: mlx5dv_reserved_qpn_alloc 1 1
0: [2021-10-01 16:58:47.281792] rdma.c:2990:nvmf_process_cm_event: *NOTICE*: In RDMA_CM_EVENT_CONNECT_REQUEST
0: mlx5dv_reserved_qpn_alloc 1 1
0: [2021-10-01 16:58:47.281810] rdma.c:2990:nvmf_process_cm_event: *NOTICE*: In RDMA_CM_EVENT_CONNECT_REQUEST
0: mlx5dv_reserved_qpn_alloc 1 1
2: [2021-10-01 16:58:47.281822] nvme_rdma.c:1386:_nvme_rdma_ctrlr_connect_qpair: *NOTICE*: Connect rdma qpair: pg 0x7f2d2c000a90, srq depth 128
0: [2021-10-01 16:58:47.281858] nvme_rdma.c:1386:_nvme_rdma_ctrlr_connect_qpair: *NOTICE*: Connect rdma qpair: pg 0x7f68e8000a90, srq depth 128
1: [2021-10-01 16:58:47.281881] nvme_rdma.c:1386:_nvme_rdma_ctrlr_connect_qpair: *NOTICE*: Connect rdma qpair: pg 0x7fe9a4000a90, srq depth 128
4: [2021-10-01 16:58:47.281895] nvme_rdma.c:1386:_nvme_rdma_ctrlr_connect_qpair: *NOTICE*: Connect rdma qpair: pg 0x7fc2e4000ab0, srq depth 128
3: [2021-10-01 16:58:47.281932] nvme_rdma.c:1386:_nvme_rdma_ctrlr_connect_qpair: *NOTICE*: Connect rdma qpair: pg 0x7f3480000a90, srq depth 128
0: mlx5dv_reserved_qpn_alloc 1 1
2: mlx5dv_reserved_qpn_alloc 1 1
3: mlx5dv_reserved_qpn_alloc 1 1
1: mlx5dv_reserved_qpn_alloc 1 1
4: mlx5dv_reserved_qpn_alloc 1 1
0: [2021-10-01 16:58:47.291718] rdma.c:2990:nvmf_process_cm_event: *NOTICE*: In RDMA_CM_EVENT_CONNECT_REQUEST
0: mlx5dv_reserved_qpn_alloc 1 1
0: [2021-10-01 16:58:47.291738] rdma.c:2990:nvmf_process_cm_event: *NOTICE*: In RDMA_CM_EVENT_CONNECT_REQUEST
0: mlx5dv_reserved_qpn_alloc 1 1
0: [2021-10-01 16:58:47.291752] rdma.c:2990:nvmf_process_cm_event: *NOTICE*: In RDMA_CM_EVENT_CONNECT_REQUEST
0: mlx5dv_reserved_qpn_alloc 1 1
0: [2021-10-01 16:58:47.291763] rdma.c:2990:nvmf_process_cm_event: *NOTICE*: In RDMA_CM_EVENT_CONNECT_REQUEST
0: mlx5dv_reserved_qpn_alloc 1 1
0: [2021-10-01 16:58:47.291776] rdma.c:2990:nvmf_process_cm_event: *NOTICE*: In RDMA_CM_EVENT_CONNECT_REQUEST
0: mlx5dv_reserved_qpn_alloc 1 1
0: [2021-10-01 16:58:47.291814] nvme_rdma.c:1386:_nvme_rdma_ctrlr_connect_qpair: *NOTICE*: Connect rdma qpair: pg 0x7f6914000ab0, srq depth 128
2: [2021-10-01 16:58:47.291810] nvme_rdma.c:1386:_nvme_rdma_ctrlr_connect_qpair: *NOTICE*: Connect rdma qpair: pg 0x7f2d1c000a90, srq depth 128
3: [2021-10-01 16:58:47.291847] nvme_rdma.c:1386:_nvme_rdma_ctrlr_connect_qpair: *NOTICE*: Connect rdma qpair: pg 0x7f3448000a90, srq depth 128
1: [2021-10-01 16:58:47.291876] nvme_rdma.c:1386:_nvme_rdma_ctrlr_connect_qpair: *NOTICE*: Connect rdma qpair: pg 0x7fe988000a90, srq depth 128
4: [2021-10-01 16:58:47.291875] nvme_rdma.c:1386:_nvme_rdma_ctrlr_connect_qpair: *NOTICE*: Connect rdma qpair: pg 0x7fc2a8000ab0, srq depth 128
0: mlx5dv_reserved_qpn_alloc 1 1
2: mlx5dv_reserved_qpn_alloc 1 1
3: mlx5dv_reserved_qpn_alloc 1 1
1: mlx5dv_reserved_qpn_alloc 1 1
4: mlx5dv_reserved_qpn_alloc 1 1
0: [2021-10-01 16:58:47.301703] rdma.c:2990:nvmf_process_cm_event: *NOTICE*: In RDMA_CM_EVENT_CONNECT_REQUEST
0: mlx5dv_reserved_qpn_alloc 1 1
0: [2021-10-01 16:58:47.301722] rdma.c:2990:nvmf_process_cm_event: *NOTICE*: In RDMA_CM_EVENT_CONNECT_REQUEST
0: mlx5dv_reserved_qpn_alloc 1 1
0: [2021-10-01 16:58:47.301737] rdma.c:2990:nvmf_process_cm_event: *NOTICE*: In RDMA_CM_EVENT_CONNECT_REQUEST
0: [2021-10-01 16:58:47.301751] rdma.c:2990:nvmf_process_cm_event: *NOTICE*: In RDMA_CM_EVENT_CONNECT_REQUEST
0: mlx5dv_reserved_qpn_alloc 1 1
0: [2021-10-01 16:58:47.301812] rdma.c:2990:nvmf_process_cm_event: *NOTICE*: In RDMA_CM_EVENT_CONNECT_REQUEST
0: mlx5dv_reserved_qpn_alloc 1 1
0: mlx5dv_reserved_qpn_alloc 1 1
0: [2021-10-01 16:58:47.301791] nvme_rdma.c:1386:_nvme_rdma_ctrlr_connect_qpair: *NOTICE*: Connect rdma qpair: pg 0x7f691c000b60, srq depth 128
2: [2021-10-01 16:58:47.301810] nvme_rdma.c:1386:_nvme_rdma_ctrlr_connect_qpair: *NOTICE*: Connect rdma qpair: pg 0x7f2d28000a90, srq depth 128
4: [2021-10-01 16:58:47.301898] nvme_rdma.c:1386:_nvme_rdma_ctrlr_connect_qpair: *NOTICE*: Connect rdma qpair: pg 0x7fc294000a90, srq depth 128
3: [2021-10-01 16:58:47.301914] nvme_rdma.c:1386:_nvme_rdma_ctrlr_connect_qpair: *NOTICE*: Connect rdma qpair: pg 0x7f3478000a90, srq depth 128
1: [2021-10-01 16:58:47.301892] nvme_rdma.c:1386:_nvme_rdma_ctrlr_connect_qpair: *NOTICE*: Connect rdma qpair: pg 0x7fe998000a90, srq depth 128
0: mlx5dv_reserved_qpn_alloc 1 1
1: mlx5dv_reserved_qpn_alloc 1 1
3: mlx5dv_reserved_qpn_alloc 1 1
2: mlx5dv_reserved_qpn_alloc 1 1
4: mlx5dv_reserved_qpn_alloc 1 1
0: [2021-10-01 16:58:47.311682] rdma.c:2990:nvmf_process_cm_event: *NOTICE*: In RDMA_CM_EVENT_CONNECT_REQUEST
0: mlx5dv_reserved_qpn_alloc 1 1
0: [2021-10-01 16:58:47.311699] rdma.c:2990:nvmf_process_cm_event: *NOTICE*: In RDMA_CM_EVENT_CONNECT_REQUEST
0: mlx5dv_reserved_qpn_alloc 1 1
0: [2021-10-01 16:58:47.311712] rdma.c:2990:nvmf_process_cm_event: *NOTICE*: In RDMA_CM_EVENT_CONNECT_REQUEST
0: mlx5dv_reserved_qpn_alloc 1 1
0: [2021-10-01 16:58:47.311733] rdma.c:2990:nvmf_process_cm_event: *NOTICE*: In RDMA_CM_EVENT_CONNECT_REQUEST
0: mlx5dv_reserved_qpn_alloc 1 1
0: [2021-10-01 16:58:47.311750] rdma.c:2990:nvmf_process_cm_event: *NOTICE*: In RDMA_CM_EVENT_CONNECT_REQUEST
0: mlx5dv_reserved_qpn_alloc 1 1
0: [2021-10-01 16:58:47.311776] nvme_rdma.c:1386:_nvme_rdma_ctrlr_connect_qpair: *NOTICE*: Connect rdma qpair: pg 0x7f690c000ab0, srq depth 128
1: [2021-10-01 16:58:47.311788] nvme_rdma.c:1386:_nvme_rdma_ctrlr_connect_qpair: *NOTICE*: Connect rdma qpair: pg 0x7fe990000a90, srq depth 128
3: [2021-10-01 16:58:47.311822] nvme_rdma.c:1386:_nvme_rdma_ctrlr_connect_qpair: *NOTICE*: Connect rdma qpair: pg 0x7f3468000a90, srq depth 128
2: [2021-10-01 16:58:47.311813] nvme_rdma.c:1386:_nvme_rdma_ctrlr_connect_qpair: *NOTICE*: Connect rdma qpair: pg 0x7f2cc4000a90, srq depth 128
4: [2021-10-01 16:58:47.311850] nvme_rdma.c:1386:_nvme_rdma_ctrlr_connect_qpair: *NOTICE*: Connect rdma qpair: pg 0x7fc290000a90, srq depth 128
3: mlx5dv_reserved_qpn_alloc 1 1
0: mlx5dv_reserved_qpn_alloc 1 1
1: mlx5dv_reserved_qpn_alloc 1 1
2: mlx5dv_reserved_qpn_alloc 1 1
4: mlx5dv_reserved_qpn_alloc 1 1
0: [2021-10-01 16:58:47.321670] rdma.c:2990:nvmf_process_cm_event: *NOTICE*: In RDMA_CM_EVENT_CONNECT_REQUEST
0: [2021-10-01 16:58:47.321688] rdma.c:2990:nvmf_process_cm_event: *NOTICE*: In RDMA_CM_EVENT_CONNECT_REQUEST
0: mlx5dv_reserved_qpn_alloc 1 1
0: [2021-10-01 16:58:47.321704] rdma.c:2990:nvmf_process_cm_event: *NOTICE*: In RDMA_CM_EVENT_CONNECT_REQUEST
0: mlx5dv_reserved_qpn_alloc 1 1
0: [2021-10-01 16:58:47.321715] rdma.c:2990:nvmf_process_cm_event: *NOTICE*: In RDMA_CM_EVENT_CONNECT_REQUEST
0: mlx5dv_reserved_qpn_alloc 1 1
0: [2021-10-01 16:58:47.321726] rdma.c:2990:nvmf_process_cm_event: *NOTICE*: In RDMA_CM_EVENT_CONNECT_REQUEST
0: mlx5dv_reserved_qpn_alloc 1 1
0: mlx5dv_reserved_qpn_alloc 1 1
0: [2021-10-01 16:58:47.321782] nvme_rdma.c:1386:_nvme_rdma_ctrlr_connect_qpair: *NOTICE*: Connect rdma qpair: pg 0x7f6900000ab0, srq depth 128
1: [2021-10-01 16:58:47.321802] nvme_rdma.c:1386:_nvme_rdma_ctrlr_connect_qpair: *NOTICE*: Connect rdma qpair: pg 0x7fe98c000a90, srq depth 128
4: [2021-10-01 16:58:47.321834] nvme_rdma.c:1386:_nvme_rdma_ctrlr_connect_qpair: *NOTICE*: Connect rdma qpair: pg 0x7fc318000a90, srq depth 128
2: [2021-10-01 16:58:47.321809] nvme_rdma.c:1386:_nvme_rdma_ctrlr_connect_qpair: *NOTICE*: Connect rdma qpair: pg 0x7f2d08000a90, srq depth 128
3: [2021-10-01 16:58:47.321858] nvme_rdma.c:1386:_nvme_rdma_ctrlr_connect_qpair: *NOTICE*: Connect rdma qpair: pg 0x7f3470000a90, srq depth 128
0: mlx5dv_reserved_qpn_alloc 1 1
2: mlx5dv_reserved_qpn_alloc 1 1
3: mlx5dv_reserved_qpn_alloc 1 1
1: mlx5dv_reserved_qpn_alloc 1 1
4: mlx5dv_reserved_qpn_alloc 1 1
0: [2021-10-01 16:58:47.331651] rdma.c:2990:nvmf_process_cm_event: *NOTICE*: In RDMA_CM_EVENT_CONNECT_REQUEST
0: mlx5dv_reserved_qpn_alloc 1 1
0: [2021-10-01 16:58:47.331672] rdma.c:2990:nvmf_process_cm_event: *NOTICE*: In RDMA_CM_EVENT_CONNECT_REQUEST
0: mlx5dv_reserved_qpn_alloc 1 1
0: [2021-10-01 16:58:47.331689] rdma.c:2990:nvmf_process_cm_event: *NOTICE*: In RDMA_CM_EVENT_CONNECT_REQUEST
0: mlx5dv_reserved_qpn_alloc 1 1
0: [2021-10-01 16:58:47.331703] rdma.c:2990:nvmf_process_cm_event: *NOTICE*: In RDMA_CM_EVENT_CONNECT_REQUEST
0: [2021-10-01 16:58:47.331717] rdma.c:2990:nvmf_process_cm_event: *NOTICE*: In RDMA_CM_EVENT_CONNECT_REQUEST
0: mlx5dv_reserved_qpn_alloc 1 1
0: mlx5dv_reserved_qpn_alloc 1 1
0: [2021-10-01 16:58:47.331749] nvme_rdma.c:1386:_nvme_rdma_ctrlr_connect_qpair: *NOTICE*: Connect rdma qpair: pg 0x7f6918000ab0, srq depth 128
2: [2021-10-01 16:58:47.331753] nvme_rdma.c:1386:_nvme_rdma_ctrlr_connect_qpair: *NOTICE*: Connect rdma qpair: pg 0x7f2d00000a90, srq depth 128
3: [2021-10-01 16:58:47.331798] nvme_rdma.c:1386:_nvme_rdma_ctrlr_connect_qpair: *NOTICE*: Connect rdma qpair: pg 0x7f341c000ab0, srq depth 128
1: [2021-10-01 16:58:47.331823] nvme_rdma.c:1386:_nvme_rdma_ctrlr_connect_qpair: *NOTICE*: Connect rdma qpair: pg 0x7fe97c000a90, srq depth 128
4: [2021-10-01 16:58:47.331806] nvme_rdma.c:1386:_nvme_rdma_ctrlr_connect_qpair: *NOTICE*: Connect rdma qpair: pg 0x7fc314000ab0, srq depth 128
1: mlx5dv_reserved_qpn_alloc 1 1
2: mlx5dv_reserved_qpn_alloc 1 1
0: mlx5dv_reserved_qpn_alloc 1 1
3: mlx5dv_reserved_qpn_alloc 1 1
4: mlx5dv_reserved_qpn_alloc 1 1
0: [2021-10-01 16:58:47.341634] rdma.c:2990:nvmf_process_cm_event: *NOTICE*: In RDMA_CM_EVENT_CONNECT_REQUEST
0: mlx5dv_reserved_qpn_alloc 1 1
0: [2021-10-01 16:58:47.341651] rdma.c:2990:nvmf_process_cm_event: *NOTICE*: In RDMA_CM_EVENT_CONNECT_REQUEST
0: mlx5dv_reserved_qpn_alloc 1 1
0: [2021-10-01 16:58:47.341662] rdma.c:2990:nvmf_process_cm_event: *NOTICE*: In RDMA_CM_EVENT_CONNECT_REQUEST
0: mlx5dv_reserved_qpn_alloc 1 1
0: [2021-10-01 16:58:47.341675] rdma.c:2990:nvmf_process_cm_event: *NOTICE*: In RDMA_CM_EVENT_CONNECT_REQUEST
0: mlx5dv_reserved_qpn_alloc 1 1
0: [2021-10-01 16:58:47.341692] rdma.c:2990:nvmf_process_cm_event: *NOTICE*: In RDMA_CM_EVENT_CONNECT_REQUEST
0: mlx5dv_reserved_qpn_alloc 1 1
2: [2021-10-01 16:58:47.341718] nvme_rdma.c:1386:_nvme_rdma_ctrlr_connect_qpair: *NOTICE*: Connect rdma qpair: pg 0x7f2cec000ab0, srq depth 128
1: [2021-10-01 16:58:47.341737] nvme_rdma.c:1386:_nvme_rdma_ctrlr_connect_qpair: *NOTICE*: Connect rdma qpair: pg 0x7fe970000a90, srq depth 128
0: [2021-10-01 16:58:47.341760] nvme_rdma.c:1386:_nvme_rdma_ctrlr_connect_qpair: *NOTICE*: Connect rdma qpair: pg 0x7f6920000ab0, srq depth 128
3: [2021-10-01 16:58:47.341785] nvme_rdma.c:1386:_nvme_rdma_ctrlr_connect_qpair: *NOTICE*: Connect rdma qpair: pg 0x7f3460000a90, srq depth 128
4: [2021-10-01 16:58:47.341784] nvme_rdma.c:1386:_nvme_rdma_ctrlr_connect_qpair: *NOTICE*: Connect rdma qpair: pg 0x7fc31c000a90, srq depth 128
3: mlx5dv_reserved_qpn_alloc 1 1
0: mlx5dv_reserved_qpn_alloc 1 1
1: mlx5dv_reserved_qpn_alloc 1 1
2: mlx5dv_reserved_qpn_alloc 1 1
4: mlx5dv_reserved_qpn_alloc 1 1
0: [2021-10-01 16:58:47.351617] rdma.c:2990:nvmf_process_cm_event: *NOTICE*: In RDMA_CM_EVENT_CONNECT_REQUEST
0: mlx5dv_reserved_qpn_alloc 1 1
0: [2021-10-01 16:58:47.351637] rdma.c:2990:nvmf_process_cm_event: *NOTICE*: In RDMA_CM_EVENT_CONNECT_REQUEST
0: [2021-10-01 16:58:47.351651] rdma.c:2990:nvmf_process_cm_event: *NOTICE*: In RDMA_CM_EVENT_CONNECT_REQUEST
0: mlx5dv_reserved_qpn_alloc 1 1
0: [2021-10-01 16:58:47.351666] rdma.c:2990:nvmf_process_cm_event: *NOTICE*: In RDMA_CM_EVENT_CONNECT_REQUEST
0: mlx5dv_reserved_qpn_alloc 1 1
0: [2021-10-01 16:58:47.351676] rdma.c:2990:nvmf_process_cm_event: *NOTICE*: In RDMA_CM_EVENT_CONNECT_REQUEST
0: mlx5dv_reserved_qpn_alloc 1 1
0: mlx5dv_reserved_qpn_alloc 1 1
3: [2021-10-01 16:58:47.351728] nvme_rdma.c:1386:_nvme_rdma_ctrlr_connect_qpair: *NOTICE*: Connect rdma qpair: pg 0x7f3464000a90, srq depth 128
1: [2021-10-01 16:58:47.351748] nvme_rdma.c:1386:_nvme_rdma_ctrlr_connect_qpair: *NOTICE*: Connect rdma qpair: pg 0x7fe980000a90, srq depth 128
0: [2021-10-01 16:58:47.351758] nvme_rdma.c:1386:_nvme_rdma_ctrlr_connect_qpair: *NOTICE*: Connect rdma qpair: pg 0x7f6904000ab0, srq depth 128
4: [2021-10-01 16:58:47.351752] nvme_rdma.c:1386:_nvme_rdma_ctrlr_connect_qpair: *NOTICE*: Connect rdma qpair: pg 0x7fc32c000b60, srq depth 128
2: [2021-10-01 16:58:47.351757] nvme_rdma.c:1386:_nvme_rdma_ctrlr_connect_qpair: *NOTICE*: Connect rdma qpair: pg 0x7f2ce8000ab0, srq depth 128
3: mlx5dv_reserved_qpn_alloc 1 1
2: mlx5dv_reserved_qpn_alloc 1 1
1: mlx5dv_reserved_qpn_alloc 1 1
0: mlx5dv_reserved_qpn_alloc 1 1
4: mlx5dv_reserved_qpn_alloc 1 1
0: [2021-10-01 16:58:47.361600] rdma.c:2990:nvmf_process_cm_event: *NOTICE*: In RDMA_CM_EVENT_CONNECT_REQUEST
0: mlx5dv_reserved_qpn_alloc 1 1
0: [2021-10-01 16:58:47.361618] rdma.c:2990:nvmf_process_cm_event: *NOTICE*: In RDMA_CM_EVENT_CONNECT_REQUEST
0: mlx5dv_reserved_qpn_alloc 1 1
0: [2021-10-01 16:58:47.361634] rdma.c:2990:nvmf_process_cm_event: *NOTICE*: In RDMA_CM_EVENT_CONNECT_REQUEST
0: mlx5dv_reserved_qpn_alloc 1 1
0: [2021-10-01 16:58:47.361650] rdma.c:2990:nvmf_process_cm_event: *NOTICE*: In RDMA_CM_EVENT_CONNECT_REQUEST
0: mlx5dv_reserved_qpn_alloc 1 1
0: [2021-10-01 16:58:47.361665] rdma.c:2990:nvmf_process_cm_event: *NOTICE*: In RDMA_CM_EVENT_CONNECT_REQUEST
0: mlx5dv_reserved_qpn_alloc 1 1
2: [2021-10-01 16:58:47.361683] nvme_rdma.c:1386:_nvme_rdma_ctrlr_connect_qpair: *NOTICE*: Connect rdma qpair: pg 0x7f2ce0000ab0, srq depth 128
3: [2021-10-01 16:58:47.361710] nvme_rdma.c:1386:_nvme_rdma_ctrlr_connect_qpair: *NOTICE*: Connect rdma qpair: pg 0x7f342c000ab0, srq depth 128
1: [2021-10-01 16:58:47.361746] nvme_rdma.c:1386:_nvme_rdma_ctrlr_connect_qpair: *NOTICE*: Connect rdma qpair: pg 0x7fe964000b60, srq depth 128
0: [2021-10-01 16:58:47.361762] nvme_rdma.c:1386:_nvme_rdma_ctrlr_connect_qpair: *NOTICE*: Connect rdma qpair: pg 0x7f6940000a90, srq depth 128
4: [2021-10-01 16:58:47.361774] nvme_rdma.c:1386:_nvme_rdma_ctrlr_connect_qpair: *NOTICE*: Connect rdma qpair: pg 0x7fc30c000a90, srq depth 128
1: mlx5dv_reserved_qpn_alloc 1 1
0: mlx5dv_reserved_qpn_alloc 1 1
3: mlx5dv_reserved_qpn_alloc 1 1
2: mlx5dv_reserved_qpn_alloc 1 1
4: mlx5dv_reserved_qpn_alloc 1 1
0: [2021-10-01 16:58:47.371584] rdma.c:2990:nvmf_process_cm_event: *NOTICE*: In RDMA_CM_EVENT_CONNECT_REQUEST
0: mlx5dv_reserved_qpn_alloc 1 1
0: [2021-10-01 16:58:47.371604] rdma.c:2990:nvmf_process_cm_event: *NOTICE*: In RDMA_CM_EVENT_CONNECT_REQUEST
0: mlx5dv_reserved_qpn_alloc 1 1
0: [2021-10-01 16:58:47.371617] rdma.c:2990:nvmf_process_cm_event: *NOTICE*: In RDMA_CM_EVENT_CONNECT_REQUEST
0: mlx5dv_reserved_qpn_alloc 1 1
0: [2021-10-01 16:58:47.371631] rdma.c:2990:nvmf_process_cm_event: *NOTICE*: In RDMA_CM_EVENT_CONNECT_REQUEST
0: mlx5dv_reserved_qpn_alloc 1 1
0: [2021-10-01 16:58:47.371643] rdma.c:2990:nvmf_process_cm_event: *NOTICE*: In RDMA_CM_EVENT_CONNECT_REQUEST
0: mlx5dv_reserved_qpn_alloc 1 1
1: [2021-10-01 16:58:47.371690] nvme_rdma.c:1386:_nvme_rdma_ctrlr_connect_qpair: *NOTICE*: Connect rdma qpair: pg 0x7fe938000ab0, srq depth 128
0: [2021-10-01 16:58:47.371696] nvme_rdma.c:1386:_nvme_rdma_ctrlr_connect_qpair: *NOTICE*: Connect rdma qpair: pg 0x7f68f8000a90, srq depth 128
2: [2021-10-01 16:58:47.371709] nvme_rdma.c:1386:_nvme_rdma_ctrlr_connect_qpair: *NOTICE*: Connect rdma qpair: pg 0x7f2d0c000a90, srq depth 128
3: [2021-10-01 16:58:47.371727] nvme_rdma.c:1386:_nvme_rdma_ctrlr_connect_qpair: *NOTICE*: Connect rdma qpair: pg 0x7f346c000b60, srq depth 128
4: [2021-10-01 16:58:47.371749] nvme_rdma.c:1386:_nvme_rdma_ctrlr_connect_qpair: *NOTICE*: Connect rdma qpair: pg 0x7fc300000a90, srq depth 128
3: mlx5dv_reserved_qpn_alloc 1 1
2: mlx5dv_reserved_qpn_alloc 1 1
0: mlx5dv_reserved_qpn_alloc 1 1
1: mlx5dv_reserved_qpn_alloc 1 1
4: mlx5dv_reserved_qpn_alloc 1 1
0: [2021-10-01 16:58:47.381567] rdma.c:2990:nvmf_process_cm_event: *NOTICE*: In RDMA_CM_EVENT_CONNECT_REQUEST
0: mlx5dv_reserved_qpn_alloc 1 1
0: [2021-10-01 16:58:47.381587] rdma.c:2990:nvmf_process_cm_event: *NOTICE*: In RDMA_CM_EVENT_CONNECT_REQUEST
0: mlx5dv_reserved_qpn_alloc 1 1
0: [2021-10-01 16:58:47.381605] rdma.c:2990:nvmf_process_cm_event: *NOTICE*: In RDMA_CM_EVENT_CONNECT_REQUEST
0: [2021-10-01 16:58:47.381622] rdma.c:2990:nvmf_process_cm_event: *NOTICE*: In RDMA_CM_EVENT_CONNECT_REQUEST
0: mlx5dv_reserved_qpn_alloc 1 1
0: [2021-10-01 16:58:47.381635] rdma.c:2990:nvmf_process_cm_event: *NOTICE*: In RDMA_CM_EVENT_CONNECT_REQUEST
0: mlx5dv_reserved_qpn_alloc 1 1
0: mlx5dv_reserved_qpn_alloc 1 1
3: [2021-10-01 16:58:47.381678] nvme_rdma.c:1386:_nvme_rdma_ctrlr_connect_qpair: *NOTICE*: Connect rdma qpair: pg 0x7f344c000a90, srq depth 128
2: [2021-10-01 16:58:47.381673] nvme_rdma.c:1386:_nvme_rdma_ctrlr_connect_qpair: *NOTICE*: Connect rdma qpair: pg 0x7f2d04000a90, srq depth 128
1: [2021-10-01 16:58:47.381712] nvme_rdma.c:1386:_nvme_rdma_ctrlr_connect_qpair: *NOTICE*: Connect rdma qpair: pg 0x7fe960000a90, srq depth 128
4: [2021-10-01 16:58:47.381720] nvme_rdma.c:1386:_nvme_rdma_ctrlr_connect_qpair: *NOTICE*: Connect rdma qpair: pg 0x7fc2f0000ab0, srq depth 128
0: [2021-10-01 16:58:47.381737] nvme_rdma.c:1386:_nvme_rdma_ctrlr_connect_qpair: *NOTICE*: Connect rdma qpair: pg 0x7f68e0000a90, srq depth 128
2: mlx5dv_reserved_qpn_alloc 1 1
0: mlx5dv_reserved_qpn_alloc 1 1
3: mlx5dv_reserved_qpn_alloc 1 1
1: mlx5dv_reserved_qpn_alloc 1 1
4: mlx5dv_reserved_qpn_alloc 1 1
0: [2021-10-01 16:58:47.391553] rdma.c:2990:nvmf_process_cm_event: *NOTICE*: In RDMA_CM_EVENT_CONNECT_REQUEST
0: mlx5dv_reserved_qpn_alloc 1 1
0: [2021-10-01 16:58:47.391570] rdma.c:2990:nvmf_process_cm_event: *NOTICE*: In RDMA_CM_EVENT_CONNECT_REQUEST
0: mlx5dv_reserved_qpn_alloc 1 1
0: [2021-10-01 16:58:47.391586] rdma.c:2990:nvmf_process_cm_event: *NOTICE*: In RDMA_CM_EVENT_CONNECT_REQUEST
0: mlx5dv_reserved_qpn_alloc 1 1
0: [2021-10-01 16:58:47.391602] rdma.c:2990:nvmf_process_cm_event: *NOTICE*: In RDMA_CM_EVENT_CONNECT_REQUEST
0: mlx5dv_reserved_qpn_alloc 1 1
0: [2021-10-01 16:58:47.391617] rdma.c:2990:nvmf_process_cm_event: *NOTICE*: In RDMA_CM_EVENT_CONNECT_REQUEST
0: mlx5dv_reserved_qpn_alloc 1 1
2: [2021-10-01 16:58:47.391636] nvme_rdma.c:1386:_nvme_rdma_ctrlr_connect_qpair: *NOTICE*: Connect rdma qpair: pg 0x7f2cf8000ab0, srq depth 128
0: [2021-10-01 16:58:47.391669] nvme_rdma.c:1386:_nvme_rdma_ctrlr_connect_qpair: *NOTICE*: Connect rdma qpair: pg 0x7f68fc000a90, srq depth 128
3: [2021-10-01 16:58:47.391688] nvme_rdma.c:1386:_nvme_rdma_ctrlr_connect_qpair: *NOTICE*: Connect rdma qpair: pg 0x7f3444000a90, srq depth 128
4: [2021-10-01 16:58:47.391696] nvme_rdma.c:1386:_nvme_rdma_ctrlr_connect_qpair: *NOTICE*: Connect rdma qpair: pg 0x7fc324000ab0, srq depth 128
1: [2021-10-01 16:58:47.391711] nvme_rdma.c:1386:_nvme_rdma_ctrlr_connect_qpair: *NOTICE*: Connect rdma qpair: pg 0x7fe99c000a90, srq depth 128
1: mlx5dv_reserved_qpn_alloc 1 1
0: mlx5dv_reserved_qpn_alloc 1 1
3: mlx5dv_reserved_qpn_alloc 1 1
2: mlx5dv_reserved_qpn_alloc 1 1
4: mlx5dv_reserved_qpn_alloc 1 1
0: [2021-10-01 16:58:47.401533] rdma.c:2990:nvmf_process_cm_event: *NOTICE*: In RDMA_CM_EVENT_CONNECT_REQUEST
0: [2021-10-01 16:58:47.401553] rdma.c:2990:nvmf_process_cm_event: *NOTICE*: In RDMA_CM_EVENT_CONNECT_REQUEST
0: mlx5dv_reserved_qpn_alloc 1 1
0: [2021-10-01 16:58:47.401565] rdma.c:2990:nvmf_process_cm_event: *NOTICE*: In RDMA_CM_EVENT_CONNECT_REQUEST
0: mlx5dv_reserved_qpn_alloc 1 1
0: [2021-10-01 16:58:47.401579] rdma.c:2990:nvmf_process_cm_event: *NOTICE*: In RDMA_CM_EVENT_CONNECT_REQUEST
0: mlx5dv_reserved_qpn_alloc 1 1
0: [2021-10-01 16:58:47.401592] rdma.c:2990:nvmf_process_cm_event: *NOTICE*: In RDMA_CM_EVENT_CONNECT_REQUEST
0: mlx5dv_reserved_qpn_alloc 1 1
0: mlx5dv_reserved_qpn_alloc 1 1
0: [2021-10-01 16:58:47.401641] nvme_rdma.c:1386:_nvme_rdma_ctrlr_connect_qpair: *NOTICE*: Connect rdma qpair: pg 0x7f68ec000a90, srq depth 128
2: [2021-10-01 16:58:47.401649] nvme_rdma.c:1386:_nvme_rdma_ctrlr_connect_qpair: *NOTICE*: Connect rdma qpair: pg 0x7f2cd8000ab0, srq depth 128
3: [2021-10-01 16:58:47.401673] nvme_rdma.c:1386:_nvme_rdma_ctrlr_connect_qpair: *NOTICE*: Connect rdma qpair: pg 0x7f345c000a90, srq depth 128
4: [2021-10-01 16:58:47.401702] nvme_rdma.c:1386:_nvme_rdma_ctrlr_connect_qpair: *NOTICE*: Connect rdma qpair: pg 0x7fc304000a90, srq depth 128
1: [2021-10-01 16:58:47.401701] nvme_rdma.c:1386:_nvme_rdma_ctrlr_connect_qpair: *NOTICE*: Connect rdma qpair: pg 0x7fe968000a90, srq depth 128
0: mlx5dv_reserved_qpn_alloc 1 1
3: mlx5dv_reserved_qpn_alloc 1 1
1: mlx5dv_reserved_qpn_alloc 1 1
2: mlx5dv_reserved_qpn_alloc 1 1
4: mlx5dv_reserved_qpn_alloc 1 1
0: [2021-10-01 16:58:47.411515] rdma.c:2990:nvmf_process_cm_event: *NOTICE*: In RDMA_CM_EVENT_CONNECT_REQUEST
0: mlx5dv_reserved_qpn_alloc 1 1
0: [2021-10-01 16:58:47.411535] rdma.c:2990:nvmf_process_cm_event: *NOTICE*: In RDMA_CM_EVENT_CONNECT_REQUEST
0: mlx5dv_reserved_qpn_alloc 1 1
0: [2021-10-01 16:58:47.411553] rdma.c:2990:nvmf_process_cm_event: *NOTICE*: In RDMA_CM_EVENT_CONNECT_REQUEST
0: mlx5dv_reserved_qpn_alloc 1 1
0: [2021-10-01 16:58:47.411567] rdma.c:2990:nvmf_process_cm_event: *NOTICE*: In RDMA_CM_EVENT_CONNECT_REQUEST
0: [2021-10-01 16:58:47.411587] rdma.c:2990:nvmf_process_cm_event: *NOTICE*: In RDMA_CM_EVENT_CONNECT_REQUEST
0: mlx5dv_reserved_qpn_alloc 1 1
0: mlx5dv_reserved_qpn_alloc 1 1
0: [2021-10-01 16:58:47.411606] nvme_rdma.c:1386:_nvme_rdma_ctrlr_connect_qpair: *NOTICE*: Connect rdma qpair: pg 0x7f68f0000b60, srq depth 128
3: [2021-10-01 16:58:47.411627] nvme_rdma.c:1386:_nvme_rdma_ctrlr_connect_qpair: *NOTICE*: Connect rdma qpair: pg 0x7f343c000ab0, srq depth 128
1: [2021-10-01 16:58:47.411661] nvme_rdma.c:1386:_nvme_rdma_ctrlr_connect_qpair: *NOTICE*: Connect rdma qpair: pg 0x7fe96c000a90, srq depth 128
4: [2021-10-01 16:58:47.411663] nvme_rdma.c:1386:_nvme_rdma_ctrlr_connect_qpair: *NOTICE*: Connect rdma qpair: pg 0x7fc2f4000ab0, srq depth 128
2: [2021-10-01 16:58:47.411669] nvme_rdma.c:1386:_nvme_rdma_ctrlr_connect_qpair: *NOTICE*: Connect rdma qpair: pg 0x7f2cfc000ab0, srq depth 128
0: de1) NSID 1 with lcore 42
0: Associating RDMA (addr:65.65.65.131 subnqn:nqn.2016-06.io.spdk:cnode1) NSID 1 with lcore 43
0: Associating RDMA (addr:65.65.65.131 subnqn:nqn.2016-06.io.spdk:cnode1) NSID 1 with lcore 44
0: Associating RDMA (addr:65.65.65.131 subnqn:nqn.2016-06.io.spdk:cnode1) NSID 1 with lcore 45
0: Associating RDMA (addr:65.65.65.131 subnqn:nqn.2016-06.io.spdk:cnode1) NSID 1 with lcore 46
0: Associating RDMA (addr:65.65.65.131 subnqn:nqn.2016-06.io.spdk:cnode1) NSID 1 with lcore 47
0: Initialization complete. Launching workers.
0: IO qp on core 4 total time 29015.487 us (80953208 ticks), connect time 15262.268 us (42581728 ticks)
0: IO qp on core 5 total time 39067.978 us (108999660 ticks), connect time 31319.224 us (87380636 ticks)
0: IO qp on core 1 total time 53307.082 us (148726760 ticks), connect time 45040.680 us (125663496 ticks)
0: IO qp on core 3 total time 61493.720 us (171567480 ticks), connect time 53157.990 us (148310792 ticks)
0: IO qp on core 2 total time 71785.196 us (200280696 ticks), connect time 62581.325 us (174601896 ticks)
0: IO qp on core 11 total time 81418.972 us (227158932 ticks), connect time 71719.140 us (200096400 ticks)
0: IO qp on core 7 total time 91508.466 us (255308620 ticks), connect time 80597.920 us (224868196 ticks)
0: IO qp on core 6 total time 101505.459 us (283200232 ticks), connect time 90398.753 us (252212520 ticks)
0: IO qp on core 14 total time 108878.622 us (303771356 ticks), connect time 97035.847 us (270730012 ticks)
0: IO qp on core 8 total time 118844.746 us (331576840 ticks), connect time 106101.665 us (296023644 ticks)
0: IO qp on core 13 total time 128843.847 us (359474332 ticks), connect time 115271.986 us (321608840 ticks)
0: IO qp on core 18 total time 139000.520 us (387811452 ticks), connect time 125646.748 us (350554428 ticks)
0: IO qp on core 15 total time 148647.594 us (414726788 ticks), connect time 134713.771 us (375851420 ticks)
0: IO qp on core 19 total time 158768.912 us (442965264 ticks), connect time 144231.492 us (402405864 ticks)
0: IO qp on core 20 total time 169048.525 us (471645384 ticks), connect time 154003.623 us (429670108 ticks)
0: IO qp on core 12 total time 178554.986 us (498168412 ticks), connect time 163376.678 us (455820932 ticks)
0: IO qp on core 16 total time 188945.365 us (527157568 ticks), connect time 173488.281 us (484032304 ticks)
0: IO qp on core 17 total time 198658.515 us (554257256 ticks), connect time 182598.688 us (509450340 ticks)
0: IO qp on core 28 total time 208989.561 us (583080876 ticks), connect time 192142.272 us (536076940 ticks)
0: IO qp on core 25 total time 218971.361 us (610930096 ticks), connect time 201540.789 us (562298800 ticks)
0: IO qp on core 37 total time 228382.713 us (637187768 ticks), connect time 210707.166 us (587872992 ticks)
0: IO qp on core 26 total time 238666.360 us (665879144 ticks), connect time 220473.485 us (615121024 ticks)
0: IO qp on core 24 total time 248674.674 us (693802340 ticks), connect time 230141.956 us (642096056 ticks)
0: IO qp on core 29 total time 258825.667 us (722123612 ticks), connect time 239300.344 us (667647960 ticks)
0: IO qp on core 30 total time 268558.267 us (749277564 ticks), connect time 248780.080 us (694096424 ticks)
0: IO qp on core 23 total time 278955.801 us (778286684 ticks), connect time 258821.623 us (722112328 ticks)
0: IO qp on core 21 total time 288568.432 us (805105924 ticks), connect time 268292.979 us (748537412 ticks)
0: IO qp on core 31 total time 298883.792 us (833885780 ticks), connect time 278356.892 us (776615728 ticks)
0: IO qp on core 9 total time 308454.594 us (860588316 ticks), connect time 287771.666 us (802882948 ticks)
0: IO qp on core 35 total time 318388.632 us (888304284 ticks), connect time 297485.880 us (829985604 ticks)
0: IO qp on core 39 total time 328425.629 us (916307504 ticks), connect time 307322.199 us (857428936 ticks)
0: IO qp on core 36 total time 338355.894 us (944012944 ticks), connect time 316990.298 us (884402932 ticks)
0: IO qp on core 38 total time 348355.517 us (971911892 ticks), connect time 326793.339 us (911753416 ticks)
1: mlx5dv_reserved_qpn_alloc 1 1
0: IO qp on core 27 total time 358739.673 us (1000883688 ticks), connect time 336984.205 us (940185mlx5dv_reserved_qpn_alloc 1 1
3: mlx5dv_reserved_qpn_alloc 1 1
2: mlx5dv_reserved_qpn_alloc 1 1
4: mlx5dv_reserved_qpn_alloc 1 1
0: [2021-10-01 16:58:47.421498] rdma.c:2990:nvmf_process_cm_event: *NOTICE*: In RDMA_CM_EVENT_CONNECT_REQUEST
0: mlx5dv_reserved_qpn_alloc 1 1
0: [2021-10-01 16:58:47.421515] rdma.c:2990:nvmf_process_cm_event: *NOTICE*: In RDMA_CM_EVENT_CONNECT_REQUEST
0: mlx5dv_reserved_qpn_alloc 1 1
0: [2021-10-01 16:58:47.421527] rdma.c:2990:nvmf_process_cm_event: *NOTICE*: In RDMA_CM_EVENT_CONNECT_REQUEST
0: mlx5dv_reserved_qpn_alloc 1 1
0: [2021-10-01 16:58:47.421542] rdma.c:2990:nvmf_process_cm_event: *NOTICE*: In RDMA_CM_EVENT_CONNECT_REQUEST
0: mlx5dv_reserved_qpn_alloc 1 1
0: [2021-10-01 16:58:47.421557] rdma.c:2990:nvmf_process_cm_event: *NOTICE*: In RDMA_CM_EVENT_CONNECT_REQUEST
0: mlx5dv_reserved_qpn_alloc 1 1
0: [2021-10-01 16:58:47.421598] nvme_rdma.c:1386:_nvme_rdma_ctrlr_connect_qpair: *NOTICE*: Connect rdma qpair: pg 0x7f6964000ab0, srq depth 128
1: [2021-10-01 16:58:47.421594] nvme_rdma.c:1386:_nvme_rdma_ctrlr_connect_qpair: *NOTICE*: Connect rdma qpair: pg 0x7fe950000ab0, srq depth 128
3: [2021-10-01 16:58:47.421636] nvme_rdma.c:1386:_nvme_rdma_ctrlr_connect_qpair: *NOTICE*: Connect rdma qpair: pg 0x7f3450000a90, srq depth 128
4: [2021-10-01 16:58:47.421646] nvme_rdma.c:1386:_nvme_rdma_ctrlr_connect_qpair: *NOTICE*: Connect rdma qpair: pg 0x7fc2e8000ab0, srq depth 128
2: [2021-10-01 16:58:47.421623] nvme_rdma.c:1386:_nvme_rdma_ctrlr_connect_qpair: *NOTICE*: Connect rdma qpair: pg 0x7f2ce4000ab0, srq depth 128
3: mlx5dv_reserved_qpn_alloc 1 1
0: mlx5dv_reserved_qpn_alloc 1 1
2: mlx5dv_reserved_qpn_alloc 1 1
1: mlx5dv_reserved_qpn_alloc 1 1
4: mlx5dv_reserved_qpn_alloc 1 1
0: [2021-10-01 16:58:47.431482] rdma.c:2990:nvmf_process_cm_event: *NOTICE*: In RDMA_CM_EVENT_CONNECT_REQUEST
0: mlx5dv_reserved_qpn_alloc 1 1
0: [2021-10-01 16:58:47.431500] rdma.c:2990:nvmf_process_cm_event: *NOTICE*: In RDMA_CM_EVENT_CONNECT_REQUEST
0: [2021-10-01 16:58:47.431517] rdma.c:2990:nvmf_process_cm_event: *NOTICE*: In RDMA_CM_EVENT_CONNECT_REQUEST
0: mlx5dv_reserved_qpn_alloc 1 1
0: [2021-10-01 16:58:47.431530] rdma.c:2990:nvmf_process_cm_event: *NOTICE*: In RDMA_CM_EVENT_CONNECT_REQUEST
0: mlx5dv_reserved_qpn_alloc 1 1
0: [2021-10-01 16:58:47.431543] rdma.c:2990:nvmf_process_cm_event: *NOTICE*: In RDMA_CM_EVENT_CONNECT_REQUEST
0: mlx5dv_reserved_qpn_alloc 1 1
0: mlx5dv_reserved_qpn_alloc 1 1
3: [2021-10-01 16:58:47.431586] nvme_rdma.c:1386:_nvme_rdma_ctrlr_connect_qpair: *NOTICE*: Connect rdma qpair: pg 0x7f3440000ab0, srq depth 128
2: [2021-10-01 16:58:47.431607] nvme_rdma.c:1386:_nvme_rdma_ctrlr_connect_qpair: *NOTICE*: Connect rdma qpair: pg 0x7f2d14000b60, srq depth 128
1: [2021-10-01 16:58:47.431620] nvme_rdma.c:1386:_nvme_rdma_ctrlr_connect_qpair: *NOTICE*: Connect rdma qpair: pg 0x7fe940000ab0, srq depth 128
0: [2021-10-01 16:58:47.431638] nvme_rdma.c:1386:_nvme_rdma_ctrlr_connect_qpair: *NOTICE*: Connect rdma qpair: pg 0x7f6930000a90, srq depth 128
4: [2021-10-01 16:58:47.431648] nvme_rdma.c:1386:_nvme_rdma_ctrlr_connect_qpair: *NOTICE*: Connect rdma qpair: pg 0x7fc2e0000ab0, srq depth 128
0: mlx5dv_reserved_qpn_alloc 1 1
3: mlx5dv_reserved_qpn_alloc 1 1
2: mlx5dv_reserved_qpn_alloc 1 1
1: mlx5dv_reserved_qpn_alloc 1 1
4: mlx5dv_reserved_qpn_alloc 1 1
0: [2021-10-01 16:58:47.441465] rdma.c:2990:nvmf_process_cm_event: *NOTICE*: In RDMA_CM_EVENT_CONNECT_REQUEST
0: mlx5dv_reserved_qpn_alloc 1 1
0: [2021-10-01 16:58:47.441484] rdma.c:2990:nvmf_process_cm_event: *NOTICE*: In RDMA_CM_EVENT_CONNECT_REQUEST
0: mlx5dv_reserved_qpn_alloc 1 1
0: [2021-10-01 16:58:47.441501] rdma.c:2990:nvmf_process_cm_event: *NOTICE*: In RDMA_CM_EVENT_CONNECT_REQUEST
0: mlx5dv_reserved_qpn_alloc 1 1
0: [2021-10-01 16:58:47.441518] rdma.c:2990:nvmf_process_cm_event: *NOTICE*: In RDMA_CM_EVENT_CONNECT_REQUEST
0: mlx5dv_reserved_qpn_alloc 1 1
0: [2021-10-01 16:58:47.441531] rdma.c:2990:nvmf_process_cm_event: *NOTICE*: In RDMA_CM_EVENT_CONNECT_REQUEST
0: mlx5dv_reserved_qpn_alloc 1 1
3: [2021-10-01 16:58:47.441574] nvme_rdma.c:1386:_nvme_rdma_ctrlr_connect_qpair: *NOTICE*: Connect rdma qpair: pg 0x7f3458000ab0, srq depth 128
0: [2021-10-01 16:58:47.441586] nvme_rdma.c:1386:_nvme_rdma_ctrlr_connect_qpair: *NOTICE*: Connect rdma qpair: pg 0x7f68d8000a90, srq depth 128
1: [2021-10-01 16:58:47.442023] nvme_rdma.c:1386:_nvme_rdma_ctrlr_connect_qpair: *NOTICE*: Connect rdma qpair: pg 0x7fe94c000ab0, srq depth 128
4: [2021-10-01 16:58:47.442030] nvme_rdma.c:1386:_nvme_rdma_ctrlr_connect_qpair: *NOTICE*: Connect rdma qpair: pg 0x7fc310000a90, srq depth 128
2: [2021-10-01 16:58:47.442012] nvme_rdma.c:1386:_nvme_rdma_ctrlr_connect_qpair: *NOTICE*: Connect rdma qpair: pg 0x7f2cf0000ab0, srq depth 128
0: mlx5dv_reserved_qpn_alloc 1 1
3: mlx5dv_reserved_qpn_alloc 1 1
1: mlx5dv_reserved_qpn_alloc 1 1
2: mlx5dv_reserved_qpn_alloc 1 1
4: mlx5dv_reserved_qpn_alloc 1 1
0: [2021-10-01 16:58:47.451447] rdma.c:2990:nvmf_process_cm_event: *NOTICE*: In RDMA_CM_EVENT_CONNECT_REQUEST
0: mlx5dv_reserved_qpn_alloc 1 1
0: [2021-10-01 16:58:47.451464] rdma.c:2990:nvmf_process_cm_event: *NOTICE*: In RDMA_CM_EVENT_CONNECT_REQUEST
0: mlx5dv_reserved_qpn_alloc 1 1
0: [2021-10-01 16:58:47.451475] rdma.c:2990:nvmf_process_cm_event: *NOTICE*: In RDMA_CM_EVENT_CONNECT_REQUEST
0: mlx5dv_reserved_qpn_alloc 1 1
0: [2021-10-01 16:58:47.451487] rdma.c:2990:nvmf_process_cm_event: *NOTICE*: In RDMA_CM_EVENT_CONNECT_REQUEST
0: mlx5dv_reserved_qpn_alloc 1 1
0: [2021-10-01 16:58:47.451501] rdma.c:2990:nvmf_process_cm_event: *NOTICE*: In RDMA_CM_EVENT_CONNECT_REQUEST
0: mlx5dv_reserved_qpn_alloc 1 1
0: [2021-10-01 16:58:47.451539] nvme_rdma.c:1386:_nvme_rdma_ctrlr_connect_qpair: *NOTICE*: Connect rdma qpair: pg 0x7f68e4000a90, srq depth 128
3: [2021-10-01 16:58:47.451569] nvme_rdma.c:1386:_nvme_rdma_ctrlr_connect_qpair: *NOTICE*: Connect rdma qpair: pg 0x7f3434000ab0, srq depth 128
1: [2021-10-01 16:58:47.451566] nvme_rdma.c:1386:_nvme_rdma_ctrlr_connect_qpair: *NOTICE*: Connect rdma qpair: pg 0x7fe954000ab0, srq depth 128
2: [2021-10-01 16:58:47.451577] nvme_rdma.c:1386:_nvme_rdma_ctrlr_connect_qpair: *NOTICE*: Connect rdma qpair: pg 0x7f2d10000a90, srq depth 128
4: [2021-10-01 16:58:47.451602] nvme_rdma.c:1386:_nvme_rdma_ctrlr_connect_qpair: *NOTICE*: Connect rdma qpair: pg 0x7fc2f8000a90, srq depth 128
0: mlx5dv_reserved_qpn_alloc 1 1
2: mlx5dv_reserved_qpn_alloc 1 1
1: mlx5dv_reserved_qpn_alloc 1 1
3: mlx5dv_reserved_qpn_alloc 1 1
4: mlx5dv_reserved_qpn_alloc 1 1
0: [2021-10-01 16:58:47.461432] rdma.c:2990:nvmf_process_cm_event: *NOTICE*: In RDMA_CM_EVENT_CONNECT_REQUEST
0: mlx5dv_reserved_qpn_alloc 1 1
0: [2021-10-01 16:58:47.461451] rdma.c:2990:nvmf_process_cm_event: *NOTICE*: In RDMA_CM_EVENT_CONNECT_REQUEST
0: mlx5dv_reserved_qpn_alloc 1 1
0: [2021-10-01 16:58:47.461465] rdma.c:2990:nvmf_process_cm_event: *NOTICE*: In RDMA_CM_EVENT_CONNECT_REQUEST
0: [2021-10-01 16:58:47.461482] rdma.c:2990:nvmf_process_cm_event: *NOTICE*: In RDMA_CM_EVENT_CONNECT_REQUEST
0: mlx5dv_reserved_qpn_alloc 1 1
0: [2021-10-01 16:58:47.461495] rdma.c:2990:nvmf_process_cm_event: *NOTICE*: In RDMA_CM_EVENT_CONNECT_REQUEST
0: mlx5dv_reserved_qpn_alloc 1 1
0: mlx5dv_reserved_qpn_alloc 1 1
0: [2021-10-01 16:58:47.461536] nvme_rdma.c:1386:_nvme_rdma_ctrlr_connect_qpair: *NOTICE*: Connect rdma qpair: pg 0x7f68b8000a90, srq depth 128
2: [2021-10-01 16:58:47.461524] nvme_rdma.c:1386:_nvme_rdma_ctrlr_connect_qpair: *NOTICE*: Connect rdma qpair: pg 0x7f2cd0000a90, srq depth 128
3: [2021-10-01 16:58:47.461586] nvme_rdma.c:1386:_nvme_rdma_ctrlr_connect_qpair: *NOTICE*: Connect rdma qpair: pg 0x7f3424000ab0, srq depth 128
4: [2021-10-01 16:58:47.461585] nvme_rdma.c:1386:_nvme_rdma_ctrlr_connect_qpair: *NOTICE*: Connect rdma qpair: pg 0x7fc2d0000ab0, srq depth 128
1: [2021-10-01 16:58:47.461602] nvme_rdma.c:1386:_nvme_rdma_ctrlr_connect_qpair: *NOTICE*: Connect rdma qpair: pg 0x7fe948000ab0, srq depth 128
2: mlx5dv_reserved_qpn_alloc 1 1
0: mlx5dv_reserved_qpn_alloc 1 1
1: mlx5dv_reserved_qpn_alloc 1 1
3: mlx5dv_reserved_qpn_alloc 1 1
4: mlx5dv_reserved_qpn_alloc 1 1
0: [2021-10-01 16:58:47.471414] rdma.c:2990:nvmf_process_cm_event: *NOTICE*: In RDMA_CM_EVENT_CONNECT_REQUEST
0: mlx5dv_reserved_qpn_alloc 1 1
0: [2021-10-01 16:58:47.471430] rdma.c:2990:nvmf_process_cm_event: *NOTICE*: In RDMA_CM_EVENT_CONNECT_REQUEST
0: mlx5dv_reserved_qpn_alloc 1 1
0: [2021-10-01 16:58:47.471445] rdma.c:2990:nvmf_process_cm_event: *NOTICE*: In RDMA_CM_EVENT_CONNECT_REQUEST
0: mlx5dv_reserved_qpn_alloc 1 1
0: [2021-10-01 16:58:47.471460] rdma.c:2990:nvmf_process_cm_event: *NOTICE*: In RDMA_CM_EVENT_CONNECT_REQUEST
0: mlx5dv_reserved_qpn_alloc 1 1
0: [2021-10-01 16:58:47.471474] rdma.c:2990:nvmf_process_cm_event: *NOTICE*: In RDMA_CM_EVENT_CONNECT_REQUEST
0: mlx5dv_reserved_qpn_alloc 1 1
2: [2021-10-01 16:58:47.471503] nvme_rdma.c:1386:_nvme_rdma_ctrlr_connect_qpair: *NOTICE*: Connect rdma qpair: pg 0x27ecf80, srq depth 128
0: [2021-10-01 16:58:47.471532] nvme_rdma.c:1386:_nvme_rdma_ctrlr_connect_qpair: *NOTICE*: Connect rdma qpair: pg 0x7f68d0000a90, srq depth 128
1: [2021-10-01 16:58:47.471535] nvme_rdma.c:1386:_nvme_rdma_ctrlr_connect_qpair: *NOTICE*: Connect rdma qpair: pg 0x7fe93c000ab0, srq depth 128
4: [2021-10-01 16:58:47.471553] nvme_rdma.c:1386:_nvme_rdma_ctrlr_connect_qpair: *NOTICE*: Connect rdma qpair: pg 0x7fc28c000a90, srq depth 128
3: [2021-10-01 16:58:47.471571] nvme_rdma.c:1386:_nvme_rdma_ctrlr_connect_qpair: *NOTICE*: Connect rdma qpair: pg 0x7f3454000a90, srq depth 128
3: mlx5dv_reserved_qpn_alloc 1 1
2: mlx5dv_reserved_qpn_alloc 1 1
1: mlx5dv_reserved_qpn_alloc 1 1
0: mlx5dv_reserved_qpn_alloc 1 1
4: mlx5dv_reserved_qpn_alloc 1 1
0: [2021-10-01 16:58:47.481401] rdma.c:2990:nvmf_process_cm_event: *NOTICE*: In RDMA_CM_EVENT_CONNECT_REQUEST
0: [2021-10-01 16:58:47.481420] rdma.c:2990:nvmf_process_cm_event: *NOTICE*: In RDMA_CM_EVENT_CONNECT_REQUEST
0: mlx5dv_reserved_qpn_alloc 1 1
0: [2021-10-01 16:58:47.481434] rdma.c:2990:nvmf_process_cm_event: *NOTICE*: In RDMA_CM_EVENT_CONNECT_REQUEST
0: mlx5dv_reserved_qpn_alloc 1 1
0: [2021-10-01 16:58:47.481447] rdma.c:2990:nvmf_process_cm_event: *NOTICE*: In RDMA_CM_EVENT_CONNECT_REQUEST
0: mlx5dv_reserved_qpn_alloc 1 1
0: [2021-10-01 16:58:47.481457] rdma.c:2990:nvmf_process_cm_event: *NOTICE*: In RDMA_CM_EVENT_CONNECT_REQUEST
0: mlx5dv_reserved_qpn_alloc 1 1
0: mlx5dv_reserved_qpn_alloc 1 1
2: [2021-10-01 16:58:47.481496] nvme_rdma.c:1386:_nvme_rdma_ctrlr_connect_qpair: *NOTICE*: Connect rdma qpair: pg 0x7f2ccc000ab0, srq depth 128
1: [2021-10-01 16:58:47.481530] nvme_rdma.c:1386:_nvme_rdma_ctrlr_connect_qpair: *NOTICE*: Connect rdma qpair: pg 0x7fe958000ab0, srq depth 128
0: [2021-10-01 16:58:47.481542] nvme_rdma.c:1386:_nvme_rdma_ctrlr_connect_qpair: *NOTICE*: Connect rdma qpair: pg 0x7f68c8000a90, srq depth 128
3: [2021-10-01 16:58:47.481570] nvme_rdma.c:1386:_nvme_rdma_ctrlr_connect_qpair: *NOTICE*: Connect rdma qpair: pg 0x7f3474000a90, srq depth 128
4: [2021-10-01 16:58:47.481577] nvme_rdma.c:1386:_nvme_rdma_ctrlr_connect_qpair: *NOTICE*: Connect rdma qpair: pg 0x7fc2c8000b60, srq depth 128
3: [2021-10-01 16:58:47.483739] nvme_rdma.c:2525:nvme_rdma_poller_create: *NOTICE*: Created SRQ 0x7f33c0000e58, device mlx5_0
3: [2021-10-01 16:58:47.483764] nvme_rdma.c: 928:nvme_rdma_register_rsps: *NOTICE*: res->poller->pd: 0x7f33c0000e20
3: [2021-10-01 16:58:47.483799] nvme_rdma.c:1020:nvme_rdma_create_resources: *NOTICE*: Created resources: qp (nil), poller 0x7f33c0000b30, num_entries 128
3: [2021-10-01 16:58:47.484482] nvme_rdma.c:2525:nvme_rdma_poller_create: *NOTICE*: Created SRQ 0x7f33c0008c28, device mlx5_1
3: [2021-10-01 16:58:47.484498] nvme_rdma.c: 928:nvme_rdma_register_rsps: *NOTICE*: res->poller->pd: 0x7f33c0008bf0
3: [2021-10-01 16:58:47.484545] nvme_rdma.c:1020:nvme_rdma_create_resources: *NOTICE*: Created resources: qp (nil), poller 0x7f33c0008900, num_entries 128
2: mlx5dv_reserved_qpn_alloc 1 1
3: mlx5dv_reserved_qpn_alloc 1 1
1: mlx5dv_reserved_qpn_alloc 1 1
0: mlx5dv_reserved_qpn_alloc 1 1
4: mlx5dv_reserved_qpn_alloc 1 1
0: [2021-10-01 16:58:47.491381] rdma.c:2990:nvmf_process_cm_event: *NOTICE*: In RDMA_CM_EVENT_CONNECT_REQUEST
0: mlx5dv_reserved_qpn_alloc 1 1
0: [2021-10-01 16:58:47.491401] rdma.c:2990:nvmf_process_cm_event: *NOTICE*: In RDMA_CM_EVENT_CONNECT_REQUEST
0: mlx5dv_reserved_qpn_alloc 1 1
0: [2021-10-01 16:58:47.491417] rdma.c:2990:nvmf_process_cm_event: *NOTICE*: In RDMA_CM_EVENT_CONNECT_REQUEST
0: mlx5dv_reserved_qpn_alloc 1 1
0: [2021-10-01 16:58:47.491433] rdma.c:2990:nvmf_process_cm_event: *NOTICE*: In RDMA_CM_EVENT_CONNECT_REQUEST
0: [2021-10-01 16:58:47.491470] rdma.c:2990:nvmf_process_cm_event: *NOTICE*: In RDMA_CM_EVENT_CONNECT_REQUEST
0: mlx5dv_reserved_qpn_alloc 1 1
0: mlx5dv_reserved_qpn_alloc 1 1
3: [2021-10-01 16:58:47.491490] nvme_rdma.c:1386:_nvme_rdma_ctrlr_connect_qpair: *NOTICE*: Connect rdma qpair: pg 0x7f3414000ab0, srq depth 128
2: [2021-10-01 16:58:47.491480] nvme_rdma.c:1386:_nvme_rdma_ctrlr_connect_qpair: *NOTICE*: Connect rdma qpair: pg 0x7f2cf4000ab0, srq depth 128
1: [2021-10-01 16:58:47.491541] nvme_rdma.c:1386:_nvme_rdma_ctrlr_connect_qpair: *NOTICE*: Connect rdma qpair: pg 0x7fe978000b60, srq depth 128
0: [2021-10-01 16:58:47.491564] nvme_rdma.c:1386:_nvme_rdma_ctrlr_connect_qpair: *NOTICE*: Connect rdma qpair: pg 0x7f68dc000a90, srq depth 128
4: [2021-10-01 16:58:47.491551] nvme_rdma.c:1386:_nvme_rdma_ctrlr_connect_qpair: *NOTICE*: Connect rdma qpair: pg 0x7fc2cc000ab0, srq depth 128
1: mlx5dv_reserved_qpn_alloc 1 1
3: mlx5dv_reserved_qpn_alloc 1 1
2: mlx5dv_reserved_qpn_alloc 1 1
4: mlx5dv_reserved_qpn_alloc 1 1
0: [2021-10-01 16:58:47.501361] rdma.c:2990:nvmf_process_cm_event: *NOTICE*: In RDMA_CM_EVENT_CONNECT_REQUEST
0: mlx5dv_reserved_qpn_alloc 1 1
0: [2021-10-01 16:58:47.501378] rdma.c:2990:nvmf_process_cm_event: *NOTICE*: In RDMA_CM_EVENT_CONNECT_REQUEST
0: mlx5dv_reserved_qpn_alloc 1 1
0: [2021-10-01 16:58:47.501389] rdma.c:2990:nvmf_process_cm_event: *NOTICE*: In RDMA_CM_EVENT_CONNECT_REQUEST
0: mlx5dv_reserved_qpn_alloc 1 1
0: [2021-10-01 16:58:47.501404] rdma.c:2990:nvmf_process_cm_event: *NOTICE*: In RDMA_CM_EVENT_CONNECT_REQUEST
0: mlx5dv_reserved_qpn_alloc 1 1
3: [2021-10-01 16:58:47.501475] nvme_rdma.c:1386:_nvme_rdma_ctrlr_connect_qpair: *NOTICE*: Connect rdma qpair: pg 0x7f3410000a90, srq depth 128
1: [2021-10-01 16:58:47.501450] nvme_rdma.c:1386:_nvme_rdma_ctrlr_connect_qpair: *NOTICE*: Connect rdma qpair: pg 0x7fe994000ab0, srq depth 128
4: [2021-10-01 16:58:47.501493] nvme_rdma.c:1386:_nvme_rdma_ctrlr_connect_qpair: *NOTICE*: Connect rdma qpair: pg 0x7fc308000a90, srq depth 128
2: [2021-10-01 16:58:47.501471] nvme_rdma.c:1386:_nvme_rdma_ctrlr_connect_qpair: *NOTICE*: Connect rdma qpair: pg 0x7f2ca4000a90, srq depth 128
0: mlx5dv_reserved_qpn_alloc 1 1
2: mlx5dv_reserved_qpn_alloc 1 1
1: mlx5dv_reserved_qpn_alloc 1 1
3: mlx5dv_reserved_qpn_alloc 1 1
4: mlx5dv_reserved_qpn_alloc 1 1
0: [2021-10-01 16:58:47.511350] rdma.c:2990:nvmf_process_cm_event: *NOTICE*: In RDMA_CM_EVENT_CONNECT_REQUEST
0: mlx5dv_reserved_qpn_alloc 1 1
0: [2021-10-01 16:58:47.511369] rdma.c:2990:nvmf_process_cm_event: *NOTICE*: In RDMA_CM_EVENT_CONNECT_REQUEST
0: mlx5dv_reserved_qpn_alloc 1 1
0: [2021-10-01 16:58:47.511382] rdma.c:2990:nvmf_process_cm_event: *NOTICE*: In RDMA_CM_EVENT_CONNECT_REQUEST
0: [2021-10-01 16:58:47.511399] rdma.c:2990:nvmf_process_cm_event: *NOTICE*: In RDMA_CM_EVENT_CONNECT_REQUEST
0: mlx5dv_reserved_qpn_alloc 1 1
0: [2021-10-01 16:58:47.511414] rdma.c:2990:nvmf_process_cm_event: *NOTICE*: In RDMA_CM_EVENT_CONNECT_REQUEST
0: mlx5dv_reserved_qpn_alloc 1 1
0: mlx5dv_reserved_qpn_alloc 1 1
0: [2021-10-01 16:58:47.511445] nvme_rdma.c:1386:_nvme_rdma_ctrlr_connect_qpair: *NOTICE*: Connect rdma qpair: pg 0x7f6934000a90, srq depth 128
2: [2021-10-01 16:58:47.511447] nvme_rdma.c:1386:_nvme_rdma_ctrlr_connect_qpair: *NOTICE*: Connect rdma qpair: pg 0x7f2cac000ab0, srq depth 128
3: [2021-10-01 16:58:47.511503] nvme_rdma.c:1386:_nvme_rdma_ctrlr_connect_qpair: *NOTICE*: Connect rdma qpair: pg 0x7f340c000a90, srq depth 128
4: [2021-10-01 16:58:47.511520] nvme_rdma.c:1386:_nvme_rdma_ctrlr_connect_qpair: *NOTICE*: Connect rdma qpair: pg 0x7fc2c0000ab0, srq depth 128
1: [2021-10-01 16:58:47.511538] nvme_rdma.c:1386:_nvme_rdma_ctrlr_connect_qpair: *NOTICE*: Connect rdma qpair: pg 0x7fe944000ab0, srq depth 128
3: mlx5dv_reserved_qpn_alloc 1 1
0: mlx5dv_reserved_qpn_alloc 1 1
2: mlx5dv_reserved_qpn_alloc 1 1
1: mlx5dv_reserved_qpn_alloc 1 1
4: mlx5dv_reserved_qpn_alloc 1 1
0: [2021-10-01 16:58:47.521330] rdma.c:2990:nvmf_process_cm_event: *NOTICE*: In RDMA_CM_EVENT_CONNECT_REQUEST
0: mlx5dv_reserved_qpn_alloc 1 1
0: [2021-10-01 16:58:47.521352] rdma.c:2990:nvmf_process_cm_event: *NOTICE*: In RDMA_CM_EVENT_CONNECT_REQUEST
0: mlx5dv_reserved_qpn_alloc 1 1
0: [2021-10-01 16:58:47.521365] rdma.c:2990:nvmf_process_cm_event: *NOTICE*: In RDMA_CM_EVENT_CONNECT_REQUEST
0: mlx5dv_reserved_qpn_alloc 1 1
0: [2021-10-01 16:58:47.521380] rdma.c:2990:nvmf_process_cm_event: *NOTICE*: In RDMA_CM_EVENT_CONNECT_REQUEST
0: mlx5dv_reserved_qpn_alloc 1 1
0: [2021-10-01 16:58:47.521394] rdma.c:2990:nvmf_process_cm_event: *NOTICE*: In RDMA_CM_EVENT_CONNECT_REQUEST
0: mlx5dv_reserved_qpn_alloc 1 1
3: [2021-10-01 16:58:47.521441] nvme_rdma.c:1386:_nvme_rdma_ctrlr_connect_qpair: *NOTICE*: Connect rdma qpair: pg 0x7f3404000a90, srq depth 128
0: [2021-10-01 16:58:47.521456] nvme_rdma.c:1386:_nvme_rdma_ctrlr_connect_qpair: *NOTICE*: Connect rdma qpair: pg 0x7f6924000a90, srq depth 128
2: [2021-10-01 16:58:47.521439] nvme_rdma.c:1386:_nvme_rdma_ctrlr_connect_qpair: *NOTICE*: Connect rdma qpair: pg 0x7f2cd4000ab0, srq depth 128
1: [2021-10-01 16:58:47.521481] nvme_rdma.c:1386:_nvme_rdma_ctrlr_connect_qpair: *NOTICE*: Connect rdma qpair: pg 0x7fe934000ab0, srq depth 128
4: [2021-10-01 16:58:47.521497] nvme_rdma.c:1386:_nvme_rdma_ctrlr_connect_qpair: *NOTICE*: Connect rdma qpair: pg 0x7fc2c4000ab0, srq depth 128
3: mlx5dv_reserved_qpn_alloc 1 1
0: mlx5dv_reserved_qpn_alloc 1 1
2: mlx5dv_reserved_qpn_alloc 1 1
1: mlx5dv_reserved_qpn_alloc 1 1
4: mlx5dv_reserved_qpn_alloc 1 1
0: [2021-10-01 16:58:47.531314] rdma.c:2990:nvmf_process_cm_event: *NOTICE*: In RDMA_CM_EVENT_CONNECT_REQUEST
0: [2021-10-01 16:58:47.531334] rdma.c:2990:nvmf_process_cm_event: *NOTICE*: In RDMA_CM_EVENT_CONNECT_REQUEST
0: mlx5dv_reserved_qpn_alloc 1 1
0: [2021-10-01 16:58:47.531350] rdma.c:2990:nvmf_process_cm_event: *NOTICE*: In RDMA_CM_EVENT_CONNECT_REQUEST
0: mlx5dv_reserved_qpn_alloc 1 1
0: [2021-10-01 16:58:47.531362] rdma.c:2990:nvmf_process_cm_event: *NOTICE*: In RDMA_CM_EVENT_CONNECT_REQUEST
0: mlx5dv_reserved_qpn_alloc 1 1
0: [2021-10-01 16:58:47.531373] rdma.c:2990:nvmf_process_cm_event: *NOTICE*: In RDMA_CM_EVENT_CONNECT_REQUEST
0: mlx5dv_reserved_qpn_alloc 1 1
0: mlx5dv_reserved_qpn_alloc 1 1
0: [2021-10-01 16:58:47.531423] nvme_rdma.c:1386:_nvme_rdma_ctrlr_connect_qpair: *NOTICE*: Connect rdma qpair: pg 0x7f68cc000a90, srq depth 128
2: [2021-10-01 16:58:47.531423] nvme_rdma.c:1386:_nvme_rdma_ctrlr_connect_qpair: *NOTICE*: Connect rdma qpair: pg 0x7f2ca8000a90, srq depth 128
4: [2021-10-01 16:58:47.531460] nvme_rdma.c:1386:_nvme_rdma_ctrlr_connect_qpair: *NOTICE*: Connect rdma qpair: pg 0x7fc2b8000ab0, srq depth 128
1: [2021-10-01 16:58:47.531453] nvme_rdma.c:1386:_nvme_rdma_ctrlr_connect_qpair: *NOTICE*: Connect rdma qpair: pg 0x7fe914000a90, srq depth 128
3: [2021-10-01 16:58:47.531486] nvme_rdma.c:1386:_nvme_rdma_ctrlr_connect_qpair: *NOTICE*: Connect rdma qpair: pg 0x7f3418000ab0, srq depth 128
1: mlx5dv_reserved_qpn_alloc 1 1
0: mlx5dv_reserved_qpn_alloc 1 1
2: mlx5dv_reserved_qpn_alloc 1 1
3: mlx5dv_reserved_qpn_alloc 1 1
4: mlx5dv_reserved_qpn_alloc 1 1
0: [2021-10-01 16:58:47.541297] rdma.c:2990:nvmf_process_cm_event: *NOTICE*: In RDMA_CM_EVENT_CONNECT_REQUEST
0: mlx5dv_reserved_qpn_alloc 1 1
0: [2021-10-01 16:58:47.541316] rdma.c:2990:nvmf_process_cm_event: *NOTICE*: In RDMA_CM_EVENT_CONNECT_REQUEST
0: mlx5dv_reserved_qpn_alloc 1 1
0: [2021-10-01 16:58:47.541334] rdma.c:2990:nvmf_process_cm_event: *NOTICE*: In RDMA_CM_EVENT_CONNECT_REQUEST
0: mlx5dv_reserved_qpn_alloc 1 1
0: [2021-10-01 16:58:47.541354] rdma.c:2990:nvmf_process_cm_event: *NOTICE*: In RDMA_CM_EVENT_CONNECT_REQUEST
0: [2021-10-01 16:58:47.541372] rdma.c:2990:nvmf_process_cm_event: *NOTICE*: In RDMA_CM_EVENT_CONNECT_REQUEST
0: mlx5dv_reserved_qpn_alloc 1 1
0: mlx5dv_reserved_qpn_alloc 1 1
1: [2021-10-01 16:58:47.541401] nvme_rdma.c:1386:_nvme_rdma_ctrlr_connect_qpair: *NOTICE*: Connect rdma qpair: pg 0x7fe924000a90, srq depth 128
0: [2021-10-01 16:58:47.541410] nvme_rdma.c:1386:_nvme_rdma_ctrlr_connect_qpair: *NOTICE*: Connect rdma qpair: pg 0x7f68f4000a90, srq depth 128
2: [2021-10-01 16:58:47.541422] nvme_rdma.c:1386:_nvme_rdma_ctrlr_connect_qpair: *NOTICE*: Connect rdma qpair: pg 0x7f2cc0000a90, srq depth 128
3: [2021-10-01 16:58:47.541509] nvme_rdma.c:1386:_nvme_rdma_ctrlr_connect_qpair: *NOTICE*: Connect rdma qpair: pg 0x7f3408000a90, srq depth 128
4: [2021-10-01 16:58:47.541517] nvme_rdma.c:1386:_nvme_rdma_ctrlr_connect_qpair: *NOTICE*: Connect rdma qpair: pg 0x7fc2bc000ab0, srq depth 128
4: de1) NSID 1 with lcore 42
4: Associating RDMA (addr:65.65.65.131 subnqn:nqn.2016-06.io.spdk:cnode1) NSID 1 with lcore 43
4: Associating RDMA (addr:65.65.65.131 subnqn:nqn.2016-06.io.spdk:cnode1) NSID 1 with lcore 44
4: Associating RDMA (addr:65.65.65.131 subnqn:nqn.2016-06.io.spdk:cnode1) NSID 1 with lcore 45
4: Associating RDMA (addr:65.65.65.131 subnqn:nqn.2016-06.io.spdk:cnode1) NSID 1 with lcore 46
4: Associating RDMA (addr:65.65.65.131 subnqn:nqn.2016-06.io.spdk:cnode1) NSID 1 with lcore 47
4: Initialization complete. Launching workers.
4: IO qp on core 1 total time 49353.101 us (137695152 ticks), connect time 31754.900 us (88596172 ticks)
4: IO qp on core 4 total time 58986.054 us (164571092 ticks), connect time 41107.723 us (114690548 ticks)
4: IO qp on core 3 total time 69158.465 us (192952116 ticks), connect time 49927.462 us (139297620 ticks)
4: IO qp on core 5 total time 78995.748 us (220398136 ticks), connect time 59199.196 us (165165756 ticks)
4: IO qp on core 2 total time 89127.382 us (248665396 ticks), connect time 68703.921 us (191683940 ticks)
4: IO qp on core 6 total time 98941.884 us (276047856 ticks), connect time 74765.379 us (208595408 ticks)
4: IO qp on core 38 total time 108229.675 us (301960792 ticks), connect time 82211.352 us (229369672 ticks)
4: IO qp on core 21 total time 119127.596 us (332365992 ticks), connect time 91873.690 us (256327596 ticks)
4: IO qp on core 31 total time 128433.180 us (358328572 ticks), connect time 101847.170 us (284153604 ticks)
4: IO qp on core 41 total time 138012.301 us (385054320 ticks), connect time 110705.597 us (308868616 ticks)
4: IO qp on core 40 total time 147927.693 us (412718264 ticks), connect time 120257.260 us (335517756 ticks)
4: IO qp on core 7 total time 158987.021 us (443573788 ticks), connect time 125800.578 us (350983612 ticks)
4: IO qp on core 24 total time 169008.271 us (471533076 ticks), connect time 134958.966 us (376535516 ticks)
4: IO qp on core 9 total time 179054.952 us (499563316 ticks), connect time 144681.831 us (403662308 ticks)
4: IO qp on core 8 total time 188810.413 us (526781052 ticks), connect time 154486.397 us (431017048 ticks)
4: IO qp on core 12 total time 198862.112 us (554825292 ticks), connect time 164532.235 us (459044936 ticks)
4: IO qp on core 14 total time 208877.672 us (582768704 ticks), connect time 174543.730 us (486977008 ticks)
4: IO qp on core 17 total time 219190.844 us (611542456 ticks), connect time 184923.983 us (515937912 ticks)
4: IO qp on core 16 total time 228892.232 us (638609328 ticks), connect time 194617.844 us (542983784 ticks)
4: IO qp on core 15 total time 238782.434 us (666202992 ticks), connect time 204498.000 us (570549420 ticks)
4: IO qp on core 18 total time 248869.530 us (694345988 ticks), connect time 214578.361 us (598673628 ticks)
4: IO qp on core 19 total time 258788.424 us (722019704 ticks), connect time 224552.423 us (626501260 ticks)
4: IO qp on core 20 total time 269173.946 us (750995308 ticks), connect time 234931.220 us (655458104 ticks)
4: IO qp on core 10 total time 279341.508 us (779362808 ticks), connect time 244886.575 us (683233544 ticks)
4: IO qp on core 13 total time 288648.477 us (805329252 ticks), connect time 254222.186 us (709279900 ticks)
4: IO qp on core 23 total time 298790.549 us (833625632 ticks), connect time 264434.639 us (737772644 ticks)
4: IO qp on core 43 total time 307844.133 us (858885132 ticks), connect time 274213.123 us (765054612 ticks)
4: IO qp on core 25 total time 319023.821 us (890076460 ticks), connect time 284659.702 us (794200568 ticks)
4: IO qp on core 26 total time 328716.206 us (917118216 ticks), connect time 294347.310 us (821228996 ticks)
4: IO qp on core 11 total time 338857.044 us (945411152 ticks), connect time 304167.563 us (848627500 ticks)
4: IO qp on core 28 total time 348943.697 us (973552916 ticks), connect time 314624.639 us (877802744 ticks)
4: IO qp on core 29 total time 358646.541 us (1000623848 ticks), connect time 324323.177 us (904861664 ticks)
4: IO qp on core 27 total time 368886.161 us (1029192388 ticks), connect time 334558.171 us (933417296 ticks)
2: mlx5dv_reserved_qpn_alloc 1 1
3: mlx5dv_reserved_qpn_alloc 1 1
0: mlx5dv_reserved_qpn_alloc 1 1
1: mlx5dv_reserved_qpn_alloc 1 1
4: IO qp on core 30 total time 379124.215 us (1057756560 ticks), connect time 344790.204 us (mlx5dv_reserved_qpn_alloc 1 1
0: [2021-10-01 16:58:47.551277] rdma.c:2990:nvmf_process_cm_event: *NOTICE*: In RDMA_CM_EVENT_CONNECT_REQUEST
0: mlx5dv_reserved_qpn_alloc 1 1
0: [2021-10-01 16:58:47.551295] rdma.c:2990:nvmf_process_cm_event: *NOTICE*: In RDMA_CM_EVENT_CONNECT_REQUEST
0: mlx5dv_reserved_qpn_alloc 1 1
0: [2021-10-01 16:58:47.551315] rdma.c:2990:nvmf_process_cm_event: *NOTICE*: In RDMA_CM_EVENT_CONNECT_REQUEST
0: mlx5dv_reserved_qpn_alloc 1 1
0: [2021-10-01 16:58:47.551327] rdma.c:2990:nvmf_process_cm_event: *NOTICE*: In RDMA_CM_EVENT_CONNECT_REQUEST
0: mlx5dv_reserved_qpn_alloc 1 1
0: [2021-10-01 16:58:47.551378] rdma.c:2990:nvmf_process_cm_event: *NOTICE*: In RDMA_CM_EVENT_CONNECT_REQUEST
0: mlx5dv_reserved_qpn_alloc 1 1
2: [2021-10-01 16:58:47.551359] nvme_rdma.c:1386:_nvme_rdma_ctrlr_connect_qpair: *NOTICE*: Connect rdma qpair: pg 0x7f2cb0000a90, srq depth 128
3: [2021-10-01 16:58:47.551403] nvme_rdma.c:1386:_nvme_rdma_ctrlr_connect_qpair: *NOTICE*: Connect rdma qpair: pg 0x7f33f8000a90, srq depth 128
1: [2021-10-01 16:58:47.551434] nvme_rdma.c:1386:_nvme_rdma_ctrlr_connect_qpair: *NOTICE*: Connect rdma qpair: pg 0x7fe90c000a90, srq depth 128
0: [2021-10-01 16:58:47.551454] nvme_rdma.c:1386:_nvme_rdma_ctrlr_connect_qpair: *NOTICE*: Connect rdma qpair: pg 0x7f68c0000bb0, srq depth 128
4: [2021-10-01 16:58:47.551474] nvme_rdma.c:1386:_nvme_rdma_ctrlr_connect_qpair: *NOTICE*: Connect rdma qpair: pg 0x7fc2d8000ab0, srq depth 128
2: de1) NSID 1 with lcore 42
2: Associating RDMA (addr:65.65.65.131 subnqn:nqn.2016-06.io.spdk:cnode1) NSID 1 with lcore 43
2: Associating RDMA (addr:65.65.65.131 subnqn:nqn.2016-06.io.spdk:cnode1) NSID 1 with lcore 44
2: Associating RDMA (addr:65.65.65.131 subnqn:nqn.2016-06.io.spdk:cnode1) NSID 1 with lcore 45
2: Associating RDMA (addr:65.65.65.131 subnqn:nqn.2016-06.io.spdk:cnode1) NSID 1 with lcore 46
2: Associating RDMA (addr:65.65.65.131 subnqn:nqn.2016-06.io.spdk:cnode1) NSID 1 with lcore 47
2: Initialization complete. Launching workers.
2: IO qp on core 3 total time 29231.438 us (81555712 ticks), connect time 20795.128 us (58018408 ticks)
2: IO qp on core 1 total time 39355.325 us (109801356 ticks), connect time 30669.404 us (85567636 ticks)
2: IO qp on core 2 total time 49466.616 us (138011860 ticks), connect time 40426.832 us (112790860 ticks)
2: IO qp on core 6 total time 59089.163 us (164858764 ticks), connect time 48754.654 us (136025484 ticks)
2: IO qp on core 5 total time 69064.690 us (192690484 ticks), connect time 57747.591 us (161115780 ticks)
2: IO qp on core 7 total time 79097.611 us (220682336 ticks), connect time 62915.287 us (175533652 ticks)
2: IO qp on core 10 total time 88997.247 us (248302320 ticks), connect time 72862.222 us (203285600 ticks)
2: IO qp on core 8 total time 98974.159 us (276137904 ticks), connect time 82828.506 us (231091532 ticks)
2: IO qp on core 4 total time 109057.842 us (304271380 ticks), connect time 92659.075 us (258518820 ticks)
2: IO qp on core 33 total time 118309.554 us (330083656 ticks), connect time 101883.710 us (284255552 ticks)
2: IO qp on core 12 total time 128938.454 us (359738288 ticks), connect time 111273.556 us (310453220 ticks)
2: IO qp on core 13 total time 138839.034 us (387360904 ticks), connect time 120601.470 us (336478100 ticks)
2: IO qp on core 21 total time 149119.620 us (416043740 ticks), connect time 129639.047 us (361692940 ticks)
2: IO qp on core 20 total time 158945.974 us (443459268 ticks), connect time 139093.914 us (388072020 ticks)
2: IO qp on core 17 total time 169042.644 us (471628976 ticks), connect time 148955.163 us (415584904 ticks)
2: IO qp on core 14 total time 178814.995 us (498893836 ticks), connect time 158218.877 us (441430668 ticks)
2: IO qp on core 15 total time 188675.471 us (526404564 ticks), connect time 167766.908 us (468069672 ticks)
2: IO qp on core 18 total time 198885.887 us (554891624 ticks), connect time 177439.332 us (495055736 ticks)
2: IO qp on core 26 total time 208604.928 us (582007748 ticks), connect time 187279.676 us (522510296 ticks)
2: IO qp on core 19 total time 219095.885 us (611277520 ticks), connect time 196851.983 us (549217032 ticks)
2: IO qp on core 25 total time 229059.490 us (639075976 ticks), connect time 206646.955 us (576545004 ticks)
2: IO qp on core 22 total time 239039.051 us (666918952 ticks), connect time 216292.905 us (603457204 ticks)
2: IO qp on core 16 total time 249651.442 us (696527524 ticks), connect time 226514.541 us (631975568 ticks)
2: IO qp on core 11 total time 259070.562 us (722806868 ticks), connect time 235181.293 us (656155808 ticks)
2: IO qp on core 32 total time 268273.199 us (748482224 ticks), connect time 244890.047 us (683243232 ticks)
2: IO qp on core 0 total time 278282.988 us (776409536 ticks), connect time 254696.842 us (710604188 ticks)
2: IO qp on core 31 total time 288711.693 us (805505624 ticks), connect time 264891.381 us (739046952 ticks)
2: IO qp on core 23 total time 298643.213 us (833214564 ticks), connect time 274665.167 us (766315816 ticks)
2: IO qp on core 39 total time 308191.243 us (859853568 ticks), connect time 284038.684 us (792467928 ticks)
2: IO qp on core 29 total time 318598.120 us (888888756 ticks), connect time 294247.424 us (820950312 ticks)
2: IO qp on core 24 total time 328590.578 us (916767712 ticks), connect time 304046.229 us (848288980 ticks)
2: IO qp on core 40 total time 338200.961 us (943580680 ticks), connect time 313447.305 us (874517980 ticks)
2: IO qp on core 38 total time 348200.493 us (971479376 ticks), connect time 323238.072 us (901834220 ticks)
2: IO qp on core 42 total time 358118.535 us (999150712 ticks), connect time 332942.721 us (92891019mlx5dv_reserved_qpn_alloc 1 1
1: mlx5dv_reserved_qpn_alloc 1 1
0: mlx5dv_reserved_qpn_alloc 1 1
3: mlx5dv_reserved_qpn_alloc 1 1
4: mlx5dv_reserved_qpn_alloc 1 1
0: [2021-10-01 16:58:47.561263] rdma.c:2990:nvmf_process_cm_event: *NOTICE*: In RDMA_CM_EVENT_CONNECT_REQUEST
0: mlx5dv_reserved_qpn_alloc 1 1
0: [2021-10-01 16:58:47.561285] rdma.c:2990:nvmf_process_cm_event: *NOTICE*: In RDMA_CM_EVENT_CONNECT_REQUEST
0: [2021-10-01 16:58:47.561299] rdma.c:2990:nvmf_process_cm_event: *NOTICE*: In RDMA_CM_EVENT_CONNECT_REQUEST
0: mlx5dv_reserved_qpn_alloc 1 1
0: [2021-10-01 16:58:47.561313] rdma.c:2990:nvmf_process_cm_event: *NOTICE*: In RDMA_CM_EVENT_CONNECT_REQUEST
0: mlx5dv_reserved_qpn_alloc 1 1
0: [2021-10-01 16:58:47.561327] rdma.c:2990:nvmf_process_cm_event: *NOTICE*: In RDMA_CM_EVENT_CONNECT_REQUEST
0: mlx5dv_reserved_qpn_alloc 1 1
0: mlx5dv_reserved_qpn_alloc 1 1
2: [2021-10-01 16:58:47.561344] nvme_rdma.c:1386:_nvme_rdma_ctrlr_connect_qpair: *NOTICE*: Connect rdma qpair: pg 0x7f2c8c000b60, srq depth 128
0: [2021-10-01 16:58:47.561388] nvme_rdma.c:1386:_nvme_rdma_ctrlr_connect_qpair: *NOTICE*: Connect rdma qpair: pg 0x11fef80, srq depth 128
3: [2021-10-01 16:58:47.561418] nvme_rdma.c:1386:_nvme_rdma_ctrlr_connect_qpair: *NOTICE*: Connect rdma qpair: pg 0x1667f80, srq depth 128
4: [2021-10-01 16:58:47.561443] nvme_rdma.c:1386:_nvme_rdma_ctrlr_connect_qpair: *NOTICE*: Connect rdma qpair: pg 0x7fc2b4000a90, srq depth 128
1: [2021-10-01 16:58:47.561458] nvme_rdma.c:1386:_nvme_rdma_ctrlr_connect_qpair: *NOTICE*: Connect rdma qpair: pg 0x7fe910000a90, srq depth 128
2: mlx5dv_reserved_qpn_alloc 1 1
1: mlx5dv_reserved_qpn_alloc 1 1
3: mlx5dv_reserved_qpn_alloc 1 1
4: mlx5dv_reserved_qpn_alloc 1 1
0: [2021-10-01 16:58:47.571246] rdma.c:2990:nvmf_process_cm_event: *NOTICE*: In RDMA_CM_EVENT_CONNECT_REQUEST
0: mlx5dv_reserved_qpn_alloc 1 1
0: [2021-10-01 16:58:47.571264] rdma.c:2990:nvmf_process_cm_event: *NOTICE*: In RDMA_CM_EVENT_CONNECT_REQUEST
0: mlx5dv_reserved_qpn_alloc 1 1
0: [2021-10-01 16:58:47.571278] rdma.c:2990:nvmf_process_cm_event: *NOTICE*: In RDMA_CM_EVENT_CONNECT_REQUEST
0: mlx5dv_reserved_qpn_alloc 1 1
0: [2021-10-01 16:58:47.571294] rdma.c:2990:nvmf_process_cm_event: *NOTICE*: In RDMA_CM_EVENT_CONNECT_REQUEST
0: mlx5dv_reserved_qpn_alloc 1 1
2: [2021-10-01 16:58:47.571332] nvme_rdma.c:1386:_nvme_rdma_ctrlr_connect_qpair: *NOTICE*: Connect rdma qpair: pg 0x7f2c94000ab0, srq depth 128
1: [2021-10-01 16:58:47.571364] nvme_rdma.c:1386:_nvme_rdma_ctrlr_connect_qpair: *NOTICE*: Connect rdma qpair: pg 0x1132f80, srq depth 128
3: [2021-10-01 16:58:47.571403] nvme_rdma.c:1386:_nvme_rdma_ctrlr_connect_qpair: *NOTICE*: Connect rdma qpair: pg 0x7f33f0000ab0, srq depth 128
4: [2021-10-01 16:58:47.571403] nvme_rdma.c:1386:_nvme_rdma_ctrlr_connect_qpair: *NOTICE*: Connect rdma qpair: pg 0x7fc2b0000a90, srq depth 128
1: mlx5dv_reserved_qpn_alloc 1 1
3: mlx5dv_reserved_qpn_alloc 1 1
2: mlx5dv_reserved_qpn_alloc 1 1
4: mlx5dv_reserved_qpn_alloc 1 1
0: [2021-10-01 16:58:47.581231] rdma.c:2990:nvmf_process_cm_event: *NOTICE*: In RDMA_CM_EVENT_CONNECT_REQUEST
0: [2021-10-01 16:58:47.581248] rdma.c:2990:nvmf_process_cm_event: *NOTICE*: In RDMA_CM_EVENT_CONNECT_REQUEST
0: mlx5dv_reserved_qpn_alloc 1 1
0: [2021-10-01 16:58:47.581260] rdma.c:2990:nvmf_process_cm_event: *NOTICE*: In RDMA_CM_EVENT_CONNECT_REQUEST
0: mlx5dv_reserved_qpn_alloc 1 1
0: [2021-10-01 16:58:47.581275] rdma.c:2990:nvmf_process_cm_event: *NOTICE*: In RDMA_CM_EVENT_CONNECT_REQUEST
0: mlx5dv_reserved_qpn_alloc 1 1
0: mlx5dv_reserved_qpn_alloc 1 1
2: [2021-10-01 16:58:47.581329] nvme_rdma.c:1386:_nvme_rdma_ctrlr_connect_qpair: *NOTICE*: Connect rdma qpair: pg 0x7f2c84000a90, srq depth 128
3: [2021-10-01 16:58:47.581361] nvme_rdma.c:1386:_nvme_rdma_ctrlr_connect_qpair: *NOTICE*: Connect rdma qpair: pg 0x7f33e4000a90, srq depth 128
1: [2021-10-01 16:58:47.581374] nvme_rdma.c:1386:_nvme_rdma_ctrlr_connect_qpair: *NOTICE*: Connect rdma qpair: pg 0x7fe928000ab0, srq depth 128
4: [2021-10-01 16:58:47.581371] nvme_rdma.c:1386:_nvme_rdma_ctrlr_connect_qpair: *NOTICE*: Connect rdma qpair: pg 0x7fc298000a90, srq depth 128
3: mlx5dv_reserved_qpn_alloc 1 1
2: mlx5dv_reserved_qpn_alloc 1 1
1: mlx5dv_reserved_qpn_alloc 1 1
4: mlx5dv_reserved_qpn_alloc 1 1
0: [2021-10-01 16:58:47.591211] rdma.c:2990:nvmf_process_cm_event: *NOTICE*: In RDMA_CM_EVENT_CONNECT_REQUEST
0: mlx5dv_reserved_qpn_alloc 1 1
0: [2021-10-01 16:58:47.591228] rdma.c:2990:nvmf_process_cm_event: *NOTICE*: In RDMA_CM_EVENT_CONNECT_REQUEST
0: mlx5dv_reserved_qpn_alloc 1 1
0: [2021-10-01 16:58:47.591244] rdma.c:2990:nvmf_process_cm_event: *NOTICE*: In RDMA_CM_EVENT_CONNECT_REQUEST
0: mlx5dv_reserved_qpn_alloc 1 1
0: [2021-10-01 16:58:47.591259] rdma.c:2990:nvmf_process_cm_event: *NOTICE*: In RDMA_CM_EVENT_CONNECT_REQUEST
0: mlx5dv_reserved_qpn_alloc 1 1
3: [2021-10-01 16:58:47.591318] nvme_rdma.c:1386:_nvme_rdma_ctrlr_connect_qpair: *NOTICE*: Connect rdma qpair: pg 0x7f33ec000a90, srq depth 128
2: [2021-10-01 16:58:47.591310] nvme_rdma.c:1386:_nvme_rdma_ctrlr_connect_qpair: *NOTICE*: Connect rdma qpair: pg 0x7f2c90000a90, srq depth 128
4: [2021-10-01 16:58:47.591348] nvme_rdma.c:1386:_nvme_rdma_ctrlr_connect_qpair: *NOTICE*: Connect rdma qpair: pg 0xb50f80, srq depth 128
1: [2021-10-01 16:58:47.591344] nvme_rdma.c:1386:_nvme_rdma_ctrlr_connect_qpair: *NOTICE*: Connect rdma qpair: pg 0x7fe908000a90, srq depth 128
3: de1) NSID 1 with lcore 42
3: Associating RDMA (addr:65.65.65.131 subnqn:nqn.2016-06.io.spdk:cnode1) NSID 1 with lcore 43
3: Associating RDMA (addr:65.65.65.131 subnqn:nqn.2016-06.io.spdk:cnode1) NSID 1 with lcore 44
3: Associating RDMA (addr:65.65.65.131 subnqn:nqn.2016-06.io.spdk:cnode1) NSID 1 with lcore 45
3: Associating RDMA (addr:65.65.65.131 subnqn:nqn.2016-06.io.spdk:cnode1) NSID 1 with lcore 46
3: Associating RDMA (addr:65.65.65.131 subnqn:nqn.2016-06.io.spdk:cnode1) NSID 1 with lcore 47
3: Initialization complete. Launching workers.
3: IO qp on core 1 total time 19271.276 us (53766860 ticks), connect time 12662.865 us (35329392 ticks)
3: IO qp on core 20 total time 38969.557 us (108725064 ticks), connect time 14660.619 us (40903128 ticks)
3: IO qp on core 3 total time 49194.986 us (137254012 ticks), connect time 42262.698 us (117912928 ticks)
3: IO qp on core 15 total time 58896.906 us (164322368 ticks), connect time 51702.191 us (144249112 ticks)
3: IO qp on core 2 total time 69195.186 us (193054568 ticks), connect time 61263.578 us (170925384 ticks)
3: IO qp on core 5 total time 79062.606 us (220584672 ticks), connect time 70624.952 us (197043616 ticks)
3: IO qp on core 4 total time 89092.879 us (248569132 ticks), connect time 80208.358 us (223781320 ticks)
3: IO qp on core 24 total time 98984.707 us (276167332 ticks), connect time 90082.483 us (251330128 ticks)
3: IO qp on core 8 total time 109010.634 us (304139668 ticks), connect time 99470.532 us (277522784 ticks)
3: IO qp on core 6 total time 119041.679 us (332126284 ticks), connect time 109017.388 us (304158512 ticks)
3: IO qp on core 19 total time 129156.975 us (360347960 ticks), connect time 119293.880 us (332829924 ticks)
3: IO qp on core 13 total time 138904.006 us (387542176 ticks), connect time 128036.945 us (357223076 ticks)
3: IO qp on core 11 total time 148886.698 us (415393888 ticks), connect time 137773.047 us (384386800 ticks)
3: IO qp on core 14 total time 158960.014 us (443498440 ticks), connect time 147604.680 us (411817056 ticks)
3: IO qp on core 7 total time 169053.051 us (471658012 ticks), connect time 157376.539 us (439080544 ticks)
3: IO qp on core 17 total time 178940.132 us (499242968 ticks), connect time 167203.244 us (466497052 ticks)
3: IO qp on core 12 total time 188827.925 us (526829912 ticks), connect time 176776.495 us (493206420 ticks)
3: IO qp on core 18 total time 198938.123 us (555037364 ticks), connect time 186658.628 us (520777572 ticks)
3: IO qp on core 21 total time 209118.592 us (583440872 ticks), connect time 196746.155 us (548921772 ticks)
3: IO qp on core 16 total time 219111.461 us (611320976 ticks), connect time 206455.461 us (576010736 ticks)
3: IO qp on core 22 total time 229156.556 us (639346792 ticks), connect time 216295.614 us (603464764 ticks)
3: IO qp on core 10 total time 238928.717 us (666611120 ticks), connect time 225679.699 us (629646360 ticks)
3: IO qp on core 9 total time 249031.679 us (694798384 ticks), connect time 226285.181 us (631335656 ticks)
3: IO qp on core 25 total time 258974.168 us (722537928 ticks), connect time 233783.441 us (652255800 ticks)
3: IO qp on core 33 total time 268338.823 us (748665316 ticks), connect time 242878.774 us (677631780 ticks)
3: IO qp on core 32 total time 278328.791 us (776537328 ticks), connect time 252453.610 us (704345572 ticks)
3: IO qp on core 34 total time 288285.993 us (804317920 ticks), connect time 261973.821 us (730906960 ticks)
3: IO qp on core 26 total time 298522.853 us (832878760 ticks), connect time 271629.937 us (757847524 ticks)
3: IO qp on core 35 total time 308394.338 us (860420204 ticks), connect time 280961.715 us (783883184 ticks)
3: IO qp on core 37 total time 318267.148 us (887965344 ticks), connect time 290413.862 us (810254676 ticks)
3: IO qp on core 0 total time 328365.614 us (916140064 ticks), connect time 299400.026 us (835326072 ticks)
3: IO qp on core 30 total time 338740.487 us (945085960 ticks), connect time 309522.748 us (863568468 ticks)
3: IO qp on core 41 total time 348268.737 us (971669776 ticks), connect time 318003.206 us (887228944 ticks)
2: mlx5dv_reserved_qpn_alloc 1 1
3: IO qp on core 39 total time 358247.234 us (999509784 ticks), connect time 327786.095 us (914523204mlx5dv_reserved_qpn_alloc 1 1
1: mlx5dv_reserved_qpn_alloc 1 1
4: mlx5dv_reserved_qpn_alloc 1 1
0: [2021-10-01 16:58:47.601196] rdma.c:2990:nvmf_process_cm_event: *NOTICE*: In RDMA_CM_EVENT_CONNECT_REQUEST
0: [2021-10-01 16:58:47.601214] rdma.c:2990:nvmf_process_cm_event: *NOTICE*: In RDMA_CM_EVENT_CONNECT_REQUEST
0: mlx5dv_reserved_qpn_alloc 1 1
0: [2021-10-01 16:58:47.601225] rdma.c:2990:nvmf_process_cm_event: *NOTICE*: In RDMA_CM_EVENT_CONNECT_REQUEST
0: mlx5dv_reserved_qpn_alloc 1 1
0: [2021-10-01 16:58:47.601238] rdma.c:2990:nvmf_process_cm_event: *NOTICE*: In RDMA_CM_EVENT_CONNECT_REQUEST
0: mlx5dv_reserved_qpn_alloc 1 1
0: mlx5dv_reserved_qpn_alloc 1 1
2: [2021-10-01 16:58:47.601296] nvme_rdma.c:1386:_nvme_rdma_ctrlr_connect_qpair: *NOTICE*: Connect rdma qpair: pg 0x7f2c88000a90, srq depth 128
1: [2021-10-01 16:58:47.601305] nvme_rdma.c:1386:_nvme_rdma_ctrlr_connect_qpair: *NOTICE*: Connect rdma qpair: pg 0x7fe930000ab0, srq depth 128
4: [2021-10-01 16:58:47.601325] nvme_rdma.c:1386:_nvme_rdma_ctrlr_connect_qpair: *NOTICE*: Connect rdma qpair: pg 0x7fc288000a90, srq depth 128
3: [2021-10-01 16:58:47.601343] nvme_rdma.c:1386:_nvme_rdma_ctrlr_connect_qpair: *NOTICE*: Connect rdma qpair: pg 0x7f33e0000bb0, srq depth 128
1: de1) NSID 1 with lcore 42
1: Associating RDMA (addr:65.65.65.131 subnqn:nqn.2016-06.io.spdk:cnode1) NSID 1 with lcore 43
1: Associating RDMA (addr:65.65.65.131 subnqn:nqn.2016-06.io.spdk:cnode1) NSID 1 with lcore 44
1: Associating RDMA (addr:65.65.65.131 subnqn:nqn.2016-06.io.spdk:cnode1) NSID 1 with lcore 45
1: Associating RDMA (addr:65.65.65.131 subnqn:nqn.2016-06.io.spdk:cnode1) NSID 1 with lcore 46
1: Associating RDMA (addr:65.65.65.131 subnqn:nqn.2016-06.io.spdk:cnode1) NSID 1 with lcore 47
1: Initialization complete. Launching workers.
1: IO qp on core 1 total time 29430.308 us (82110560 ticks), connect time 22191.174 us (61913376 ticks)
1: IO qp on core 4 total time 39134.476 us (109185188 ticks), connect time 31353.978 us (87477600 ticks)
1: IO qp on core 6 total time 49098.552 us (136984960 ticks), connect time 40653.200 us (113422428 ticks)
1: IO qp on core 3 total time 59190.936 us (165142712 ticks), connect time 49912.499 us (139255872 ticks)
1: IO qp on core 2 total time 69025.981 us (192582488 ticks), connect time 59790.558 us (166815656 ticks)
1: IO qp on core 7 total time 79080.450 us (220634456 ticks), connect time 68952.639 us (192377864 ticks)
1: IO qp on core 10 total time 89043.051 us (248430112 ticks), connect time 78367.614 us (218645644 ticks)
1: IO qp on core 9 total time 98987.948 us (276176376 ticks), connect time 86898.843 us (242447772 ticks)
1: IO qp on core 5 total time 109064.757 us (304290672 ticks), connect time 96088.082 us (268085748 ticks)
1: IO qp on core 15 total time 118943.548 us (331852500 ticks), connect time 106108.218 us (296041928 ticks)
1: IO qp on core 24 total time 129044.393 us (360033856 ticks), connect time 115720.628 us (322860552 ticks)
1: IO qp on core 14 total time 138926.556 us (387605092 ticks), connect time 123885.067 us (345639336 ticks)
1: IO qp on core 13 total time 148935.723 us (415530668 ticks), connect time 132944.743 us (370915832 ticks)
1: IO qp on core 11 total time 159027.726 us (443687356 ticks), connect time 142773.616 us (398338388 ticks)
1: IO qp on core 12 total time 168934.518 us (471327304 ticks), connect time 152623.484 us (425819520 ticks)
1: IO qp on core 17 total time 179208.159 us (499990764 ticks), connect time 162438.066 us (453202204 ticks)
1: IO qp on core 22 total time 189194.083 us (527851492 ticks), connect time 172413.312 us (481033140 ticks)
1: IO qp on core 21 total time 199308.245 us (556070004 ticks), connect time 182523.680 us (509241068 ticks)
1: IO qp on core 19 total time 209150.095 us (583528764 ticks), connect time 192353.216 us (536665472 ticks)
1: IO qp on core 20 total time 219215.663 us (611611700 ticks), connect time 201773.520 us (562948120 ticks)
1: IO qp on core 25 total time 229098.308 us (639184280 ticks), connect time 211421.968 us (589867292 ticks)
1: IO qp on core 16 total time 239167.540 us (667277436 ticks), connect time 221041.765 us (616706524 ticks)
1: IO qp on core 8 total time 249057.220 us (694869644 ticks), connect time 230409.521 us (642842564 ticks)
1: IO qp on core 18 total time 258686.440 us (721735168 ticks), connect time 239281.697 us (667595936 ticks)
1: IO qp on core 23 total time 269042.566 us (750628760 ticks), connect time 248417.887 us (693085904 ticks)
1: IO qp on core 28 total time 279024.175 us (778477448 ticks), connect time 257455.584 us (718301080 ticks)
1: IO qp on core 38 total time 288355.812 us (804512716 ticks), connect time 266750.209 us (744233084 ticks)
1: IO qp on core 33 total time 298247.329 us (832110048 ticks), connect time 276488.338 us (771402464 ticks)
1: IO qp on core 41 total time 308300.192 us (860157536 ticks), connect time 286324.558 us (798845516 ticks)
1: IO qp on core 37 total time 318404.790 us (888349364 ticks), connect time 296166.467 us (826304444 ticks)
1: IO qp on core 0 total time 328323.956 us (916023836 ticks), connect time 305873.726 us (853387696 ticks)
1: IO qp on core 29 total time 338735.339 us (945071596 ticks), connect time 315865.240 us (881264020 ticks)
1: IO qp on core 40 total time 348289.622 us (971728044 ticks), connect time 325470.023 us (908061364 ticks)
3: mlx5dv_reserved_qpn_alloc 1 1
2: mlx5dv_reserved_qpn_alloc 1 1
1: IO qp on core 26 total time 359105.078 us (1001903168 ticks), connect time 335797.025 us (93687370mlx5dv_reserved_qpn_alloc 1 1
4: mlx5dv_reserved_qpn_alloc 1 1
0: [2021-10-01 16:58:47.611177] rdma.c:2990:nvmf_process_cm_event: *NOTICE*: In RDMA_CM_EVENT_CONNECT_REQUEST
0: mlx5dv_reserved_qpn_alloc 1 1
0: [2021-10-01 16:58:47.611194] rdma.c:2990:nvmf_process_cm_event: *NOTICE*: In RDMA_CM_EVENT_CONNECT_REQUEST
0: mlx5dv_reserved_qpn_alloc 1 1
0: [2021-10-01 16:58:47.611208] rdma.c:2990:nvmf_process_cm_event: *NOTICE*: In RDMA_CM_EVENT_CONNECT_REQUEST
0: mlx5dv_reserved_qpn_alloc 1 1
0: [2021-10-01 16:58:47.611224] rdma.c:2990:nvmf_process_cm_event: *NOTICE*: In RDMA_CM_EVENT_CONNECT_REQUEST
0: mlx5dv_reserved_qpn_alloc 1 1
3: [2021-10-01 16:58:47.611286] nvme_rdma.c:1386:_nvme_rdma_ctrlr_connect_qpair: *NOTICE*: Connect rdma qpair: pg 0x7f33e8000a90, srq depth 128
2: [2021-10-01 16:58:47.611277] nvme_rdma.c:1386:_nvme_rdma_ctrlr_connect_qpair: *NOTICE*: Connect rdma qpair: pg 0x7f2cc8000a90, srq depth 128
1: [2021-10-01 16:58:47.611307] nvme_rdma.c:1386:_nvme_rdma_ctrlr_connect_qpair: *NOTICE*: Connect rdma qpair: pg 0x7fe920000ab0, srq depth 128
4: [2021-10-01 16:58:47.611315] nvme_rdma.c:1386:_nvme_rdma_ctrlr_connect_qpair: *NOTICE*: Connect rdma qpair: pg 0x7fc2a0000a90, srq depth 128
3: mlx5dv_reserved_qpn_alloc 1 1
1: mlx5dv_reserved_qpn_alloc 1 1
2: mlx5dv_reserved_qpn_alloc 1 1
4: mlx5dv_reserved_qpn_alloc 1 1
0: [2021-10-01 16:58:47.621163] rdma.c:2990:nvmf_process_cm_event: *NOTICE*: In RDMA_CM_EVENT_CONNECT_REQUEST
0: [2021-10-01 16:58:47.621180] rdma.c:2990:nvmf_process_cm_event: *NOTICE*: In RDMA_CM_EVENT_CONNECT_REQUEST
0: mlx5dv_reserved_qpn_alloc 1 1
0: [2021-10-01 16:58:47.621195] rdma.c:2990:nvmf_process_cm_event: *NOTICE*: In RDMA_CM_EVENT_CONNECT_REQUEST
0: mlx5dv_reserved_qpn_alloc 1 1
0: [2021-10-01 16:58:47.621207] rdma.c:2990:nvmf_process_cm_event: *NOTICE*: In RDMA_CM_EVENT_CONNECT_REQUEST
0: mlx5dv_reserved_qpn_alloc 1 1
0: mlx5dv_reserved_qpn_alloc 1 1
3: [2021-10-01 16:58:47.621282] nvme_rdma.c:1386:_nvme_rdma_ctrlr_connect_qpair: *NOTICE*: Connect rdma qpair: pg 0x7f33d8000ab0, srq depth 128
4: [2021-10-01 16:58:47.621289] nvme_rdma.c:1386:_nvme_rdma_ctrlr_connect_qpair: *NOTICE*: Connect rdma qpair: pg 0x7fc284000a90, srq depth 128
2: [2021-10-01 16:58:47.621268] nvme_rdma.c:1386:_nvme_rdma_ctrlr_connect_qpair: *NOTICE*: Connect rdma qpair: pg 0x7f2cdc000ab0, srq depth 128
1: [2021-10-01 16:58:47.621310] nvme_rdma.c:1386:_nvme_rdma_ctrlr_connect_qpair: *NOTICE*: Connect rdma qpair: pg 0x7fe900000b60, srq depth 128
1: mlx5dv_reserved_qpn_alloc 1 1
3: mlx5dv_reserved_qpn_alloc 1 1
2: mlx5dv_reserved_qpn_alloc 1 1
4: mlx5dv_reserved_qpn_alloc 1 1
0: [2021-10-01 16:58:47.631144] rdma.c:2990:nvmf_process_cm_event: *NOTICE*: In RDMA_CM_EVENT_CONNECT_REQUEST
0: mlx5dv_reserved_qpn_alloc 1 1
0: [2021-10-01 16:58:47.631161] rdma.c:2990:nvmf_process_cm_event: *NOTICE*: In RDMA_CM_EVENT_CONNECT_REQUEST
0: mlx5dv_reserved_qpn_alloc 1 1
0: [2021-10-01 16:58:47.631175] rdma.c:2990:nvmf_process_cm_event: *NOTICE*: In RDMA_CM_EVENT_CONNECT_REQUEST
0: mlx5dv_reserved_qpn_alloc 1 1
0: [2021-10-01 16:58:47.631189] rdma.c:2990:nvmf_process_cm_event: *NOTICE*: In RDMA_CM_EVENT_CONNECT_REQUEST
0: mlx5dv_reserved_qpn_alloc 1 1
3: [2021-10-01 16:58:47.631257] nvme_rdma.c:1386:_nvme_rdma_ctrlr_connect_qpair: *NOTICE*: Connect rdma qpair: pg 0x7f33d4000a90, srq depth 128
1: [2021-10-01 16:58:47.631241] nvme_rdma.c:1386:_nvme_rdma_ctrlr_connect_qpair: *NOTICE*: Connect rdma qpair: pg 0x7fe92c000a90, srq depth 128
4: [2021-10-01 16:58:47.631277] nvme_rdma.c:1386:_nvme_rdma_ctrlr_connect_qpair: *NOTICE*: Connect rdma qpair: pg 0x7fc280000a90, srq depth 128
2: [2021-10-01 16:58:47.631253] nvme_rdma.c:1386:_nvme_rdma_ctrlr_connect_qpair: *NOTICE*: Connect rdma qpair: pg 0x7f2c74000a90, srq depth 128
1: mlx5dv_reserved_qpn_alloc 1 1
3: mlx5dv_reserved_qpn_alloc 1 1
2: mlx5dv_reserved_qpn_alloc 1 1
4: mlx5dv_reserved_qpn_alloc 1 1
0: [2021-10-01 16:58:47.641129] rdma.c:2990:nvmf_process_cm_event: *NOTICE*: In RDMA_CM_EVENT_CONNECT_REQUEST
0: [2021-10-01 16:58:47.641147] rdma.c:2990:nvmf_process_cm_event: *NOTICE*: In RDMA_CM_EVENT_CONNECT_REQUEST
0: mlx5dv_reserved_qpn_alloc 1 1
0: [2021-10-01 16:58:47.641160] rdma.c:2990:nvmf_process_cm_event: *NOTICE*: In RDMA_CM_EVENT_CONNECT_REQUEST
0: mlx5dv_reserved_qpn_alloc 1 1
0: [2021-10-01 16:58:47.641174] rdma.c:2990:nvmf_process_cm_event: *NOTICE*: In RDMA_CM_EVENT_CONNECT_REQUEST
0: mlx5dv_reserved_qpn_alloc 1 1
0: mlx5dv_reserved_qpn_alloc 1 1
2: [2021-10-01 16:58:47.641234] nvme_rdma.c:1386:_nvme_rdma_ctrlr_connect_qpair: *NOTICE*: Connect rdma qpair: pg 0x7f2d24000b60, srq depth 128
3: [2021-10-01 16:58:47.641252] nvme_rdma.c:1386:_nvme_rdma_ctrlr_connect_qpair: *NOTICE*: Connect rdma qpair: pg 0x7f33d0000a90, srq depth 128
1: [2021-10-01 16:58:47.641273] nvme_rdma.c:1386:_nvme_rdma_ctrlr_connect_qpair: *NOTICE*: Connect rdma qpair: pg 0x7fe904000a90, srq depth 128
4: [2021-10-01 16:58:47.641268] nvme_rdma.c:1386:_nvme_rdma_ctrlr_connect_qpair: *NOTICE*: Connect rdma qpair: pg 0x7fc2ec000a90, srq depth 128
2: mlx5dv_reserved_qpn_alloc 1 1
3: mlx5dv_reserved_qpn_alloc 1 1
1: mlx5dv_reserved_qpn_alloc 1 1
4: mlx5dv_reserved_qpn_alloc 1 1
0: [2021-10-01 16:58:47.651110] rdma.c:2990:nvmf_process_cm_event: *NOTICE*: In RDMA_CM_EVENT_CONNECT_REQUEST
0: mlx5dv_reserved_qpn_alloc 1 1
0: [2021-10-01 16:58:47.651129] rdma.c:2990:nvmf_process_cm_event: *NOTICE*: In RDMA_CM_EVENT_CONNECT_REQUEST
0: mlx5dv_reserved_qpn_alloc 1 1
0: [2021-10-01 16:58:47.651146] rdma.c:2990:nvmf_process_cm_event: *NOTICE*: In RDMA_CM_EVENT_CONNECT_REQUEST
0: mlx5dv_reserved_qpn_alloc 1 1
0: [2021-10-01 16:58:47.651162] rdma.c:2990:nvmf_process_cm_event: *NOTICE*: In RDMA_CM_EVENT_CONNECT_REQUEST
0: mlx5dv_reserved_qpn_alloc 1 1
2: [2021-10-01 16:58:47.651193] nvme_rdma.c:1386:_nvme_rdma_ctrlr_connect_qpair: *NOTICE*: Connect rdma qpair: pg 0x7f2cb4000ab0, srq depth 128
3: [2021-10-01 16:58:47.651229] nvme_rdma.c:1386:_nvme_rdma_ctrlr_connect_qpair: *NOTICE*: Connect rdma qpair: pg 0x7f33c8000a90, srq depth 128
4: [2021-10-01 16:58:47.651257] nvme_rdma.c:1386:_nvme_rdma_ctrlr_connect_qpair: *NOTICE*: Connect rdma qpair: pg 0x7fc2fc000a90, srq depth 128
1: [2021-10-01 16:58:47.651259] nvme_rdma.c:1386:_nvme_rdma_ctrlr_connect_qpair: *NOTICE*: Connect rdma qpair: pg 0x7fe8f8000a90, srq depth 128
1: mlx5dv_reserved_qpn_alloc 1 1
3: mlx5dv_reserved_qpn_alloc 1 1
2: mlx5dv_reserved_qpn_alloc 1 1
4: mlx5dv_reserved_qpn_alloc 1 1
0: [2021-10-01 16:58:47.661095] rdma.c:2990:nvmf_process_cm_event: *NOTICE*: In RDMA_CM_EVENT_CONNECT_REQUEST
0: [2021-10-01 16:58:47.661113] rdma.c:2990:nvmf_process_cm_event: *NOTICE*: In RDMA_CM_EVENT_CONNECT_REQUEST
0: mlx5dv_reserved_qpn_alloc 1 1
0: [2021-10-01 16:58:47.661125] rdma.c:2990:nvmf_process_cm_event: *NOTICE*: In RDMA_CM_EVENT_CONNECT_REQUEST
0: mlx5dv_reserved_qpn_alloc 1 1
0: [2021-10-01 16:58:47.661142] rdma.c:2990:nvmf_process_cm_event: *NOTICE*: In RDMA_CM_EVENT_CONNECT_REQUEST
0: mlx5dv_reserved_qpn_alloc 1 1
0: mlx5dv_reserved_qpn_alloc 1 1
2: [2021-10-01 16:58:47.661200] nvme_rdma.c:1386:_nvme_rdma_ctrlr_connect_qpair: *NOTICE*: Connect rdma qpair: pg 0x7f2c7c000a90, srq depth 128
3: [2021-10-01 16:58:47.661218] nvme_rdma.c:1386:_nvme_rdma_ctrlr_connect_qpair: *NOTICE*: Connect rdma qpair: pg 0x7f33cc000a90, srq depth 128
4: [2021-10-01 16:58:47.661224] nvme_rdma.c:1386:_nvme_rdma_ctrlr_connect_qpair: *NOTICE*: Connect rdma qpair: pg 0x7fc270000a90, srq depth 128
1: [2021-10-01 16:58:47.661249] nvme_rdma.c:1386:_nvme_rdma_ctrlr_connect_qpair: *NOTICE*: Connect rdma qpair: pg 0x7fe918000a90, srq depth 128
2: mlx5dv_reserved_qpn_alloc 1 1
1: mlx5dv_reserved_qpn_alloc 1 1
3: mlx5dv_reserved_qpn_alloc 1 1
4: mlx5dv_reserved_qpn_alloc 1 1
0: [2021-10-01 16:58:47.671076] rdma.c:2990:nvmf_process_cm_event: *NOTICE*: In RDMA_CM_EVENT_CONNECT_REQUEST
0: mlx5dv_reserved_qpn_alloc 1 1
0: [2021-10-01 16:58:47.671096] rdma.c:2990:nvmf_process_cm_event: *NOTICE*: In RDMA_CM_EVENT_CONNECT_REQUEST
0: mlx5dv_reserved_qpn_alloc 1 1
0: [2021-10-01 16:58:47.671112] rdma.c:2990:nvmf_process_cm_event: *NOTICE*: In RDMA_CM_EVENT_CONNECT_REQUEST
0: mlx5dv_reserved_qpn_alloc 1 1
0: [2021-10-01 16:58:47.671127] rdma.c:2990:nvmf_process_cm_event: *NOTICE*: In RDMA_CM_EVENT_CONNECT_REQUEST
0: mlx5dv_reserved_qpn_alloc 1 1
2: [2021-10-01 16:58:47.671166] nvme_rdma.c:1386:_nvme_rdma_ctrlr_connect_qpair: *NOTICE*: Connect rdma qpair: pg 0x7f2c98000a90, srq depth 128
1: [2021-10-01 16:58:47.671191] nvme_rdma.c:1386:_nvme_rdma_ctrlr_connect_qpair: *NOTICE*: Connect rdma qpair: pg 0x7fe974000ab0, srq depth 128
3: [2021-10-01 16:58:47.671217] nvme_rdma.c:1386:_nvme_rdma_ctrlr_connect_qpair: *NOTICE*: Connect rdma qpair: pg 0x7f3420000ab0, srq depth 128
4: [2021-10-01 16:58:47.671212] nvme_rdma.c:1386:_nvme_rdma_ctrlr_connect_qpair: *NOTICE*: Connect rdma qpair: pg 0x7fc278000b60, srq depth 128
2: mlx5dv_reserved_qpn_alloc 1 1
3: mlx5dv_reserved_qpn_alloc 1 1
4: mlx5dv_reserved_qpn_alloc 1 1
1: mlx5dv_reserved_qpn_alloc 1 1
0: [2021-10-01 16:58:47.681062] rdma.c:2990:nvmf_process_cm_event: *NOTICE*: In RDMA_CM_EVENT_CONNECT_REQUEST
0: [2021-10-01 16:58:47.681079] rdma.c:2990:nvmf_process_cm_event: *NOTICE*: In RDMA_CM_EVENT_CONNECT_REQUEST
0: mlx5dv_reserved_qpn_alloc 1 1
0: [2021-10-01 16:58:47.681091] rdma.c:2990:nvmf_process_cm_event: *NOTICE*: In RDMA_CM_EVENT_CONNECT_REQUEST
0: mlx5dv_reserved_qpn_alloc 1 1
0: [2021-10-01 16:58:47.681109] rdma.c:2990:nvmf_process_cm_event: *NOTICE*: In RDMA_CM_EVENT_CONNECT_REQUEST
0: mlx5dv_reserved_qpn_alloc 1 1
0: mlx5dv_reserved_qpn_alloc 1 1
3: [2021-10-01 16:58:47.681188] nvme_rdma.c:1386:_nvme_rdma_ctrlr_connect_qpair: *NOTICE*: Connect rdma qpair: pg 0x7f3438000ab0, srq depth 128
4: [2021-10-01 16:58:47.681182] nvme_rdma.c:1386:_nvme_rdma_ctrlr_connect_qpair: *NOTICE*: Connect rdma qpair: pg 0x7fc268000a90, srq depth 128
2: [2021-10-01 16:58:47.681203] nvme_rdma.c:1386:_nvme_rdma_ctrlr_connect_qpair: *NOTICE*: Connect rdma qpair: pg 0x7f2cbc000a90, srq depth 128
1: [2021-10-01 16:58:47.681217] nvme_rdma.c:1386:_nvme_rdma_ctrlr_connect_qpair: *NOTICE*: Connect rdma qpair: pg 0x7fe8fc000a90, srq depth 128
2: mlx5dv_reserved_qpn_alloc 1 1
0: [2021-10-01 16:58:47.691042] rdma.c:2990:nvmf_process_cm_event: *NOTICE*: In RDMA_CM_EVENT_CONNECT_REQUEST
0: mlx5dv_reserved_qpn_alloc 1 1
2: [2021-10-01 16:58:47.691151] nvme_rdma.c:1386:_nvme_rdma_ctrlr_connect_qpair: *NOTICE*: Connect rdma qpair: pg 0x7f2c9c000b60, srq depth 128
3: mlx5dv_reserved_qpn_alloc 1 1
1: mlx5dv_reserved_qpn_alloc 1 1
0: [2021-10-01 16:58:47.701022] rdma.c:2990:nvmf_process_cm_event: *NOTICE*: In RDMA_CM_EVENT_CONNECT_REQUEST
0: mlx5dv_reserved_qpn_alloc 1 1
0: [2021-10-01 16:58:47.701038] rdma.c:2990:nvmf_process_cm_event: *NOTICE*: In RDMA_CM_EVENT_CONNECT_REQUEST
0: mlx5dv_reserved_qpn_alloc 1 1
3: [2021-10-01 16:58:47.701137] nvme_rdma.c:1386:_nvme_rdma_ctrlr_connect_qpair: *NOTICE*: Connect rdma qpair: pg 0x7f33fc000ab0, srq depth 128
1: [2021-10-01 16:58:47.701165] nvme_rdma.c:1386:_nvme_rdma_ctrlr_connect_qpair: *NOTICE*: Connect rdma qpair: pg 0x7fe984000ab0, srq depth 128
1: mlx5dv_reserved_qpn_alloc 1 1
0: [2021-10-01 16:58:47.711008] rdma.c:2990:nvmf_process_cm_event: *NOTICE*: In RDMA_CM_EVENT_CONNECT_REQUEST
0: mlx5dv_reserved_qpn_alloc 1 1
1: [2021-10-01 16:58:47.711130] nvme_rdma.c:1386:_nvme_rdma_ctrlr_connect_qpair: *NOTICE*: Connect rdma qpair: pg 0x7fe8f0000a90, srq depth 128
3: mlx5dv_reserved_qpn_alloc 1 1
0: [2021-10-01 16:58:47.720989] rdma.c:2990:nvmf_process_cm_event: *NOTICE*: In RDMA_CM_EVENT_CONNECT_REQUEST
0: mlx5dv_reserved_qpn_alloc 1 1
3: [2021-10-01 16:58:47.721120] nvme_rdma.c:1386:_nvme_rdma_ctrlr_connect_qpair: *NOTICE*: Connect rdma qpair: pg 0x7f3400000a90, srq depth 128
1: mlx5dv_reserved_qpn_alloc 1 1
0: [2021-10-01 16:58:47.730971] rdma.c:2990:nvmf_process_cm_event: *NOTICE*: In RDMA_CM_EVENT_CONNECT_REQUEST
0: mlx5dv_reserved_qpn_alloc 1 1
1: [2021-10-01 16:58:47.731076] nvme_rdma.c:1386:_nvme_rdma_ctrlr_connect_qpair: *NOTICE*: Connect rdma qpair: pg 0x7fe8e8000a90, srq depth 128
3: mlx5dv_reserved_qpn_alloc 1 1
0: [2021-10-01 16:58:47.740954] rdma.c:2990:nvmf_process_cm_event: *NOTICE*: In RDMA_CM_EVENT_CONNECT_REQUEST
0: mlx5dv_reserved_qpn_alloc 1 1
3: [2021-10-01 16:58:47.741080] nvme_rdma.c:1386:_nvme_rdma_ctrlr_connect_qpair: *NOTICE*: Connect rdma qpair: pg 0x7f33b8000a90, srq depth 128
1: mlx5dv_reserved_qpn_alloc 1 1
0: [2021-10-01 16:58:47.750937] rdma.c:2990:nvmf_process_cm_event: *NOTICE*: In RDMA_CM_EVENT_CONNECT_REQUEST
0: mlx5dv_reserved_qpn_alloc 1 1
1: [2021-10-01 16:58:47.751040] nvme_rdma.c:1386:_nvme_rdma_ctrlr_connect_qpair: *NOTICE*: Connect rdma qpair: pg 0x7fe91c000b60, srq depth 128
3: mlx5dv_reserved_qpn_alloc 1 1
0: [2021-10-01 16:58:47.790868] rdma.c:2990:nvmf_process_cm_event: *NOTICE*: In RDMA_CM_EVENT_CONNECT_REQUEST
0: mlx5dv_reserved_qpn_alloc 1 1
3: [2021-10-01 16:58:47.790995] nvme_rdma.c:1386:_nvme_rdma_ctrlr_connect_qpair: *NOTICE*: Connect rdma qpair: pg 0x7f3428000c00, srq depth 128
1: mlx5dv_reserved_qpn_alloc 1 1
0: [2021-10-01 16:58:47.800855] rdma.c:2990:nvmf_process_cm_event: *NOTICE*: In RDMA_CM_EVENT_CONNECT_REQUEST
0: mlx5dv_reserved_qpn_alloc 1 1
1: [2021-10-01 16:58:47.800985] nvme_rdma.c:1386:_nvme_rdma_ctrlr_connect_qpair: *NOTICE*: Connect rdma qpair: pg 0x7fe8e0000a90, srq depth 128
3: mlx5dv_reserved_qpn_alloc 1 1
0: [2021-10-01 16:58:47.840785] rdma.c:2990:nvmf_process_cm_event: *NOTICE*: In RDMA_CM_EVENT_CONNECT_REQUEST
0: mlx5dv_reserved_qpn_alloc 1 1
3: [2021-10-01 16:58:47.840921] nvme_rdma.c:1386:_nvme_rdma_ctrlr_connect_qpair: *NOTICE*: Connect rdma qpair: pg 0x7f33c0000a90, srq depth 128
1: mlx5dv_reserved_qpn_alloc 1 1
0: [2021-10-01 16:58:47.860751] rdma.c:2990:nvmf_process_cm_event: *NOTICE*: In RDMA_CM_EVENT_CONNECT_REQUEST
0: mlx5dv_reserved_qpn_alloc 1 1
1: [2021-10-01 16:58:47.860856] nvme_rdma.c:1386:_nvme_rdma_ctrlr_connect_qpair: *NOTICE*: Connect rdma qpair: pg 0x7fe8d8000a90, srq depth 128
0: [2021-10-01 16:58:57.557478] dc_mlx5_dv.c: 963:spdk_rdma_qp_reset: *NOTICE*: Reset called for qp: 0x7f6928008e80
0: [2021-10-01 16:58:57.568602] dc_mlx5_dv.c: 963:spdk_rdma_qp_reset: *NOTICE*: Reset called for qp: 0x7f6918008e80
0: [2021-10-01 16:58:57.578601] dc_mlx5_dv.c: 963:spdk_rdma_qp_reset: *NOTICE*: Reset called for qp: 0x7f6914008e80
0: [2021-10-01 16:58:57.593996] dc_mlx5_dv.c: 963:spdk_rdma_qp_reset: *NOTICE*: Reset called for qp: 0x7f68d0008e80
0: [2021-10-01 16:58:57.599940] dc_mlx5_dv.c: 963:spdk_rdma_qp_reset: *NOTICE*: Reset called for qp: 0x7f6910008e80
0: [2021-10-01 16:58:57.644809] dc_mlx5_dv.c: 963:spdk_rdma_qp_reset: *NOTICE*: Reset called for qp: 0x7f694c008e80
0: [2021-10-01 16:58:57.659955] dc_mlx5_dv.c: 963:spdk_rdma_qp_reset: *NOTICE*: Reset called for qp: 0x7f697c001e80
0: [2021-10-01 16:58:57.681104] dc_mlx5_dv.c: 963:spdk_rdma_qp_reset: *NOTICE*: Reset called for qp: 0x7f68dc008e80
2: [2021-10-01 16:58:57.709516] dc_mlx5_dv.c: 963:spdk_rdma_qp_reset: *NOTICE*: Reset called for qp: 0x7f2cf4008e80
0: [2021-10-01 16:58:57.711381] dc_mlx5_dv.c: 963:spdk_rdma_qp_reset: *NOTICE*: Reset called for qp: 0x7f6964008e80
4: [2021-10-01 16:58:57.711572] dc_mlx5_dv.c: 963:spdk_rdma_qp_reset: *NOTICE*: Reset called for qp: 0x7fc324008e80
0: [2021-10-01 16:58:57.716605] dc_mlx5_dv.c: 963:spdk_rdma_qp_reset: *NOTICE*: Reset called for qp: 0x7f693c008e80
2: [2021-10-01 16:58:57.718702] dc_mlx5_dv.c: 963:spdk_rdma_qp_reset: *NOTICE*: Reset called for qp: 0x7f2ccc008e80
4: [2021-10-01 16:58:57.723035] dc_mlx5_dv.c: 963:spdk_rdma_qp_reset: *NOTICE*: Reset called for qp: 0x7fc33c008e80
0: [2021-10-01 16:58:57.726154] dc_mlx5_dv.c: 963:spdk_rdma_qp_reset: *NOTICE*: Reset called for qp: 0x7f68e4008e80
2: [2021-10-01 16:58:57.734975] dc_mlx5_dv.c: 963:spdk_rdma_qp_reset: *NOTICE*: Reset called for qp: 0x7f2d2c008e80
0: [2021-10-01 16:58:57.735633] dc_mlx5_dv.c: 963:spdk_rdma_qp_reset: *NOTICE*: Reset called for qp: 0x7f68ec008e80
4: [2021-10-01 16:58:57.736627] dc_mlx5_dv.c: 963:spdk_rdma_qp_reset: *NOTICE*: Reset called for qp: 0x7fc280008e80
0: [2021-10-01 16:58:57.746096] dc_mlx5_dv.c: 963:spdk_rdma_qp_reset: *NOTICE*: Reset called for qp: 0x7f6924008e80
0: [2021-10-01 16:58:57.755583] dc_mlx5_dv.c: 963:spdk_rdma_qp_reset: *NOTICE*: Reset called for qp: 0x7f68f0001ea0
0: [2021-10-01 16:58:57.765545] dc_mlx5_dv.c: 963:spdk_rdma_qp_reset: *NOTICE*: Reset called for qp: 0x7f6960008e80
0: [2021-10-01 16:58:57.776055] dc_mlx5_dv.c: 963:spdk_rdma_qp_reset: *NOTICE*: Reset called for qp: 0x7f6900008e80
0: [2021-10-01 16:58:57.785779] dc_mlx5_dv.c: 963:spdk_rdma_qp_reset: *NOTICE*: Reset called for qp: 0x7f696c008ef0
0: [2021-10-01 16:58:57.795489] dc_mlx5_dv.c: 963:spdk_rdma_qp_reset: *NOTICE*: Reset called for qp: 0x7f68cc008e80
0: [2021-10-01 16:58:57.805524] dc_mlx5_dv.c: 963:spdk_rdma_qp_reset: *NOTICE*: Reset called for qp: 0x7f695c008e80
2: [2021-10-01 16:58:57.812684] dc_mlx5_dv.c: 963:spdk_rdma_qp_reset: *NOTICE*: Reset called for qp: 0x7f2d34008e80
0: [2021-10-01 16:58:57.815755] dc_mlx5_dv.c: 963:spdk_rdma_qp_reset: *NOTICE*: Reset called for qp: 0x14e1af0
0: [2021-10-01 16:58:57.825782] dc_mlx5_dv.c: 963:spdk_rdma_qp_reset: *NOTICE*: Reset called for qp: 0x7f6930008e80
2: [2021-10-01 16:58:57.831482] dc_mlx5_dv.c: 963:spdk_rdma_qp_reset: *NOTICE*: Reset called for qp: 0x7f2cf8008e80
0: [2021-10-01 16:58:57.835420] dc_mlx5_dv.c: 963:spdk_rdma_qp_reset: *NOTICE*: Reset called for qp: 0x7f691c001e80
4: [2021-10-01 16:58:57.843640] dc_mlx5_dv.c: 963:spdk_rdma_qp_reset: *NOTICE*: Reset called for qp: 0x7fc314008e80
0: [2021-10-01 16:58:57.845426] dc_mlx5_dv.c: 963:spdk_rdma_qp_reset: *NOTICE*: Reset called for qp: 0x7f6920008e80
0: [2021-10-01 16:58:57.855601] dc_mlx5_dv.c: 963:spdk_rdma_qp_reset: *NOTICE*: Reset called for qp: 0x7f6908008e80
2: [2021-10-01 16:58:57.859353] dc_mlx5_dv.c: 963:spdk_rdma_qp_reset: *NOTICE*: Reset called for qp: 0x7f2cd8008e80
4: [2021-10-01 16:58:57.864120] dc_mlx5_dv.c: 963:spdk_rdma_qp_reset: *NOTICE*: Reset called for qp: 0x7fc2a8008e80
0: [2021-10-01 16:58:57.865375] dc_mlx5_dv.c: 963:spdk_rdma_qp_reset: *NOTICE*: Reset called for qp: 0x7f6944008e80
2: [2021-10-01 16:58:57.865847] dc_mlx5_dv.c: 963:spdk_rdma_qp_reset: *NOTICE*: Reset called for qp: 0x7f2cc8008e80
2: [2021-10-01 16:58:57.875481] dc_mlx5_dv.c: 963:spdk_rdma_qp_reset: *NOTICE*: Reset called for qp: 0x7f2cdc008e80
0: [2021-10-01 16:58:57.875788] dc_mlx5_dv.c: 963:spdk_rdma_qp_reset: *NOTICE*: Reset called for qp: 0x7f68e0008ef0
4: [2021-10-01 16:58:57.877845] dc_mlx5_dv.c: 963:spdk_rdma_qp_reset: *NOTICE*: Reset called for qp: 0x7fc2c0008e80
0: [2021-10-01 16:58:57.885366] dc_mlx5_dv.c: 963:spdk_rdma_qp_reset: *NOTICE*: Reset called for qp: 0x7f68e8008e80
4: [2021-10-01 16:58:57.885426] dc_mlx5_dv.c: 963:spdk_rdma_qp_reset: *NOTICE*: Reset called for qp: 0x7fc2d8002ec0
2: [2021-10-01 16:58:57.885435] dc_mlx5_dv.c: 963:spdk_rdma_qp_reset: *NOTICE*: Reset called for qp: 0x7f2c98008e80
3: [2021-10-01 16:58:57.894826] dc_mlx5_dv.c: 963:spdk_rdma_qp_reset: *NOTICE*: Reset called for qp: 0x7f3458008e80
0: [2021-10-01 16:58:57.895315] dc_mlx5_dv.c: 963:spdk_rdma_qp_reset: *NOTICE*: Reset called for qp: 0x7f692c008e80
4: [2021-10-01 16:58:57.895429] dc_mlx5_dv.c: 963:spdk_rdma_qp_reset: *NOTICE*: Reset called for qp: 0x7fc2f0008e80
2: [2021-10-01 16:58:57.895420] dc_mlx5_dv.c: 963:spdk_rdma_qp_reset: *NOTICE*: Reset called for qp: 0x7f2cb0008e80
2: [2021-10-01 16:58:57.905185] dc_mlx5_dv.c: 963:spdk_rdma_qp_reset: *NOTICE*: Reset called for qp: 0x7f2d30008e80
1: [2021-10-01 16:58:57.905002] dc_mlx5_dv.c: 963:spdk_rdma_qp_reset: *NOTICE*: Reset called for qp: 0x7fe978001e80
4: [2021-10-01 16:58:57.905460] dc_mlx5_dv.c: 963:spdk_rdma_qp_reset: *NOTICE*: Reset called for qp: 0x7fc2fc008e80
0: [2021-10-01 16:58:57.905637] dc_mlx5_dv.c: 963:spdk_rdma_qp_reset: *NOTICE*: Reset called for qp: 0x7f6950008e80
0: [2021-10-01 16:58:57.915307] dc_mlx5_dv.c: 963:spdk_rdma_qp_reset: *NOTICE*: Reset called for qp: 0x7f6934008e80
2: [2021-10-01 16:58:57.915276] dc_mlx5_dv.c: 963:spdk_rdma_qp_reset: *NOTICE*: Reset called for qp: 0x7f2ce8008e80
4: [2021-10-01 16:58:57.915490] dc_mlx5_dv.c: 963:spdk_rdma_qp_reset: *NOTICE*: Reset called for qp: 0x7fc310008e80
1: [2021-10-01 16:58:57.921610] dc_mlx5_dv.c: 963:spdk_rdma_qp_reset: *NOTICE*: Reset called for qp: 0x7fe994008e80
3: [2021-10-01 16:58:57.923427] dc_mlx5_dv.c: 963:spdk_rdma_qp_reset: *NOTICE*: Reset called for qp: 0x7f33d8008e80
2: [2021-10-01 16:58:57.925244] dc_mlx5_dv.c: 963:spdk_rdma_qp_reset: *NOTICE*: Reset called for qp: 0x7f2cec008e80
0: [2021-10-01 16:58:57.925333] dc_mlx5_dv.c: 963:spdk_rdma_qp_reset: *NOTICE*: Reset called for qp: 0x7f6948008e80
4: [2021-10-01 16:58:57.925323] dc_mlx5_dv.c: 963:spdk_rdma_qp_reset: *NOTICE*: Reset called for qp: 0x7fc2e4008e80
4: [2021-10-01 16:58:57.935479] dc_mlx5_dv.c: 963:spdk_rdma_qp_reset: *NOTICE*: Reset called for qp: 0x7fc300008e80
2: [2021-10-01 16:58:57.935656] dc_mlx5_dv.c: 963:spdk_rdma_qp_reset: *NOTICE*: Reset called for qp: 0x7f2c9c001ea0
0: [2021-10-01 16:58:57.935747] dc_mlx5_dv.c: 963:spdk_rdma_qp_reset: *NOTICE*: Reset called for qp: 0x7f6938008e80
0: [2021-10-01 16:58:57.945300] dc_mlx5_dv.c: 963:spdk_rdma_qp_reset: *NOTICE*: Reset called for qp: 0x7f6954008e80
4: [2021-10-01 16:58:57.945284] dc_mlx5_dv.c: 963:spdk_rdma_qp_reset: *NOTICE*: Reset called for qp: 0x7fc28c008e80
2: [2021-10-01 16:58:57.945285] dc_mlx5_dv.c: 963:spdk_rdma_qp_reset: *NOTICE*: Reset called for qp: 0x7f2d18008e80
4: [2021-10-01 16:58:57.955263] dc_mlx5_dv.c: 963:spdk_rdma_qp_reset: *NOTICE*: Reset called for qp: 0x7fc278001e80
0: [2021-10-01 16:58:57.955285] dc_mlx5_dv.c: 963:spdk_rdma_qp_reset: *NOTICE*: Reset called for qp: 0x7f6940008e80
2: [2021-10-01 16:58:57.955718] dc_mlx5_dv.c: 963:spdk_rdma_qp_reset: *NOTICE*: Reset called for qp: 0x7f2d28008e80
0: [2021-10-01 16:58:57.965241] dc_mlx5_dv.c: 963:spdk_rdma_qp_reset: *NOTICE*: Reset called for qp: 0x7f6980008e80
4: [2021-10-01 16:58:57.965391] dc_mlx5_dv.c: 963:spdk_rdma_qp_reset: *NOTICE*: Reset called for qp: 0x7fc2b4008e80
2: [2021-10-01 16:58:57.965610] dc_mlx5_dv.c: 963:spdk_rdma_qp_reset: *NOTICE*: Reset called for qp: 0x7f2cb4008e80
0: [2021-10-01 16:58:57.975194] dc_mlx5_dv.c: 963:spdk_rdma_qp_reset: *NOTICE*: Reset called for qp: 0x7f6968008e80
2: [2021-10-01 16:58:57.975207] dc_mlx5_dv.c: 963:spdk_rdma_qp_reset: *NOTICE*: Reset called for qp: 0x7f2c94008e80
4: [2021-10-01 16:58:57.975235] dc_mlx5_dv.c: 963:spdk_rdma_qp_reset: *NOTICE*: Reset called for qp: 0x7fc294008e80
4: [2021-10-01 16:58:57.985207] dc_mlx5_dv.c: 963:spdk_rdma_qp_reset: *NOTICE*: Reset called for qp: 0x7fc318008e80
2: [2021-10-01 16:58:57.985308] dc_mlx5_dv.c: 963:spdk_rdma_qp_reset: *NOTICE*: Reset called for qp: 0x7f2ca8008ef0
0: [2021-10-01 16:58:57.985800] dc_mlx5_dv.c: 963:spdk_rdma_qp_reset: *NOTICE*: Reset called for qp: 0x7f68d8008e80
2: [2021-10-01 16:58:57.995138] dc_mlx5_dv.c: 963:spdk_rdma_qp_reset: *NOTICE*: Reset called for qp: 0x7f2cd4002ec0
0: [2021-10-01 16:58:57.995189] dc_mlx5_dv.c: 963:spdk_rdma_qp_reset: *NOTICE*: Reset called for qp: 0x7f6970008e80
4: [2021-10-01 16:58:57.995281] dc_mlx5_dv.c: 963:spdk_rdma_qp_reset: *NOTICE*: Reset called for qp: 0x7fc2e0008e80
3: [2021-10-01 16:58:58.000613] dc_mlx5_dv.c: 963:spdk_rdma_qp_reset: *NOTICE*: Reset called for qp: 0x7f3404008e80
2: [2021-10-01 16:58:58.005114] dc_mlx5_dv.c: 963:spdk_rdma_qp_reset: *NOTICE*: Reset called for qp: 0x7f2cfc008e80
0: [2021-10-01 16:58:58.005199] dc_mlx5_dv.c: 963:spdk_rdma_qp_reset: *NOTICE*: Reset called for qp: 0x7f68f8008e80
4: [2021-10-01 16:58:58.005386] dc_mlx5_dv.c: 963:spdk_rdma_qp_reset: *NOTICE*: Reset called for qp: 0x7fc32c001e80
3: [2021-10-01 16:58:58.009758] dc_mlx5_dv.c: 963:spdk_rdma_qp_reset: *NOTICE*: Reset called for qp: 0x7f3428001f40
1: [2021-10-01 16:58:58.011931] dc_mlx5_dv.c: 963:spdk_rdma_qp_reset: *NOTICE*: Reset called for qp: 0x7fe988008e80
2: [2021-10-01 16:58:58.014975] dc_mlx5_dv.c: 963:spdk_rdma_qp_reset: *NOTICE*: Reset called for qp: 0x7f2cf0008e80
0: [2021-10-01 16:58:58.015154] dc_mlx5_dv.c: 963:spdk_rdma_qp_reset: *NOTICE*: Reset called for qp: 0x7f68c0001ef0
4: [2021-10-01 16:58:58.015365] dc_mlx5_dv.c: 963:spdk_rdma_qp_reset: *NOTICE*: Reset called for qp: 0x7fc30c008e80
2: [2021-10-01 16:58:58.025082] dc_mlx5_dv.c: 963:spdk_rdma_qp_reset: *NOTICE*: Reset called for qp: 0x7f2ce4008e80
0: [2021-10-01 16:58:58.025149] dc_mlx5_dv.c: 963:spdk_rdma_qp_reset: *NOTICE*: Reset called for qp: 0x7f68c8008e80
4: [2021-10-01 16:58:58.025140] dc_mlx5_dv.c: 963:spdk_rdma_qp_reset: *NOTICE*: Reset called for qp: 0x7fc334008e80
3: [2021-10-01 16:58:58.033959] dc_mlx5_dv.c: 963:spdk_rdma_qp_reset: *NOTICE*: Reset called for qp: 0x7f3434008e80
1: [2021-10-01 16:58:58.034331] dc_mlx5_dv.c: 963:spdk_rdma_qp_reset: *NOTICE*: Reset called for qp: 0x7fe94c008e80
0: [2021-10-01 16:58:58.035094] dc_mlx5_dv.c: 963:spdk_rdma_qp_reset: *NOTICE*: Reset called for qp: 0x7f68b8008e80
2: [2021-10-01 16:58:58.035206] dc_mlx5_dv.c: 963:spdk_rdma_qp_reset: *NOTICE*: Reset called for qp: 0x7f2d24001e80
4: [2021-10-01 16:58:58.035343] dc_mlx5_dv.c: 963:spdk_rdma_qp_reset: *NOTICE*: Reset called for qp: 0x7fc2b8008e80
0: [2021-10-01 16:58:58.045105] dc_mlx5_dv.c: 963:spdk_rdma_qp_reset: *NOTICE*: Reset called for qp: 0x7f6958008e80
3: [2021-10-01 16:58:58.045222] dc_mlx5_dv.c: 963:spdk_rdma_qp_reset: *NOTICE*: Reset called for qp: 0x7f3440008e80
4: [2021-10-01 16:58:58.045218] dc_mlx5_dv.c: 963:spdk_rdma_qp_reset: *NOTICE*: Reset called for qp: 0x7fc288008f00
2: [2021-10-01 16:58:58.045650] dc_mlx5_dv.c: 963:spdk_rdma_qp_reset: *NOTICE*: Reset called for qp: 0x7f2d1c008e80
1: [2021-10-01 16:58:58.045916] dc_mlx5_dv.c: 963:spdk_rdma_qp_reset: *NOTICE*: Reset called for qp: 0x7fe93c008e80
3: [2021-10-01 16:58:58.055192] dc_mlx5_dv.c: 963:spdk_rdma_qp_reset: *NOTICE*: Reset called for qp: 0x7f3424008e80
0: [2021-10-01 16:58:58.055202] dc_mlx5_dv.c: 963:spdk_rdma_qp_reset: *NOTICE*: Reset called for qp: 0x7f68f4008e80
4: [2021-10-01 16:58:58.055343] dc_mlx5_dv.c: 963:spdk_rdma_qp_reset: *NOTICE*: Reset called for qp: 0x7fc2f8008e80
2: [2021-10-01 16:58:58.055344] dc_mlx5_dv.c: 963:spdk_rdma_qp_reset: *NOTICE*: Reset called for qp: 0x7f2c8c001e80
1: [2021-10-01 16:58:58.055539] dc_mlx5_dv.c: 963:spdk_rdma_qp_reset: *NOTICE*: Reset called for qp: 0x7fe928006ed0
0: [2021-10-01 16:58:58.065048] dc_mlx5_dv.c: 963:spdk_rdma_qp_reset: *NOTICE*: Reset called for qp: 0x7f6974008e80
4: [2021-10-01 16:58:58.065098] dc_mlx5_dv.c: 963:spdk_rdma_qp_reset: *NOTICE*: Reset called for qp: 0x7fc284008e80
3: [2021-10-01 16:58:58.065223] dc_mlx5_dv.c: 963:spdk_rdma_qp_reset: *NOTICE*: Reset called for qp: 0x7f341c008e80
1: [2021-10-01 16:58:58.065594] dc_mlx5_dv.c: 963:spdk_rdma_qp_reset: *NOTICE*: Reset called for qp: 0x7fe914008e80
2: [2021-10-01 16:58:58.065596] dc_mlx5_dv.c: 963:spdk_rdma_qp_reset: *NOTICE*: Reset called for qp: 0x7f2c90008e80
2: [2021-10-01 16:58:58.075096] dc_mlx5_dv.c: 963:spdk_rdma_qp_reset: *NOTICE*: Reset called for qp: 0x7f2d04008e80
0: [2021-10-01 16:58:58.075143] dc_mlx5_dv.c: 963:spdk_rdma_qp_reset: *NOTICE*: Reset called for qp: 0x7f6904006ed0
4: [2021-10-01 16:58:58.075408] dc_mlx5_dv.c: 963:spdk_rdma_qp_reset: *NOTICE*: Reset called for qp: 0x7fc270008e80
3: [2021-10-01 16:58:58.075497] dc_mlx5_dv.c: 963:spdk_rdma_qp_reset: *NOTICE*: Reset called for qp: 0x7f3418008e80
1: [2021-10-01 16:58:58.076745] dc_mlx5_dv.c: 963:spdk_rdma_qp_reset: *NOTICE*: Reset called for qp: 0x7fe8d8008f20
2: [2021-10-01 16:58:58.085008] dc_mlx5_dv.c: 963:spdk_rdma_qp_reset: *NOTICE*: Reset called for qp: 0x7f2d08008e80
0: [2021-10-01 16:58:58.085044] dc_mlx5_dv.c: 963:spdk_rdma_qp_reset: *NOTICE*: Reset called for qp: 0x7f690c008e80
4: [2021-10-01 16:58:58.085057] dc_mlx5_dv.c: 963:spdk_rdma_qp_reset: *NOTICE*: Reset called for qp: 0x7fc268008f20
3: [2021-10-01 16:58:58.085192] dc_mlx5_dv.c: 963:spdk_rdma_qp_reset: *NOTICE*: Reset called for qp: 0x7f3430001ed0
1: [2021-10-01 16:58:58.085530] dc_mlx5_dv.c: 963:spdk_rdma_qp_reset: *NOTICE*: Reset called for qp: 0x7fe910008e80
4: [2021-10-01 16:58:58.094925] dc_mlx5_dv.c: 963:spdk_rdma_qp_reset: *NOTICE*: Reset called for qp: 0x7fc31c008e80
2: [2021-10-01 16:58:58.094984] dc_mlx5_dv.c: 963:spdk_rdma_qp_reset: *NOTICE*: Reset called for qp: 0x7f2c74008e80
1: [2021-10-01 16:58:58.095465] dc_mlx5_dv.c: 963:spdk_rdma_qp_reset: *NOTICE*: Reset called for qp: 0x7fe980008e80
0: [2021-10-01 16:58:58.095534] dc_mlx5_dv.c: 963:spdk_rdma_qp_reset: *NOTICE*: Reset called for qp: 0x7f68fc008e80
3: [2021-10-01 16:58:58.095540] dc_mlx5_dv.c: 963:spdk_rdma_qp_reset: *NOTICE*: Reset called for qp: 0x7f3480008e80
0: 932 ticks)
0: IO qp on core 22 total time 368946.887 us (1029361816 ticks), connect time 346405.824 us (966472248 ticks)
0: IO qp on core 10 total time 378397.971 us (1055730340 ticks), connect time 347406.427 us (969263932 ticks)
0: IO qp on core 32 total time 388321.412 us (1083416740 ticks), connect time 356685.226 us (995151780 ticks)
0: IO qp on core 42 total time 398274.539 us (1111185964 ticks), connect time 366268.462 us (1021889008 ticks)
0: IO qp on core 47 total time 408270.951 us (1139075952 ticks), connect time 376009.531 us (1049066592 ticks)
0: IO qp on core 43 total time 418201.547 us (1166782316 ticks), connect time 385449.074 us (1075402916 ticks)
0: IO qp on core 33 total time 428238.142 us (1194784416 ticks), connect time 395153.563 us (1102478440 ticks)
0: IO qp on core 45 total time 438259.432 us (1222743816 ticks), connect time 404945.564 us (1129798124 ticks)
0: IO qp on core 46 total time 458216.768 us (1278424784 ticks), connect time 424545.644 us (1184482348 ticks)
0: IO qp on core 40 total time 468179.961 us (1306222092 ticks), connect time 434359.956 us (1211864276 ticks)
0: IO qp on core 44 total time 478154.585 us (1334051292 ticks), connect time 444096.830 us (1239030156 ticks)
0: IO qp on core 41 total time 488156.918 us (1361957800 ticks), connect time 453898.918 us (1266377980 ticks)
0: IO qp on core 34 total time 498211.808 us (1390010944 ticks), connect time 463753.292 us (1293871684 ticks)
0: IO qp on core 0 total time 508349.032 us (1418293800 ticks), connect time 367206.843 us (1024507092 ticks)
0: ========================================================
0:                                                                                                                   Latency(us)
0: Device Information                                                            :       IOPS      MiB/s    Average        min        max
0: RDMA (addr:65.65.65.131 subnqn:nqn.2016-06.io.spdk:cnode1) NSID 1 from core  0:     494.90      61.86   64418.22    5026.95  106579.22
0: RDMA (addr:65.65.65.131 subnqn:nqn.2016-06.io.spdk:cnode1) NSID 1 from core  1:     476.00      59.50   67093.34    7071.56  144131.15
0: RDMA (addr:65.65.65.131 subnqn:nqn.2016-06.io.spdk:cnode1) NSID 1 from core  2:     477.80      59.73   66736.95    4961.60  150428.94
0: RDMA (addr:65.65.65.131 subnqn:nqn.2016-06.io.spdk:cnode1) NSID 1 from core  3:     469.20      58.65   68127.11   11657.79  159066.76
0: RDMA (addr:65.65.65.131 subnqn:nqn.2016-06.io.spdk:cnode1) NSID 1 from core  4:     481.90      60.24   66172.25    6851.26  143711.19
0: RDMA (addr:65.65.65.131 subnqn:nqn.2016-06.io.spdk:cnode1) NSID 1 from core  5:     457.70      57.21   69619.79   27185.86  205648.14
0: RDMA (addr:65.65.65.131 subnqn:nqn.2016-06.io.spdk:cnode1) NSID 1 from core  6:     460.80      57.60   68985.14   18991.79  220736.18
0: RDMA (addr:65.65.65.131 subnqn:nqn.2016-06.io.spdk:cnode1) NSID 1 from core  7:     464.00      58.00   68813.25   18215.61  207038.49
0: RDMA (addr:65.65.65.131 subnqn:nqn.2016-06.io.spdk:cnode1) NSID 1 from core  8:     454.80      56.85   69729.44   31234.33  233016.97
0: RDMA (addr:65.65.65.131 subnqn:nqn.2016-06.io.spdk:cnode1) NSID 1 from core  9:     494.70      61.84   64711.43    6395.33  144203.91
0: RDMA (addr:65.65.65.131 subnqn:nqn.2016-06.io.spdk:cnode1) NSID 1 from core 10:     460.80      57.60   68783.30   34270.35  244553.19
0: RDMA (addr:65.65.65.131 subnqn:nqn.2016-06.io.spdk:cnode1) NSID 1 from core 11:     454.40      56.80   70230.79   37918.31  234851.41
0: RDMA (addr:65.65.65.131 subnqn:nqn.2016-06.io.spdk:cnode1) NSID 1 from core 12:     454.50      56.81   70063.13   25516.91  198897.55
0: RDMA (addr:65.65.65.131 subnqn:nqn.2016-06.io.spdk:cnode1) NSID 1 from core 13:     456.90      57.11   69550.18   25127.67  194982.97
0: RDMA (addr:65.65.65.131 subnqn:nqn.2016-06.io.spdk:cnode1) NSID 1 from core 14:     466.90      58.36   68080.66   24105.17  202853.36
0: RDMA (addr:65.65.65.131 subnqn:nqn.2016-06.io.spdk:cnode1) NSID 1 from core 15:     454.40      56.80   69688.81   24048.12  198983.24
0: RDMA (addr:65.65.65.131 subnqn:nqn.2016-06.io.spdk:cnode1) NSID 1 from core 16:     447.20      55.90   70390.21   50099.08  327157.85
0: RDMA (addr:65.65.65.131 subnqn:nqn.2016-06.io.spdk:cnode1) NSID 1 from core 17:     444.80      55.60   70623.30   60213.43  348418.86
0: RDMA (addr:65.65.65.131 subnqn:nqn.2016-06.io.spdk:cnode1) NSID 1 from core 18:     441.60      55.20   70954.08   57326.77  345722.53
0: RDMA (addr:65.65.65.131 subnqn:nqn.2016-06.io.spdk:cnode1) NSID 1 from core 19:     448.00      56.00   69501.51   57441.87  391900.12
0: RDMA (addr:65.65.65.131 subnqn:nqn.2016-06.io.spdk:cnode1) NSID 1 from core 20:     448.00      56.00   69670.36   59221.90  100524.08
0: RDMA (addr:65.65.65.131 subnqn:nqn.2016-06.io.spdk:cnode1) NSID 1 from core 21:     442.20      55.27   70164.91   61430.56   94494.23
0: RDMA (addr:65.65.65.131 subnqn:nqn.2016-06.io.spdk:cnode1) NSID 1 from core 22:     438.40      54.80   70720.05   59922.13   96312.90
0: RDMA (addr:65.65.65.131 subnqn:nqn.2016-06.io.spdk:cnode1) NSID 1 from core 23:     441.60      55.20   70147.52   61373.40  107134.00
0: RDMA (addr:65.65.65.131 subnqn:nqn.2016-06.io.spdk:cnode1) NSID 1 from core 24:     457.60      57.20   68788.58   39970.53  174326.30
0: RDMA (addr:65.65.65.131 subnqn:nqn.2016-06.io.spdk:cnode1) NSID 1 from core 25:     451.20      56.40   69540.21   43421.97  175403.51
0: RDMA (addr:65.65.65.131 subnqn:nqn.2016-06.io.spdk:cnode1) NSID 1 from core 26:     451.20      56.40   69507.54   40561.32  170590.62
0: RDMA (addr:65.65.65.131 subnqn:nqn.2016-06.io.spdk:cnode1) NSID 1 from core 27:     448.00      56.00   70032.14   50031.26  189435.28
0: RDMA (addr:65.65.65.131 subnqn:nqn.2016-06.io.spdk:cnode1) NSID 1 from core 28:     448.00      56.00   70261.42   55764.05  253527.22
0: RDMA (addr:65.65.65.131 subnqn:nqn.2016-06.io.spdk:cnode1) NSID 1 from core 29:     444.80      55.60   70601.04   46841.81  234368.40
0: RDMA (addr:65.65.65.131 subnqn:nqn.2016-06.io.spdk:cnode1) NSID 1 from core 30:     451.20      56.40   69595.21   44073.47  232683.47
0: RDMA (addr:65.65.65.131 subnqn:nqn.2016-06.io.spdk:cnode1) NSID 1 from core 31:     451.20      56.40   69381.57   48674.69  307209.13
0: RDMA (addr:65.65.65.131 subnqn:nqn.2016-06.io.spdk:cnode1) NSID 1 from core 32:     485.30      60.66   65919.89    4940.65  161227.40
0: RDMA (addr:65.65.65.131 subnqn:nqn.2016-06.io.spdk:cnode1) NSID 1 from core 33:     482.60      60.33   66529.52    2323.21  168085.63
0: RDMA (addr:65.65.65.131 subnqn:nqn.2016-06.io.spdk:cnode1) NSID 1 from core 34:     467.20      58.40   68522.95   14764.93  173585.02
0: RDMA (addr:65.65.65.131 subnqn:nqn.2016-06.io.spdk:cnode1) NSID 1 from core 35:     477.40      59.67   67071.94    4333.63  167308.89
0: RDMA (addr:65.65.65.131 subnqn:nqn.2016-06.io.spdk:cnode1) NSID 1 from core 36:     454.40      56.80   70321.94   36388.05  219696.57
0: RDMA (addr:65.65.65.131 subnqn:nqn.2016-06.io.spdk:cnode1) NSID 1 from core 37:     457.60      57.20   69837.42   30798.98  204913.72
0: RDMA (addr:65.65.65.131 subnqn:nqn.2016-06.io.spdk:cnode1) NSID 1 from core 38:     454.40      56.80   69835.92   40346.88  251002.94
0: RDMA (addr:65.65.65.131 subnqn:nqn.2016-06.io.spdk:cnode1) NSID 1 from core 39:     462.40      57.80   68733.99   33627.92  232439.51
0: RDMA (addr:65.65.65.131 subnqn:nqn.2016-06.io.spdk:cnode1) NSID 1 from core 40:     464.00      58.00   68666.29   14765.01  149330.61
0: RDMA (addr:65.65.65.131 subnqn:nqn.2016-06.io.spdk:cnode1) NSID 1 from core 41:     463.00      57.88   69203.85   28177.59  219090.83
0: RDMA (addr:65.65.65.131 subnqn:nqn.2016-06.io.spdk:cnode1) NSID 1 from core 42:     454.40      56.80   69796.68   39625.23  246462.53
0: RDMA (addr:65.65.65.131 subnqn:nqn.2016-06.io.spdk:cnode1) NSID 1 from core 43:     451.20      56.40   70445.11   43562.79  236719.37
0: RDMA (addr:65.65.65.131 subnqn:nqn.2016-06.io.spdk:cnode1) NSID 1 from core 44:     459.40      57.42   69015.67   20923.19  189371.99
0: RDMA (addr:65.65.65.131 subnqn:nqn.2016-06.io.spdk:cnode1) NSID 1 from core 45:     470.90      58.86   67481.42   15053.94  164329.87
0: RDMA (addr:65.65.65.131 subnqn:nqn.2016-06.io.spdk:cnode1) NSID 1 from core 46:     460.80      57.60   68871.93   34668.24  234830.07
4: [2021-10-01 16:58:58.104977] dc_mlx5_dv.c: 963:spdk_rdma_qp_reset: *NOTICE*: Reset called for qp: 0x7fc2ec008e80
2: [2021-10-01 16:58:58.105037] dc_mlx5_dv.c: 963:spdk_rdma_qp_reset: *NOTICE*: Reset called for qp: 0x7f2d0c008e80
3: [2021-10-01 16:58:58.105167] dc_mlx5_dv.c: 963:spdk_rdma_qp_reset: *NOTICE*: Reset called for qp: 0x7f33fc008e80
1: [2021-10-01 16:58:58.106039] dc_mlx5_dv.c: 963:spdk_rdma_qp_reset: *NOTICE*: Reset called for qp: 0x7fe920008e80
0: RDMA (addr[2021-10-01 16:58:58.106344] dc_mlx5_dv.c: 963:spdk_rdma_qp_reset: *NOTICE*: Reset called for qp: 0x11bef00
0: :65.65.65.131 subnqn:nqn.2016-06.io.spdk:cnode1) NSID 1 from core 47:     475.10      59.39   67149.05    7635.04  172353.40
0: ========================================================
0: Total                                                                         :   22074.80    2759.35   68874.57    2323.21  391900.12
0: 
4: [2021-10-01 16:58:58.114944] dc_mlx5_dv.c: 963:spdk_rdma_qp_reset: *NOTICE*: Reset called for qp: 0x7fc328008e80
2: [2021-10-01 16:58:58.115006] dc_mlx5_dv.c: 963:spdk_rdma_qp_reset: *NOTICE*: Reset called for qp: 0x7f2d00008e80
3: [2021-10-01 16:58:58.115133] dc_mlx5_dv.c: 963:spdk_rdma_qp_reset: *NOTICE*: Reset called for qp: 0x7f3438008e80
1: [2021-10-01 16:58:58.115417] dc_mlx5_dv.c: 963:spdk_rdma_qp_reset: *NOTICE*: Reset called for qp: 0x7fe950008e80
4: [2021-10-01 16:58:58.124950] dc_mlx5_dv.c: 963:spdk_rdma_qp_reset: *NOTICE*: Reset called for qp: 0x7fc298008e80
2: [2021-10-01 16:58:58.125040] dc_mlx5_dv.c: 963:spdk_rdma_qp_reset: *NOTICE*: Reset called for qp: 0x7f2cac008e80
3: [2021-10-01 16:58:58.125332] dc_mlx5_dv.c: 963:spdk_rdma_qp_reset: *NOTICE*: Reset called for qp: 0x7f3448008e80
1: [2021-10-01 16:58:58.125416] dc_mlx5_dv.c: 963:spdk_rdma_qp_reset: *NOTICE*: Reset called for qp: 0x7fe948008e80
4: [2021-10-01 16:58:58.134907] dc_mlx5_dv.c: 963:spdk_rdma_qp_reset: *NOTICE*: Reset called for qp: 0x7fc2b0008ef0
3: [2021-10-01 16:58:58.135122] dc_mlx5_dv.c: 963:spdk_rdma_qp_reset: *NOTICE*: Reset called for qp: 0x7f33c8008e80
1: [2021-10-01 16:58:58.135257] dc_mlx5_dv.c: 963:spdk_rdma_qp_reset: *NOTICE*: Reset called for qp: 0x7fe940008e80
2: [2021-10-01 16:58:58.135514] dc_mlx5_dv.c: 963:spdk_rdma_qp_reset: *NOTICE*: Reset called for qp: 0x7f2d10008e80
4: [2021-10-01 16:58:58.144913] dc_mlx5_dv.c: 963:spdk_rdma_qp_reset: *NOTICE*: Reset called for qp: 0x7fc330008e80
2: [2021-10-01 16:58:58.144920] dc_mlx5_dv.c: 963:spdk_rdma_qp_reset: *NOTICE*: Reset called for qp: 0x7f2c7c008e80
3: [2021-10-01 16:58:58.145055] dc_mlx5_dv.c: 963:spdk_rdma_qp_reset: *NOTICE*: Reset called for qp: 0x7f3450008e80
1: [2021-10-01 16:58:58.145253] dc_mlx5_dv.c: 963:spdk_rdma_qp_reset: *NOTICE*: Reset called for qp: 0x7fe954008e80
2: [2021-10-01 16:58:58.154905] dc_mlx5_dv.c: 963:spdk_rdma_qp_reset: *NOTICE*: Reset called for qp: 0x7f2cc4008e80
3: [2021-10-01 16:58:58.155025] dc_mlx5_dv.c: 963:spdk_rdma_qp_reset: *NOTICE*: Reset called for qp: 0x7f346c001e80
4: [2021-10-01 16:58:58.155270] dc_mlx5_dv.c: 963:spdk_rdma_qp_reset: *NOTICE*: Reset called for qp: 0x7fc290008e80
1: [2021-10-01 16:58:58.155356] dc_mlx5_dv.c: 963:spdk_rdma_qp_reset: *NOTICE*: Reset called for qp: 0x7fe934008e80
4: [2021-10-01 16:58:58.164713] dc_mlx5_dv.c: 963:spdk_rdma_qp_reset: *NOTICE*: Reset called for qp: 0x7fc2bc008e80
2: [2021-10-01 16:58:58.164862] dc_mlx5_dv.c: 963:spdk_rdma_qp_reset: *NOTICE*: Reset called for qp: 0x2acfa80
3: [2021-10-01 16:58:58.164996] dc_mlx5_dv.c: 963:spdk_rdma_qp_reset: *NOTICE*: Reset called for qp: 0x7f33cc008e80
1: [2021-10-01 16:58:58.165313] dc_mlx5_dv.c: 963:spdk_rdma_qp_reset: *NOTICE*: Reset called for qp: 0x7fe944008e80
2: [2021-10-01 16:58:58.174799] dc_mlx5_dv.c: 963:spdk_rdma_qp_reset: *NOTICE*: Reset called for qp: 0x7f2c88008e80
4: [2021-10-01 16:58:58.174839] dc_mlx5_dv.c: 963:spdk_rdma_qp_reset: *NOTICE*: Reset called for qp: 0x7fc2e8008e80
3: [2021-10-01 16:58:58.175028] dc_mlx5_dv.c: 963:spdk_rdma_qp_reset: *NOTICE*: Reset called for qp: 0x7f33d4008e80
1: [2021-10-01 16:58:58.175491] dc_mlx5_dv.c: 963:spdk_rdma_qp_reset: *NOTICE*: Reset called for qp: 0x7fe984008e80
2: [2021-10-01 16:58:58.184800] dc_mlx5_dv.c: 963:spdk_rdma_qp_reset: *NOTICE*: Reset called for qp: 0x7f2d20008e80
4: [2021-10-01 16:58:58.184830] dc_mlx5_dv.c: 963:spdk_rdma_qp_reset: *NOTICE*: Reset called for qp: 0x7fc2c8001e80
3: [2021-10-01 16:58:58.184974] dc_mlx5_dv.c: 963:spdk_rdma_qp_reset: *NOTICE*: Reset called for qp: 0x7f3400008e80
1: [2021-10-01 16:58:58.185366] dc_mlx5_dv.c: 963:spdk_rdma_qp_reset: *NOTICE*: Reset called for qp: 0x7fe970008e80
2: [2021-10-01 16:58:58.194804] dc_mlx5_dv.c: 963:spdk_rdma_qp_reset: *NOTICE*: Reset called for qp: 0x7f2cbc008e80
3: [2021-10-01 16:58:58.195158] dc_mlx5_dv.c: 963:spdk_rdma_qp_reset: *NOTICE*: Reset called for qp: 0x7f33b8008e80
4: [2021-10-01 16:58:58.195219] dc_mlx5_dv.c: 963:spdk_rdma_qp_reset: *NOTICE*: Reset called for qp: 0x7fc2cc008e80
1: [2021-10-01 16:58:58.195546] dc_mlx5_dv.c: 963:spdk_rdma_qp_reset: *NOTICE*: Reset called for qp: 0x7fe904008e80
4: [2021-10-01 16:58:58.204803] dc_mlx5_dv.c: 963:spdk_rdma_qp_reset: *NOTICE*: Reset called for qp: 0x7fc29c008e80
2: [2021-10-01 16:58:58.204784] dc_mlx5_dv.c: 963:spdk_rdma_qp_reset: *NOTICE*: Reset called for qp: 0x7f2cc0008e80
3: [2021-10-01 16:58:58.205030] dc_mlx5_dv.c: 963:spdk_rdma_qp_reset: *NOTICE*: Reset called for qp: 0x7f3474008e80
1: [2021-10-01 16:58:58.205227] dc_mlx5_dv.c: 963:spdk_rdma_qp_reset: *NOTICE*: Reset called for qp: 0x7fe97c008e80
2: [2021-10-01 16:58:58.214772] dc_mlx5_dv.c: 963:spdk_rdma_qp_reset: *NOTICE*: Reset called for qp: 0x7f2d38008ef0
4: [2021-10-01 16:58:58.214857] dc_mlx5_dv.c: 963:spdk_rdma_qp_reset: *NOTICE*: Reset called for qp: 0x7fc2c4008e80
3: [2021-10-01 16:58:58.215042] dc_mlx5_dv.c: 963:spdk_rdma_qp_reset: *NOTICE*: Reset called for qp: 0x7f33e4008e80
1: [2021-10-01 16:58:58.215198] dc_mlx5_dv.c: 963:spdk_rdma_qp_reset: *NOTICE*: Reset called for qp: 0x7fe99c008e80
4: [2021-10-01 16:58:58.224753] dc_mlx5_dv.c: 963:spdk_rdma_qp_reset: *NOTICE*: Reset called for qp: 0x7fc320008e80
3: [2021-10-01 16:58:58.224921] dc_mlx5_dv.c: 963:spdk_rdma_qp_reset: *NOTICE*: Reset called for qp: 0x7f33d0008e80
2: [2021-10-01 16:58:58.225212] dc_mlx5_dv.c: 963:spdk_rdma_qp_reset: *NOTICE*: Reset called for qp: 0x7f2cd0008e80
1: [2021-10-01 16:58:58.225236] dc_mlx5_dv.c: 963:spdk_rdma_qp_reset: *NOTICE*: Reset called for qp: 0x7fe8f0008e80
2: [2021-10-01 16:58:58.234747] dc_mlx5_dv.c: 963:spdk_rdma_qp_reset: *NOTICE*: Reset called for qp: 0x7f2d3c008e80
4: [2021-10-01 16:58:58.234755] dc_mlx5_dv.c: 963:spdk_rdma_qp_reset: *NOTICE*: Reset called for qp: 0x7fc2d0008e80
1: [2021-10-01 16:58:58.235180] dc_mlx5_dv.c: 963:spdk_rdma_qp_reset: *NOTICE*: Reset called for qp: 0x7fe8e0008e80
3: [2021-10-01 16:58:58.235389] dc_mlx5_dv.c: 963:spdk_rdma_qp_reset: *NOTICE*: Reset called for qp: 0x7f33e0001ed0
2: [2021-10-01 16:58:58.244699] dc_mlx5_dv.c: 963:spdk_rdma_qp_reset: *NOTICE*: Reset called for qp: 0x7f2ca4008e80
4: [2021-10-01 16:58:58.244790] dc_mlx5_dv.c: 963:spdk_rdma_qp_reset: *NOTICE*: Reset called for qp: 0x7fc2f4008e80
3: [2021-10-01 16:58:58.245200] dc_mlx5_dv.c: 963:spdk_rdma_qp_reset: *NOTICE*: Reset called for qp: 0x7f344c008e80
1: [2021-10-01 16:58:58.245325] dc_mlx5_dv.c: 963:spdk_rdma_qp_reset: *NOTICE*: Reset called for qp: 0x7fe930008e80
4: [2021-10-01 16:58:58.254734] dc_mlx5_dv.c: 963:spdk_rdma_qp_reset: *NOTICE*: Reset called for qp: 0x7fc340008ef0
3: [2021-10-01 16:58:58.254855] dc_mlx5_dv.c: 963:spdk_rdma_qp_reset: *NOTICE*: Reset called for qp: 0x7f3460008e80
2: [2021-10-01 16:58:58.255040] dc_mlx5_dv.c: 963:spdk_rdma_qp_reset: *NOTICE*: Reset called for qp: 0x7f2d14001e80
1: [2021-10-01 16:58:58.255192] dc_mlx5_dv.c: 963:spdk_rdma_qp_reset: *NOTICE*: Reset called for qp: 0x7fe900001e80
4: [2021-10-01 16:58:58.264704] dc_mlx5_dv.c: 963:spdk_rdma_qp_reset: *NOTICE*: Reset called for qp: 0x7fc308008e80
2: [2021-10-01 16:58:58.264749] dc_mlx5_dv.c: 963:spdk_rdma_qp_reset: *NOTICE*: Reset called for qp: 0x7f2ce0008e80
3: [2021-10-01 16:58:58.265352] dc_mlx5_dv.c: 963:spdk_rdma_qp_reset: *NOTICE*: Reset called for qp: 0x7f33f0008e80
1: [2021-10-01 16:58:58.265458] dc_mlx5_dv.c: 963:spdk_rdma_qp_reset: *NOTICE*: Reset called for qp: 0x7fe964001e80
4: [2021-10-01 16:58:58.274677] dc_mlx5_dv.c: 963:spdk_rdma_qp_reset: *NOTICE*: Reset called for qp: 0x7fc304008e80
2: [2021-10-01 16:58:58.274812] dc_mlx5_dv.c: 963:spdk_rdma_qp_reset: *NOTICE*: Reset called for qp: 0x7f2c84008e80
3: [2021-10-01 16:58:58.275005] dc_mlx5_dv.c: 963:spdk_rdma_qp_reset: *NOTICE*: Reset called for qp: 0x7f3454008e80
1: [2021-10-01 16:58:58.275956] dc_mlx5_dv.c: 963:spdk_rdma_qp_reset: *NOTICE*: Reset called for qp: 0x7fe998008e80
2: 2 ticks)
2: IO qp on core 43 total time 368109.687 us (1027026028 ticks), connect time 342750.198 us (956273052 ticks)
2: IO qp on core 30 total time 378553.828 us (1056165180 ticks), connect time 352912.311 us (984625348 ticks)
2: IO qp on core 45 total time 388138.810 us (1082907280 ticks), connect time 362289.431 us (1010787512 ticks)
2: IO qp on core 44 total time 398130.665 us (1110784556 ticks), connect time 372093.706 us (1038141440 ticks)
2: IO qp on core 46 total time 408121.607 us (1138659284 ticks), connect time 381896.476 us (1065491168 ticks)
2: IO qp on core 34 total time 418112.880 us (1166534936 ticks), connect time 391696.376 us (1092832888 ticks)
2: IO qp on core 27 total time 428558.245 us (1195677504 ticks), connect time 401926.090 us (1121373792 ticks)
2: IO qp on core 47 total time 437924.697 us (1221809904 ticks), connect time 411340.644 us (1147640396 ticks)
2: IO qp on core 9 total time 448987.396 us (1252674836 ticks), connect time 421098.423 us (1174864600 ticks)
2: IO qp on core 28 total time 458458.552 us (1279099360 ticks), connect time 431300.880 us (1203329456 ticks)
2: IO qp on core 35 total time 468162.549 us (1306173512 ticks), connect time 440665.997 us (1229458132 ticks)
2: IO qp on core 37 total time 478093.587 us (1333881108 ticks), connect time 450412.606 us (1256651172 ticks)
2: IO qp on core 36 total time 488210.649 us (1362107712 ticks), connect time 460315.574 us (1284280452 ticks)
2: IO qp on core 41 total time 509514.746 us (1421546140 ticks), connect time 481508.483 us (1343408668 ticks)
2: ========================================================
2:                                                                                                                   Latency(us)
2: Device Information                                                            :       IOPS      MiB/s    Average        min        max
2: RDMA (addr:65.65.65.131 subnqn:nqn.2016-06.io.spdk:cnode1) NSID 1 from core  0:     449.60      56.20   70908.33   51457.14  183335.82
2: RDMA (addr:65.65.65.131 subnqn:nqn.2016-06.io.spdk:cnode1) NSID 1 from core  1:     451.20      56.40   70291.16   60161.49  197452.32
2: RDMA (addr:65.65.65.131 subnqn:nqn.2016-06.io.spdk:cnode1) NSID 1 from core  2:     457.60      57.20   69243.59   49624.48  218649.38
2: RDMA (addr:65.65.65.131 subnqn:nqn.2016-06.io.spdk:cnode1) NSID 1 from core  3:     460.80      57.60   68782.46   39370.67  180704.40
2: RDMA (addr:65.65.65.131 subnqn:nqn.2016-06.io.spdk:cnode1) NSID 1 from core  4:     454.40      56.80   69919.39   55200.91  222890.71
2: RDMA (addr:65.65.65.131 subnqn:nqn.2016-06.io.spdk:cnode1) NSID 1 from core  5:     451.60      56.45   70262.05   54733.90  208167.38
2: RDMA (addr:65.65.65.131 subnqn:nqn.2016-06.io.spdk:cnode1) NSID 1 from core  6:     454.40      56.80   69777.42   49153.21  214189.12
2: RDMA (addr:65.65.65.131 subnqn:nqn.2016-06.io.spdk:cnode1) NSID 1 from core  7:     460.80      57.60   69068.38   43233.92  203770.61
2: RDMA (addr:65.65.65.131 subnqn:nqn.2016-06.io.spdk:cnode1) NSID 1 from core  8:     457.60      57.20   70165.22   47528.88  129727.90
2: RDMA (addr:65.65.65.131 subnqn:nqn.2016-06.io.spdk:cnode1) NSID 1 from core  9:     456.10      57.01   70145.41   49045.40  132436.05
2: RDMA (addr:65.65.65.131 subnqn:nqn.2016-06.io.spdk:cnode1) NSID 1 from core 10:     454.40      56.80   70123.03   50631.65  156001.47
2: RDMA (addr:65.65.65.131 subnqn:nqn.2016-06.io.spdk:cnode1) NSID 1 from core 11:     457.60      57.20   70199.58   44864.85  130076.34
2: RDMA (addr:65.65.65.131 subnqn:nqn.2016-06.io.spdk:cnode1) NSID 1 from core 12:     456.00      57.00   70273.29   35012.63  110276.48
2: RDMA (addr:65.65.65.131 subnqn:nqn.2016-06.io.spdk:cnode1) NSID 1 from core 13:     467.20      58.40   68918.84   38873.30  118351.04
2: RDMA (addr:65.65.65.131 subnqn:nqn.2016-06.io.spdk:cnode1) NSID 1 from core 14:     457.60      57.20   70181.35   41695.13  127416.79
2: RDMA (addr:65.65.65.131 subnqn:nqn.2016-06.io.spdk:cnode1) NSID 1 from core 15:     461.90      57.74   69143.56   34107.24  123607.66
2: RDMA (addr:65.65.65.131 subnqn:nqn.2016-06.io.spdk:cnode1) NSID 1 from core 16:     457.60      57.20   69142.50   50309.08  120866.47
2: RDMA (addr:65.65.65.131 subnqn:nqn.2016-06.io.spdk:cnode1) NSID 1 from core 17:     451.20      56.40   69960.01   60270.55  123782.09
2: RDMA (addr:65.65.65.131 subnqn:nqn.2016-06.io.spdk:cnode1) NSID 1 from core 18:     444.80      55.60   70758.51   59020.90  136035.94
2: RDMA (addr:65.65.65.131 subnqn:nqn.2016-06.io.spdk:cnode1) NSID 1 from core 19:     457.60      57.20   69084.26   52224.21  131992.40
2: RDMA (addr:65.65.65.131 subnqn:nqn.2016-06.io.spdk:cnode1) NSID 1 from core 20:     448.00      56.00   70782.73   58970.97  274428.82
2: RDMA (addr:65.65.65.131 subnqn:nqn.2016-06.io.spdk:cnode1) NSID 1 from core 21:     444.80      55.60   71167.41   61275.61  286617.84
2: RDMA (addr:65.65.65.131 subnqn:nqn.2016-06.io.spdk:cnode1) NSID 1 from core 22:     448.00      56.00   70724.24   59409.17  280145.48
2: RDMA (addr:65.65.65.131 subnqn:nqn.2016-06.io.spdk:cnode1) NSID 1 from core 23:     451.20      56.40   69730.14   61544.59  322897.42
2: RDMA (addr:65.65.65.131 subnqn:nqn.2016-06.io.spdk:cnode1) NSID 1 from core 24:     448.00      56.00   69993.93   61125.84   91077.67
2: RDMA (addr:65.65.65.131 subnqn:nqn.2016-06.io.spdk:cnode1) NSID 1 from core 25:     448.00      56.00   70097.69   61504.47   91730.58
2: RDMA (addr:65.65.65.131 subnqn:nqn.2016-06.io.spdk:cnode1) NSID 1 from core 26:     441.60      55.20   70733.80   59336.56  102205.55
2: RDMA (addr:65.65.65.131 subnqn:nqn.2016-06.io.spdk:cnode1) NSID 1 from core 27:     444.80      55.60   70274.90   59440.53  109082.20
2: RDMA (addr:65.65.65.131 subnqn:nqn.2016-06.io.spdk:cnode1) NSID 1 from core 28:     448.00      56.00   70169.72   61372.07  145613.60
2: RDMA (addr:65.65.65.131 subnqn:nqn.2016-06.io.spdk:cnode1) NSID 1 from core 29:     451.20      56.40   69924.47   59199.11  160034.19
2: RDMA (addr:65.65.65.131 subnqn:nqn.2016-06.io.spdk:cnode1) NSID 1 from core 30:     448.00      56.00   70171.00   61020.55  166984.66
2: RDMA (addr:65.65.65.131 subnqn:nqn.2016-06.io.spdk:cnode1) NSID 1 from core 31:     448.00      56.00   69950.72   60581.72  145711.35
2: RDMA (addr:65.65.65.131 subnqn:nqn.2016-06.io.spdk:cnode1) NSID 1 from core 32:     457.60      57.20   70194.05   38127.25  196430.77
2: RDMA (addr:65.65.65.131 subnqn:nqn.2016-06.io.spdk:cnode1) NSID 1 from core 33:     460.80      57.60   69572.25   44674.80  183943.78
2: RDMA (addr:65.65.65.131 subnqn:nqn.2016-06.io.spdk:cnode1) NSID 1 from core 34:     451.20      56.40   70228.47   58148.50  208625.53
2: RDMA (addr:65.65.65.131 subnqn:nqn.2016-06.io.spdk:cnode1) NSID 1 from core 35:     451.50      56.44   70232.89   56526.12  179187.09
2: RDMA (addr:65.65.65.131 subnqn:nqn.2016-06.io.spdk:cnode1) NSID 1 from core 36:     460.00      57.50   69525.89   48585.67  210138.07
2: RDMA (addr:65.65.65.131 subnqn:nqn.2016-06.io.spdk:cnode1) NSID 1 from core 37:     451.20      56.40   70332.55   56597.15  208772.65
2: RDMA (addr:65.65.65.131 subnqn:nqn.2016-06.io.spdk:cnode1) NSID 1 from core 38:     454.40      56.80   70413.46   57027.41  209645.13
2: RDMA (addr:65.65.65.131 subnqn:nqn.2016-06.io.spdk:cnode1) NSID 1 from core 39:     451.20      56.40   70372.16   58537.98  217336.10
2: RDMA (addr:65.65.65.131 subnqn:nqn.2016-06.io.spdk:cnode1) NSID 1 from core 40:     454.40      56.80   70306.35   56042.44  153349.42
2: RDMA (addr:65.65.65.131 subnqn:nqn.2016-06.io.spdk:cnode1) NSID 1 from core 41:     457.60      57.20   69857.30   40706.30  116880.98
2: RDMA (addr:65.65.65.131 subnqn:nqn.2016-06.io.spdk:cnode1) NSID 1 from core 42:     451.20      56.40   70658.12   59535.54  204974.52
2: RDMA (addr:65.65.65.131 subnqn:nqn.2016-06.io.spdk:cnode1) NSID 1 from core 43:     464.00      58.00   69169.93   31575.99  116378.15
2: RDMA (addr:65.65.65.131 subnqn:nqn.2016-06.io.spdk:cnode1) NSID 1 from core 44:     457.70      57.21   69671.62   38846.21  114364.30
2: RDMA (addr:65.65.65.131 subnqn:nqn.2016-06.io.spdk:cnode1) NSID 1 from core 45:     457.60      57.20   70089.15   38904.64  117500.17
2: RDMA (addr:65.65.65.131 subnqn:nqn.2016-06.io.spdk:cnode1) NSID 1 from core 46:     457.60      57.20   70307.62   44122.35  134663.05
4: [2021-10-01 16:58:58.284735] dc_mlx5_dv.c: 963:spdk_rdma_qp_reset: *NOTICE*: Reset called for qp: 0xb01fb0
3: [2021-10-01 16:58:58.285063] dc_mlx5_dv.c: 963:spdk_rdma_qp_reset: *NOTICE*: Reset called for qp: 0x7f3444008e80
1: [2021-10-01 16:58:58.285274] dc_mlx5_dv.c: 963:spdk_rdma_qp_reset: *NOTICE*: Reset called for qp: 0x7fe92c008ef0
2: RDMA (addr:[2021-10-01 16:58:58.285908] dc_mlx5_dv.c: 963:spdk_rdma_qp_reset: *NOTICE*: Reset called for qp: 0x27acf00
2: 65.65.65.131 subnqn:nqn.2016-06.io.spdk:cnode1) NSID 1 from core 47:     467.00      58.38   68844.25   37534.77  120274.80
2: ========================================================
2: Total                                                                         :   21794.60    2724.33   69991.25   31575.99  322897.42
2: 
4: [2021-10-01 16:58:58.294842] dc_mlx5_dv.c: 963:spdk_rdma_qp_reset: *NOTICE*: Reset called for qp: 0x7fc2a0008e80
3: [2021-10-01 16:58:58.294866] dc_mlx5_dv.c: 963:spdk_rdma_qp_reset: *NOTICE*: Reset called for qp: 0x7f3468008e80
1: [2021-10-01 16:58:58.294954] dc_mlx5_dv.c: 963:spdk_rdma_qp_reset: *NOTICE*: Reset called for qp: 0x7fe9a8008ef0
4: 961964668 ticks)
4: IO qp on core 22 total time 388936.328 us (1085132356 ticks), connect time 354637.703 us (989439192 ticks)
4: IO qp on core 33 total time 398487.961 us (1111781412 ticks), connect time 364181.809 us (1016067248 ticks)
4: IO qp on core 32 total time 408487.303 us (1139679576 ticks), connect time 374178.984 us (1043959364 ticks)
4: IO qp on core 35 total time 418318.515 us (1167108656 ticks), connect time 384119.234 us (1071692664 ticks)
4: IO qp on core 0 total time 428191.074 us (1194653096 ticks), connect time 394103.503 us (1099548772 ticks)
4: IO qp on core 42 total time 437923.673 us (1221807048 ticks), connect time 404111.716 us (1127471688 ticks)
4: IO qp on core 34 total time 447894.734 us (1249626308 ticks), connect time 414045.976 us (1155188272 ticks)
4: IO qp on core 45 total time 457902.315 us (1277547460 ticks), connect time 424047.776 us (1183093296 ticks)
4: IO qp on core 44 total time 467893.980 us (1305424204 ticks), connect time 434038.658 us (1210967856 ticks)
4: IO qp on core 37 total time 477859.330 us (1333227532 ticks), connect time 444049.009 us (1238896736 ticks)
4: IO qp on core 36 total time 487851.326 us (1361105200 ticks), connect time 454039.580 us (1266770428 ticks)
4: IO qp on core 46 total time 497826.110 us (1388934848 ticks), connect time 463538.936 us (1293273632 ticks)
4: IO qp on core 39 total time 507746.761 us (1416613464 ticks), connect time 472947.137 us (1319522512 ticks)
4: IO qp on core 47 total time 540467.190 us (1507903460 ticks), connect time 505059.956 us (1409117276 ticks)
4: ========================================================
4:                                                                                                                   Latency(us)
4: Device Information                                                            :       IOPS      MiB/s    Average        min        max
4: RDMA (addr:65.65.65.131 subnqn:nqn.2016-06.io.spdk:cnode1) NSID 1 from core  0:     454.40      56.80   70010.42   59630.07  224160.94
4: RDMA (addr:65.65.65.131 subnqn:nqn.2016-06.io.spdk:cnode1) NSID 1 from core  1:     451.20      56.40   70272.02   59775.78  227592.55
4: RDMA (addr:65.65.65.131 subnqn:nqn.2016-06.io.spdk:cnode1) NSID 1 from core  2:     448.00      56.00   71314.44   60436.32  242957.07
4: RDMA (addr:65.65.65.131 subnqn:nqn.2016-06.io.spdk:cnode1) NSID 1 from core  3:     451.20      56.40   70436.23   61001.41  239568.74
4: RDMA (addr:65.65.65.131 subnqn:nqn.2016-06.io.spdk:cnode1) NSID 1 from core  4:     454.40      56.80   70073.80   49875.16  219954.89
4: RDMA (addr:65.65.65.131 subnqn:nqn.2016-06.io.spdk:cnode1) NSID 1 from core  5:     454.40      56.80   69670.14   42094.34  200735.55
4: RDMA (addr:65.65.65.131 subnqn:nqn.2016-06.io.spdk:cnode1) NSID 1 from core  6:     457.60      57.20   69167.01   45514.65  215512.03
4: RDMA (addr:65.65.65.131 subnqn:nqn.2016-06.io.spdk:cnode1) NSID 1 from core  7:     451.20      56.40   70389.80   60081.37  229300.34
4: RDMA (addr:65.65.65.131 subnqn:nqn.2016-06.io.spdk:cnode1) NSID 1 from core  8:     454.40      56.80   70403.21   35744.20  120048.33
4: RDMA (addr:65.65.65.131 subnqn:nqn.2016-06.io.spdk:cnode1) NSID 1 from core  9:     467.20      58.40   68711.51   40195.87  106389.89
4: RDMA (addr:65.65.65.131 subnqn:nqn.2016-06.io.spdk:cnode1) NSID 1 from core 10:     467.20      58.40   68372.48   34666.72  120257.95
4: RDMA (addr:65.65.65.131 subnqn:nqn.2016-06.io.spdk:cnode1) NSID 1 from core 11:     457.60      57.20   69793.80   38595.53  124345.94
4: RDMA (addr:65.65.65.131 subnqn:nqn.2016-06.io.spdk:cnode1) NSID 1 from core 12:     467.20      58.40   68456.14   33768.03  128096.12
4: RDMA (addr:65.65.65.131 subnqn:nqn.2016-06.io.spdk:cnode1) NSID 1 from core 13:     459.20      57.40   69593.04   37332.72  108155.10
4: RDMA (addr:65.65.65.131 subnqn:nqn.2016-06.io.spdk:cnode1) NSID 1 from core 14:     457.60      57.20   69829.38   44174.04  131620.61
4: RDMA (addr:65.65.65.131 subnqn:nqn.2016-06.io.spdk:cnode1) NSID 1 from core 15:     455.70      56.96   70085.93   51355.13  132584.74
4: RDMA (addr:65.65.65.131 subnqn:nqn.2016-06.io.spdk:cnode1) NSID 1 from core 16:     451.20      56.40   69657.98   58407.11  195625.06
4: RDMA (addr:65.65.65.131 subnqn:nqn.2016-06.io.spdk:cnode1) NSID 1 from core 17:     448.00      56.00   70305.87   59378.34  195866.86
4: RDMA (addr:65.65.65.131 subnqn:nqn.2016-06.io.spdk:cnode1) NSID 1 from core 18:     451.20      56.40   70253.94   55873.42  192949.89
4: RDMA (addr:65.65.65.131 subnqn:nqn.2016-06.io.spdk:cnode1) NSID 1 from core 19:     454.40      56.80   69473.19   58467.32  206463.33
4: RDMA (addr:65.65.65.131 subnqn:nqn.2016-06.io.spdk:cnode1) NSID 1 from core 20:     444.80      55.60   71187.97   61283.28  287330.66
4: RDMA (addr:65.65.65.131 subnqn:nqn.2016-06.io.spdk:cnode1) NSID 1 from core 21:     451.20      56.40   70081.69   60615.97  293086.45
4: RDMA (addr:65.65.65.131 subnqn:nqn.2016-06.io.spdk:cnode1) NSID 1 from core 22:     454.40      56.80   69542.87   60118.79  268435.13
4: RDMA (addr:65.65.65.131 subnqn:nqn.2016-06.io.spdk:cnode1) NSID 1 from core 23:     448.00      56.00   70949.29   58998.93  298309.30
4: RDMA (addr:65.65.65.131 subnqn:nqn.2016-06.io.spdk:cnode1) NSID 1 from core 24:     448.00      56.00   69953.88   60530.46  159103.54
4: RDMA (addr:65.65.65.131 subnqn:nqn.2016-06.io.spdk:cnode1) NSID 1 from core 25:     448.00      56.00   70973.70   61622.12  178553.55
4: RDMA (addr:65.65.65.131 subnqn:nqn.2016-06.io.spdk:cnode1) NSID 1 from core 26:     448.00      56.00   70881.82   61009.27  182775.49
4: RDMA (addr:65.65.65.131 subnqn:nqn.2016-06.io.spdk:cnode1) NSID 1 from core 27:     444.80      55.60   70346.88   58786.39  205404.73
4: RDMA (addr:65.65.65.131 subnqn:nqn.2016-06.io.spdk:cnode1) NSID 1 from core 28:     444.80      55.60   70253.16   60315.46   96751.07
4: RDMA (addr:65.65.65.131 subnqn:nqn.2016-06.io.spdk:cnode1) NSID 1 from core 29:     451.20      56.40   70187.31   59742.59  185975.48
4: RDMA (addr:65.65.65.131 subnqn:nqn.2016-06.io.spdk:cnode1) NSID 1 from core 30:     448.00      56.00   70170.21   61200.47  164536.58
4: RDMA (addr:65.65.65.131 subnqn:nqn.2016-06.io.spdk:cnode1) NSID 1 from core 31:     444.80      55.60   70157.63   60776.53  110500.17
4: RDMA (addr:65.65.65.131 subnqn:nqn.2016-06.io.spdk:cnode1) NSID 1 from core 32:     454.40      56.80   70304.47   58565.75  239818.93
4: RDMA (addr:65.65.65.131 subnqn:nqn.2016-06.io.spdk:cnode1) NSID 1 from core 33:     448.00      56.00   70901.42   60902.36  192395.97
4: RDMA (addr:65.65.65.131 subnqn:nqn.2016-06.io.spdk:cnode1) NSID 1 from core 34:     454.40      56.80   70368.02   58949.77  232917.42
4: RDMA (addr:65.65.65.131 subnqn:nqn.2016-06.io.spdk:cnode1) NSID 1 from core 35:     448.00      56.00   71251.70   60771.31  223876.29
4: RDMA (addr:65.65.65.131 subnqn:nqn.2016-06.io.spdk:cnode1) NSID 1 from core 36:     454.40      56.80   69868.79   47274.85  209916.08
4: RDMA (addr:65.65.65.131 subnqn:nqn.2016-06.io.spdk:cnode1) NSID 1 from core 37:     448.00      56.00   71066.94   61660.82  221845.23
4: RDMA (addr:65.65.65.131 subnqn:nqn.2016-06.io.spdk:cnode1) NSID 1 from core 38:     451.20      56.40   70825.25   61954.67  244088.74
4: RDMA (addr:65.65.65.131 subnqn:nqn.2016-06.io.spdk:cnode1) NSID 1 from core 39:     454.40      56.80   69942.79   51473.18  214357.44
4: RDMA (addr:65.65.65.131 subnqn:nqn.2016-06.io.spdk:cnode1) NSID 1 from core 40:     464.00      58.00   69313.97   26971.84  153642.22
4: RDMA (addr:65.65.65.131 subnqn:nqn.2016-06.io.spdk:cnode1) NSID 1 from core 41:     457.60      57.20   69904.71   41675.06  100443.53
4: RDMA (addr:65.65.65.131 subnqn:nqn.2016-06.io.spdk:cnode1) NSID 1 from core 42:     454.40      56.80   70404.29   36511.57  123991.29
4: RDMA (addr:65.65.65.131 subnqn:nqn.2016-06.io.spdk:cnode1) NSID 1 from core 43:     464.00      58.00   68811.53   24584.90   89811.23
4: RDMA (addr:65.65.65.131 subnqn:nqn.2016-06.io.spdk:cnode1) NSID 1 from core 44:     460.80      57.60   69149.00   33126.75  121097.69
4: RDMA (addr:65.65.65.131 subnqn:nqn.2016-06.io.spdk:cnode1) NSID 1 from core 45:     454.80      56.85   70195.51   35735.03  106874.49
4: RDMA (addr:65.65.65.131 subnqn:nqn.2016-06.io.spdk:cnode1) NSID 1 from core 46:     448.90      56.11   71039.51   51225.03  175923.69
3: [2021-10-01 16:58:58.304907] dc_mlx5_dv.c: 963:spdk_rdma_qp_reset: *NOTICE*: Reset called for qp: 0x7f33f8002f20
1: [2021-10-01 16:58:58.305528] dc_mlx5_dv.c: 963:spdk_rdma_qp_reset: *NOTICE*: Reset called for qp: 0x1415a80
4: RD[2021-10-01 16:58:58.306070] dc_mlx5_dv.c: 963:spdk_rdma_qp_reset: *NOTICE*: Reset called for qp: 0xb10f00
4: MA (addr:65.65.65.131 subnqn:nqn.2016-06.io.spdk:cnode1) NSID 1 from core 47:     457.60      57.20   69978.56   41115.02  111352.02
4: ========================================================
4: Total                                                                         :   21764.20    2720.53   70081.74   24584.90  298309.30
4: 
1: [2021-10-01 16:58:58.314986] dc_mlx5_dv.c: 963:spdk_rdma_qp_reset: *NOTICE*: Reset called for qp: 0x7fe924008e80
3: [2021-10-01 16:58:58.315552] dc_mlx5_dv.c: 963:spdk_rdma_qp_reset: *NOTICE*: Reset called for qp: 0x7f33c0008f20
3: [2021-10-01 16:58:58.324778] dc_mlx5_dv.c: 963:spdk_rdma_qp_reset: *NOTICE*: Reset called for qp: 0x7f345c008e80
1: [2021-10-01 16:58:58.324915] dc_mlx5_dv.c: 963:spdk_rdma_qp_reset: *NOTICE*: Reset called for qp: 0x7fe8f8008e80
3: [2021-10-01 16:58:58.334826] dc_mlx5_dv.c: 963:spdk_rdma_qp_reset: *NOTICE*: Reset called for qp: 0x7f33ec008e80
1: [2021-10-01 16:58:58.335798] dc_mlx5_dv.c: 963:spdk_rdma_qp_reset: *NOTICE*: Reset called for qp: 0x7fe91c001e80
3: [2021-10-01 16:58:58.344722] dc_mlx5_dv.c: 963:spdk_rdma_qp_reset: *NOTICE*: Reset called for qp: 0x7f3464008e80
1: [2021-10-01 16:58:58.344863] dc_mlx5_dv.c: 963:spdk_rdma_qp_reset: *NOTICE*: Reset called for qp: 0x7fe98c008e80
3: [2021-10-01 16:58:58.354692] dc_mlx5_dv.c: 963:spdk_rdma_qp_reset: *NOTICE*: Reset called for qp: 0x7f340c008e80
1: [2021-10-01 16:58:58.354857] dc_mlx5_dv.c: 963:spdk_rdma_qp_reset: *NOTICE*: Reset called for qp: 0x7fe8e8008e80
3: [2021-10-01 16:58:58.364647] dc_mlx5_dv.c: 963:spdk_rdma_qp_reset: *NOTICE*: Reset called for qp: 0x7f343c008e80
1: [2021-10-01 16:58:58.364963] dc_mlx5_dv.c: 963:spdk_rdma_qp_reset: *NOTICE*: Reset called for qp: 0x7fe90c008e80
1: [2021-10-01 16:58:58.374786] dc_mlx5_dv.c: 963:spdk_rdma_qp_reset: *NOTICE*: Reset called for qp: 0x7fe938008e80
3: [2021-10-01 16:58:58.374991] dc_mlx5_dv.c: 963:spdk_rdma_qp_reset: *NOTICE*: Reset called for qp: 0x194aa80
1: [2021-10-01 16:58:58.384795] dc_mlx5_dv.c: 963:spdk_rdma_qp_reset: *NOTICE*: Reset called for qp: 0x7fe908008e80
3: [2021-10-01 16:58:58.384996] dc_mlx5_dv.c: 963:spdk_rdma_qp_reset: *NOTICE*: Reset called for qp: 0x7f3478008e80
3: [2021-10-01 16:58:58.394598] dc_mlx5_dv.c: 963:spdk_rdma_qp_reset: *NOTICE*: Reset called for qp: 0x7f3408008e80
1: [2021-10-01 16:58:58.395054] dc_mlx5_dv.c: 963:spdk_rdma_qp_reset: *NOTICE*: Reset called for qp: 0x7fe960008e80
3: [2021-10-01 16:58:58.404592] dc_mlx5_dv.c: 963:spdk_rdma_qp_reset: *NOTICE*: Reset called for qp: 0x7f3410008e80
1: [2021-10-01 16:58:58.404721] dc_mlx5_dv.c: 963:spdk_rdma_qp_reset: *NOTICE*: Reset called for qp: 0x7fe958008e80
3: [2021-10-01 16:58:58.414654] dc_mlx5_dv.c: 963:spdk_rdma_qp_reset: *NOTICE*: Reset called for qp: 0x7f3484008ef0
1: [2021-10-01 16:58:58.414834] dc_mlx5_dv.c: 963:spdk_rdma_qp_reset: *NOTICE*: Reset called for qp: 0x7fe968008e80
3: [2021-10-01 16:58:58.424922] dc_mlx5_dv.c: 963:spdk_rdma_qp_reset: *NOTICE*: Reset called for qp: 0x7f33e8008e80
1: [2021-10-01 16:58:58.425050] dc_mlx5_dv.c: 963:spdk_rdma_qp_reset: *NOTICE*: Reset called for qp: 0x7fe974008e80
3: [2021-10-01 16:58:58.434874] dc_mlx5_dv.c: 963:spdk_rdma_qp_reset: *NOTICE*: Reset called for qp: 0x7f342c008ef0
1: [2021-10-01 16:58:58.435483] dc_mlx5_dv.c: 963:spdk_rdma_qp_reset: *NOTICE*: Reset called for qp: 0x7fe8fc008e80
1: [2021-10-01 16:58:58.444633] dc_mlx5_dv.c: 963:spdk_rdma_qp_reset: *NOTICE*: Reset called for qp: 0x7fe990008e80
3: [2021-10-01 16:58:58.444935] dc_mlx5_dv.c: 963:spdk_rdma_qp_reset: *NOTICE*: Reset called for qp: 0x7f3414008e80
3: [2021-10-01 16:58:58.454599] dc_mlx5_dv.c: 963:spdk_rdma_qp_reset: *NOTICE*: Reset called for qp: 0x7f3420008ef0
1: [2021-10-01 16:59:02.465336] dc_mlx5_dv.c: 963:spdk_rdma_qp_reset: *NOTICE*: Reset called for qp: 0x7fe918008e80
3: [2021-10-01 16:59:02.466057] dc_mlx5_dv.c: 963:spdk_rdma_qp_reset: *NOTICE*: Reset called for qp: 0x7f3470008e80
3:  ticks)
3: IO qp on core 40 total time 368274.817 us (1027486740 ticks), connect time 337599.492 us (941902584 ticks)
3: IO qp on core 38 total time 378232.530 us (1055268760 ticks), connect time 347318.935 us (969019828 ticks)
3: IO qp on core 31 total time 388367.989 us (1083546688 ticks), connect time 357280.090 us (996811452 ticks)
3: IO qp on core 44 total time 398211.705 us (1111010656 ticks), connect time 366920.019 us (1023706852 ticks)
3: IO qp on core 43 total time 408229.292 us (1138959724 ticks), connect time 376716.335 us (1051038576 ticks)
3: IO qp on core 45 total time 418215.105 us (1166820144 ticks), connect time 386519.647 us (1078389816 ticks)
3: IO qp on core 47 total time 428213.705 us (1194716236 ticks), connect time 396324.565 us (1105745536 ticks)
3: IO qp on core 28 total time 438422.424 us (1223198564 ticks), connect time 406324.178 us (1133644456 ticks)
3: IO qp on core 27 total time 459434.317 us (1281821744 ticks), connect time 427098.060 us (1191603588 ticks)
3: IO qp on core 29 total time 482329.967 us (1345700608 ticks), connect time 440808.185 us (1229854836 ticks)
3: IO qp on core 46 total time 501457.761 us (1399067152 ticks), connect time 459591.809 us (1282261148 ticks)
3: IO qp on core 42 total time 548215.663 us (1529521700 ticks), connect time 506157.636 us (1412179804 ticks)
3: IO qp on core 23 total time 599556.543 us (1672762756 ticks), connect time 556714.918 us (1553234620 ticks)
3: IO qp on core 36 total time 653756.575 us (1823980844 ticks), connect time 403070.086 us (1124565540 ticks)
3: ========================================================
3:                                                                                                                   Latency(us)
3: Device Information                                                            :       IOPS      MiB/s    Average        min        max
3: RDMA (addr:65.65.65.131 subnqn:nqn.2016-06.io.spdk:cnode1) NSID 1 from core  0:     452.90      56.61   70297.31   39108.26  222728.01
3: RDMA (addr:65.65.65.131 subnqn:nqn.2016-06.io.spdk:cnode1) NSID 1 from core  1:     457.60      57.20   70260.05   60899.91  208908.66
3: RDMA (addr:65.65.65.131 subnqn:nqn.2016-06.io.spdk:cnode1) NSID 1 from core  2:     454.40      56.80   69921.92   59573.85  246739.12
3: RDMA (addr:65.65.65.131 subnqn:nqn.2016-06.io.spdk:cnode1) NSID 1 from core  3:     454.40      56.80   69582.66   60086.62  244066.11
3: RDMA (addr:65.65.65.131 subnqn:nqn.2016-06.io.spdk:cnode1) NSID 1 from core  4:     457.60      57.20   81656.00   60888.89 4605634.32
3: RDMA (addr:65.65.65.131 subnqn:nqn.2016-06.io.spdk:cnode1) NSID 1 from core  5:     454.40      56.80   70447.53   48639.38  225008.84
3: RDMA (addr:65.65.65.131 subnqn:nqn.2016-06.io.spdk:cnode1) NSID 1 from core  6:     457.60      57.20   69784.15   37493.90  250021.33
3: RDMA (addr:65.65.65.131 subnqn:nqn.2016-06.io.spdk:cnode1) NSID 1 from core  7:     454.40      56.80   70428.44   38991.20  229434.03
3: RDMA (addr:65.65.65.131 subnqn:nqn.2016-06.io.spdk:cnode1) NSID 1 from core  8:     457.60      57.20   70175.87   49548.17  163559.54
3: RDMA (addr:65.65.65.131 subnqn:nqn.2016-06.io.spdk:cnode1) NSID 1 from core  9:     460.80      57.60   69701.85   55400.74  142950.20
3: RDMA (addr:65.65.65.131 subnqn:nqn.2016-06.io.spdk:cnode1) NSID 1 from core 10:     460.80      57.60   69688.26   60894.80  154121.40
3: RDMA (addr:65.65.65.131 subnqn:nqn.2016-06.io.spdk:cnode1) NSID 1 from core 11:     460.80      57.60   69633.50   60920.02  160570.26
3: RDMA (addr:65.65.65.131 subnqn:nqn.2016-06.io.spdk:cnode1) NSID 1 from core 12:     457.60      57.20   70069.72   39217.73  161482.35
3: RDMA (addr:65.65.65.131 subnqn:nqn.2016-06.io.spdk:cnode1) NSID 1 from core 13:     454.40      56.80   70578.19   44366.03  158958.87
3: RDMA (addr:65.65.65.131 subnqn:nqn.2016-06.io.spdk:cnode1) NSID 1 from core 14:     457.60      57.20   70073.93   51846.84  154775.00
3: RDMA (addr:65.65.65.131 subnqn:nqn.2016-06.io.spdk:cnode1) NSID 1 from core 15:     452.80      56.60   70541.32   44923.97  172007.79
3: RDMA (addr:65.65.65.131 subnqn:nqn.2016-06.io.spdk:cnode1) NSID 1 from core 16:     451.20      56.40   69586.69   38671.13  138206.45
3: RDMA (addr:65.65.65.131 subnqn:nqn.2016-06.io.spdk:cnode1) NSID 1 from core 17:     454.40      56.80   69077.31   59625.17  133042.79
3: RDMA (addr:65.65.65.131 subnqn:nqn.2016-06.io.spdk:cnode1) NSID 1 from core 18:     454.40      56.80   69165.97   37923.84  134205.31
3: RDMA (addr:65.65.65.131 subnqn:nqn.2016-06.io.spdk:cnode1) NSID 1 from core 19:     451.20      56.40   69624.78   42117.46  120243.13
3: RDMA (addr:65.65.65.131 subnqn:nqn.2016-06.io.spdk:cnode1) NSID 1 from core 20:     457.60      57.20   69398.21   38666.31  254737.31
3: RDMA (addr:65.65.65.131 subnqn:nqn.2016-06.io.spdk:cnode1) NSID 1 from core 21:     451.20      56.40   69965.95   43682.47  254120.67
3: RDMA (addr:65.65.65.131 subnqn:nqn.2016-06.io.spdk:cnode1) NSID 1 from core 22:     451.20      56.40   70226.37   55768.07  238664.66
3: RDMA (addr:65.65.65.131 subnqn:nqn.2016-06.io.spdk:cnode1) NSID 1 from core 23:     448.00      56.00   70213.11   42184.81  353220.18
3: RDMA (addr:65.65.65.131 subnqn:nqn.2016-06.io.spdk:cnode1) NSID 1 from core 24:     451.90      56.49   69105.77   39149.16  173574.28
3: RDMA (addr:65.65.65.131 subnqn:nqn.2016-06.io.spdk:cnode1) NSID 1 from core 25:     448.00      56.00   69910.83   53184.69  173885.40
3: RDMA (addr:65.65.65.131 subnqn:nqn.2016-06.io.spdk:cnode1) NSID 1 from core 26:     451.20      56.40   69429.35   59105.58  176479.24
3: RDMA (addr:65.65.65.131 subnqn:nqn.2016-06.io.spdk:cnode1) NSID 1 from core 27:     448.00      56.00   69883.49   52613.20  178516.48
3: RDMA (addr:65.65.65.131 subnqn:nqn.2016-06.io.spdk:cnode1) NSID 1 from core 28:     454.40      56.80   69237.81   59477.00   89740.05
3: RDMA (addr:65.65.65.131 subnqn:nqn.2016-06.io.spdk:cnode1) NSID 1 from core 29:     451.20      56.40   69705.51   52022.87   98467.87
3: RDMA (addr:65.65.65.131 subnqn:nqn.2016-06.io.spdk:cnode1) NSID 1 from core 30:     454.40      56.80   69268.88   59090.02  108470.56
3: RDMA (addr:65.65.65.131 subnqn:nqn.2016-06.io.spdk:cnode1) NSID 1 from core 31:     448.00      56.00   69819.92   58083.69   97666.86
3: RDMA (addr:65.65.65.131 subnqn:nqn.2016-06.io.spdk:cnode1) NSID 1 from core 32:     451.70      56.46   70129.24   55805.46  216800.91
3: RDMA (addr:65.65.65.131 subnqn:nqn.2016-06.io.spdk:cnode1) NSID 1 from core 33:     451.20      56.40   71153.88   44674.82  227457.38
3: RDMA (addr:65.65.65.131 subnqn:nqn.2016-06.io.spdk:cnode1) NSID 1 from core 34:     448.00      56.00   70520.22   43851.75  242731.55
3: RDMA (addr:65.65.65.131 subnqn:nqn.2016-06.io.spdk:cnode1) NSID 1 from core 35:     456.40      57.05   69880.89   60242.38  219249.13
3: RDMA (addr:65.65.65.131 subnqn:nqn.2016-06.io.spdk:cnode1) NSID 1 from core 36:     457.60      57.20   69917.48   60917.46  217349.06
3: RDMA (addr:65.65.65.131 subnqn:nqn.2016-06.io.spdk:cnode1) NSID 1 from core 37:     451.20      56.40   70902.00   42166.72  226357.86
3: RDMA (addr:65.65.65.131 subnqn:nqn.2016-06.io.spdk:cnode1) NSID 1 from core 38:     454.40      56.80   70264.39   43981.34  238756.99
3: RDMA (addr:65.65.65.131 subnqn:nqn.2016-06.io.spdk:cnode1) NSID 1 from core 39:     454.40      56.80   70361.36   42131.10  226362.91
3: RDMA (addr:65.65.65.131 subnqn:nqn.2016-06.io.spdk:cnode1) NSID 1 from core 40:     460.80      57.60   69642.70   59857.69  144081.16
3: RDMA (addr:65.65.65.131 subnqn:nqn.2016-06.io.spdk:cnode1) NSID 1 from core 41:     457.60      57.20   70103.58   56369.59  146098.12
3: RDMA (addr:65.65.65.131 subnqn:nqn.2016-06.io.spdk:cnode1) NSID 1 from core 42:     455.30      56.91   70020.47   38166.68  196573.96
3: RDMA (addr:65.65.65.131 subnqn:nqn.2016-06.io.spdk:cnode1) NSID 1 from core 43:     457.00      57.12   70110.12   57797.49  157226.57
3: RDMA (addr:65.65.65.131 subnqn:nqn.2016-06.io.spdk:cnode1) NSID 1 from core 44:     454.40      56.80   70480.91   51465.27  196260.13
3: RDMA (addr:65.65.65.131 subnqn:nqn.2016-06.io.spdk:cnode1) NSID 1 from core 45:     457.60      57.20   70067.15   50437.23  139317.13
3: RDMA (addr:65.65.65.131 subnqn:nqn.2016-06.io.spdk:cnode1) NSID 1 from core 46:     460.80      57.60   69557.93   54919.08  135211.90
3: RDMA (addr:6[2021-10-01 16:59:02.473345] dc_mlx5_dv.c: 963:spdk_rdma_qp_reset: *NOTICE*: Reset called for qp: 0x1627f00
3: 5.65.65.131 subnqn:nqn.2016-06.io.spdk:cnode1) NSID 1 from core 47:     457.60      57.20   70053.48   52188.87  139883.66
3: ========================================================
3: Total                                                                         :   21818.00    2727.25   70201.50   37493.90 4605634.32
3: 
srun: First task exited 10s ago
srun: StepId=71124.1 task 1: running
srun: StepId=71124.1 tasks 0,2-4: exited
srun: launch/slurm: _step_signal: Terminating StepId=71124.1
srun: Job step aborted: Waiting up to 12 seconds for job step to finish.
srun: error: swx-ray05: task 1: Killed
srun: launch/slurm: _step_signal: Terminating StepId=71124.1
== Servers stopping... 
srun -l -O --nodes 1 --ntasks 1 --nodelist=swx-ray01 --export=ALL ./stop_tgt.sh
0: == TGT Memory usage ==
0: Huge pages: 1138 MB, HWM: 275.289
0: [2021-10-01 16:59:08.553758] common.c: 279:spdk_rdma_srq_destroy: *ERROR*: SRQ destroy failed with 16
0: [2021-10-01 16:59:08.556627] common.c: 279:spdk_rdma_srq_destroy: *ERROR*: SRQ destroy failed with 16
0: [2021-10-01 16:59:08.559074] common.c: 279:spdk_rdma_srq_destroy: *ERROR*: SRQ destroy failed with 16
0: [2021-10-01 16:59:08.561759] common.c: 279:spdk_rdma_srq_destroy: *ERROR*: SRQ destroy failed with 16
0: [2021-10-01 16:59:08.576252] common.c: 279:spdk_rdma_srq_destroy: *ERROR*: SRQ destroy failed with 16
0: [2021-10-01 16:59:08.578762] common.c: 279:spdk_rdma_srq_destroy: *ERROR*: SRQ destroy failed with 16
swx-ray01: Error while connecting to /var/tmp/spdk.sock
swx-ray01: Is SPDK application running?
swx-ray01: Error details: [Errno -2] Name or service not known
pdsh@swx-ray01: swx-ray01: ssh exited with exit code 1
swx-ray08: Error while connecting to /var/tmp/spdk.sock
swx-ray08: Is SPDK application running?
swx-ray08: Error details: [Errno -2] Name or service not known
pdsh@swx-ray01: swx-ray08: ssh exited with exit code 1
swx-ray07: Error while connecting to /var/tmp/spdk.sock
swx-ray07: Is SPDK application running?
swx-ray07: Error details: [Errno -2] Name or service not known
swx-ray05: Error while connecting to /var/tmp/spdk.sock
swx-ray05: Is SPDK application running?
swx-ray05: Error details: [Errno -2] Name or service not known
swx-ray02: Error while connecting to /var/tmp/spdk.sock
swx-ray02: Is SPDK application running?
swx-ray02: Error details: [Errno -2] Name or service not known
pdsh@swx-ray01: swx-ray07: ssh exited with exit code 1
pdsh@swx-ray01: swx-ray05: ssh exited with exit code 1
swx-ray06: Error while connecting to /var/tmp/spdk.sock
swx-ray06: Is SPDK application running?
swx-ray06: Error details: [Errno -2] Name or service not known
pdsh@swx-ray01: swx-ray02: ssh exited with exit code 1
pdsh@swx-ray01: swx-ray06: ssh exited with exit code 1
srun: Job step aborted: Waiting up to 12 seconds for job step to finish.
srun: error: Timed out waiting for job step to complete
