== Starting run at Fri Oct  1 17:25:07 IDT 2021
== Job ID: 71132
== Totally nodes: 
== Node list: swx-ray[01-02,05-08]
== Submit dir. : /hpc/local/work/denisn/dc/spdk/dc
== Servers number: 1
== SPDK_DIR: /labhome/denisn/dc/spdk
== RDMA_CORE_DIR: /labhome/denisn/dc/rdma-core/build/lib
== TGT_MASK: 0xFFFFFFFF
== PERF_MASK: 0xFFFFFF
== Server nodelist: swx-ray01
== Client nodelist: swx-ray02,swx-ray05,swx-ray06,swx-ray07,swx-ray08
== Servers running...
srun -l -O --nodes 1 --ntasks 1 --nodelist=swx-ray01 --export=ALL ./server_run.sh &
== Clients running... 
srun -l --nodes 5 --ntasks 5 --nodelist=swx-ray02,swx-ray05,swx-ray06,swx-ray07,swx-ray08 --export=ALL ./nvmeperf_run.sh
0: Server's Servers number: 1
1: Initiator's Servers number: 1
2: Initiator's Servers number: 1
3: Initiator's Servers number: 1
4: Initiator's Servers number: 1
1: Initiator's SPDK_DIR: /labhome/denisn/dc/spdk
2: Initiator's SPDK_DIR: /labhome/denisn/dc/spdk
3: Initiator's SPDK_DIR: /labhome/denisn/dc/spdk
4: Initiator's SPDK_DIR: /labhome/denisn/dc/spdk
1: Initiator's RDMA_CORE_DIR: /labhome/denisn/dc/rdma-core/build/lib
2: Initiator's RDMA_CORE_DIR: /labhome/denisn/dc/rdma-core/build/lib
4: Initiator's RDMA_CORE_DIR: /labhome/denisn/dc/rdma-core/build/lib
3: Initiator's RDMA_CORE_DIR: /labhome/denisn/dc/rdma-core/build/lib
1: Initiator's TGT_MASK: 0xFFFFFFFF
2: Initiator's TGT_MASK: 0xFFFFFFFF
4: Initiator's TGT_MASK: 0xFFFFFFFF
3: Initiator's TGT_MASK: 0xFFFFFFFF
1: Initiator's PERF_MASK: 0xFFFFFF
2: Initiator's PERF_MASK: 0xFFFFFF
3: Initiator's PERF_MASK: 0xFFFFFF
4: Initiator's PERF_MASK: 0xFFFFFF
0: Server's SPDK_DIR: /labhome/denisn/dc/spdk
0: Server's RDMA_CORE_DIR: /labhome/denisn/dc/rdma-core/build/lib
0: Server's TGT_MASK: 0xFFFFFFFF
0: Server's PERF_MASK: 0xFFFFFF
0: Server's IFACE: ib0
0: Server's Need IP 1
3: Resetting IP
3: ip add add 65.65.65.143/24 dev ib0
2: Resetting IP
2: ip add add 65.65.65.141/24 dev ib0
3: Waiting for 1 servers started... now there are 0 servers
2: Waiting for 1 servers started... now there are 0 servers
0: Initiator's Servers number: 1
1: Resetting IP
1: ip add add 65.65.65.139/24 dev ib0
0: Initiator's SPDK_DIR: /labhome/denisn/dc/spdk
0: Initiator's RDMA_CORE_DIR: /labhome/denisn/dc/rdma-core/build/lib
0: Initiator's TGT_MASK: 0xFFFFFFFF
0: Initiator's PERF_MASK: 0xFFFFFF
4: Resetting IP
4: ip add add 65.65.65.145/24 dev ib0
1: Waiting for 1 servers started... now there are 0 servers
4: Waiting for 1 servers started... now there are 0 servers
0: Resetting IP
0: Non empty ip address on iface 65.65.65.0. Resetting...
0: ip addr del 65.65.65.0/24 dev ib0
0: ip add add 65.65.65.133/24 dev ib0
0: Waiting for 1 servers started... now there are 0 servers
3: Waiting for 1 servers started... now there are 0 servers
2: Waiting for 1 servers started... now there are 0 servers
0: Resetting IP
0: ip add add 65.65.65.131/24 dev ib0
1: Waiting for 1 servers started... now there are 0 servers
4: Waiting for 1 servers started... now there are 0 servers
0: sudo env LD_LIBRARY_PATH=/labhome/denisn/dc/rdma-core/build/lib /labhome/denisn/dc/spdk/install/bin/spdk_tgt -m 0xFFFFFFFF 2>&1 | tee -a /hpc/local/work/denisn/dc/spdk/dc/job.71132/spdk_tgt.0.log &
0: Waiting for 3s after spdk_tgt run ...
0: [2021-10-01 17:25:09.030966] Starting SPDK v21.04 git sha1 e2b1ba5 / DPDK 20.11.0 initialization...
0: [2021-10-01 17:25:09.031022] [ DPDK EAL parameters: [2021-10-01 17:25:09.031028] spdk_tgt [2021-10-01 17:25:09.031050] --no-shconf [2021-10-01 17:25:09.031057] -c 0xFFFFFFFF [2021-10-01 17:25:09.031063] --log-level=lib.eal:6 [2021-10-01 17:25:09.031067] --log-level=lib.cryptodev:5 [2021-10-01 17:25:09.031072] --log-level=user1:6 [2021-10-01 17:25:09.031075] --iova-mode=pa [2021-10-01 17:25:09.031080] --base-virtaddr=0x200000000000 [2021-10-01 17:25:09.031084] --match-allocations [2021-10-01 17:25:09.031089] --file-prefix=spdk_pid19723 [2021-10-01 17:25:09.031094] ]
0: EAL: No available hugepages reported in hugepages-1048576kB
0: EAL: No free hugepages reported in hugepages-2048kB
0: EAL: No legacy callbacks, legacy socket not created
0: Waiting for 1 servers started... now there are 0 servers
0: [2021-10-01 17:25:09.178476] app.c: 535:spdk_app_start: *NOTICE*: Total cores available: 32
0: [2021-10-01 17:25:09.249119] reactor.c: 929:reactor_run: *NOTICE*: Reactor started on core 1
0: [2021-10-01 17:25:09.249132] reactor.c: 929:reactor_run: *NOTICE*: Reactor started on core 2
0: [2021-10-01 17:25:09.249144] reactor.c: 929:reactor_run: *NOTICE*: Reactor started on core 3
0: [2021-10-01 17:25:09.249164] reactor.c: 929:reactor_run: *NOTICE*: Reactor started on core 4
0: [2021-10-01 17:25:09.249261] reactor.c: 929:reactor_run: *NOTICE*: Reactor started on core 9
0: [2021-10-01 17:25:09.249198] reactor.c: 929:reactor_run: *NOTICE*: Reactor started on core 6
0: [2021-10-01 17:25:09.249347] reactor.c: 929:reactor_run: *NOTICE*: Reactor started on core 13
0: [2021-10-01 17:25:09.249383] reactor.c: 929:reactor_run: *NOTICE*: Reactor started on core 15
0: [2021-10-01 17:25:09.249217] reactor.c: 929:reactor_run: *NOTICE*: Reactor started on core 7
0: [2021-10-01 17:25:09.249521] reactor.c: 929:reactor_run: *NOTICE*: Reactor started on core 20
0: [2021-10-01 17:25:09.249242] reactor.c: 929:reactor_run: *NOTICE*: Reactor started on core 8
0: [2021-10-01 17:25:09.249680] reactor.c: 929:reactor_run: *NOTICE*: Reactor started on core 27
0: [2021-10-01 17:25:09.249300] reactor.c: 929:reactor_run: *NOTICE*: Reactor started on core 11
0: [2021-10-01 17:25:09.249328] reactor.c: 929:reactor_run: *NOTICE*: Reactor started on core 12
0: [2021-10-01 17:25:09.249365] reactor.c: 929:reactor_run: *NOTICE*: Reactor started on core 14
0: [2021-10-01 17:25:09.249412] reactor.c: 929:reactor_run: *NOTICE*: Reactor started on core 16
0: [2021-10-01 17:25:09.249434] reactor.c: 929:reactor_run: *NOTICE*: Reactor started on core 17
0: [2021-10-01 17:25:09.249461] reactor.c: 929:reactor_run: *NOTICE*: Reactor started on core 18
0: [2021-10-01 17:25:09.249489] reactor.c: 929:reactor_run: *NOTICE*: Reactor started on core 19
0: [2021-10-01 17:25:09.249541] reactor.c: 929:reactor_run: *NOTICE*: Reactor started on core 21
0: [2021-10-01 17:25:09.249564] reactor.c: 929:reactor_run: *NOTICE*: Reactor started on core 22
0: [2021-10-01 17:25:09.249587] reactor.c: 929:reactor_run: *NOTICE*: Reactor started on core 23
0: [2021-10-01 17:25:09.249614] reactor.c: 929:reactor_run: *NOTICE*: Reactor started on core 24
0: [2021-10-01 17:25:09.249635] reactor.c: 929:reactor_run: *NOTICE*: Reactor started on core 25
0: [2021-10-01 17:25:09.249657] reactor.c: 929:reactor_run: *NOTICE*: Reactor started on core 26
0: [2021-10-01 17:25:09.249179] reactor.c: 929:reactor_run: *NOTICE*: Reactor started on core 5
0: [2021-10-01 17:25:09.249705] reactor.c: 929:reactor_run: *NOTICE*: Reactor started on core 28
0: [2021-10-01 17:25:09.249726] reactor.c: 929:reactor_run: *NOTICE*: Reactor started on core 29
0: [2021-10-01 17:25:09.249281] reactor.c: 929:reactor_run: *NOTICE*: Reactor started on core 10
0: [2021-10-01 17:25:09.249766] reactor.c: 929:reactor_run: *NOTICE*: Reactor started on core 30
0: [2021-10-01 17:25:09.249787] reactor.c: 929:reactor_run: *NOTICE*: Reactor started on core 31
0: [2021-10-01 17:25:09.249793] reactor.c: 929:reactor_run: *NOTICE*: Reactor started on core 0
0: [2021-10-01 17:25:09.251480] accel_engine.c: 852:spdk_accel_engine_initialize: *NOTICE*: Accel engine initialized to use software engine.
3: Waiting for 1 servers started... now there are 0 servers
2: Waiting for 1 servers started... now there are 0 servers
1: Waiting for 1 servers started... now there are 0 servers
4: Waiting for 1 servers started... now there are 0 servers
0: Waiting for 1 servers started... now there are 0 servers
3: Waiting for 1 servers started... now there are 0 servers
2: Waiting for 1 servers started... now there are 0 servers
1: Waiting for 1 servers started... now there are 0 servers
4: Waiting for 1 servers started... now there are 0 servers
0: Waiting for 1 servers started... now there are 0 servers
3: Waiting for 1 servers started... now there are 0 servers
2: Waiting for 1 servers started... now there are 0 servers
1: Waiting for 1 servers started... now there are 0 servers
4: Waiting for 1 servers started... now there are 0 servers
0: spdk_tgt pid: 19723
0: Waiting for 1 servers started... now there are 0 servers
0: Null0
3: Waiting for 1 servers started... now there are 0 servers
2: Waiting for 1 servers started... now there are 0 servers
0: [2021-10-01 17:25:12.506556] rdma.c:2515:nvmf_rdma_create: *NOTICE*: Adjusting the io unit size to fit the device's maximum I/O size. New I/O unit size 12288
1: Waiting for 1 servers started... now there are 0 servers
4: Waiting for 1 servers started... now there are 0 servers
0: sudo /labhome/denisn/dc/spdk/scripts/rpc.py  nvmf_subsystem_add_listener -t rdma -a 65.65.65.131 -f ipv4 -s 4420 nqn.2016-06.io.spdk:cnode1 2>&1 | tee -a /hpc/local/work/denisn/dc/spdk/dc/job.71132/spdk_tgt.0.log
0: Waiting for 1 servers started... now there are 0 servers
0: [2021-10-01 17:25:13.351977] rdma.c:2733:nvmf_rdma_listen: *NOTICE*: *** NVMe/RDMA Target Listening on 65.65.65.131 port 4420 ***
3: Waiting for 1 servers started... now there are 0 servers
2: Waiting for 1 servers started... now there are 0 servers
1: Waiting for 1 servers started... now there are 0 servers
4: Waiting for 1 servers started... now there are 0 servers
0: Waiting for 1 servers started... now there are 0 servers
3: Waiting for 1 servers started... now there are 0 servers
2: Waiting for 1 servers started... now there are 0 servers
0: /hpc/local/work/denisn/dc/spdk/dc/./server_run.sh: line 44: wait: pid 19723 is not a child of this shell
1: 
1: Got servers list: 65.65.65.131
1: sudo env LD_LIBRARY_PATH=/labhome/denisn/dc/rdma-core/build/lib /labhome/denisn/dc/spdk/install/bin/spdk_nvme_perf 	 --srq-depth 128 -r "trtype:rdma adrfam:ipv4 traddr:65.65.65.131 trsvcid:4420" 	 -c 0xFFFFFF -q 32 -o 131072 -w randread -t 10 	  2>&1 | tee -a /hpc/local/work/denisn/dc/spdk/dc/job.71132/perf.1.log
4: 
4: Got servers list: 65.65.65.131
4: sudo env LD_LIBRARY_PATH=/labhome/denisn/dc/rdma-core/build/lib /labhome/denisn/dc/spdk/install/bin/spdk_nvme_perf 	 --srq-depth 128 -r "trtype:rdma adrfam:ipv4 traddr:65.65.65.131 trsvcid:4420" 	 -c 0xFFFFFF -q 32 -o 131072 -w randread -t 10 	  2>&1 | tee -a /hpc/local/work/denisn/dc/spdk/dc/job.71132/perf.4.log
1: [2021-10-01 17:25:14.975173] Starting SPDK v21.04 git sha1 e2b1ba5 / DPDK 20.11.0 initialization...
1: [2021-10-01 17:25:14.975234] [ DPDK EAL parameters: [2021-10-01 17:25:14.975240] perf [2021-10-01 17:25:14.975257] --no-shconf [2021-10-01 17:25:14.975262] -c 0xFFFFFF [2021-10-01 17:25:14.975274] --no-pci [2021-10-01 17:25:14.975279] --log-level=lib.eal:6 [2021-10-01 17:25:14.975284] --log-level=lib.cryptodev:5 [2021-10-01 17:25:14.975294] --log-level=user1:6 [2021-10-01 17:25:14.975298] --iova-mode=pa [2021-10-01 17:25:14.975304] --base-virtaddr=0x200000000000 [2021-10-01 17:25:14.975310] --match-allocations [2021-10-01 17:25:14.975315] --file-prefix=spdk_pid19444 [2021-10-01 17:25:14.975321] ]
1: EAL: No available hugepages reported in hugepages-1048576kB
1: EAL: No free hugepages reported in hugepages-2048kB
4: [2021-10-01 17:25:15.009051] Starting SPDK v21.04 git sha1 e2b1ba5 / DPDK 20.11.0 initialization...
4: [2021-10-01 17:25:15.009104] [ DPDK EAL parameters: [2021-10-01 17:25:15.009109] perf [2021-10-01 17:25:15.009116] --no-shconf [2021-10-01 17:25:15.009121] -c 0xFFFFFF [2021-10-01 17:25:15.009125] --no-pci [2021-10-01 17:25:15.009129] --log-level=lib.eal:6 [2021-10-01 17:25:15.009134] --log-level=lib.cryptodev:5 [2021-10-01 17:25:15.009138] --log-level=user1:6 [2021-10-01 17:25:15.009142] --iova-mode=pa [2021-10-01 17:25:15.009146] --base-virtaddr=0x200000000000 [2021-10-01 17:25:15.009152] --match-allocations [2021-10-01 17:25:15.009156] --file-prefix=spdk_pid19482 [2021-10-01 17:25:15.009161] ]
4: EAL: No available hugepages reported in hugepages-1048576kB
4: EAL: No free hugepages reported in hugepages-2048kB
1: EAL: No legacy callbacks, legacy socket not created
4: EAL: No legacy callbacks, legacy socket not created
0: 
0: Got servers list: 65.65.65.131
0: sudo env LD_LIBRARY_PATH=/labhome/denisn/dc/rdma-core/build/lib /labhome/denisn/dc/spdk/install/bin/spdk_nvme_perf 	 --srq-depth 128 -r "trtype:rdma adrfam:ipv4 traddr:65.65.65.131 trsvcid:4420" 	 -c 0xFFFFFF -q 32 -o 131072 -w randread -t 10 	  2>&1 | tee -a /hpc/local/work/denisn/dc/spdk/dc/job.71132/perf.0.log
0: [2021-10-01 17:25:15.279083] Starting SPDK v21.04 git sha1 e2b1ba5 / DPDK 20.11.0 initialization...
0: [2021-10-01 17:25:15.279133] [ DPDK EAL parameters: [2021-10-01 17:25:15.279138] perf [2021-10-01 17:25:15.279158] --no-shconf [2021-10-01 17:25:15.279163] -c 0xFFFFFF [2021-10-01 17:25:15.279176] --no-pci [2021-10-01 17:25:15.279180] --log-level=lib.eal:6 [2021-10-01 17:25:15.279185] --log-level=lib.cryptodev:5 [2021-10-01 17:25:15.279189] --log-level=user1:6 [2021-10-01 17:25:15.279194] --iova-mode=pa [2021-10-01 17:25:15.279199] --base-virtaddr=0x200000000000 [2021-10-01 17:25:15.279204] --match-allocations [2021-10-01 17:25:15.279210] --file-prefix=spdk_pid19534 [2021-10-01 17:25:15.279216] ]
0: EAL: No available hugepages reported in hugepages-1048576kB
0: EAL: No free hugepages reported in hugepages-2048kB
1: mlx5dv_reserved_qpn_alloc 1 1
0: [2021-10-01 17:25:15.370317] rdma.c:2990:nvmf_process_cm_event: *NOTICE*: In RDMA_CM_EVENT_CONNECT_REQUEST
0: EAL: No legacy callbacks, legacy socket not created
3: 
3: Got servers list: 65.65.65.131
3: sudo env LD_LIBRARY_PATH=/labhome/denisn/dc/rdma-core/build/lib /labhome/denisn/dc/spdk/install/bin/spdk_nvme_perf 	 --srq-depth 128 -r "trtype:rdma adrfam:ipv4 traddr:65.65.65.131 trsvcid:4420" 	 -c 0xFFFFFF -q 32 -o 131072 -w randread -t 10 	  2>&1 | tee -a /hpc/local/work/denisn/dc/spdk/dc/job.71132/perf.3.log
2: 
2: Got servers list: 65.65.65.131
2: sudo env LD_LIBRARY_PATH=/labhome/denisn/dc/rdma-core/build/lib /labhome/denisn/dc/spdk/install/bin/spdk_nvme_perf 	 --srq-depth 128 -r "trtype:rdma adrfam:ipv4 traddr:65.65.65.131 trsvcid:4420" 	 -c 0xFFFFFF -q 32 -o 131072 -w randread -t 10 	  2>&1 | tee -a /hpc/local/work/denisn/dc/spdk/dc/job.71132/perf.2.log
4: mlx5dv_reserved_qpn_alloc 1 1
3: [2021-10-01 17:25:15.547368] Starting SPDK v21.04 git sha1 e2b1ba5 / DPDK 20.11.0 initialization...
3: [2021-10-01 17:25:15.547430] [ DPDK EAL parameters: [2021-10-01 17:25:15.547437] perf [2021-10-01 17:25:15.547442] --no-shconf [2021-10-01 17:25:15.547459] -c 0xFFFFFF [2021-10-01 17:25:15.547465] --no-pci [2021-10-01 17:25:15.547470] --log-level=lib.eal:6 [2021-10-01 17:25:15.547475] --log-level=lib.cryptodev:5 [2021-10-01 17:25:15.547481] --log-level=user1:6 [2021-10-01 17:25:15.547487] --iova-mode=pa [2021-10-01 17:25:15.547496] --base-virtaddr=0x200000000000 [2021-10-01 17:25:15.547501] --match-allocations [2021-10-01 17:25:15.547507] --file-prefix=spdk_pid19477 [2021-10-01 17:25:15.547513] ]
3: EAL: No available hugepages reported in hugepages-1048576kB
3: EAL: No free hugepages reported in hugepages-2048kB
2: [2021-10-01 17:25:15.559423] Starting SPDK v21.04 git sha1 e2b1ba5 / DPDK 20.11.0 initialization...
2: [2021-10-01 17:25:15.559477] [ DPDK EAL parameters: [2021-10-01 17:25:15.559483] perf [2021-10-01 17:25:15.559488] --no-shconf [2021-10-01 17:25:15.559494] -c 0xFFFFFF [2021-10-01 17:25:15.559499] --no-pci [2021-10-01 17:25:15.559504] --log-level=lib.eal:6 [2021-10-01 17:25:15.559509] --log-level=lib.cryptodev:5 [2021-10-01 17:25:15.559514] --log-level=user1:6 [2021-10-01 17:25:15.559519] --iova-mode=pa [2021-10-01 17:25:15.559524] --base-virtaddr=0x200000000000 [2021-10-01 17:25:15.559528] --match-allocations [2021-10-01 17:25:15.559534] --file-prefix=spdk_pid19468 [2021-10-01 17:25:15.559539] ]
2: EAL: No available hugepages reported in hugepages-1048576kB
2: EAL: No free hugepages reported in hugepages-2048kB
0: mlx5dv_reserved_qpn_alloc 1 1
1: [2021-10-01 17:25:15.608239] nvme_rdma.c:1386:_nvme_rdma_ctrlr_connect_qpair: *NOTICE*: Connect rdma qpair: pg (nil), srq depth 128
1: [2021-10-01 17:25:15.608296] nvme_rdma.c:1020:nvme_rdma_create_resources: *NOTICE*: Created resources: qp 0x1284250, poller (nil), num_entries 32
0: [2021-10-01 17:25:15.608373] rdma.c:2990:nvmf_process_cm_event: *NOTICE*: In RDMA_CM_EVENT_CONNECT_REQUEST
0: mlx5dv_reserved_qpn_alloc 1 1
4: [2021-10-01 17:25:15.613003] nvme_rdma.c:1386:_nvme_rdma_ctrlr_connect_qpair: *NOTICE*: Connect rdma qpair: pg (nil), srq depth 128
4: [2021-10-01 17:25:15.613053] nvme_rdma.c:1020:nvme_rdma_create_resources: *NOTICE*: Created resources: qp 0x14c1250, poller (nil), num_entries 32
1: mlx5dv_reserved_qpn_alloc 1 1
0: [2021-10-01 17:25:15.618352] rdma.c:2990:nvmf_process_cm_event: *NOTICE*: In RDMA_CM_EVENT_CONNECT_REQUEST
0: mlx5dv_reserved_qpn_alloc 1 1
1: [2021-10-01 17:25:15.621669] nvme_rdma.c:1386:_nvme_rdma_ctrlr_connect_qpair: *NOTICE*: Connect rdma qpair: pg (nil), srq depth 128
1: [2021-10-01 17:25:15.621710] nvme_rdma.c:1020:nvme_rdma_create_resources: *NOTICE*: Created resources: qp 0x128e830, poller (nil), num_entries 32
4: mlx5dv_reserved_qpn_alloc 1 1
1: [2021-10-01 17:25:15.622923] dc_mlx5_dv.c: 963:spdk_rdma_qp_reset: *NOTICE*: Reset called for qp: 0x12892a0
0: [2021-10-01 17:25:15.628336] rdma.c:2990:nvmf_process_cm_event: *NOTICE*: In RDMA_CM_EVENT_CONNECT_REQUEST
0: mlx5dv_reserved_qpn_alloc 1 1
4: [2021-10-01 17:25:15.630835] nvme_rdma.c:1386:_nvme_rdma_ctrlr_connect_qpair: *NOTICE*: Connect rdma qpair: pg (nil), srq depth 128
4: [2021-10-01 17:25:15.630881] nvme_rdma.c:1020:nvme_rdma_create_resources: *NOTICE*: Created resources: qp 0x14cb830, poller (nil), num_entries 32
1: [2021-10-01 17:25:15.631835] nvme_rdma.c:2525:nvme_rdma_poller_create: *NOTICE*: Created SRQ 0x7f4418000e58, device mlx5_0
1: [2021-10-01 17:25:15.631930] nvme_rdma.c: 928:nvme_rdma_register_rsps: *NOTICE*: res->poller->pd: 0x7f4418000e20
1: [2021-10-01 17:25:15.632008] nvme_rdma.c:1020:nvme_rdma_create_resources: *NOTICE*: Created resources: qp (nil), poller 0x7f4418000b30, num_entries 128
1: [2021-10-01 17:25:15.632161] nvme_rdma.c:2525:nvme_rdma_poller_create: *NOTICE*: Created SRQ 0x7f4438000e58, device mlx5_0
1: [2021-10-01 17:25:15.632281] nvme_rdma.c: 928:nvme_rdma_register_rsps: *NOTICE*: res->poller->pd: 0x7f4438000e20
1: [2021-10-01 17:25:15.632364] nvme_rdma.c:1020:nvme_rdma_create_resources: *NOTICE*: Created resources: qp (nil), poller 0x7f4438000b30, num_entries 128
4: [2021-10-01 17:25:15.632084] dc_mlx5_dv.c: 963:spdk_rdma_qp_reset: *NOTICE*: Reset called for qp: 0x14c62a0
1: [2021-10-01 17:25:15.632498] nvme_rdma.c:2525:nvme_rdma_poller_create: *NOTICE*: Created SRQ 0x7f4428000e58, device mlx5_0
1: [2021-10-01 17:25:15.632600] nvme_rdma.c: 928:nvme_rdma_register_rsps: *NOTICE*: res->poller->pd: 0x7f4428000e20
1: [2021-10-01 17:25:15.632780] nvme_rdma.c:2525:nvme_rdma_poller_create: *NOTICE*: Created SRQ 0x7f441c000e58, device mlx5_0
1: [2021-10-01 17:25:15.632983] nvme_rdma.c: 928:nvme_rdma_register_rsps: *NOTICE*: res->poller->pd: 0x7f441c000e20
1: [2021-10-01 17:25:15.632994] nvme_rdma.c:1020:nvme_rdma_create_resources: *NOTICE*: Created resources: qp (nil), poller 0x7f4428000b30, num_entries 128
1: [2021-10-01 17:25:15.633147] nvme_rdma.c:2525:nvme_rdma_poller_create: *NOTICE*: Created SRQ 0x7f4434000e58, device mlx5_0
1: [2021-10-01 17:25:15.633224] nvme_rdma.c: 928:nvme_rdma_register_rsps: *NOTICE*: res->poller->pd: 0x7f4434000e20
1: [2021-10-01 17:25:15.633234] nvme_rdma.c:1020:nvme_rdma_create_resources: *NOTICE*: Created resources: qp (nil), poller 0x7f441c000b30, num_entries 128
1: [2021-10-01 17:25:15.633329] nvme_rdma.c:1020:nvme_rdma_create_resources: *NOTICE*: Created resources: qp (nil), poller 0x7f4434000b30, num_entries 128
1: [2021-10-01 17:25:15.633383] nvme_rdma.c:2525:nvme_rdma_poller_create: *NOTICE*: Created SRQ 0x7f4420000e58, device mlx5_0
1: [2021-10-01 17:25:15.633558] nvme_rdma.c: 928:nvme_rdma_register_rsps: *NOTICE*: res->poller->pd: 0x7f4420000e20
1: [2021-10-01 17:25:15.633796] nvme_rdma.c:1020:nvme_rdma_create_resources: *NOTICE*: Created resources: qp (nil), poller 0x7f4420000b30, num_entries 128
1: [2021-10-01 17:25:15.633987] nvme_rdma.c:2525:nvme_rdma_poller_create: *NOTICE*: Created SRQ 0x7f4410000e58, device mlx5_0
1: [2021-10-01 17:25:15.634249] nvme_rdma.c:2525:nvme_rdma_poller_create: *NOTICE*: Created SRQ 0x7f4414000e58, device mlx5_0
1: [2021-10-01 17:25:15.634414] nvme_rdma.c: 928:nvme_rdma_register_rsps: *NOTICE*: res->poller->pd: 0x7f4414000e20
1: [2021-10-01 17:25:15.634285] nvme_rdma.c: 928:nvme_rdma_register_rsps: *NOTICE*: res->poller->pd: 0x7f4410000e20
1: [2021-10-01 17:25:15.634675] nvme_rdma.c:2525:nvme_rdma_poller_create: *NOTICE*: Created SRQ 0x7f4408000e58, device mlx5_0
1: [2021-10-01 17:25:15.634766] nvme_rdma.c:1020:nvme_rdma_create_resources: *NOTICE*: Created resources: qp (nil), poller 0x7f4414000b30, num_entries 128
1: [2021-10-01 17:25:15.634787] nvme_rdma.c: 928:nvme_rdma_register_rsps: *NOTICE*: res->poller->pd: 0x7f4408000e20
1: [2021-10-01 17:25:15.634855] nvme_rdma.c:1020:nvme_rdma_create_resources: *NOTICE*: Created resources: qp (nil), poller 0x7f4410000b30, num_entries 128
1: [2021-10-01 17:25:15.634953] nvme_rdma.c:2525:nvme_rdma_poller_create: *NOTICE*: Created SRQ 0x7f442c000e58, device mlx5_0
1: [2021-10-01 17:25:15.635119] nvme_rdma.c: 928:nvme_rdma_register_rsps: *NOTICE*: res->poller->pd: 0x7f442c000e20
1: [2021-10-01 17:25:15.635157] nvme_rdma.c:1020:nvme_rdma_create_resources: *NOTICE*: Created resources: qp (nil), poller 0x7f4408000b30, num_entries 128
1: [2021-10-01 17:25:15.635314] nvme_rdma.c:2525:nvme_rdma_poller_create: *NOTICE*: Created SRQ 0x7f440c000ed8, device mlx5_0
1: [2021-10-01 17:25:15.635551] nvme_rdma.c: 928:nvme_rdma_register_rsps: *NOTICE*: res->poller->pd: 0x7f440c000b00
1: [2021-10-01 17:25:15.635568] nvme_rdma.c:2525:nvme_rdma_poller_create: *NOTICE*: Created SRQ 0x7f4418008c68, device mlx5_1
1: [2021-10-01 17:25:15.635575] nvme_rdma.c:1020:nvme_rdma_create_resources: *NOTICE*: Created resources: qp (nil), poller 0x7f442c000b30, num_entries 128
1: [2021-10-01 17:25:15.635704] nvme_rdma.c: 928:nvme_rdma_register_rsps: *NOTICE*: res->poller->pd: 0x7f4418000fc0
1: [2021-10-01 17:25:15.635717] nvme_rdma.c:1020:nvme_rdma_create_resources: *NOTICE*: Created resources: qp (nil), poller 0x7f440c000be0, num_entries 128
1: [2021-10-01 17:25:15.635728] nvme_rdma.c:2525:nvme_rdma_poller_create: *NOTICE*: Created SRQ 0x7f4400000e58, device mlx5_0
1: [2021-10-01 17:25:15.635984] nvme_rdma.c: 928:nvme_rdma_register_rsps: *NOTICE*: res->poller->pd: 0x7f4400000e20
1: [2021-10-01 17:25:15.636041] nvme_rdma.c:1020:nvme_rdma_create_resources: *NOTICE*: Created resources: qp (nil), poller 0x7f4418008900, num_entries 128
1: [2021-10-01 17:25:15.636109] nvme_rdma.c:1020:nvme_rdma_create_resources: *NOTICE*: Created resources: qp (nil), poller 0x7f4400000b30, num_entries 128
1: [2021-10-01 17:25:15.636185] nvme_rdma.c:2525:nvme_rdma_poller_create: *NOTICE*: Created SRQ 0x7f4424000e58, device mlx5_0
1: [2021-10-01 17:25:15.636303] nvme_rdma.c: 928:nvme_rdma_register_rsps: *NOTICE*: res->poller->pd: 0x7f4424000e20
1: [2021-10-01 17:25:15.636331] nvme_rdma.c:2525:nvme_rdma_poller_create: *NOTICE*: Created SRQ 0x7f4438008bf8, device mlx5_1
1: [2021-10-01 17:25:15.636525] nvme_rdma.c:2525:nvme_rdma_poller_create: *NOTICE*: Created SRQ 0x7f43f0000e68, device mlx5_0
1: [2021-10-01 17:25:15.636655] nvme_rdma.c: 928:nvme_rdma_register_rsps: *NOTICE*: res->poller->pd: 0x7f43f0000e30
1: [2021-10-01 17:25:15.636681] nvme_rdma.c: 928:nvme_rdma_register_rsps: *NOTICE*: res->poller->pd: 0x7f4438000fc0
1: [2021-10-01 17:25:15.636694] nvme_rdma.c:1020:nvme_rdma_create_resources: *NOTICE*: Created resources: qp (nil), poller 0x7f4424000b30, num_entries 128
1: [2021-10-01 17:25:15.636898] nvme_rdma.c:2525:nvme_rdma_poller_create: *NOTICE*: Created SRQ 0x7f43f4000e68, device mlx5_0
1: [2021-10-01 17:25:15.637000] nvme_rdma.c: 928:nvme_rdma_register_rsps: *NOTICE*: res->poller->pd: 0x7f43f4000e30
1: [2021-10-01 17:25:15.637017] nvme_rdma.c:1020:nvme_rdma_create_resources: *NOTICE*: Created resources: qp (nil), poller 0x7f43f0000b40, num_entries 128
1: [2021-10-01 17:25:15.637053] nvme_rdma.c:1020:nvme_rdma_create_resources: *NOTICE*: Created resources: qp (nil), poller 0x7f4438008900, num_entries 128
1: [2021-10-01 17:25:15.637159] nvme_rdma.c:1020:nvme_rdma_create_resources: *NOTICE*: Created resources: qp (nil), poller 0x7f43f4000b40, num_entries 128
1: [2021-10-01 17:25:15.637309] nvme_rdma.c:2525:nvme_rdma_poller_create: *NOTICE*: Created SRQ 0x7f4404000e68, device mlx5_0
1: [2021-10-01 17:25:15.637450] nvme_rdma.c: 928:nvme_rdma_register_rsps: *NOTICE*: res->poller->pd: 0x7f4404000e30
1: [2021-10-01 17:25:15.637623] nvme_rdma.c:1020:nvme_rdma_create_resources: *NOTICE*: Created resources: qp (nil), poller 0x7f4404000b40, num_entries 128
1: [2021-10-01 17:25:15.637766] nvme_rdma.c:2525:nvme_rdma_poller_create: *NOTICE*: Created SRQ 0x1284048, device mlx5_0
1: [2021-10-01 17:25:15.637767] nvme_rdma.c:2525:nvme_rdma_poller_create: *NOTICE*: Created SRQ 0x7f4428008bf8, device mlx5_1
1: [2021-10-01 17:25:15.637791] nvme_rdma.c: 928:nvme_rdma_register_rsps: *NOTICE*: res->poller->pd: 0x12cbfc0
1: [2021-10-01 17:25:15.637885] nvme_rdma.c: 928:nvme_rdma_register_rsps: *NOTICE*: res->poller->pd: 0x7f4428000fc0
1: [2021-10-01 17:25:15.638070] nvme_rdma.c:2525:nvme_rdma_poller_create: *NOTICE*: Created SRQ 0x7f43ec000e58, device mlx5_0
1: [2021-10-01 17:25:15.638251] nvme_rdma.c: 928:nvme_rdma_register_rsps: *NOTICE*: res->poller->pd: 0x7f43ec000e20
1: [2021-10-01 17:25:15.638264] nvme_rdma.c:1020:nvme_rdma_create_resources: *NOTICE*: Created resources: qp (nil), poller 0x1283d50, num_entries 128
1: [2021-10-01 17:25:15.638291] nvme_rdma.c:1020:nvme_rdma_create_resources: *NOTICE*: Created resources: qp (nil), poller 0x7f4428008900, num_entries 128
1: [2021-10-01 17:25:15.638417] nvme_rdma.c:1020:nvme_rdma_create_resources: *NOTICE*: Created resources: qp (nil), poller 0x7f43ec000b30, num_entries 128
1: [2021-10-01 17:25:15.638603] nvme_rdma.c:2525:nvme_rdma_poller_create: *NOTICE*: Created SRQ 0x7f441c008bf8, device mlx5_1
1: [2021-10-01 17:25:15.638665] nvme_rdma.c: 928:nvme_rdma_register_rsps: *NOTICE*: res->poller->pd: 0x7f441c000fc0
1: [2021-10-01 17:25:15.638851] nvme_rdma.c:2525:nvme_rdma_poller_create: *NOTICE*: Created SRQ 0x7f4434008bf8, device mlx5_1
1: [2021-10-01 17:25:15.638875] nvme_rdma.c: 928:nvme_rdma_register_rsps: *NOTICE*: res->poller->pd: 0x7f4434000fc0
1: [2021-10-01 17:25:15.639092] nvme_rdma.c:1020:nvme_rdma_create_resources: *NOTICE*: Created resources: qp (nil), poller 0x7f4434008900, num_entries 128
1: [2021-10-01 17:25:15.639094] nvme_rdma.c:1020:nvme_rdma_create_resources: *NOTICE*: Created resources: qp (nil), poller 0x7f441c008900, num_entries 128
1: [2021-10-01 17:25:15.639877] nvme_rdma.c:2525:nvme_rdma_poller_create: *NOTICE*: Created SRQ 0x7f43e4000e68, device mlx5_0
1: [2021-10-01 17:25:15.639907] nvme_rdma.c: 928:nvme_rdma_register_rsps: *NOTICE*: res->poller->pd: 0x7f43e4000e30
1: [2021-10-01 17:25:15.639956] nvme_rdma.c:1020:nvme_rdma_create_resources: *NOTICE*: Created resources: qp (nil), poller 0x7f43e4000b40, num_entries 128
1: [2021-10-01 17:25:15.640123] nvme_rdma.c:2525:nvme_rdma_poller_create: *NOTICE*: Created SRQ 0x7f4420008bf8, device mlx5_1
1: [2021-10-01 17:25:15.640144] nvme_rdma.c: 928:nvme_rdma_register_rsps: *NOTICE*: res->poller->pd: 0x7f4420000fc0
1: [2021-10-01 17:25:15.640185] nvme_rdma.c:1020:nvme_rdma_create_resources: *NOTICE*: Created resources: qp (nil), poller 0x7f4420008900, num_entries 128
1: [2021-10-01 17:25:15.640352] nvme_rdma.c:2525:nvme_rdma_poller_create: *NOTICE*: Created SRQ 0x7f43e8000e68, device mlx5_0
1: [2021-10-01 17:25:15.640376] nvme_rdma.c: 928:nvme_rdma_register_rsps: *NOTICE*: res->poller->pd: 0x7f43e8000e30
1: [2021-10-01 17:25:15.640409] nvme_rdma.c:1020:nvme_rdma_create_resources: *NOTICE*: Created resources: qp (nil), poller 0x7f43e8000b40, num_entries 128
1: [2021-10-01 17:25:15.640770] nvme_rdma.c:2525:nvme_rdma_poller_create: *NOTICE*: Created SRQ 0x7f43d4000e68, device mlx5_0
1: [2021-10-01 17:25:15.640798] nvme_rdma.c: 928:nvme_rdma_register_rsps: *NOTICE*: res->poller->pd: 0x7f43d4000e30
1: [2021-10-01 17:25:15.640835] nvme_rdma.c:1020:nvme_rdma_create_resources: *NOTICE*: Created resources: qp (nil), poller 0x7f43d4000b40, num_entries 128
1: [2021-10-01 17:25:15.641034] nvme_rdma.c:2525:nvme_rdma_poller_create: *NOTICE*: Created SRQ 0x7f43f8000ed8, device mlx5_0
1: [2021-10-01 17:25:15.641056] nvme_rdma.c: 928:nvme_rdma_register_rsps: *NOTICE*: res->poller->pd: 0x7f43f8000b00
1: [2021-10-01 17:25:15.641093] nvme_rdma.c:1020:nvme_rdma_create_resources: *NOTICE*: Created resources: qp (nil), poller 0x7f43f8000be0, num_entries 128
1: [2021-10-01 17:25:15.641273] nvme_rdma.c:2525:nvme_rdma_poller_create: *NOTICE*: Created SRQ 0x7f43cc000e68, device mlx5_0
1: [2021-10-01 17:25:15.641299] nvme_rdma.c: 928:nvme_rdma_register_rsps: *NOTICE*: res->poller->pd: 0x7f43cc000e30
1: [2021-10-01 17:25:15.641335] nvme_rdma.c:1020:nvme_rdma_create_resources: *NOTICE*: Created resources: qp (nil), poller 0x7f43cc000b40, num_entries 128
1: [2021-10-01 17:25:15.641450] nvme_rdma.c:2525:nvme_rdma_poller_create: *NOTICE*: Created SRQ 0x7f4414008bf8, device mlx5_1
1: [2021-10-01 17:25:15.641470] nvme_rdma.c: 928:nvme_rdma_register_rsps: *NOTICE*: res->poller->pd: 0x7f4414000fc0
1: [2021-10-01 17:25:15.641488] nvme_rdma.c:2525:nvme_rdma_poller_create: *NOTICE*: Created SRQ 0x7f43dc000e68, device mlx5_0
1: [2021-10-01 17:25:15.641512] nvme_rdma.c: 928:nvme_rdma_register_rsps: *NOTICE*: res->poller->pd: 0x7f43dc000e30
1: [2021-10-01 17:25:15.641528] nvme_rdma.c:1020:nvme_rdma_create_resources: *NOTICE*: Created resources: qp (nil), poller 0x7f4414008900, num_entries 128
1: [2021-10-01 17:25:15.641553] nvme_rdma.c:1020:nvme_rdma_create_resources: *NOTICE*: Created resources: qp (nil), poller 0x7f43dc000b40, num_entries 128
4: [2021-10-01 17:25:15.641220] nvme_rdma.c:2525:nvme_rdma_poller_create: *NOTICE*: Created SRQ 0x7f7a34000e58, device mlx5_0
4: [2021-10-01 17:25:15.641258] nvme_rdma.c: 928:nvme_rdma_register_rsps: *NOTICE*: res->poller->pd: 0x7f7a34000e20
4: [2021-10-01 17:25:15.641314] nvme_rdma.c:1020:nvme_rdma_create_resources: *NOTICE*: Created resources: qp (nil), poller 0x7f7a34000b30, num_entries 128
1: [2021-10-01 17:25:15.641848] nvme_rdma.c:2525:nvme_rdma_poller_create: *NOTICE*: Created SRQ 0x7f4404008bf8, device mlx5_1
1: [2021-10-01 17:25:15.641870] nvme_rdma.c: 928:nvme_rdma_register_rsps: *NOTICE*: res->poller->pd: 0x7f4404000fd0
1: [2021-10-01 17:25:15.641906] nvme_rdma.c:1020:nvme_rdma_create_resources: *NOTICE*: Created resources: qp (nil), poller 0x7f4404008900, num_entries 128
4: [2021-10-01 17:25:15.641602] nvme_rdma.c:2525:nvme_rdma_poller_create: *NOTICE*: Created SRQ 0x7f7a24000e58, device mlx5_0
4: [2021-10-01 17:25:15.641652] nvme_rdma.c: 928:nvme_rdma_register_rsps: *NOTICE*: res->poller->pd: 0x7f7a24000e20
4: [2021-10-01 17:25:15.642014] nvme_rdma.c:1020:nvme_rdma_create_resources: *NOTICE*: Created resources: qp (nil), poller 0x7f7a24000b30, num_entries 128
1: [2021-10-01 17:25:15.642635] nvme_rdma.c:2525:nvme_rdma_poller_create: *NOTICE*: Created SRQ 0x7f4408008bf8, device mlx5_1
1: [2021-10-01 17:25:15.642656] nvme_rdma.c: 928:nvme_rdma_register_rsps: *NOTICE*: res->poller->pd: 0x7f4408000fc0
1: [2021-10-01 17:25:15.642701] nvme_rdma.c:1020:nvme_rdma_create_resources: *NOTICE*: Created resources: qp (nil), poller 0x7f4408008900, num_entries 128
4: [2021-10-01 17:25:15.642263] nvme_rdma.c:2525:nvme_rdma_poller_create: *NOTICE*: Created SRQ 0x7f7a28000e58, device mlx5_0
4: [2021-10-01 17:25:15.642407] nvme_rdma.c: 928:nvme_rdma_register_rsps: *NOTICE*: res->poller->pd: 0x7f7a28000e20
4: [2021-10-01 17:25:15.642454] nvme_rdma.c:1020:nvme_rdma_create_resources: *NOTICE*: Created resources: qp (nil), poller 0x7f7a28000b30, num_entries 128
1: [2021-10-01 17:25:15.643190] nvme_rdma.c:2525:nvme_rdma_poller_create: *NOTICE*: Created SRQ 0x7f4400008bf8, device mlx5_1
1: [2021-10-01 17:25:15.643206] nvme_rdma.c: 928:nvme_rdma_register_rsps: *NOTICE*: res->poller->pd: 0x7f4400000fc0
1: [2021-10-01 17:25:15.643242] nvme_rdma.c:1020:nvme_rdma_create_resources: *NOTICE*: Created resources: qp (nil), poller 0x7f4400008900, num_entries 128
1: mlx5dv_reserved_qpn_alloc 1 1
4: [2021-10-01 17:25:15.643229] nvme_rdma.c:2525:nvme_rdma_poller_create: *NOTICE*: Created SRQ 0x7f7a14000e58, device mlx5_0
1: [2021-10-01 17:25:15.643864] nvme_rdma.c:2525:nvme_rdma_poller_create: *NOTICE*: Created SRQ 0x7f440c001bf8, device mlx5_1
4: [2021-10-01 17:25:15.643530] nvme_rdma.c:2525:nvme_rdma_poller_create: *NOTICE*: Created SRQ 0x7f7a34008c68, device mlx5_1
1: [2021-10-01 17:25:15.643884] nvme_rdma.c: 928:nvme_rdma_register_rsps: *NOTICE*: res->poller->pd: 0x7f440c000b30
1: [2021-10-01 17:25:15.643923] nvme_rdma.c:1020:nvme_rdma_create_resources: *NOTICE*: Created resources: qp (nil), poller 0x7f440c001900, num_entries 128
4: [2021-10-01 17:25:15.643535] nvme_rdma.c: 928:nvme_rdma_register_rsps: *NOTICE*: res->poller->pd: 0x7f7a14000e20
4: [2021-10-01 17:25:15.643569] nvme_rdma.c: 928:nvme_rdma_register_rsps: *NOTICE*: res->poller->pd: 0x7f7a34000fc0
1: [2021-10-01 17:25:15.644059] nvme_rdma.c:2525:nvme_rdma_poller_create: *NOTICE*: Created SRQ 0x7f43ec008bf8, device mlx5_1
4: [2021-10-01 17:25:15.643629] nvme_rdma.c:1020:nvme_rdma_create_resources: *NOTICE*: Created resources: qp (nil), poller 0x7f7a14000b30, num_entries 128
4: [2021-10-01 17:25:15.643666] nvme_rdma.c:1020:nvme_rdma_create_resources: *NOTICE*: Created resources: qp (nil), poller 0x7f7a34008900, num_entries 128
4: [2021-10-01 17:25:15.643687] nvme_rdma.c:2525:nvme_rdma_poller_create: *NOTICE*: Created SRQ 0x7f7a1c000e58, device mlx5_0
1: [2021-10-01 17:25:15.644092] nvme_rdma.c: 928:nvme_rdma_register_rsps: *NOTICE*: res->poller->pd: 0x7f43ec000fc0
1: [2021-10-01 17:25:15.644128] nvme_rdma.c:1020:nvme_rdma_create_resources: *NOTICE*: Created resources: qp (nil), poller 0x7f43ec008900, num_entries 128
4: [2021-10-01 17:25:15.643712] nvme_rdma.c: 928:nvme_rdma_register_rsps: *NOTICE*: res->poller->pd: 0x7f7a1c000e20
4: [2021-10-01 17:25:15.643759] nvme_rdma.c:1020:nvme_rdma_create_resources: *NOTICE*: Created resources: qp (nil), poller 0x7f7a1c000b30, num_entries 128
1: [2021-10-01 17:25:15.644275] nvme_rdma.c:2525:nvme_rdma_poller_create: *NOTICE*: Created SRQ 0x7f442c008bf8, device mlx5_1
4: [2021-10-01 17:25:15.643823] nvme_rdma.c:2525:nvme_rdma_poller_create: *NOTICE*: Created SRQ 0x7f7a24008bf8, device mlx5_1
1: [2021-10-01 17:25:15.644308] nvme_rdma.c: 928:nvme_rdma_register_rsps: *NOTICE*: res->poller->pd: 0x7f442c000fc0
1: [2021-10-01 17:25:15.644348] nvme_rdma.c:1020:nvme_rdma_create_resources: *NOTICE*: Created resources: qp (nil), poller 0x7f442c008900, num_entries 128
4: [2021-10-01 17:25:15.644002] nvme_rdma.c:2525:nvme_rdma_poller_create: *NOTICE*: Created SRQ 0x7f7a0c000e58, device mlx5_0
4: [2021-10-01 17:25:15.644082] nvme_rdma.c: 928:nvme_rdma_register_rsps: *NOTICE*: res->poller->pd: 0x7f7a24000fc0
1: [2021-10-01 17:25:15.644496] nvme_rdma.c:2525:nvme_rdma_poller_create: *NOTICE*: Created SRQ 0x7f43e8008bf8, device mlx5_1
4: [2021-10-01 17:25:15.644152] nvme_rdma.c: 928:nvme_rdma_register_rsps: *NOTICE*: res->poller->pd: 0x7f7a0c000e20
1: [2021-10-01 17:25:15.644515] nvme_rdma.c: 928:nvme_rdma_register_rsps: *NOTICE*: res->poller->pd: 0x7f43e8000fd0
1: [2021-10-01 17:25:15.644550] nvme_rdma.c:1020:nvme_rdma_create_resources: *NOTICE*: Created resources: qp (nil), poller 0x7f43e8008900, num_entries 128
4: [2021-10-01 17:25:15.644211] nvme_rdma.c:1020:nvme_rdma_create_resources: *NOTICE*: Created resources: qp (nil), poller 0x7f7a24008900, num_entries 128
4: [2021-10-01 17:25:15.644234] nvme_rdma.c:1020:nvme_rdma_create_resources: *NOTICE*: Created resources: qp (nil), poller 0x7f7a0c000b30, num_entries 128
4: [2021-10-01 17:25:15.644336] nvme_rdma.c:2525:nvme_rdma_poller_create: *NOTICE*: Created SRQ 0x7f7a28008bf8, device mlx5_1
4: [2021-10-01 17:25:15.644357] nvme_rdma.c: 928:nvme_rdma_register_rsps: *NOTICE*: res->poller->pd: 0x7f7a28000fc0
4: [2021-10-01 17:25:15.644433] nvme_rdma.c:1020:nvme_rdma_create_resources: *NOTICE*: Created resources: qp (nil), poller 0x7f7a28008900, num_entries 128
1: [2021-10-01 17:25:15.645584] nvme_rdma.c:2525:nvme_rdma_poller_create: *NOTICE*: Created SRQ 0x7f43dc008c18, device mlx5_1
1: [2021-10-01 17:25:15.645615] nvme_rdma.c: 928:nvme_rdma_register_rsps: *NOTICE*: res->poller->pd: 0x7f43dc000fd0
1: [2021-10-01 17:25:15.645652] nvme_rdma.c:1020:nvme_rdma_create_resources: *NOTICE*: Created resources: qp (nil), poller 0x7f43dc008920, num_entries 128
1: [2021-10-01 17:25:15.645796] nvme_rdma.c:2525:nvme_rdma_poller_create: *NOTICE*: Created SRQ 0x7f4424008bf8, device mlx5_1
1: [2021-10-01 17:25:15.645830] nvme_rdma.c: 928:nvme_rdma_register_rsps: *NOTICE*: res->poller->pd: 0x7f4424000fc0
1: [2021-10-01 17:25:15.645867] nvme_rdma.c:1020:nvme_rdma_create_resources: *NOTICE*: Created resources: qp (nil), poller 0x7f4424008900, num_entries 128
1: [2021-10-01 17:25:15.646007] nvme_rdma.c:2525:nvme_rdma_poller_create: *NOTICE*: Created SRQ 0x7f43f4008bf8, device mlx5_1
1: [2021-10-01 17:25:15.646025] nvme_rdma.c: 928:nvme_rdma_register_rsps: *NOTICE*: res->poller->pd: 0x7f43f4000fd0
1: [2021-10-01 17:25:15.646060] nvme_rdma.c:1020:nvme_rdma_create_resources: *NOTICE*: Created resources: qp (nil), poller 0x7f43f4008900, num_entries 128
1: [2021-10-01 17:25:15.646209] nvme_rdma.c:2525:nvme_rdma_poller_create: *NOTICE*: Created SRQ 0x7f43f8001bf8, device mlx5_1
1: [2021-10-01 17:25:15.646227] nvme_rdma.c: 928:nvme_rdma_register_rsps: *NOTICE*: res->poller->pd: 0x7f43f8000b30
1: [2021-10-01 17:25:15.646266] nvme_rdma.c:1020:nvme_rdma_create_resources: *NOTICE*: Created resources: qp (nil), poller 0x7f43f8001900, num_entries 128
1: [2021-10-01 17:25:15.646412] nvme_rdma.c:2525:nvme_rdma_poller_create: *NOTICE*: Created SRQ 0x7f43f0008bf8, device mlx5_1
1: [2021-10-01 17:25:15.646432] nvme_rdma.c: 928:nvme_rdma_register_rsps: *NOTICE*: res->poller->pd: 0x7f43f0000fd0
1: [2021-10-01 17:25:15.646465] nvme_rdma.c:1020:nvme_rdma_create_resources: *NOTICE*: Created resources: qp (nil), poller 0x7f43f0008900, num_entries 128
1: [2021-10-01 17:25:15.646624] nvme_rdma.c:2525:nvme_rdma_poller_create: *NOTICE*: Created SRQ 0x7f4410008bf8, device mlx5_1
1: [2021-10-01 17:25:15.646644] nvme_rdma.c: 928:nvme_rdma_register_rsps: *NOTICE*: res->poller->pd: 0x7f4410000fc0
1: [2021-10-01 17:25:15.646682] nvme_rdma.c:1020:nvme_rdma_create_resources: *NOTICE*: Created resources: qp (nil), poller 0x7f4410008900, num_entries 128
4: [2021-10-01 17:25:15.646326] nvme_rdma.c:2525:nvme_rdma_poller_create: *NOTICE*: Created SRQ 0x7f7a20000e58, device mlx5_0
4: [2021-10-01 17:25:15.646365] nvme_rdma.c: 928:nvme_rdma_register_rsps: *NOTICE*: res->poller->pd: 0x7f7a20000e20
4: [2021-10-01 17:25:15.646409] nvme_rdma.c:1020:nvme_rdma_create_resources: *NOTICE*: Created resources: qp (nil), poller 0x7f7a20000b30, num_entries 128
1: [2021-10-01 17:25:15.646826] nvme_rdma.c:2525:nvme_rdma_poller_create: *NOTICE*: Created SRQ 0x7f43e4008bf8, device mlx5_1
4: [2021-10-01 17:25:15.646423] nvme_rdma.c:2525:nvme_rdma_poller_create: *NOTICE*: Created SRQ 0x7f7a14008bf8, device mlx5_1
1: [2021-10-01 17:25:15.646848] nvme_rdma.c: 928:nvme_rdma_register_rsps: *NOTICE*: res->poller->pd: 0x7f43e4000fd0
4: [2021-10-01 17:25:15.646437] nvme_rdma.c: 928:nvme_rdma_register_rsps: *NOTICE*: res->poller->pd: 0x7f7a14000fc0
1: [2021-10-01 17:25:15.646881] nvme_rdma.c:1020:nvme_rdma_create_resources: *NOTICE*: Created resources: qp (nil), poller 0x7f43e4008900, num_entries 128
4: [2021-10-01 17:25:15.646486] nvme_rdma.c:1020:nvme_rdma_create_resources: *NOTICE*: Created resources: qp (nil), poller 0x7f7a14008900, num_entries 128
1: [2021-10-01 17:25:15.647033] nvme_rdma.c:2525:nvme_rdma_poller_create: *NOTICE*: Created SRQ 0x12802f8, device mlx5_1
4: [2021-10-01 17:25:15.646672] nvme_rdma.c:2525:nvme_rdma_poller_create: *NOTICE*: Created SRQ 0x7f7a10000e58, device mlx5_0
1: [2021-10-01 17:25:15.647054] nvme_rdma.c: 928:nvme_rdma_register_rsps: *NOTICE*: res->poller->pd: 0x1288ff0
1: [2021-10-01 17:25:15.647095] nvme_rdma.c:1020:nvme_rdma_create_resources: *NOTICE*: Created resources: qp (nil), poller 0x12892a0, num_entries 128
4: [2021-10-01 17:25:15.646706] nvme_rdma.c: 928:nvme_rdma_register_rsps: *NOTICE*: res->poller->pd: 0x7f7a10000e20
4: [2021-10-01 17:25:15.646717] nvme_rdma.c:2525:nvme_rdma_poller_create: *NOTICE*: Created SRQ 0x7f7a0c008bf8, device mlx5_1
4: [2021-10-01 17:25:15.646742] nvme_rdma.c: 928:nvme_rdma_register_rsps: *NOTICE*: res->poller->pd: 0x7f7a0c000fc0
4: [2021-10-01 17:25:15.646754] nvme_rdma.c:1020:nvme_rdma_create_resources: *NOTICE*: Created resources: qp (nil), poller 0x7f7a10000b30, num_entries 128
1: [2021-10-01 17:25:15.647241] nvme_rdma.c:2525:nvme_rdma_poller_create: *NOTICE*: Created SRQ 0x7f43cc008bf8, device mlx5_1
4: [2021-10-01 17:25:15.646780] nvme_rdma.c:1020:nvme_rdma_create_resources: *NOTICE*: Created resources: qp (nil), poller 0x7f7a0c008900, num_entries 128
1: [2021-10-01 17:25:15.647259] nvme_rdma.c: 928:nvme_rdma_register_rsps: *NOTICE*: res->poller->pd: 0x7f43cc000fd0
1: [2021-10-01 17:25:15.647293] nvme_rdma.c:1020:nvme_rdma_create_resources: *NOTICE*: Created resources: qp (nil), poller 0x7f43cc008900, num_entries 128
1: [2021-10-01 17:25:15.647431] nvme_rdma.c:2525:nvme_rdma_poller_create: *NOTICE*: Created SRQ 0x7f43d4008bf8, device mlx5_1
4: [2021-10-01 17:25:15.647028] nvme_rdma.c:2525:nvme_rdma_poller_create: *NOTICE*: Created SRQ 0x7f7a30000e58, device mlx5_0
1: [2021-10-01 17:25:15.647452] nvme_rdma.c: 928:nvme_rdma_register_rsps: *NOTICE*: res->poller->pd: 0x7f43d4000fd0
4: [2021-10-01 17:25:15.647059] nvme_rdma.c: 928:nvme_rdma_register_rsps: *NOTICE*: res->poller->pd: 0x7f7a30000e20
1: [2021-10-01 17:25:15.647479] nvme_rdma.c:1020:nvme_rdma_create_resources: *NOTICE*: Created resources: qp (nil), poller 0x7f43d4008900, num_entries 128
4: [2021-10-01 17:25:15.647109] nvme_rdma.c:1020:nvme_rdma_create_resources: *NOTICE*: Created resources: qp (nil), poller 0x7f7a30000b30, num_entries 128
4: [2021-10-01 17:25:15.647152] nvme_rdma.c:2525:nvme_rdma_poller_create: *NOTICE*: Created SRQ 0x7f7a1c008bf8, device mlx5_1
4: [2021-10-01 17:25:15.647172] nvme_rdma.c: 928:nvme_rdma_register_rsps: *NOTICE*: res->poller->pd: 0x7f7a1c000fc0
4: [2021-10-01 17:25:15.647226] nvme_rdma.c:1020:nvme_rdma_create_resources: *NOTICE*: Created resources: qp (nil), poller 0x7f7a1c008900, num_entries 128
4: [2021-10-01 17:25:15.647394] nvme_rdma.c:2525:nvme_rdma_poller_create: *NOTICE*: Created SRQ 0x7f79fc000e58, device mlx5_0
4: [2021-10-01 17:25:15.647419] nvme_rdma.c: 928:nvme_rdma_register_rsps: *NOTICE*: res->poller->pd: 0x7f79fc000e20
4: [2021-10-01 17:25:15.647457] nvme_rdma.c:1020:nvme_rdma_create_resources: *NOTICE*: Created resources: qp (nil), poller 0x7f79fc000b30, num_entries 128
4: [2021-10-01 17:25:15.647903] nvme_rdma.c:2525:nvme_rdma_poller_create: *NOTICE*: Created SRQ 0x7f7a20008bf8, device mlx5_1
4: [2021-10-01 17:25:15.647921] nvme_rdma.c: 928:nvme_rdma_register_rsps: *NOTICE*: res->poller->pd: 0x7f7a20000fc0
4: [2021-10-01 17:25:15.647967] nvme_rdma.c:1020:nvme_rdma_create_resources: *NOTICE*: Created resources: qp (nil), poller 0x7f7a20008900, num_entries 128
4: [2021-10-01 17:25:15.648054] nvme_rdma.c:2525:nvme_rdma_poller_create: *NOTICE*: Created SRQ 0x7f7a18000ed8, device mlx5_0
0: [2021-10-01 17:25:15.648301] rdma.c:2990:nvmf_process_cm_event: *NOTICE*: In RDMA_CM_EVENT_CONNECT_REQUEST
0: mlx5dv_reserved_qpn_alloc 1 1
4: [2021-10-01 17:25:15.648085] nvme_rdma.c: 928:nvme_rdma_register_rsps: *NOTICE*: res->poller->pd: 0x7f7a18000b00
4: [2021-10-01 17:25:15.648124] nvme_rdma.c:1020:nvme_rdma_create_resources: *NOTICE*: Created resources: qp (nil), poller 0x7f7a18000be0, num_entries 128
1: [2021-10-01 17:25:15.648682] nvme_rdma.c:1386:_nvme_rdma_ctrlr_connect_qpair: *NOTICE*: Connect rdma qpair: pg 0x7f4418000a90, srq depth 128
4: [2021-10-01 17:25:15.648312] nvme_rdma.c:2525:nvme_rdma_poller_create: *NOTICE*: Created SRQ 0x7f7a10008bf8, device mlx5_1
4: [2021-10-01 17:25:15.648330] nvme_rdma.c: 928:nvme_rdma_register_rsps: *NOTICE*: res->poller->pd: 0x7f7a10000fc0
4: [2021-10-01 17:25:15.648367] nvme_rdma.c:1020:nvme_rdma_create_resources: *NOTICE*: Created resources: qp (nil), poller 0x7f7a10008900, num_entries 128
4: [2021-10-01 17:25:15.648383] nvme_rdma.c:2525:nvme_rdma_poller_create: *NOTICE*: Created SRQ 0x7f79f8000e58, device mlx5_0
4: [2021-10-01 17:25:15.648406] nvme_rdma.c: 928:nvme_rdma_register_rsps: *NOTICE*: res->poller->pd: 0x7f79f8000e20
4: [2021-10-01 17:25:15.648439] nvme_rdma.c:1020:nvme_rdma_create_resources: *NOTICE*: Created resources: qp (nil), poller 0x7f79f8000b30, num_entries 128
4: [2021-10-01 17:25:15.648615] nvme_rdma.c:2525:nvme_rdma_poller_create: *NOTICE*: Created SRQ 0x7f7a30008bf8, device mlx5_1
4: [2021-10-01 17:25:15.648631] nvme_rdma.c: 928:nvme_rdma_register_rsps: *NOTICE*: res->poller->pd: 0x7f7a30000fc0
4: [2021-10-01 17:25:15.648668] nvme_rdma.c:1020:nvme_rdma_create_resources: *NOTICE*: Created resources: qp (nil), poller 0x7f7a30008900, num_entries 128
4: [2021-10-01 17:25:15.648787] nvme_rdma.c:2525:nvme_rdma_poller_create: *NOTICE*: Created SRQ 0x7f79f4000e58, device mlx5_0
4: [2021-10-01 17:25:15.648811] nvme_rdma.c: 928:nvme_rdma_register_rsps: *NOTICE*: res->poller->pd: 0x7f79f4000e20
4: [2021-10-01 17:25:15.648845] nvme_rdma.c:1020:nvme_rdma_create_resources: *NOTICE*: Created resources: qp (nil), poller 0x7f79f4000b30, num_entries 128
4: [2021-10-01 17:25:15.649005] nvme_rdma.c:2525:nvme_rdma_poller_create: *NOTICE*: Created SRQ 0x7f79fc008bf8, device mlx5_1
4: [2021-10-01 17:25:15.649022] nvme_rdma.c: 928:nvme_rdma_register_rsps: *NOTICE*: res->poller->pd: 0x7f79fc000fc0
4: [2021-10-01 17:25:15.649060] nvme_rdma.c:1020:nvme_rdma_create_resources: *NOTICE*: Created resources: qp (nil), poller 0x7f79fc008900, num_entries 128
4: [2021-10-01 17:25:15.649521] nvme_rdma.c:2525:nvme_rdma_poller_create: *NOTICE*: Created SRQ 0x7f7a18001bf8, device mlx5_1
4: [2021-10-01 17:25:15.649547] nvme_rdma.c: 928:nvme_rdma_register_rsps: *NOTICE*: res->poller->pd: 0x7f7a18000b30
4: [2021-10-01 17:25:15.649587] nvme_rdma.c:1020:nvme_rdma_create_resources: *NOTICE*: Created resources: qp (nil), poller 0x7f7a18001900, num_entries 128
4: [2021-10-01 17:25:15.649764] nvme_rdma.c:2525:nvme_rdma_poller_create: *NOTICE*: Created SRQ 0x7f79f8008bf8, device mlx5_1
4: [2021-10-01 17:25:15.649778] nvme_rdma.c: 928:nvme_rdma_register_rsps: *NOTICE*: res->poller->pd: 0x7f79f8000fc0
4: [2021-10-01 17:25:15.649810] nvme_rdma.c:1020:nvme_rdma_create_resources: *NOTICE*: Created resources: qp (nil), poller 0x7f79f8008900, num_entries 128
4: [2021-10-01 17:25:15.650001] nvme_rdma.c:2525:nvme_rdma_poller_create: *NOTICE*: Created SRQ 0x7f79ec000e58, device mlx5_0
4: [2021-10-01 17:25:15.650022] nvme_rdma.c: 928:nvme_rdma_register_rsps: *NOTICE*: res->poller->pd: 0x7f79ec000e20
4: [2021-10-01 17:25:15.650048] nvme_rdma.c:2525:nvme_rdma_poller_create: *NOTICE*: Created SRQ 0x7f79f4008c28, device mlx5_1
4: [2021-10-01 17:25:15.650059] nvme_rdma.c:1020:nvme_rdma_create_resources: *NOTICE*: Created resources: qp (nil), poller 0x7f79ec000b30, num_entries 128
4: [2021-10-01 17:25:15.650062] nvme_rdma.c: 928:nvme_rdma_register_rsps: *NOTICE*: res->poller->pd: 0x7f79f4008bf0
4: [2021-10-01 17:25:15.650113] nvme_rdma.c:1020:nvme_rdma_create_resources: *NOTICE*: Created resources: qp (nil), poller 0x7f79f4008900, num_entries 128
4: [2021-10-01 17:25:15.650466] nvme_rdma.c:2525:nvme_rdma_poller_create: *NOTICE*: Created SRQ 0x7f79f0000e68, device mlx5_0
4: [2021-10-01 17:25:15.650495] nvme_rdma.c: 928:nvme_rdma_register_rsps: *NOTICE*: res->poller->pd: 0x7f79f0000e30
4: [2021-10-01 17:25:15.650527] nvme_rdma.c:1020:nvme_rdma_create_resources: *NOTICE*: Created resources: qp (nil), poller 0x7f79f0000b40, num_entries 128
4: [2021-10-01 17:25:15.651071] nvme_rdma.c:2525:nvme_rdma_poller_create: *NOTICE*: Created SRQ 0x7f79ec008bf8, device mlx5_1
4: [2021-10-01 17:25:15.651089] nvme_rdma.c: 928:nvme_rdma_register_rsps: *NOTICE*: res->poller->pd: 0x7f79ec000fc0
4: [2021-10-01 17:25:15.651216] nvme_rdma.c:1020:nvme_rdma_create_resources: *NOTICE*: Created resources: qp (nil), poller 0x7f79ec008900, num_entries 128
4: [2021-10-01 17:25:15.651311] nvme_rdma.c:2525:nvme_rdma_poller_create: *NOTICE*: Created SRQ 0x7f7a08000e68, device mlx5_0
4: [2021-10-01 17:25:15.651333] nvme_rdma.c: 928:nvme_rdma_register_rsps: *NOTICE*: res->poller->pd: 0x7f7a08000e30
4: [2021-10-01 17:25:15.651366] nvme_rdma.c:1020:nvme_rdma_create_resources: *NOTICE*: Created resources: qp (nil), poller 0x7f7a08000b40, num_entries 128
1: mlx5dv_reserved_qpn_alloc 1 1
4: [2021-10-01 17:25:15.651504] nvme_rdma.c:2525:nvme_rdma_poller_create: *NOTICE*: Created SRQ 0x7f79f0008bf8, device mlx5_1
4: [2021-10-01 17:25:15.651520] nvme_rdma.c: 928:nvme_rdma_register_rsps: *NOTICE*: res->poller->pd: 0x7f79f0000fd0
4: [2021-10-01 17:25:15.651563] nvme_rdma.c:1020:nvme_rdma_create_resources: *NOTICE*: Created resources: qp (nil), poller 0x7f79f0008900, num_entries 128
4: [2021-10-01 17:25:15.651874] nvme_rdma.c:2525:nvme_rdma_poller_create: *NOTICE*: Created SRQ 0x7f7a04000e58, device mlx5_0
4: [2021-10-01 17:25:15.651898] nvme_rdma.c: 928:nvme_rdma_register_rsps: *NOTICE*: res->poller->pd: 0x7f7a04000e20
4: [2021-10-01 17:25:15.651935] nvme_rdma.c:1020:nvme_rdma_create_resources: *NOTICE*: Created resources: qp (nil), poller 0x7f7a04000b30, num_entries 128
4: [2021-10-01 17:25:15.652293] nvme_rdma.c:2525:nvme_rdma_poller_create: *NOTICE*: Created SRQ 0x7f7a08008bf8, device mlx5_1
4: [2021-10-01 17:25:15.652312] nvme_rdma.c: 928:nvme_rdma_register_rsps: *NOTICE*: res->poller->pd: 0x7f7a08000fd0
4: [2021-10-01 17:25:15.652343] nvme_rdma.c:1020:nvme_rdma_create_resources: *NOTICE*: Created resources: qp (nil), poller 0x7f7a08008900, num_entries 128
4: [2021-10-01 17:25:15.652392] nvme_rdma.c:2525:nvme_rdma_poller_create: *NOTICE*: Created SRQ 0x7f79e4000e68, device mlx5_0
4: [2021-10-01 17:25:15.652409] nvme_rdma.c: 928:nvme_rdma_register_rsps: *NOTICE*: res->poller->pd: 0x7f79e4000e30
4: [2021-10-01 17:25:15.652438] nvme_rdma.c:1020:nvme_rdma_create_resources: *NOTICE*: Created resources: qp (nil), poller 0x7f79e4000b40, num_entries 128
4: [2021-10-01 17:25:15.653088] nvme_rdma.c:2525:nvme_rdma_poller_create: *NOTICE*: Created SRQ 0x7f7a04008bf8, device mlx5_1
4: [2021-10-01 17:25:15.653106] nvme_rdma.c: 928:nvme_rdma_register_rsps: *NOTICE*: res->poller->pd: 0x7f7a04000fc0
4: [2021-10-01 17:25:15.653156] nvme_rdma.c:1020:nvme_rdma_create_resources: *NOTICE*: Created resources: qp (nil), poller 0x7f7a04008900, num_entries 128
4: [2021-10-01 17:25:15.653190] nvme_rdma.c:2525:nvme_rdma_poller_create: *NOTICE*: Created SRQ 0x14c1048, device mlx5_0
4: [2021-10-01 17:25:15.653210] nvme_rdma.c: 928:nvme_rdma_register_rsps: *NOTICE*: res->poller->pd: 0x1508fc0
4: [2021-10-01 17:25:15.653249] nvme_rdma.c:1020:nvme_rdma_create_resources: *NOTICE*: Created resources: qp (nil), poller 0x14c0d50, num_entries 128
4: [2021-10-01 17:25:15.653393] nvme_rdma.c:2525:nvme_rdma_poller_create: *NOTICE*: Created SRQ 0x7f79e4008bf8, device mlx5_1
4: [2021-10-01 17:25:15.653413] nvme_rdma.c: 928:nvme_rdma_register_rsps: *NOTICE*: res->poller->pd: 0x7f79e4000fd0
4: [2021-10-01 17:25:15.653464] nvme_rdma.c:1020:nvme_rdma_create_resources: *NOTICE*: Created resources: qp (nil), poller 0x7f79e4008900, num_entries 128
4: [2021-10-01 17:25:15.653732] nvme_rdma.c:2525:nvme_rdma_poller_create: *NOTICE*: Created SRQ 0x7f79dc000e68, device mlx5_0
4: [2021-10-01 17:25:15.653761] nvme_rdma.c: 928:nvme_rdma_register_rsps: *NOTICE*: res->poller->pd: 0x7f79dc000e30
4: [2021-10-01 17:25:15.653798] nvme_rdma.c:1020:nvme_rdma_create_resources: *NOTICE*: Created resources: qp (nil), poller 0x7f79dc000b40, num_entries 128
4: [2021-10-01 17:25:15.654270] nvme_rdma.c:2525:nvme_rdma_poller_create: *NOTICE*: Created SRQ 0x14bd2f8, device mlx5_1
4: [2021-10-01 17:25:15.654296] nvme_rdma.c: 928:nvme_rdma_register_rsps: *NOTICE*: res->poller->pd: 0x14c5ff0
4: [2021-10-01 17:25:15.654332] nvme_rdma.c:1020:nvme_rdma_create_resources: *NOTICE*: Created resources: qp (nil), poller 0x14c62a0, num_entries 128
4: [2021-10-01 17:25:15.654506] nvme_rdma.c:2525:nvme_rdma_poller_create: *NOTICE*: Created SRQ 0x7f7a00000e68, device mlx5_0
4: [2021-10-01 17:25:15.654526] nvme_rdma.c: 928:nvme_rdma_register_rsps: *NOTICE*: res->poller->pd: 0x7f7a00000e30
4: [2021-10-01 17:25:15.654578] nvme_rdma.c:1020:nvme_rdma_create_resources: *NOTICE*: Created resources: qp (nil), poller 0x7f7a00000b40, num_entries 128
4: [2021-10-01 17:25:15.654820] nvme_rdma.c:2525:nvme_rdma_poller_create: *NOTICE*: Created SRQ 0x7f79e0000e68, device mlx5_0
4: [2021-10-01 17:25:15.654837] nvme_rdma.c: 928:nvme_rdma_register_rsps: *NOTICE*: res->poller->pd: 0x7f79e0000e30
4: [2021-10-01 17:25:15.654867] nvme_rdma.c:1020:nvme_rdma_create_resources: *NOTICE*: Created resources: qp (nil), poller 0x7f79e0000b40, num_entries 128
4: [2021-10-01 17:25:15.655451] nvme_rdma.c:2525:nvme_rdma_poller_create: *NOTICE*: Created SRQ 0x7f79e8000ed8, device mlx5_0
4: [2021-10-01 17:25:15.655473] nvme_rdma.c: 928:nvme_rdma_register_rsps: *NOTICE*: res->poller->pd: 0x7f79e8000b00
4: [2021-10-01 17:25:15.655505] nvme_rdma.c:1020:nvme_rdma_create_resources: *NOTICE*: Created resources: qp (nil), poller 0x7f79e8000be0, num_entries 128
4: [2021-10-01 17:25:15.655590] nvme_rdma.c:2525:nvme_rdma_poller_create: *NOTICE*: Created SRQ 0x7f7a00008bf8, device mlx5_1
4: [2021-10-01 17:25:15.655605] nvme_rdma.c: 928:nvme_rdma_register_rsps: *NOTICE*: res->poller->pd: 0x7f7a00000fd0
4: [2021-10-01 17:25:15.655651] nvme_rdma.c:1020:nvme_rdma_create_resources: *NOTICE*: Created resources: qp (nil), poller 0x7f7a00008900, num_entries 128
4: [2021-10-01 17:25:15.655882] nvme_rdma.c:2525:nvme_rdma_poller_create: *NOTICE*: Created SRQ 0x7f79e0008bf8, device mlx5_1
4: [2021-10-01 17:25:15.655899] nvme_rdma.c: 928:nvme_rdma_register_rsps: *NOTICE*: res->poller->pd: 0x7f79e0000fd0
4: [2021-10-01 17:25:15.655927] nvme_rdma.c:1020:nvme_rdma_create_resources: *NOTICE*: Created resources: qp (nil), poller 0x7f79e0008900, num_entries 128
4: [2021-10-01 17:25:15.655993] nvme_rdma.c:2525:nvme_rdma_poller_create: *NOTICE*: Created SRQ 0x7f79d4000e68, device mlx5_0
4: [2021-10-01 17:25:15.656009] nvme_rdma.c: 928:nvme_rdma_register_rsps: *NOTICE*: res->poller->pd: 0x7f79d4000e30
4: [2021-10-01 17:25:15.656041] nvme_rdma.c:1020:nvme_rdma_create_resources: *NOTICE*: Created resources: qp (nil), poller 0x7f79d4000b40, num_entries 128
4: [2021-10-01 17:25:15.656524] nvme_rdma.c:2525:nvme_rdma_poller_create: *NOTICE*: Created SRQ 0x7f79e8001bf8, device mlx5_1
4: [2021-10-01 17:25:15.656540] nvme_rdma.c: 928:nvme_rdma_register_rsps: *NOTICE*: res->poller->pd: 0x7f79e8000b30
4: [2021-10-01 17:25:15.656566] nvme_rdma.c:1020:nvme_rdma_create_resources: *NOTICE*: Created resources: qp (nil), poller 0x7f79e8001900, num_entries 128
4: [2021-10-01 17:25:15.656966] nvme_rdma.c:2525:nvme_rdma_poller_create: *NOTICE*: Created SRQ 0x7f79d4008c18, device mlx5_1
4: [2021-10-01 17:25:15.656980] nvme_rdma.c: 928:nvme_rdma_register_rsps: *NOTICE*: res->poller->pd: 0x7f79d4000fd0
4: [2021-10-01 17:25:15.657009] nvme_rdma.c:1020:nvme_rdma_create_resources: *NOTICE*: Created resources: qp (nil), poller 0x7f79d4008920, num_entries 128
0: [2021-10-01 17:25:15.658284] rdma.c:2990:nvmf_process_cm_event: *NOTICE*: In RDMA_CM_EVENT_CONNECT_REQUEST
0: mlx5dv_reserved_qpn_alloc 1 1
1: [2021-10-01 17:25:15.658665] nvme_rdma.c:1386:_nvme_rdma_ctrlr_connect_qpair: *NOTICE*: Connect rdma qpair: pg 0x7f4438000a90, srq depth 128
4: [2021-10-01 17:25:15.658985] nvme_rdma.c:2525:nvme_rdma_poller_create: *NOTICE*: Created SRQ 0x7f79dc008bf8, device mlx5_1
4: [2021-10-01 17:25:15.659005] nvme_rdma.c: 928:nvme_rdma_register_rsps: *NOTICE*: res->poller->pd: 0x7f79dc000fd0
4: [2021-10-01 17:25:15.659038] nvme_rdma.c:1020:nvme_rdma_create_resources: *NOTICE*: Created resources: qp (nil), poller 0x7f79dc008900, num_entries 128
4: mlx5dv_reserved_qpn_alloc 1 1
1: mlx5dv_reserved_qpn_alloc 1 1
3: EAL: No legacy callbacks, legacy socket not created
0: [2021-10-01 17:25:15.668268] rdma.c:2990:nvmf_process_cm_event: *NOTICE*: In RDMA_CM_EVENT_CONNECT_REQUEST
0: mlx5dv_reserved_qpn_alloc 1 1
0: [2021-10-01 17:25:15.668285] rdma.c:2990:nvmf_process_cm_event: *NOTICE*: In RDMA_CM_EVENT_CONNECT_REQUEST
0: mlx5dv_reserved_qpn_alloc 1 1
4: [2021-10-01 17:25:15.668250] nvme_rdma.c:1386:_nvme_rdma_ctrlr_connect_qpair: *NOTICE*: Connect rdma qpair: pg 0x7f7a34000a90, srq depth 128
1: [2021-10-01 17:25:15.668654] nvme_rdma.c:1386:_nvme_rdma_ctrlr_connect_qpair: *NOTICE*: Connect rdma qpair: pg 0x7f4428000a90, srq depth 128
1: mlx5dv_reserved_qpn_alloc 1 1
4: mlx5dv_reserved_qpn_alloc 1 1
0: [2021-10-01 17:25:15.678253] rdma.c:2990:nvmf_process_cm_event: *NOTICE*: In RDMA_CM_EVENT_CONNECT_REQUEST
0: [2021-10-01 17:25:15.678273] rdma.c:2990:nvmf_process_cm_event: *NOTICE*: In RDMA_CM_EVENT_CONNECT_REQUEST
2: EAL: No legacy callbacks, legacy socket not created
0: mlx5dv_reserved_qpn_alloc 1 1
4: [2021-10-01 17:25:15.682584] nvme_rdma.c:1386:_nvme_rdma_ctrlr_connect_qpair: *NOTICE*: Connect rdma qpair: pg 0x7f7a24000a90, srq depth 128
0: mlx5dv_reserved_qpn_alloc 1 1
1: [2021-10-01 17:25:15.683158] nvme_rdma.c:1386:_nvme_rdma_ctrlr_connect_qpair: *NOTICE*: Connect rdma qpair: pg 0x7f4434000a90, srq depth 128
1: mlx5dv_reserved_qpn_alloc 1 1
4: mlx5dv_reserved_qpn_alloc 1 1
0: [2021-10-01 17:25:15.688238] rdma.c:2990:nvmf_process_cm_event: *NOTICE*: In RDMA_CM_EVENT_CONNECT_REQUEST
0: [2021-10-01 17:25:15.688263] rdma.c:2990:nvmf_process_cm_event: *NOTICE*: In RDMA_CM_EVENT_CONNECT_REQUEST
0: mlx5dv_reserved_qpn_alloc 1 1
1: [2021-10-01 17:25:15.691284] nvme_rdma.c:1386:_nvme_rdma_ctrlr_connect_qpair: *NOTICE*: Connect rdma qpair: pg 0x7f441c000a90, srq depth 128
0: mlx5dv_reserved_qpn_alloc 1 1
4: [2021-10-01 17:25:15.691092] nvme_rdma.c:1386:_nvme_rdma_ctrlr_connect_qpair: *NOTICE*: Connect rdma qpair: pg 0x7f7a28000a90, srq depth 128
0: mlx5dv_reserved_qpn_alloc 1 1
1: mlx5dv_reserved_qpn_alloc 1 1
4: mlx5dv_reserved_qpn_alloc 1 1
0: [2021-10-01 17:25:15.698222] rdma.c:2990:nvmf_process_cm_event: *NOTICE*: In RDMA_CM_EVENT_CONNECT_REQUEST
0: [2021-10-01 17:25:15.698242] rdma.c:2990:nvmf_process_cm_event: *NOTICE*: In RDMA_CM_EVENT_CONNECT_REQUEST
0: [2021-10-01 17:25:15.698258] rdma.c:2990:nvmf_process_cm_event: *NOTICE*: In RDMA_CM_EVENT_CONNECT_REQUEST
0: mlx5dv_reserved_qpn_alloc 1 1
0: [2021-10-01 17:25:15.695210] nvme_rdma.c:1386:_nvme_rdma_ctrlr_connect_qpair: *NOTICE*: Connect rdma qpair: pg (nil), srq depth 128
0: [2021-10-01 17:25:15.695264] nvme_rdma.c:1020:nvme_rdma_create_resources: *NOTICE*: Created resources: qp 0x25e4250, poller (nil), num_entries 32
0: mlx5dv_reserved_qpn_alloc 1 1
4: [2021-10-01 17:25:15.701206] nvme_rdma.c:1386:_nvme_rdma_ctrlr_connect_qpair: *NOTICE*: Connect rdma qpair: pg 0x7f7a14000a90, srq depth 128
0: mlx5dv_reserved_qpn_alloc 1 1
1: [2021-10-01 17:25:15.701779] nvme_rdma.c:1386:_nvme_rdma_ctrlr_connect_qpair: *NOTICE*: Connect rdma qpair: pg 0x7f4420000a90, srq depth 128
1: mlx5dv_reserved_qpn_alloc 1 1
0: mlx5dv_reserved_qpn_alloc 1 1
4: mlx5dv_reserved_qpn_alloc 1 1
0: [2021-10-01 17:25:15.708205] rdma.c:2990:nvmf_process_cm_event: *NOTICE*: In RDMA_CM_EVENT_CONNECT_REQUEST
0: [2021-10-01 17:25:15.708231] rdma.c:2990:nvmf_process_cm_event: *NOTICE*: In RDMA_CM_EVENT_CONNECT_REQUEST
0: mlx5dv_reserved_qpn_alloc 1 1
0: [2021-10-01 17:25:15.708246] rdma.c:2990:nvmf_process_cm_event: *NOTICE*: In RDMA_CM_EVENT_CONNECT_REQUEST
0: [2021-10-01 17:25:15.705161] nvme_rdma.c:1386:_nvme_rdma_ctrlr_connect_qpair: *NOTICE*: Connect rdma qpair: pg (nil), srq depth 128
0: [2021-10-01 17:25:15.705207] nvme_rdma.c:1020:nvme_rdma_create_resources: *NOTICE*: Created resources: qp 0x25ee830, poller (nil), num_entries 32
0: mlx5dv_reserved_qpn_alloc 1 1
4: [2021-10-01 17:25:15.710666] nvme_rdma.c:1386:_nvme_rdma_ctrlr_connect_qpair: *NOTICE*: Connect rdma qpair: pg 0x7f7a0c000a90, srq depth 128
0: mlx5dv_reserved_qpn_alloc 1 1
1: [2021-10-01 17:25:15.711236] nvme_rdma.c:1386:_nvme_rdma_ctrlr_connect_qpair: *NOTICE*: Connect rdma qpair: pg 0x7f4414000a90, srq depth 128
0: [2021-10-01 17:25:15.708536] dc_mlx5_dv.c: 963:spdk_rdma_qp_reset: *NOTICE*: Reset called for qp: 0x25e92a0
1: mlx5dv_reserved_qpn_alloc 1 1
4: mlx5dv_reserved_qpn_alloc 1 1
0: [2021-10-01 17:25:15.718192] rdma.c:2990:nvmf_process_cm_event: *NOTICE*: In RDMA_CM_EVENT_CONNECT_REQUEST
0: [2021-10-01 17:25:15.718215] rdma.c:2990:nvmf_process_cm_event: *NOTICE*: In RDMA_CM_EVENT_CONNECT_REQUEST
0: mlx5dv_reserved_qpn_alloc 1 1
0: [2021-10-01 17:25:15.718111] nvme_rdma.c:2525:nvme_rdma_poller_create: *NOTICE*: Created SRQ 0x7f8058000e58, device mlx5_0
1: [2021-10-01 17:25:15.721637] nvme_rdma.c:1386:_nvme_rdma_ctrlr_connect_qpair: *NOTICE*: Connect rdma qpair: pg 0x7f4404000ab0, srq depth 128
0: mlx5dv_reserved_qpn_alloc 1 1
4: [2021-10-01 17:25:15.721449] nvme_rdma.c:1386:_nvme_rdma_ctrlr_connect_qpair: *NOTICE*: Connect rdma qpair: pg 0x7f7a1c000a90, srq depth 128
0: [2021-10-01 17:25:15.718440] nvme_rdma.c: 928:nvme_rdma_register_rsps: *NOTICE*: res->poller->pd: 0x7f8058000e20
0: [2021-10-01 17:25:15.718546] nvme_rdma.c:1020:nvme_rdma_create_resources: *NOTICE*: Created resources: qp (nil), poller 0x7f8058000b30, num_entries 128
0: [2021-10-01 17:25:15.718734] nvme_rdma.c:2525:nvme_rdma_poller_create: *NOTICE*: Created SRQ 0x7f8054000e58, device mlx5_0
0: [2021-10-01 17:25:15.718789] nvme_rdma.c: 928:nvme_rdma_register_rsps: *NOTICE*: res->poller->pd: 0x7f8054000e20
0: [2021-10-01 17:25:15.718948] nvme_rdma.c:1020:nvme_rdma_create_resources: *NOTICE*: Created resources: qp (nil), poller 0x7f8054000b30, num_entries 128
0: [2021-10-01 17:25:15.719198] nvme_rdma.c:2525:nvme_rdma_poller_create: *NOTICE*: Created SRQ 0x7f804c000e58, device mlx5_0
0: [2021-10-01 17:25:15.719621] nvme_rdma.c: 928:nvme_rdma_register_rsps: *NOTICE*: res->poller->pd: 0x7f804c000e20
0: [2021-10-01 17:25:15.719786] nvme_rdma.c:1020:nvme_rdma_create_resources: *NOTICE*: Created resources: qp (nil), poller 0x7f804c000b30, num_entries 128
0: [2021-10-01 17:25:15.719907] nvme_rdma.c:2525:nvme_rdma_poller_create: *NOTICE*: Created SRQ 0x7f803c000e58, device mlx5_0
0: [2021-10-01 17:25:15.720065] nvme_rdma.c: 928:nvme_rdma_register_rsps: *NOTICE*: res->poller->pd: 0x7f803c000e20
0: [2021-10-01 17:25:15.720242] nvme_rdma.c:1020:nvme_rdma_create_resources: *NOTICE*: Created resources: qp (nil), poller 0x7f803c000b30, num_entries 128
0: [2021-10-01 17:25:15.720290] nvme_rdma.c:2525:nvme_rdma_poller_create: *NOTICE*: Created SRQ 0x7f8048000e58, device mlx5_0
0: [2021-10-01 17:25:15.720452] nvme_rdma.c: 928:nvme_rdma_register_rsps: *NOTICE*: res->poller->pd: 0x7f8048000e20
0: [2021-10-01 17:25:15.720645] nvme_rdma.c:1020:nvme_rdma_create_resources: *NOTICE*: Created resources: qp (nil), poller 0x7f8048000b30, num_entries 128
0: [2021-10-01 17:25:15.721016] nvme_rdma.c:2525:nvme_rdma_poller_create: *NOTICE*: Created SRQ 0x7f8040000e58, device mlx5_0
0: [2021-10-01 17:25:15.721075] nvme_rdma.c: 928:nvme_rdma_register_rsps: *NOTICE*: res->poller->pd: 0x7f8040000e20
0: [2021-10-01 17:25:15.721164] nvme_rdma.c:1020:nvme_rdma_create_resources: *NOTICE*: Created resources: qp (nil), poller 0x7f8040000b30, num_entries 128
1: mlx5dv_reserved_qpn_alloc 1 1
0: [2021-10-01 17:25:15.721382] nvme_rdma.c:2525:nvme_rdma_poller_create: *NOTICE*: Created SRQ 0x7f8044000e58, device mlx5_0
0: [2021-10-01 17:25:15.721659] nvme_rdma.c: 928:nvme_rdma_register_rsps: *NOTICE*: res->poller->pd: 0x7f8044000e20
0: [2021-10-01 17:25:15.721981] nvme_rdma.c:1020:nvme_rdma_create_resources: *NOTICE*: Created resources: qp (nil), poller 0x7f8044000b30, num_entries 128
0: [2021-10-01 17:25:15.721987] nvme_rdma.c:2525:nvme_rdma_poller_create: *NOTICE*: Created SRQ 0x7f8058008c68, device mlx5_1
0: [2021-10-01 17:25:15.722081] nvme_rdma.c: 928:nvme_rdma_register_rsps: *NOTICE*: res->poller->pd: 0x7f8058000fc0
0: [2021-10-01 17:25:15.722181] nvme_rdma.c:1020:nvme_rdma_create_resources: *NOTICE*: Created resources: qp (nil), poller 0x7f8058008900, num_entries 128
4: mlx5dv_reserved_qpn_alloc 1 1
0: [2021-10-01 17:25:15.722303] nvme_rdma.c:2525:nvme_rdma_poller_create: *NOTICE*: Created SRQ 0x7f8038000e58, device mlx5_0
0: [2021-10-01 17:25:15.722381] nvme_rdma.c:2525:nvme_rdma_poller_create: *NOTICE*: Created SRQ 0x7f8054008bf8, device mlx5_1
0: [2021-10-01 17:25:15.722803] nvme_rdma.c: 928:nvme_rdma_register_rsps: *NOTICE*: res->poller->pd: 0x7f8054000fc0
0: [2021-10-01 17:25:15.722825] nvme_rdma.c: 928:nvme_rdma_register_rsps: *NOTICE*: res->poller->pd: 0x7f8038000e20
0: [2021-10-01 17:25:15.722873] nvme_rdma.c:1020:nvme_rdma_create_resources: *NOTICE*: Created resources: qp (nil), poller 0x7f8054008900, num_entries 128
0: [2021-10-01 17:25:15.722930] nvme_rdma.c:1020:nvme_rdma_create_resources: *NOTICE*: Created resources: qp (nil), poller 0x7f8038000b30, num_entries 128
0: [2021-10-01 17:25:15.723197] nvme_rdma.c:2525:nvme_rdma_poller_create: *NOTICE*: Created SRQ 0x7f804c008bf8, device mlx5_1
0: [2021-10-01 17:25:15.723218] nvme_rdma.c: 928:nvme_rdma_register_rsps: *NOTICE*: res->poller->pd: 0x7f804c000fc0
0: [2021-10-01 17:25:15.723274] nvme_rdma.c:1020:nvme_rdma_create_resources: *NOTICE*: Created resources: qp (nil), poller 0x7f804c008900, num_entries 128
0: [2021-10-01 17:25:15.723329] nvme_rdma.c:2525:nvme_rdma_poller_create: *NOTICE*: Created SRQ 0x7f801c000e58, device mlx5_0
0: [2021-10-01 17:25:15.723368] nvme_rdma.c: 928:nvme_rdma_register_rsps: *NOTICE*: res->poller->pd: 0x7f801c000e20
0: [2021-10-01 17:25:15.723422] nvme_rdma.c:1020:nvme_rdma_create_resources: *NOTICE*: Created resources: qp (nil), poller 0x7f801c000b30, num_entries 128
0: [2021-10-01 17:25:15.723874] nvme_rdma.c:2525:nvme_rdma_poller_create: *NOTICE*: Created SRQ 0x7f803c008bf8, device mlx5_1
0: [2021-10-01 17:25:15.723899] nvme_rdma.c: 928:nvme_rdma_register_rsps: *NOTICE*: res->poller->pd: 0x7f803c000fc0
0: [2021-10-01 17:25:15.723930] nvme_rdma.c:2525:nvme_rdma_poller_create: *NOTICE*: Created SRQ 0x7f8028000e58, device mlx5_0
0: [2021-10-01 17:25:15.723945] nvme_rdma.c:1020:nvme_rdma_create_resources: *NOTICE*: Created resources: qp (nil), poller 0x7f803c008900, num_entries 128
0: [2021-10-01 17:25:15.723954] nvme_rdma.c: 928:nvme_rdma_register_rsps: *NOTICE*: res->poller->pd: 0x7f8028000e20
0: [2021-10-01 17:25:15.724003] nvme_rdma.c:1020:nvme_rdma_create_resources: *NOTICE*: Created resources: qp (nil), poller 0x7f8028000b30, num_entries 128
0: [2021-10-01 17:25:15.724291] nvme_rdma.c:2525:nvme_rdma_poller_create: *NOTICE*: Created SRQ 0x7f8048008bf8, device mlx5_1
0: [2021-10-01 17:25:15.724310] nvme_rdma.c: 928:nvme_rdma_register_rsps: *NOTICE*: res->poller->pd: 0x7f8048000fc0
0: [2021-10-01 17:25:15.724349] nvme_rdma.c:1020:nvme_rdma_create_resources: *NOTICE*: Created resources: qp (nil), poller 0x7f8048008900, num_entries 128
0: [2021-10-01 17:25:15.724895] nvme_rdma.c:2525:nvme_rdma_poller_create: *NOTICE*: Created SRQ 0x7f8018000ed8, device mlx5_0
0: [2021-10-01 17:25:15.728171] rdma.c:2990:nvmf_process_cm_event: *NOTICE*: In RDMA_CM_EVENT_CONNECT_REQUEST
0: [2021-10-01 17:25:15.728195] rdma.c:2990:nvmf_process_cm_event: *NOTICE*: In RDMA_CM_EVENT_CONNECT_REQUEST
0: [2021-10-01 17:25:15.724938] nvme_rdma.c: 928:nvme_rdma_register_rsps: *NOTICE*: res->poller->pd: 0x7f8018000b00
0: [2021-10-01 17:25:15.724975] nvme_rdma.c:1020:nvme_rdma_create_resources: *NOTICE*: Created resources: qp (nil), poller 0x7f8018000be0, num_entries 128
0: [2021-10-01 17:25:15.725221] nvme_rdma.c:2525:nvme_rdma_poller_create: *NOTICE*: Created SRQ 0x7f8040008bf8, device mlx5_1
0: [2021-10-01 17:25:15.725240] nvme_rdma.c: 928:nvme_rdma_register_rsps: *NOTICE*: res->poller->pd: 0x7f8040000fc0
0: [2021-10-01 17:25:15.725279] nvme_rdma.c:1020:nvme_rdma_create_resources: *NOTICE*: Created resources: qp (nil), poller 0x7f8040008900, num_entries 128
0: [2021-10-01 17:25:15.725424] nvme_rdma.c:2525:nvme_rdma_poller_create: *NOTICE*: Created SRQ 0x7f8020000e58, device mlx5_0
0: [2021-10-01 17:25:15.725448] nvme_rdma.c: 928:nvme_rdma_register_rsps: *NOTICE*: res->poller->pd: 0x7f8020000e20
0: [2021-10-01 17:25:15.725481] nvme_rdma.c:1020:nvme_rdma_create_resources: *NOTICE*: Created resources: qp (nil), poller 0x7f8020000b30, num_entries 128
0: [2021-10-01 17:25:15.725535] nvme_rdma.c:2525:nvme_rdma_poller_create: *NOTICE*: Created SRQ 0x7f8038008bf8, device mlx5_1
0: [2021-10-01 17:25:15.725565] nvme_rdma.c: 928:nvme_rdma_register_rsps: *NOTICE*: res->poller->pd: 0x7f8038000fc0
0: [2021-10-01 17:25:15.725610] nvme_rdma.c:1020:nvme_rdma_create_resources: *NOTICE*: Created resources: qp (nil), poller 0x7f8038008900, num_entries 128
0: [2021-10-01 17:25:15.725714] nvme_rdma.c:2525:nvme_rdma_poller_create: *NOTICE*: Created SRQ 0x7f8014000e58, device mlx5_0
0: [2021-10-01 17:25:15.725746] nvme_rdma.c: 928:nvme_rdma_register_rsps: *NOTICE*: res->poller->pd: 0x7f8014000e20
0: [2021-10-01 17:25:15.725779] nvme_rdma.c:1020:nvme_rdma_create_resources: *NOTICE*: Created resources: qp (nil), poller 0x7f8014000b30, num_entries 128
0: [2021-10-01 17:25:15.725815] nvme_rdma.c:2525:nvme_rdma_poller_create: *NOTICE*: Created SRQ 0x7f8044008bf8, device mlx5_1
0: [2021-10-01 17:25:15.725836] nvme_rdma.c: 928:nvme_rdma_register_rsps: *NOTICE*: res->poller->pd: 0x7f8044000fc0
0: [2021-10-01 17:25:15.725882] nvme_rdma.c:1020:nvme_rdma_create_resources: *NOTICE*: Created resources: qp (nil), poller 0x7f8044008900, num_entries 128
0: [2021-10-01 17:25:15.725982] nvme_rdma.c:2525:nvme_rdma_poller_create: *NOTICE*: Created SRQ 0x7f8030000e58, device mlx5_0
0: [2021-10-01 17:25:15.726009] nvme_rdma.c: 928:nvme_rdma_register_rsps: *NOTICE*: res->poller->pd: 0x7f8030000e20
0: [2021-10-01 17:25:15.726052] nvme_rdma.c:1020:nvme_rdma_create_resources: *NOTICE*: Created resources: qp (nil), poller 0x7f8030000b30, num_entries 128
0: [2021-10-01 17:25:15.726137] nvme_rdma.c:2525:nvme_rdma_poller_create: *NOTICE*: Created SRQ 0x7f801c008bf8, device mlx5_1
0: [2021-10-01 17:25:15.726152] nvme_rdma.c: 928:nvme_rdma_register_rsps: *NOTICE*: res->poller->pd: 0x7f801c000fc0
0: [2021-10-01 17:25:15.726187] nvme_rdma.c:1020:nvme_rdma_create_resources: *NOTICE*: Created resources: qp (nil), poller 0x7f801c008900, num_entries 128
0: [2021-10-01 17:25:15.726264] nvme_rdma.c:2525:nvme_rdma_poller_create: *NOTICE*: Created SRQ 0x7f800c000e68, device mlx5_0
0: [2021-10-01 17:25:15.726292] nvme_rdma.c: 928:nvme_rdma_register_rsps: *NOTICE*: res->poller->pd: 0x7f800c000e30
0: [2021-10-01 17:25:15.726327] nvme_rdma.c:1020:nvme_rdma_create_resources: *NOTICE*: Created resources: qp (nil), poller 0x7f800c000b40, num_entries 128
0: [2021-10-01 17:25:15.726424] nvme_rdma.c:2525:nvme_rdma_poller_create: *NOTICE*: Created SRQ 0x7f8028008bf8, device mlx5_1
0: [2021-10-01 17:25:15.726444] nvme_rdma.c: 928:nvme_rdma_register_rsps: *NOTICE*: res->poller->pd: 0x7f8028000fc0
0: [2021-10-01 17:25:15.726481] nvme_rdma.c:1020:nvme_rdma_create_resources: *NOTICE*: Created resources: qp (nil), poller 0x7f8028008900, num_entries 128
0: [2021-10-01 17:25:15.726654] nvme_rdma.c:2525:nvme_rdma_poller_create: *NOTICE*: Created SRQ 0x7f802c000e68, device mlx5_0
0: [2021-10-01 17:25:15.726676] nvme_rdma.c: 928:nvme_rdma_register_rsps: *NOTICE*: res->poller->pd: 0x7f802c000e30
0: [2021-10-01 17:25:15.726707] nvme_rdma.c:1020:nvme_rdma_create_resources: *NOTICE*: Created resources: qp (nil), poller 0x7f802c000b40, num_entries 128
0: [2021-10-01 17:25:15.726724] nvme_rdma.c:2525:nvme_rdma_poller_create: *NOTICE*: Created SRQ 0x7f8014008bf8, device mlx5_1
0: [2021-10-01 17:25:15.726748] nvme_rdma.c: 928:nvme_rdma_register_rsps: *NOTICE*: res->poller->pd: 0x7f8014000fc0
0: [2021-10-01 17:25:15.726797] nvme_rdma.c:1020:nvme_rdma_create_resources: *NOTICE*: Created resources: qp (nil), poller 0x7f8014008900, num_entries 128
0: [2021-10-01 17:25:15.726957] nvme_rdma.c:2525:nvme_rdma_poller_create: *NOTICE*: Created SRQ 0x25e4048, device mlx5_0
0: [2021-10-01 17:25:15.726978] nvme_rdma.c: 928:nvme_rdma_register_rsps: *NOTICE*: res->poller->pd: 0x262bfc0
0: [2021-10-01 17:25:15.727018] nvme_rdma.c:1020:nvme_rdma_create_resources: *NOTICE*: Created resources: qp (nil), poller 0x25e3d50, num_entries 128
0: [2021-10-01 17:25:15.727040] nvme_rdma.c:2525:nvme_rdma_poller_create: *NOTICE*: Created SRQ 0x7f8020008bf8, device mlx5_1
0: [2021-10-01 17:25:15.727057] nvme_rdma.c: 928:nvme_rdma_register_rsps: *NOTICE*: res->poller->pd: 0x7f8020000fc0
0: [2021-10-01 17:25:15.727102] nvme_rdma.c:1020:nvme_rdma_create_resources: *NOTICE*: Created resources: qp (nil), poller 0x7f8020008900, num_entries 128
0: [2021-10-01 17:25:15.727211] nvme_rdma.c:2525:nvme_rdma_poller_create: *NOTICE*: Created SRQ 0x7f7ffc000e68, device mlx5_0
0: [2021-10-01 17:25:15.727237] nvme_rdma.c: 928:nvme_rdma_register_rsps: *NOTICE*: res->poller->pd: 0x7f7ffc000e30
0: [2021-10-01 17:25:15.727270] nvme_rdma.c:1020:nvme_rdma_create_resources: *NOTICE*: Created resources: qp (nil), poller 0x7f7ffc000b40, num_entries 128
0: [2021-10-01 17:25:15.727352] nvme_rdma.c:2525:nvme_rdma_poller_create: *NOTICE*: Created SRQ 0x7f8018001bf8, device mlx5_1
0: [2021-10-01 17:25:15.727380] nvme_rdma.c: 928:nvme_rdma_register_rsps: *NOTICE*: res->poller->pd: 0x7f8018000b30
0: [2021-10-01 17:25:15.727418] nvme_rdma.c:1020:nvme_rdma_create_resources: *NOTICE*: Created resources: qp (nil), poller 0x7f8018001900, num_entries 128
0: [2021-10-01 17:25:15.727523] nvme_rdma.c:2525:nvme_rdma_poller_create: *NOTICE*: Created SRQ 0x7f7ff4000e68, device mlx5_0
0: mlx5dv_reserved_qpn_alloc 1 1
0: [2021-10-01 17:25:15.727543] nvme_rdma.c: 928:nvme_rdma_register_rsps: *NOTICE*: res->poller->pd: 0x7f7ff4000e30
0: [2021-10-01 17:25:15.727579] nvme_rdma.c:1020:nvme_rdma_create_resources: *NOTICE*: Created resources: qp (nil), poller 0x7f7ff4000b40, num_entries 128
1: [2021-10-01 17:25:15.731139] nvme_rdma.c:1386:_nvme_rdma_ctrlr_connect_qpair: *NOTICE*: Connect rdma qpair: pg 0x7f4408000a90, srq depth 128
0: mlx5dv_reserved_qpn_alloc 1 1
0: [2021-10-01 17:25:15.727650] nvme_rdma.c:2525:nvme_rdma_poller_create: *NOTICE*: Created SRQ 0x7f8030008bf8, device mlx5_1
0: [2021-10-01 17:25:15.727694] nvme_rdma.c: 928:nvme_rdma_register_rsps: *NOTICE*: res->poller->pd: 0x7f8030000fc0
0: mlx5dv_reserved_qpn_alloc 1 1
0: [2021-10-01 17:25:15.727744] nvme_rdma.c:1020:nvme_rdma_create_resources: *NOTICE*: Created resources: qp (nil), poller 0x7f8030008900, num_entries 128
4: [2021-10-01 17:25:15.730949] nvme_rdma.c:1386:_nvme_rdma_ctrlr_connect_qpair: *NOTICE*: Connect rdma qpair: pg 0x7f7a20000a90, srq depth 128
0: [2021-10-01 17:25:15.727845] nvme_rdma.c:2525:nvme_rdma_poller_create: *NOTICE*: Created SRQ 0x7f8010000e68, device mlx5_0
0: [2021-10-01 17:25:15.727866] nvme_rdma.c: 928:nvme_rdma_register_rsps: *NOTICE*: res->poller->pd: 0x7f8010000e30
0: [2021-10-01 17:25:15.727896] nvme_rdma.c:1020:nvme_rdma_create_resources: *NOTICE*: Created resources: qp (nil), poller 0x7f8010000b40, num_entries 128
0: [2021-10-01 17:25:15.728075] nvme_rdma.c:2525:nvme_rdma_poller_create: *NOTICE*: Created SRQ 0x7f8000000e68, device mlx5_0
0: [2021-10-01 17:25:15.728087] nvme_rdma.c:2525:nvme_rdma_poller_create: *NOTICE*: Created SRQ 0x7f800c008bf8, device mlx5_1
0: [2021-10-01 17:25:15.728093] nvme_rdma.c: 928:nvme_rdma_register_rsps: *NOTICE*: res->poller->pd: 0x7f8000000e30
0: [2021-10-01 17:25:15.728109] nvme_rdma.c: 928:nvme_rdma_register_rsps: *NOTICE*: res->poller->pd: 0x7f800c000fd0
0: [2021-10-01 17:25:15.728124] nvme_rdma.c:1020:nvme_rdma_create_resources: *NOTICE*: Created resources: qp (nil), poller 0x7f8000000b40, num_entries 128
0: [2021-10-01 17:25:15.728140] nvme_rdma.c:1020:nvme_rdma_create_resources: *NOTICE*: Created resources: qp (nil), poller 0x7f800c008900, num_entries 128
0: [2021-10-01 17:25:15.728925] nvme_rdma.c:2525:nvme_rdma_poller_create: *NOTICE*: Created SRQ 0x7f7ff8000e68, device mlx5_0
0: [2021-10-01 17:25:15.728948] nvme_rdma.c: 928:nvme_rdma_register_rsps: *NOTICE*: res->poller->pd: 0x7f7ff8000e30
0: [2021-10-01 17:25:15.728986] nvme_rdma.c:1020:nvme_rdma_create_resources: *NOTICE*: Created resources: qp (nil), poller 0x7f7ff8000b40, num_entries 128
0: [2021-10-01 17:25:15.729049] nvme_rdma.c:2525:nvme_rdma_poller_create: *NOTICE*: Created SRQ 0x7f802c008bf8, device mlx5_1
0: [2021-10-01 17:25:15.729082] nvme_rdma.c: 928:nvme_rdma_register_rsps: *NOTICE*: res->poller->pd: 0x7f802c000fd0
0: [2021-10-01 17:25:15.729135] nvme_rdma.c:1020:nvme_rdma_create_resources: *NOTICE*: Created resources: qp (nil), poller 0x7f802c008900, num_entries 128
0: [2021-10-01 17:25:15.729256] nvme_rdma.c:2525:nvme_rdma_poller_create: *NOTICE*: Created SRQ 0x7f8004000ed8, device mlx5_0
0: [2021-10-01 17:25:15.729271] nvme_rdma.c:2525:nvme_rdma_poller_create: *NOTICE*: Created SRQ 0x25e02f8, device mlx5_1
0: [2021-10-01 17:25:15.729284] nvme_rdma.c: 928:nvme_rdma_register_rsps: *NOTICE*: res->poller->pd: 0x7f8004000b00
0: [2021-10-01 17:25:15.729295] nvme_rdma.c: 928:nvme_rdma_register_rsps: *NOTICE*: res->poller->pd: 0x25e8ff0
0: [2021-10-01 17:25:15.729324] nvme_rdma.c:1020:nvme_rdma_create_resources: *NOTICE*: Created resources: qp (nil), poller 0x7f8004000be0, num_entries 128
0: [2021-10-01 17:25:15.729341] nvme_rdma.c:1020:nvme_rdma_create_resources: *NOTICE*: Created resources: qp (nil), poller 0x25e92a0, num_entries 128
0: [2021-10-01 17:25:15.729615] nvme_rdma.c:2525:nvme_rdma_poller_create: *NOTICE*: Created SRQ 0x7f7ffc008bf8, device mlx5_1
0: [2021-10-01 17:25:15.729635] nvme_rdma.c: 928:nvme_rdma_register_rsps: *NOTICE*: res->poller->pd: 0x7f7ffc000fd0
0: [2021-10-01 17:25:15.729671] nvme_rdma.c:1020:nvme_rdma_create_resources: *NOTICE*: Created resources: qp (nil), poller 0x7f7ffc008900, num_entries 128
0: [2021-10-01 17:25:15.729845] nvme_rdma.c:2525:nvme_rdma_poller_create: *NOTICE*: Created SRQ 0x7f7ff4008bf8, device mlx5_1
0: [2021-10-01 17:25:15.729866] nvme_rdma.c: 928:nvme_rdma_register_rsps: *NOTICE*: res->poller->pd: 0x7f7ff4000fd0
0: [2021-10-01 17:25:15.729896] nvme_rdma.c:1020:nvme_rdma_create_resources: *NOTICE*: Created resources: qp (nil), poller 0x7f7ff4008900, num_entries 128
0: [2021-10-01 17:25:15.730113] nvme_rdma.c:2525:nvme_rdma_poller_create: *NOTICE*: Created SRQ 0x7f8010008bf8, device mlx5_1
0: [2021-10-01 17:25:15.730130] nvme_rdma.c: 928:nvme_rdma_register_rsps: *NOTICE*: res->poller->pd: 0x7f8010000fd0
0: [2021-10-01 17:25:15.730163] nvme_rdma.c:1020:nvme_rdma_create_resources: *NOTICE*: Created resources: qp (nil), poller 0x7f8010008900, num_entries 128
1: mlx5dv_reserved_qpn_alloc 1 1
0: [2021-10-01 17:25:15.731010] nvme_rdma.c:2525:nvme_rdma_poller_create: *NOTICE*: Created SRQ 0x7f8000008bf8, device mlx5_1
0: [2021-10-01 17:25:15.731028] nvme_rdma.c: 928:nvme_rdma_register_rsps: *NOTICE*: res->poller->pd: 0x7f8000000fd0
0: [2021-10-01 17:25:15.731068] nvme_rdma.c:1020:nvme_rdma_create_resources: *NOTICE*: Created resources: qp (nil), poller 0x7f8000008900, num_entries 128
0: [2021-10-01 17:25:15.731276] nvme_rdma.c:2525:nvme_rdma_poller_create: *NOTICE*: Created SRQ 0x7f7ff8008bf8, device mlx5_1
0: [2021-10-01 17:25:15.731295] nvme_rdma.c: 928:nvme_rdma_register_rsps: *NOTICE*: res->poller->pd: 0x7f7ff8000fd0
0: [2021-10-01 17:25:15.731338] nvme_rdma.c:1020:nvme_rdma_create_resources: *NOTICE*: Created resources: qp (nil), poller 0x7f7ff8008900, num_entries 128
0: [2021-10-01 17:25:15.731482] nvme_rdma.c:2525:nvme_rdma_poller_create: *NOTICE*: Created SRQ 0x7f8004001c18, device mlx5_1
0: [2021-10-01 17:25:15.731499] nvme_rdma.c: 928:nvme_rdma_register_rsps: *NOTICE*: res->poller->pd: 0x7f8004000b30
0: [2021-10-01 17:25:15.731533] nvme_rdma.c:1020:nvme_rdma_create_resources: *NOTICE*: Created resources: qp (nil), poller 0x7f8004001920, num_entries 128
4: mlx5dv_reserved_qpn_alloc 1 1
0: [2021-10-01 17:25:15.738152] rdma.c:2990:nvmf_process_cm_event: *NOTICE*: In RDMA_CM_EVENT_CONNECT_REQUEST
0: [2021-10-01 17:25:15.738176] rdma.c:2990:nvmf_process_cm_event: *NOTICE*: In RDMA_CM_EVENT_CONNECT_REQUEST
0: [2021-10-01 17:25:15.738191] rdma.c:2990:nvmf_process_cm_event: *NOTICE*: In RDMA_CM_EVENT_CONNECT_REQUEST
0: mlx5dv_reserved_qpn_alloc 1 1
0: [2021-10-01 17:25:15.737905] nvme_rdma.c:1386:_nvme_rdma_ctrlr_connect_qpair: *NOTICE*: Connect rdma qpair: pg 0x7f8058000a90, srq depth 128
0: mlx5dv_reserved_qpn_alloc 1 1
1: [2021-10-01 17:25:15.741536] nvme_rdma.c:1386:_nvme_rdma_ctrlr_connect_qpair: *NOTICE*: Connect rdma qpair: pg 0x7f4400000a90, srq depth 128
0: mlx5dv_reserved_qpn_alloc 1 1
4: [2021-10-01 17:25:15.741364] nvme_rdma.c:1386:_nvme_rdma_ctrlr_connect_qpair: *NOTICE*: Connect rdma qpair: pg 0x7f7a10000a90, srq depth 128
0: [2021-10-01 17:25:15.739524] nvme_rdma.c:2525:nvme_rdma_poller_create: *NOTICE*: Created SRQ 0x7f8034000e58, device mlx5_0
0: [2021-10-01 17:25:15.739550] nvme_rdma.c: 928:nvme_rdma_register_rsps: *NOTICE*: res->poller->pd: 0x7f8034000e20
0: [2021-10-01 17:25:15.739595] nvme_rdma.c:1020:nvme_rdma_create_resources: *NOTICE*: Created resources: qp (nil), poller 0x7f8034000b30, num_entries 128
0: [2021-10-01 17:25:15.740294] nvme_rdma.c:2525:nvme_rdma_poller_create: *NOTICE*: Created SRQ 0x7f8034008c28, device mlx5_1
0: [2021-10-01 17:25:15.740309] nvme_rdma.c: 928:nvme_rdma_register_rsps: *NOTICE*: res->poller->pd: 0x7f8034008bf0
0: [2021-10-01 17:25:15.740347] nvme_rdma.c:1020:nvme_rdma_create_resources: *NOTICE*: Created resources: qp (nil), poller 0x7f8034008900, num_entries 128
1: mlx5dv_reserved_qpn_alloc 1 1
0: mlx5dv_reserved_qpn_alloc 1 1
4: mlx5dv_reserved_qpn_alloc 1 1
0: [2021-10-01 17:25:15.748141] rdma.c:2990:nvmf_process_cm_event: *NOTICE*: In RDMA_CM_EVENT_CONNECT_REQUEST
0: [2021-10-01 17:25:15.748164] rdma.c:2990:nvmf_process_cm_event: *NOTICE*: In RDMA_CM_EVENT_CONNECT_REQUEST
0: [2021-10-01 17:25:15.748180] rdma.c:2990:nvmf_process_cm_event: *NOTICE*: In RDMA_CM_EVENT_CONNECT_REQUEST
0: mlx5dv_reserved_qpn_alloc 1 1
1: [2021-10-01 17:25:15.751248] nvme_rdma.c:1386:_nvme_rdma_ctrlr_connect_qpair: *NOTICE*: Connect rdma qpair: pg 0x7f440c000b60, srq depth 128
0: mlx5dv_reserved_qpn_alloc 1 1
0: [2021-10-01 17:25:15.748021] nvme_rdma.c:1386:_nvme_rdma_ctrlr_connect_qpair: *NOTICE*: Connect rdma qpair: pg 0x7f8054000a90, srq depth 128
0: mlx5dv_reserved_qpn_alloc 1 1
4: [2021-10-01 17:25:15.751286] nvme_rdma.c:1386:_nvme_rdma_ctrlr_connect_qpair: *NOTICE*: Connect rdma qpair: pg 0x7f7a30000a90, srq depth 128
1: mlx5dv_reserved_qpn_alloc 1 1
0: mlx5dv_reserved_qpn_alloc 1 1
4: mlx5dv_reserved_qpn_alloc 1 1
0: [2021-10-01 17:25:15.758124] rdma.c:2990:nvmf_process_cm_event: *NOTICE*: In RDMA_CM_EVENT_CONNECT_REQUEST
0: [2021-10-01 17:25:15.758150] rdma.c:2990:nvmf_process_cm_event: *NOTICE*: In RDMA_CM_EVENT_CONNECT_REQUEST
0: [2021-10-01 17:25:15.758166] rdma.c:2990:nvmf_process_cm_event: *NOTICE*: In RDMA_CM_EVENT_CONNECT_REQUEST
0: mlx5dv_reserved_qpn_alloc 1 1
4: [2021-10-01 17:25:15.760870] nvme_rdma.c:1386:_nvme_rdma_ctrlr_connect_qpair: *NOTICE*: Connect rdma qpair: pg 0x7f79fc000a90, srq depth 128
0: mlx5dv_reserved_qpn_alloc 1 1
1: [2021-10-01 17:25:15.761441] nvme_rdma.c:1386:_nvme_rdma_ctrlr_connect_qpair: *NOTICE*: Connect rdma qpair: pg 0x7f43ec000a90, srq depth 128
0: mlx5dv_reserved_qpn_alloc 1 1
0: [2021-10-01 17:25:15.758223] nvme_rdma.c:1386:_nvme_rdma_ctrlr_connect_qpair: *NOTICE*: Connect rdma qpair: pg 0x7f804c000a90, srq depth 128
1: mlx5dv_reserved_qpn_alloc 1 1
0: mlx5dv_reserved_qpn_alloc 1 1
4: mlx5dv_reserved_qpn_alloc 1 1
0: [2021-10-01 17:25:15.768107] rdma.c:2990:nvmf_process_cm_event: *NOTICE*: In RDMA_CM_EVENT_CONNECT_REQUEST
0: [2021-10-01 17:25:15.768128] rdma.c:2990:nvmf_process_cm_event: *NOTICE*: In RDMA_CM_EVENT_CONNECT_REQUEST
0: [2021-10-01 17:25:15.768147] rdma.c:2990:nvmf_process_cm_event: *NOTICE*: In RDMA_CM_EVENT_CONNECT_REQUEST
0: mlx5dv_reserved_qpn_alloc 1 1
1: [2021-10-01 17:25:15.771247] nvme_rdma.c:1386:_nvme_rdma_ctrlr_connect_qpair: *NOTICE*: Connect rdma qpair: pg 0x7f442c000a90, srq depth 128
0: mlx5dv_reserved_qpn_alloc 1 1
4: [2021-10-01 17:25:15.771059] nvme_rdma.c:1386:_nvme_rdma_ctrlr_connect_qpair: *NOTICE*: Connect rdma qpair: pg 0x7f7a18000b60, srq depth 128
0: mlx5dv_reserved_qpn_alloc 1 1
0: [2021-10-01 17:25:15.768236] nvme_rdma.c:1386:_nvme_rdma_ctrlr_connect_qpair: *NOTICE*: Connect rdma qpair: pg 0x7f803c000a90, srq depth 128
1: mlx5dv_reserved_qpn_alloc 1 1
0: mlx5dv_reserved_qpn_alloc 1 1
4: mlx5dv_reserved_qpn_alloc 1 1
0: [2021-10-01 17:25:15.778089] rdma.c:2990:nvmf_process_cm_event: *NOTICE*: In RDMA_CM_EVENT_CONNECT_REQUEST
0: [2021-10-01 17:25:15.778111] rdma.c:2990:nvmf_process_cm_event: *NOTICE*: In RDMA_CM_EVENT_CONNECT_REQUEST
0: [2021-10-01 17:25:15.778128] rdma.c:2990:nvmf_process_cm_event: *NOTICE*: In RDMA_CM_EVENT_CONNECT_REQUEST
0: mlx5dv_reserved_qpn_alloc 1 1
0: [2021-10-01 17:25:15.781622] nvme_rdma.c:1386:_nvme_rdma_ctrlr_connect_qpair: *NOTICE*: Connect rdma qpair: pg 0x7f8048000a90, srq depth 128
0: mlx5dv_reserved_qpn_alloc 1 1
4: [2021-10-01 17:25:15.784889] nvme_rdma.c:1386:_nvme_rdma_ctrlr_connect_qpair: *NOTICE*: Connect rdma qpair: pg 0x7f79f8000a90, srq depth 128
0: mlx5dv_reserved_qpn_alloc 1 1
1: [2021-10-01 17:25:15.785471] nvme_rdma.c:1386:_nvme_rdma_ctrlr_connect_qpair: *NOTICE*: Connect rdma qpair: pg 0x7f43e8000ab0, srq depth 128
0: mlx5dv_reserved_qpn_alloc 1 1
1: mlx5dv_reserved_qpn_alloc 1 1
4: mlx5dv_reserved_qpn_alloc 1 1
0: [2021-10-01 17:25:15.798049] rdma.c:2990:nvmf_process_cm_event: *NOTICE*: In RDMA_CM_EVENT_CONNECT_REQUEST
0: [2021-10-01 17:25:15.798072] rdma.c:2990:nvmf_process_cm_event: *NOTICE*: In RDMA_CM_EVENT_CONNECT_REQUEST
0: [2021-10-01 17:25:15.798084] rdma.c:2990:nvmf_process_cm_event: *NOTICE*: In RDMA_CM_EVENT_CONNECT_REQUEST
0: mlx5dv_reserved_qpn_alloc 1 1
0: mlx5dv_reserved_qpn_alloc 1 1
1: [2021-10-01 17:25:15.798459] nvme_rdma.c:1386:_nvme_rdma_ctrlr_connect_qpair: *NOTICE*: Connect rdma qpair: pg 0x7f43dc000ab0, srq depth 128
4: [2021-10-01 17:25:15.798066] nvme_rdma.c:1386:_nvme_rdma_ctrlr_connect_qpair: *NOTICE*: Connect rdma qpair: pg 0x7f79f4000a90, srq depth 128
0: mlx5dv_reserved_qpn_alloc 1 1
0: [2021-10-01 17:25:15.797627] nvme_rdma.c:1386:_nvme_rdma_ctrlr_connect_qpair: *NOTICE*: Connect rdma qpair: pg 0x7f8040000a90, srq depth 128
1: mlx5dv_reserved_qpn_alloc 1 1
4: mlx5dv_reserved_qpn_alloc 1 1
0: mlx5dv_reserved_qpn_alloc 1 1
0: [2021-10-01 17:25:15.808036] rdma.c:2990:nvmf_process_cm_event: *NOTICE*: In RDMA_CM_EVENT_CONNECT_REQUEST
0: mlx5dv_reserved_qpn_alloc 1 1
0: [2021-10-01 17:25:15.808059] rdma.c:2990:nvmf_process_cm_event: *NOTICE*: In RDMA_CM_EVENT_CONNECT_REQUEST
0: mlx5dv_reserved_qpn_alloc 1 1
0: [2021-10-01 17:25:15.808073] rdma.c:2990:nvmf_process_cm_event: *NOTICE*: In RDMA_CM_EVENT_CONNECT_REQUEST
0: mlx5dv_reserved_qpn_alloc 1 1
1: [2021-10-01 17:25:15.808406] nvme_rdma.c:1386:_nvme_rdma_ctrlr_connect_qpair: *NOTICE*: Connect rdma qpair: pg 0x7f4424000a90, srq depth 128
4: [2021-10-01 17:25:15.808025] nvme_rdma.c:1386:_nvme_rdma_ctrlr_connect_qpair: *NOTICE*: Connect rdma qpair: pg 0x7f79ec000a90, srq depth 128
0: [2021-10-01 17:25:15.805004] nvme_rdma.c:1386:_nvme_rdma_ctrlr_connect_qpair: *NOTICE*: Connect rdma qpair: pg 0x7f8038000a90, srq depth 128
0: mlx5dv_reserved_qpn_alloc 1 1
1: mlx5dv_reserved_qpn_alloc 1 1
4: mlx5dv_reserved_qpn_alloc 1 1
0: [2021-10-01 17:25:15.818018] rdma.c:2990:nvmf_process_cm_event: *NOTICE*: In RDMA_CM_EVENT_CONNECT_REQUEST
0: mlx5dv_reserved_qpn_alloc 1 1
0: [2021-10-01 17:25:15.818037] rdma.c:2990:nvmf_process_cm_event: *NOTICE*: In RDMA_CM_EVENT_CONNECT_REQUEST
0: mlx5dv_reserved_qpn_alloc 1 1
0: [2021-10-01 17:25:15.818053] rdma.c:2990:nvmf_process_cm_event: *NOTICE*: In RDMA_CM_EVENT_CONNECT_REQUEST
0: mlx5dv_reserved_qpn_alloc 1 1
0: [2021-10-01 17:25:15.814935] nvme_rdma.c:1386:_nvme_rdma_ctrlr_connect_qpair: *NOTICE*: Connect rdma qpair: pg 0x7f8044000a90, srq depth 128
1: [2021-10-01 17:25:15.818406] nvme_rdma.c:1386:_nvme_rdma_ctrlr_connect_qpair: *NOTICE*: Connect rdma qpair: pg 0x7f43f4000ab0, srq depth 128
4: [2021-10-01 17:25:15.818061] nvme_rdma.c:1386:_nvme_rdma_ctrlr_connect_qpair: *NOTICE*: Connect rdma qpair: pg 0x7f79f0000ab0, srq depth 128
1: Initializing NVMe Controllers
1: Attached to NVMe over Fabrics controller at 65.65.65.131:4420: nqn.2016-06.io.spdk:cnode1
1: Controller attach time is 20250.724 us (56499520 ticks)
1: Associating RDMA (addr:65.65.65.131 subnqn:nqn.2016-06.io.spdk:cnode1) NSID 1 with lcore 0
1: Associating RDMA (addr:65.65.65.131 subnqn:nqn.2016-06.io.spdk:cnode1) NSID 1 with lcore 1
1: Associating RDMA (addr:65.65.65.131 subnqn:nqn.2016-06.io.spdk:cnode1) NSID 1 with lcore 2
1: Associating RDMA (addr:65.65.65.131 subnqn:nqn.2016-06.io.spdk:cnode1) NSID 1 with lcore 3
1: Associating RDMA (addr:65.65.65.131 subnqn:nqn.2016-06.io.spdk:cnode1) NSID 1 with lcore 4
1: Associating RDMA (addr:65.65.65.131 subnqn:nqn.2016-06.io.spdk:cnode1) NSID 1 with lcore 5
1: Associating RDMA (addr:65.65.65.131 subnqn:nqn.2016-06.io.spdk:cnode1) NSID 1 with lcore 6
1: Associating RDMA (addr:65.65.65.131 subnqn:nqn.2016-06.io.spdk:cnode1) NSID 1 with lcore 7
1: Associating RDMA (addr:65.65.65.131 subnqn:nqn.2016-06.io.spdk:cnode1) NSID 1 with lcore 8
1: Associating RDMA (addr:65.65.65.131 subnqn:nqn.2016-06.io.spdk:cnode1) NSID 1 with lcore 9
1: Associating RDMA (addr:65.65.65.131 subnqn:nqn.2016-06.io.spdk:cnode1) NSID 1 with lcore 10
1: Associating RDMA (addr:65.65.65.131 subnqn:nqn.2016-06.io.spdk:cnode1) NSID 1 with lcore 11
1: Associating RDMA (addr:65.65.65.131 subnqn:nqn.2016-06.io.spdk:cnode1) NSID 1 with lcore 12
1: Associating RDMA (addr:65.65.65.131 subnqn:nqn.2016-06.io.spdk:cnode1) NSID 1 with lcore 13
1: Associating RDMA (addr:65.65.65.131 subnqn:nqn.2016-06.io.spdk:cnode1) NSID 1 with lcore 14
1: Associating RDMA (addr:65.65.65.131 subnqn:nqn.2016-06.io.spdk:cnode1) NSID 1 with lcore 15
1: Associating RDMA (addr:65.65.65.131 subnqn:nqn.2016-06.io.spdk:cnode1) NSID 1 with lcore 16
1: Associating RDMA (addr:65.65.65.131 subnqn:nqn.2016-06.io.spdk:cnode1) NSID 1 with lcore 17
1: Associating RDMA (addr:65.65.65.131 subnqn:nqn.2016-06.io.spdk:cnode1) NSID 1 with lcore 18
1: Associating RDMA (addr:65.65.65.131 subnqn:nqn.2016-06.io.spdk:cnode1) NSID 1 with lcore 19
1: Associating RDMA (addr:65.65.65.131 subnqn:nqn.2016-06.io.spdk:cnode1) NSID 1 with lcore 20
1: Associating RDMA (addr:65.65.65.131 subnqn:nqn.2016-06.io.spdk:cnode1) NSID 1 with lcore 21
1: Associating RDMA (addr:65.65.65.131 subnqn:nqn.2016-06.io.spdk:cnode1) NSID 1 with lcore 22
1: Associating RDMA (addr:65.65.65.131 subnqn:nqn.2016-06.io.spdk:cnode1) NSID 1 with lcore 23
1: Initialization complete. Launching workers.
1: IO qp on core 5 total time 19315.373 us (53889892 ticks), connect time 13108.034 us (36571416 ticks)
1: IO qp on core 1 total time 29568.883 us (82497184 ticks), connect time 22072.681 us (61582780 ticks)
1: IO qp on core 3 total time 39356.509 us (109804660 ticks), connect time 30894.789 us (86196460 ticks)
1: IO qp on core 4 total time 53841.882 us (150218852 ticks), connect time 44637.490 us (124538596 ticks)
1: IO qp on core 6 total time 61976.675 us (172914924 ticks), connect time 52767.696 us (147221872 ticks)
1: IO qp on core 2 total time 72441.670 us (202112260 ticks), connect time 62186.665 us (173500796 ticks)
1: IO qp on core 9 total time 81826.227 us (228295172 ticks), connect time 70337.305 us (196241080 ticks)
1: IO qp on core 16 total time 92401.576 us (257800396 ticks), connect time 80639.308 us (224983668 ticks)
1: IO qp on core 11 total time 101755.884 us (283898916 ticks), connect time 89098.168 us (248583888 ticks)
1: IO qp on core 14 total time 112198.168 us (313032888 ticks), connect time 99007.950 us (276232180 ticks)
1: IO qp on core 12 total time 121876.664 us (340035892 ticks), connect time 108003.025 us (301328440 ticks)
1: IO qp on core 15 total time 131877.180 us (367937332 ticks), connect time 118016.538 us (329266140 ticks)
1: IO qp on core 8 total time 142085.287 us (396417952 ticks), connect time 127781.814 us (356511260 ticks)
1: IO qp on core 22 total time 156420.033 us (436411892 ticks), connect time 142141.488 us (396574752 ticks)
1: IO qp on core 19 total time 169292.325 us (472325588 ticks), connect time 153972.171 us (429582356 ticks)
1: IO qp on core 13 total time 179114.565 us (499729636 ticks), connect time 163294.575 us (455591864 ticks)
1: IO qp on coremlx5dv_reserved_qpn_alloc 1 1
4: mlx5dv_reserved_qpn_alloc 1 1
0: mlx5dv_reserved_qpn_alloc 1 1
0: [2021-10-01 17:25:15.828002] rdma.c:2990:nvmf_process_cm_event: *NOTICE*: In RDMA_CM_EVENT_CONNECT_REQUEST
0: mlx5dv_reserved_qpn_alloc 1 1
0: [2021-10-01 17:25:15.828021] rdma.c:2990:nvmf_process_cm_event: *NOTICE*: In RDMA_CM_EVENT_CONNECT_REQUEST
0: mlx5dv_reserved_qpn_alloc 1 1
0: [2021-10-01 17:25:15.828037] rdma.c:2990:nvmf_process_cm_event: *NOTICE*: In RDMA_CM_EVENT_CONNECT_REQUEST
0: mlx5dv_reserved_qpn_alloc 1 1
1: [2021-10-01 17:25:15.828382] nvme_rdma.c:1386:_nvme_rdma_ctrlr_connect_qpair: *NOTICE*: Connect rdma qpair: pg 0x7f43f8000b60, srq depth 128
4: [2021-10-01 17:25:15.827999] nvme_rdma.c:1386:_nvme_rdma_ctrlr_connect_qpair: *NOTICE*: Connect rdma qpair: pg 0x7f7a08000ab0, srq depth 128
0: [2021-10-01 17:25:15.824984] nvme_rdma.c:1386:_nvme_rdma_ctrlr_connect_qpair: *NOTICE*: Connect rdma qpair: pg 0x7f801c000a90, srq depth 128
1: mlx5dv_reserved_qpn_alloc 1 1
0: mlx5dv_reserved_qpn_alloc 1 1
4: mlx5dv_reserved_qpn_alloc 1 1
0: [2021-10-01 17:25:15.837985] rdma.c:2990:nvmf_process_cm_event: *NOTICE*: In RDMA_CM_EVENT_CONNECT_REQUEST
0: mlx5dv_reserved_qpn_alloc 1 1
0: [2021-10-01 17:25:15.838006] rdma.c:2990:nvmf_process_cm_event: *NOTICE*: In RDMA_CM_EVENT_CONNECT_REQUEST
0: mlx5dv_reserved_qpn_alloc 1 1
0: [2021-10-01 17:25:15.838022] rdma.c:2990:nvmf_process_cm_event: *NOTICE*: In RDMA_CM_EVENT_CONNECT_REQUEST
0: mlx5dv_reserved_qpn_alloc 1 1
1: [2021-10-01 17:25:15.838349] nvme_rdma.c:1386:_nvme_rdma_ctrlr_connect_qpair: *NOTICE*: Connect rdma qpair: pg 0x7f43f0000ab0, srq depth 128
0: [2021-10-01 17:25:15.834929] nvme_rdma.c:1386:_nvme_rdma_ctrlr_connect_qpair: *NOTICE*: Connect rdma qpair: pg 0x7f8028000a90, srq depth 128
4: [2021-10-01 17:25:15.837999] nvme_rdma.c:1386:_nvme_rdma_ctrlr_connect_qpair: *NOTICE*: Connect rdma qpair: pg 0x7f7a04000a90, srq depth 128
4: Initializing NVMe Controllers
4: Attached to NVMe over Fabrics controller at 65.65.65.131:4420: nqn.2016-06.io.spdk:cnode1
4: Controller attach time is 25086.635 us (69991712 ticks)
4: Associating RDMA (addr:65.65.65.131 subnqn:nqn.2016-06.io.spdk:cnode1) NSID 1 with lcore 0
4: Associating RDMA (addr:65.65.65.131 subnqn:nqn.2016-06.io.spdk:cnode1) NSID 1 with lcore 1
4: Associating RDMA (addr:65.65.65.131 subnqn:nqn.2016-06.io.spdk:cnode1) NSID 1 with lcore 2
4: Associating RDMA (addr:65.65.65.131 subnqn:nqn.2016-06.io.spdk:cnode1) NSID 1 with lcore 3
4: Associating RDMA (addr:65.65.65.131 subnqn:nqn.2016-06.io.spdk:cnode1) NSID 1 with lcore 4
4: Associating RDMA (addr:65.65.65.131 subnqn:nqn.2016-06.io.spdk:cnode1) NSID 1 with lcore 5
4: Associating RDMA (addr:65.65.65.131 subnqn:nqn.2016-06.io.spdk:cnode1) NSID 1 with lcore 6
4: Associating RDMA (addr:65.65.65.131 subnqn:nqn.2016-06.io.spdk:cnode1) NSID 1 with lcore 7
4: Associating RDMA (addr:65.65.65.131 subnqn:nqn.2016-06.io.spdk:cnode1) NSID 1 with lcore 8
4: Associating RDMA (addr:65.65.65.131 subnqn:nqn.2016-06.io.spdk:cnode1) NSID 1 with lcore 9
4: Associating RDMA (addr:65.65.65.131 subnqn:nqn.2016-06.io.spdk:cnode1) NSID 1 with lcore 10
4: Associating RDMA (addr:65.65.65.131 subnqn:nqn.2016-06.io.spdk:cnode1) NSID 1 with lcore 11
4: Associating RDMA (addr:65.65.65.131 subnqn:nqn.2016-06.io.spdk:cnode1) NSID 1 with lcore 12
4: Associating RDMA (addr:65.65.65.131 subnqn:nqn.2016-06.io.spdk:cnode1) NSID 1 with lcore 13
4: Associating RDMA (addr:65.65.65.131 subnqn:nqn.2016-06.io.spdk:cnode1) NSID 1 with lcore 14
4: Associating RDMA (addr:65.65.65.131 subnqn:nqn.2016-06.io.spdk:cnode1) NSID 1 with lcore 15
4: Associating RDMA (addr:65.65.65.131 subnqn:nqn.2016-06.io.spdk:cnode1) NSID 1 with lcore 16
4: Associating RDMA (addr:65.65.65.131 subnqn:nqn.2016-06.io.spdk:cnode1) NSID 1 with lcore 17
4: Associating RDMA (addr:65.65.65.131 subnqn:nqn.2016-06.io.spdk:cnode1) NSID 1 with lcore 18
4: Associating RDMA (addr:65.65.65.131 subnqn:nqn.2016-06.io.spdk:cnode1) NSID 1 with lcore 19
4: Associating RDMA (addr:65.65.65.131 subnqn:nqn.2016-06.io.spdk:cnode1) NSID 1 with lcore 20
4: Associating RDMA (addr:65.65.65.131 subnqn:nqn.2016-06.io.spdk:cnode1) NSID 1 with lcore 21
4: Associating RDMA (addr:65.65.65.131 subnqn:nqn.2016-06.io.spdk:cnode1) NSID 1 with lcore 22
4: Associating RDMA (addr:65.65.65.131 subnqn:nqn.2016-06.io.spdk:cnode1) NSID 1 with lcore 23
4: Initialization complete. Launching workers.
4: IO qp on core 1 total time 29642.135 us (82701556 ticks), connect time 14953.285 us (41719664 ticks)
4: IO qp on core 2 total time 43784.423 us (122158540 ticks), connect time 28103.921 us (78409940 ticks)
4: IO qp on core 3 total time 52259.501 us (145804008 ticks), connect time 36625.786 us (102185944 ticks)
4: IO qp on core 4 total time 62371.596 us (174016752 ticks), connect time 46786.324 us (130533844 ticks)
4: IO qp on core 7 total time 71830.959 us (200408376 ticks), connect time 56230.062 us (156881872 ticks)
4: IO qp on core 5 total time 82654.254 us (230605368 ticks), connect time 67003.237 us (186939032 ticks)
4: IO qp on core 6 total time 92199.384 us (257236280 ticks), connect time 76544.563 us (213559332 ticks)
4: IO qp on core 8 total time 102516.089 us (286019888 ticks), connect time 86952.695 us (242598020 ticks)
4: IO qp on core 9 total time 112436.720 us (313698448 ticks), connect time 96870.085 us (270267536 ticks)
4: IO qp on core 11 total time 121963.564 us (340278344 ticks), connect time 106479.002 us (297076416 ticks)
4: IO qp on core 12 total time 132200.394 us (368839100 ticks), connect time 116707.944 us (325615164 ticks)
4: IO qp on core 14 total time 146070.982 us (407538040 ticks), connect time 130575.933 us (364306852 ticks)
4: IO qp on core 13 total time 159186.674 us (444130820 ticks), connect time 143683.867 us (400877988 ticks)
4: IO qp on core 15 total time 169163.847 us (471967132 ticks), connect time 153661.852 us (428716568 ticks)
4: IO qp on core 16 total time 179689.177 us (501332804 ticks), connect time 164206.341 us (458135692 ticks)
4: IO qp on core 17 total time 189331.434 us (528234700 ticks), connect time 173844.674 us (485026640 ticks)
0: mlx5dv_reserved_qpn_alloc 1 1
1: mlx5dv_reserved_qpn_alloc 1 1
4: IO qp on cmlx5dv_reserved_qpn_alloc 1 1
0: [2021-10-01 17:25:15.847969] rdma.c:2990:nvmf_process_cm_event: *NOTICE*: In RDMA_CM_EVENT_CONNECT_REQUEST
0: mlx5dv_reserved_qpn_alloc 1 1
0: [2021-10-01 17:25:15.847991] rdma.c:2990:nvmf_process_cm_event: *NOTICE*: In RDMA_CM_EVENT_CONNECT_REQUEST
0: mlx5dv_reserved_qpn_alloc 1 1
0: [2021-10-01 17:25:15.848006] rdma.c:2990:nvmf_process_cm_event: *NOTICE*: In RDMA_CM_EVENT_CONNECT_REQUEST
0: mlx5dv_reserved_qpn_alloc 1 1
1: [2021-10-01 17:25:15.848355] nvme_rdma.c:1386:_nvme_rdma_ctrlr_connect_qpair: *NOTICE*: Connect rdma qpair: pg 0x7f4410000a90, srq depth 128
0: [2021-10-01 17:25:15.844895] nvme_rdma.c:1386:_nvme_rdma_ctrlr_connect_qpair: *NOTICE*: Connect rdma qpair: pg 0x7f8014000a90, srq depth 128
4: [2021-10-01 17:25:15.848006] nvme_rdma.c:1386:_nvme_rdma_ctrlr_connect_qpair: *NOTICE*: Connect rdma qpair: pg 0x7f79e4000ab0, srq depth 128
1: mlx5dv_reserved_qpn_alloc 1 1
0: mlx5dv_reserved_qpn_alloc 1 1
4: mlx5dv_reserved_qpn_alloc 1 1
0: [2021-10-01 17:25:15.857952] rdma.c:2990:nvmf_process_cm_event: *NOTICE*: In RDMA_CM_EVENT_CONNECT_REQUEST
0: mlx5dv_reserved_qpn_alloc 1 1
0: [2021-10-01 17:25:15.857973] rdma.c:2990:nvmf_process_cm_event: *NOTICE*: In RDMA_CM_EVENT_CONNECT_REQUEST
0: mlx5dv_reserved_qpn_alloc 1 1
0: [2021-10-01 17:25:15.857990] rdma.c:2990:nvmf_process_cm_event: *NOTICE*: In RDMA_CM_EVENT_CONNECT_REQUEST
0: mlx5dv_reserved_qpn_alloc 1 1
1: [2021-10-01 17:25:15.858329] nvme_rdma.c:1386:_nvme_rdma_ctrlr_connect_qpair: *NOTICE*: Connect rdma qpair: pg 0x7f43e4000ab0, srq depth 128
0: [2021-10-01 17:25:15.854890] nvme_rdma.c:1386:_nvme_rdma_ctrlr_connect_qpair: *NOTICE*: Connect rdma qpair: pg 0x7f8020000a90, srq depth 128
4: [2021-10-01 17:25:15.857990] nvme_rdma.c:1386:_nvme_rdma_ctrlr_connect_qpair: *NOTICE*: Connect rdma qpair: pg 0x14c0cd0, srq depth 128
0: mlx5dv_reserved_qpn_alloc 1 1
1: mlx5dv_reserved_qpn_alloc 1 1
4: mlx5dv_reserved_qpn_alloc 1 1
0: [2021-10-01 17:25:15.867936] rdma.c:2990:nvmf_process_cm_event: *NOTICE*: In RDMA_CM_EVENT_CONNECT_REQUEST
0: mlx5dv_reserved_qpn_alloc 1 1
0: [2021-10-01 17:25:15.867962] rdma.c:2990:nvmf_process_cm_event: *NOTICE*: In RDMA_CM_EVENT_CONNECT_REQUEST
0: mlx5dv_reserved_qpn_alloc 1 1
0: [2021-10-01 17:25:15.867983] rdma.c:2990:nvmf_process_cm_event: *NOTICE*: In RDMA_CM_EVENT_CONNECT_REQUEST
0: mlx5dv_reserved_qpn_alloc 1 1
1: [2021-10-01 17:25:15.868345] nvme_rdma.c:1386:_nvme_rdma_ctrlr_connect_qpair: *NOTICE*: Connect rdma qpair: pg 0x1283cd0, srq depth 128
0: [2021-10-01 17:25:15.864879] nvme_rdma.c:1386:_nvme_rdma_ctrlr_connect_qpair: *NOTICE*: Connect rdma qpair: pg 0x7f8018000b60, srq depth 128
4: [2021-10-01 17:25:15.867998] nvme_rdma.c:1386:_nvme_rdma_ctrlr_connect_qpair: *NOTICE*: Connect rdma qpair: pg 0x7f7a00000ab0, srq depth 128
0: mlx5dv_reserved_qpn_alloc 1 1
1: mlx5dv_reserved_qpn_alloc 1 1
4: mlx5dv_reserved_qpn_alloc 1 1
0: [2021-10-01 17:25:15.877919] rdma.c:2990:nvmf_process_cm_event: *NOTICE*: In RDMA_CM_EVENT_CONNECT_REQUEST
0: mlx5dv_reserved_qpn_alloc 1 1
0: [2021-10-01 17:25:15.877943] rdma.c:2990:nvmf_process_cm_event: *NOTICE*: In RDMA_CM_EVENT_CONNECT_REQUEST
0: mlx5dv_reserved_qpn_alloc 1 1
0: [2021-10-01 17:25:15.877965] rdma.c:2990:nvmf_process_cm_event: *NOTICE*: In RDMA_CM_EVENT_CONNECT_REQUEST
0: mlx5dv_reserved_qpn_alloc 1 1
0: [2021-10-01 17:25:15.874849] nvme_rdma.c:1386:_nvme_rdma_ctrlr_connect_qpair: *NOTICE*: Connect rdma qpair: pg 0x7f8030000a90, srq depth 128
1: [2021-10-01 17:25:15.878324] nvme_rdma.c:1386:_nvme_rdma_ctrlr_connect_qpair: *NOTICE*: Connect rdma qpair: pg 0x7f43cc000ab0, srq depth 128
4: [2021-10-01 17:25:15.877928] nvme_rdma.c:1386:_nvme_rdma_ctrlr_connect_qpair: *NOTICE*: Connect rdma qpair: pg 0x7f79e0000ab0, srq depth 128
0: mlx5dv_reserved_qpn_alloc 1 1
1: mlx5dv_reserved_qpn_alloc 1 1
4: mlx5dv_reserved_qpn_alloc 1 1
0: [2021-10-01 17:25:15.887903] rdma.c:2990:nvmf_process_cm_event: *NOTICE*: In RDMA_CM_EVENT_CONNECT_REQUEST
0: mlx5dv_reserved_qpn_alloc 1 1
0: [2021-10-01 17:25:15.887931] rdma.c:2990:nvmf_process_cm_event: *NOTICE*: In RDMA_CM_EVENT_CONNECT_REQUEST
0: mlx5dv_reserved_qpn_alloc 1 1
0: [2021-10-01 17:25:15.887952] rdma.c:2990:nvmf_process_cm_event: *NOTICE*: In RDMA_CM_EVENT_CONNECT_REQUEST
0: mlx5dv_reserved_qpn_alloc 1 1
1: [2021-10-01 17:25:15.888295] nvme_rdma.c:1386:_nvme_rdma_ctrlr_connect_qpair: *NOTICE*: Connect rdma qpair: pg 0x7f43d4000ab0, srq depth 128
0: [2021-10-01 17:25:15.884824] nvme_rdma.c:1386:_nvme_rdma_ctrlr_connect_qpair: *NOTICE*: Connect rdma qpair: pg 0x7f800c000ab0, srq depth 128
4: [2021-10-01 17:25:15.887956] nvme_rdma.c:1386:_nvme_rdma_ctrlr_connect_qpair: *NOTICE*: Connect rdma qpair: pg 0x7f79e8000b60, srq depth 128
0: mlx5dv_reserved_qpn_alloc 1 1
4: mlx5dv_reserved_qpn_alloc 1 1
0: [2021-10-01 17:25:15.897887] rdma.c:2990:nvmf_process_cm_event: *NOTICE*: In RDMA_CM_EVENT_CONNECT_REQUEST
0: mlx5dv_reserved_qpn_alloc 1 1
0: [2021-10-01 17:25:15.897911] rdma.c:2990:nvmf_process_cm_event: *NOTICE*: In RDMA_CM_EVENT_CONNECT_REQUEST
0: mlx5dv_reserved_qpn_alloc 1 1
0: [2021-10-01 17:25:15.894810] nvme_rdma.c:1386:_nvme_rdma_ctrlr_connect_qpair: *NOTICE*: Connect rdma qpair: pg 0x7f802c000ab0, srq depth 128
4: [2021-10-01 17:25:15.897891] nvme_rdma.c:1386:_nvme_rdma_ctrlr_connect_qpair: *NOTICE*: Connect rdma qpair: pg 0x7f79d4000ab0, srq depth 128
0: mlx5dv_reserved_qpn_alloc 1 1
4: mlx5dv_reserved_qpn_alloc 1 1
0: [2021-10-01 17:25:15.907870] rdma.c:2990:nvmf_process_cm_event: *NOTICE*: In RDMA_CM_EVENT_CONNECT_REQUEST
0: mlx5dv_reserved_qpn_alloc 1 1
0: [2021-10-01 17:25:15.907898] rdma.c:2990:nvmf_process_cm_event: *NOTICE*: In RDMA_CM_EVENT_CONNECT_REQUEST
0: mlx5dv_reserved_qpn_alloc 1 1
0: [2021-10-01 17:25:15.904803] nvme_rdma.c:1386:_nvme_rdma_ctrlr_connect_qpair: *NOTICE*: Connect rdma qpair: pg 0x25e3cd0, srq depth 128
4: [2021-10-01 17:25:15.907926] nvme_rdma.c:1386:_nvme_rdma_ctrlr_connect_qpair: *NOTICE*: Connect rdma qpair: pg 0x7f79dc000ab0, srq depth 128
0: Initializing NVMe Controllers
0: Attached to NVMe over Fabrics controller at 65.65.65.131:4420: nqn.2016-06.io.spdk:cnode1
0: Controller attach time is 19768.261 us (55153448 ticks)
0: Associating RDMA (addr:65.65.65.131 subnqn:nqn.2016-06.io.spdk:cnode1) NSID 1 with lcore 0
0: Associating RDMA (addr:65.65.65.131 subnqn:nqn.2016-06.io.spdk:cnode1) NSID 1 with lcore 1
0: Associating RDMA (addr:65.65.65.131 subnqn:nqn.2016-06.io.spdk:cnode1) NSID 1 with lcore 2
0: Associating RDMA (addr:65.65.65.131 subnqn:nqn.2016-06.io.spdk:cnode1) NSID 1 with lcore 3
0: Associating RDMA (addr:65.65.65.131 subnqn:nqn.2016-06.io.spdk:cnode1) NSID 1 with lcore 4
0: Associating RDMA (addr:65.65.65.131 subnqn:nqn.2016-06.io.spdk:cnode1) NSID 1 with lcore 5
0: Associating RDMA (addr:65.65.65.131 subnqn:nqn.2016-06.io.spdk:cnode1) NSID 1 with lcore 6
0: Associating RDMA (addr:65.65.65.131 subnqn:nqn.2016-06.io.spdk:cnode1) NSID 1 with lcore 7
0: Associating RDMA (addr:65.65.65.131 subnqn:nqn.2016-06.io.spdk:cnode1) NSID 1 with lcore 8
0: Associating RDMA (addr:65.65.65.131 subnqn:nqn.2016-06.io.spdk:cnode1) NSID 1 with lcore 9
0: Associating RDMA (addr:65.65.65.131 subnqn:nqn.2016-06.io.spdk:cnode1) NSID 1 with lcore 10
0: Associating RDMA (addr:65.65.65.131 subnqn:nqn.2016-06.io.spdk:cnode1) NSID 1 with lcore 11
0: Associating RDMA (addr:65.65.65.131 subnqn:nqn.2016-06.io.spdk:cnode1) NSID 1 with lcore 12
0: Associating RDMA (addr:65.65.65.131 subnqn:nqn.2016-06.io.spdk:cnode1) NSID 1 with lcore 13
0: Associating RDMA (addr:65.65.65.131 subnqn:nqn.2016-06.io.spdk:cnode1) NSID 1 with lcore 14
0: Associating RDMA (addr:65.65.65.131 subnqn:nqn.2016-06.io.spdk:cnode1) NSID 1 with lcore 15
0: Associating RDMA (addr:65.65.65.131 subnqn:nqn.2016-06.io.spdk:cnode1) NSID 1 with lcore 16
0: Associating RDMA (addr:65.65.65.131 subnqn:nqn.2016-06.io.spdk:cnode1) NSID 1 with lcore 17
0: Associating RDMA (addr:65.65.65.131 subnqn:nqn.2016-06.io.spdk:cnode1) NSID 1 with lcore 18
0: Associating RDMA (addr:65.65.65.131 subnqn:nqn.2016-06.io.spdk:cnode1) NSID 1 with lcore 19
0: Associating RDMA (addr:65.65.65.131 subnqn:nqn.2016-06.io.spdk:cnode1) NSID 1 with lcore 20
0: Associating RDMA (addr:65.65.65.131 subnqn:nqn.2016-06.io.spdk:cnode1) NSID 1 with lcore 21
0: Associating RDMA (addr:65.65.65.131 subnqn:nqn.2016-06.io.spdk:cnode1) NSID 1 with lcore 22
0: Associating RDMA (addr:65.65.65.131 subnqn:nqn.2016-06.io.spdk:cnode1) NSID 1 with lcore 23
0: Initialization complete. Launching workers.
0: IO qp on core 1 total time 22452.889 us (62643560 ticks), connect time 16294.314 us (45461136 ticks)
0: IO qp on core 2 total time 32383.275 us (90349336 ticks), connect time 25738.343 us (71809976 ticks)
0: IO qp on core 3 total time 42585.882 us (118814612 ticks), connect time 35545.729 us (99172584 ticks)
0: IO qp on core 8 total time 52464.062 us (146374732 ticks), connect time 44873.663 us (125197520 ticks)
0: IO qp on core 6 total time 65959.801 us (184027844 ticks), connect time 57891.867 us (161518308 ticks)
0: IO qp on core 5 total time 81939.652 us (228611628 ticks), connect time 72969.887 us (203585984 ticks)
0: IO qp on core 7 total time 89239.492 us (248978184 ticks), connect time 80006.056 us (223216896 ticks)
0: IO qp on core 4 total time 99279.148 us (276988824 ticks), connect time 89676.272 us (250196800 ticks)
0: IO qp on core 9 total time 109187.596 us (304633392 ticks), connect time 99467.762 us (277515056 ticks)
0: IO qp on core 11 total time 119122.016 us (332350424 ticks), connect time 109113.712 us (304427256 ticks)
0: IO qp on core 14 total time 129128.674 us (360269000 ticks), connect time 118797.627 us (331445380 ticks)
0: IO qp on core 13 total time 139126.681 us (388163440 ticks), connect time 128491.057 us (358490048 ticks)
0: IO qp on core 15 total time 149139.732 us (416099852 ticks), connect time 138189.915 us (385549864 ticks)
0: IO qp on core 10 total time 159099.583 us (443887836 ticks), connect time 147860.694 us (412531336 ticks)
0: IO qp on core 17 total time 169475.690 us (472837176 ticks), connect time 157841.550 us (440377924 ticks)
0: IO qp on core 19 total time 179155.812 us (499844716 ticks), connect time 166598.866 us (464810836 ticks)
0: IO qp on coremlx5dv_reserved_qpn_alloc 1 1
0: [2021-10-01 17:25:15.917850] rdma.c:2990:nvmf_process_cm_event: *NOTICE*: In RDMA_CM_EVENT_CONNECT_REQUEST
0: mlx5dv_reserved_qpn_alloc 1 1
0: [2021-10-01 17:25:15.914767] nvme_rdma.c:1386:_nvme_rdma_ctrlr_connect_qpair: *NOTICE*: Connect rdma qpair: pg 0x7f7ffc000ab0, srq depth 128
0: mlx5dv_reserved_qpn_alloc 1 1
0: [2021-10-01 17:25:15.927836] rdma.c:2990:nvmf_process_cm_event: *NOTICE*: In RDMA_CM_EVENT_CONNECT_REQUEST
0: mlx5dv_reserved_qpn_alloc 1 1
0: [2021-10-01 17:25:15.924750] nvme_rdma.c:1386:_nvme_rdma_ctrlr_connect_qpair: *NOTICE*: Connect rdma qpair: pg 0x7f7ff4000ab0, srq depth 128
0: mlx5dv_reserved_qpn_alloc 1 1
0: [2021-10-01 17:25:15.937813] rdma.c:2990:nvmf_process_cm_event: *NOTICE*: In RDMA_CM_EVENT_CONNECT_REQUEST
0: mlx5dv_reserved_qpn_alloc 1 1
0: [2021-10-01 17:25:15.934727] nvme_rdma.c:1386:_nvme_rdma_ctrlr_connect_qpair: *NOTICE*: Connect rdma qpair: pg 0x7f8010000ab0, srq depth 128
0: mlx5dv_reserved_qpn_alloc 1 1
2: mlx5dv_reserved_qpn_alloc 1 1
0: [2021-10-01 17:25:15.947796] rdma.c:2990:nvmf_process_cm_event: *NOTICE*: In RDMA_CM_EVENT_CONNECT_REQUEST
0: mlx5dv_reserved_qpn_alloc 1 1
0: [2021-10-01 17:25:15.947820] rdma.c:2990:nvmf_process_cm_event: *NOTICE*: In RDMA_CM_EVENT_CONNECT_REQUEST
0: mlx5dv_reserved_qpn_alloc 1 1
0: [2021-10-01 17:25:15.944729] nvme_rdma.c:1386:_nvme_rdma_ctrlr_connect_qpair: *NOTICE*: Connect rdma qpair: pg 0x7f8000000ab0, srq depth 128
2: [2021-10-01 17:25:15.947967] nvme_rdma.c:1386:_nvme_rdma_ctrlr_connect_qpair: *NOTICE*: Connect rdma qpair: pg (nil), srq depth 128
2: [2021-10-01 17:25:15.948023] nvme_rdma.c:1020:nvme_rdma_create_resources: *NOTICE*: Created resources: qp 0x1d15250, poller (nil), num_entries 32
0: mlx5dv_reserved_qpn_alloc 1 1
2: mlx5dv_reserved_qpn_alloc 1 1
3: mlx5dv_reserved_qpn_alloc 1 1
0: [2021-10-01 17:25:15.957782] rdma.c:2990:nvmf_process_cm_event: *NOTICE*: In RDMA_CM_EVENT_CONNECT_REQUEST
0: mlx5dv_reserved_qpn_alloc 1 1
0: [2021-10-01 17:25:15.957806] rdma.c:2990:nvmf_process_cm_event: *NOTICE*: In RDMA_CM_EVENT_CONNECT_REQUEST
0: mlx5dv_reserved_qpn_alloc 1 1
0: [2021-10-01 17:25:15.957825] rdma.c:2990:nvmf_process_cm_event: *NOTICE*: In RDMA_CM_EVENT_CONNECT_REQUEST
0: mlx5dv_reserved_qpn_alloc 1 1
0: [2021-10-01 17:25:15.954713] nvme_rdma.c:1386:_nvme_rdma_ctrlr_connect_qpair: *NOTICE*: Connect rdma qpair: pg 0x7f7ff8000ab0, srq depth 128
2: [2021-10-01 17:25:15.957912] nvme_rdma.c:1386:_nvme_rdma_ctrlr_connect_qpair: *NOTICE*: Connect rdma qpair: pg (nil), srq depth 128
3: [2021-10-01 17:25:15.958217] nvme_rdma.c:1386:_nvme_rdma_ctrlr_connect_qpair: *NOTICE*: Connect rdma qpair: pg (nil), srq depth 128
2: [2021-10-01 17:25:15.957958] nvme_rdma.c:1020:nvme_rdma_create_resources: *NOTICE*: Created resources: qp 0x1d1f830, poller (nil), num_entries 32
3: [2021-10-01 17:25:15.958267] nvme_rdma.c:1020:nvme_rdma_create_resources: *NOTICE*: Created resources: qp 0x11a6250, poller (nil), num_entries 32
2: [2021-10-01 17:25:15.959386] dc_mlx5_dv.c: 963:spdk_rdma_qp_reset: *NOTICE*: Reset called for qp: 0x1d1a2a0
0: mlx5dv_reserved_qpn_alloc 1 1
0: [2021-10-01 17:25:15.967770] rdma.c:2990:nvmf_process_cm_event: *NOTICE*: In RDMA_CM_EVENT_CONNECT_REQUEST
0: mlx5dv_reserved_qpn_alloc 1 1
0: [2021-10-01 17:25:15.964784] nvme_rdma.c:1386:_nvme_rdma_ctrlr_connect_qpair: *NOTICE*: Connect rdma qpair: pg 0x7f8004000b60, srq depth 128
2: [2021-10-01 17:25:15.972755] nvme_rdma.c:2525:nvme_rdma_poller_create: *NOTICE*: Created SRQ 0x7f36f8000e58, device mlx5_0
2: [2021-10-01 17:25:15.973007] nvme_rdma.c: 928:nvme_rdma_register_rsps: *NOTICE*: res->poller->pd: 0x7f36f8000e20
2: [2021-10-01 17:25:15.973122] nvme_rdma.c:1020:nvme_rdma_create_resources: *NOTICE*: Created resources: qp (nil), poller 0x7f36f8000b30, num_entries 128
2: [2021-10-01 17:25:15.973251] nvme_rdma.c:2525:nvme_rdma_poller_create: *NOTICE*: Created SRQ 0x7f36fc000e58, device mlx5_0
2: [2021-10-01 17:25:15.973324] nvme_rdma.c: 928:nvme_rdma_register_rsps: *NOTICE*: res->poller->pd: 0x7f36fc000e20
2: [2021-10-01 17:25:15.973382] nvme_rdma.c:1020:nvme_rdma_create_resources: *NOTICE*: Created resources: qp (nil), poller 0x7f36fc000b30, num_entries 128
2: [2021-10-01 17:25:15.973636] nvme_rdma.c:2525:nvme_rdma_poller_create: *NOTICE*: Created SRQ 0x7f36e8000e58, device mlx5_0
2: [2021-10-01 17:25:15.973706] nvme_rdma.c: 928:nvme_rdma_register_rsps: *NOTICE*: res->poller->pd: 0x7f36e8000e20
2: [2021-10-01 17:25:15.973961] nvme_rdma.c:2525:nvme_rdma_poller_create: *NOTICE*: Created SRQ 0x7f36f0000e58, device mlx5_0
2: [2021-10-01 17:25:15.974244] nvme_rdma.c: 928:nvme_rdma_register_rsps: *NOTICE*: res->poller->pd: 0x7f36f0000e20
2: [2021-10-01 17:25:15.974301] nvme_rdma.c:1020:nvme_rdma_create_resources: *NOTICE*: Created resources: qp (nil), poller 0x7f36e8000b30, num_entries 128
2: [2021-10-01 17:25:15.974315] nvme_rdma.c:1020:nvme_rdma_create_resources: *NOTICE*: Created resources: qp (nil), poller 0x7f36f0000b30, num_entries 128
2: [2021-10-01 17:25:15.974448] nvme_rdma.c:2525:nvme_rdma_poller_create: *NOTICE*: Created SRQ 0x7f36e4000e58, device mlx5_0
2: [2021-10-01 17:25:15.974491] nvme_rdma.c: 928:nvme_rdma_register_rsps: *NOTICE*: res->poller->pd: 0x7f36e4000e20
2: [2021-10-01 17:25:15.974540] nvme_rdma.c:1020:nvme_rdma_create_resources: *NOTICE*: Created resources: qp (nil), poller 0x7f36e4000b30, num_entries 128
2: [2021-10-01 17:25:15.974946] nvme_rdma.c:2525:nvme_rdma_poller_create: *NOTICE*: Created SRQ 0x7f36ec000e58, device mlx5_0
2: [2021-10-01 17:25:15.974968] nvme_rdma.c: 928:nvme_rdma_register_rsps: *NOTICE*: res->poller->pd: 0x7f36ec000e20
2: [2021-10-01 17:25:15.975007] nvme_rdma.c:1020:nvme_rdma_create_resources: *NOTICE*: Created resources: qp (nil), poller 0x7f36ec000b30, num_entries 128
2: [2021-10-01 17:25:15.975182] nvme_rdma.c:2525:nvme_rdma_poller_create: *NOTICE*: Created SRQ 0x7f36bc000e68, device mlx5_0
2: [2021-10-01 17:25:15.975214] nvme_rdma.c: 928:nvme_rdma_register_rsps: *NOTICE*: res->poller->pd: 0x7f36bc000e30
2: [2021-10-01 17:25:15.975261] nvme_rdma.c:1020:nvme_rdma_create_resources: *NOTICE*: Created resources: qp (nil), poller 0x7f36bc000b40, num_entries 128
2: [2021-10-01 17:25:15.975307] nvme_rdma.c:2525:nvme_rdma_poller_create: *NOTICE*: Created SRQ 0x7f36f8008c68, device mlx5_1
2: [2021-10-01 17:25:15.975326] nvme_rdma.c: 928:nvme_rdma_register_rsps: *NOTICE*: res->poller->pd: 0x7f36f8000fc0
2: [2021-10-01 17:25:15.975401] nvme_rdma.c:1020:nvme_rdma_create_resources: *NOTICE*: Created resources: qp (nil), poller 0x7f36f8008900, num_entries 128
2: [2021-10-01 17:25:15.975467] nvme_rdma.c:2525:nvme_rdma_poller_create: *NOTICE*: Created SRQ 0x7f36d8000e58, device mlx5_0
2: [2021-10-01 17:25:15.975514] nvme_rdma.c: 928:nvme_rdma_register_rsps: *NOTICE*: res->poller->pd: 0x7f36d8000e20
2: [2021-10-01 17:25:15.975555] nvme_rdma.c:1020:nvme_rdma_create_resources: *NOTICE*: Created resources: qp (nil), poller 0x7f36d8000b30, num_entries 128
2: [2021-10-01 17:25:15.975635] nvme_rdma.c:2525:nvme_rdma_poller_create: *NOTICE*: Created SRQ 0x7f36fc008bf8, device mlx5_1
2: [2021-10-01 17:25:15.975653] nvme_rdma.c: 928:nvme_rdma_register_rsps: *NOTICE*: res->poller->pd: 0x7f36fc000fc0
2: [2021-10-01 17:25:15.975655] nvme_rdma.c:2525:nvme_rdma_poller_create: *NOTICE*: Created SRQ 0x7f36e0000e58, device mlx5_0
2: [2021-10-01 17:25:15.975694] nvme_rdma.c: 928:nvme_rdma_register_rsps: *NOTICE*: res->poller->pd: 0x7f36e0000e20
2: [2021-10-01 17:25:15.975723] nvme_rdma.c:1020:nvme_rdma_create_resources: *NOTICE*: Created resources: qp (nil), poller 0x7f36fc008900, num_entries 128
2: [2021-10-01 17:25:15.975748] nvme_rdma.c:1020:nvme_rdma_create_resources: *NOTICE*: Created resources: qp (nil), poller 0x7f36e0000b30, num_entries 128
2: [2021-10-01 17:25:15.975874] nvme_rdma.c:2525:nvme_rdma_poller_create: *NOTICE*: Created SRQ 0x7f36d4000e58, device mlx5_0
2: [2021-10-01 17:25:15.975907] nvme_rdma.c: 928:nvme_rdma_register_rsps: *NOTICE*: res->poller->pd: 0x7f36d4000e20
2: [2021-10-01 17:25:15.975945] nvme_rdma.c:1020:nvme_rdma_create_resources: *NOTICE*: Created resources: qp (nil), poller 0x7f36d4000b30, num_entries 128
2: [2021-10-01 17:25:15.975998] nvme_rdma.c:2525:nvme_rdma_poller_create: *NOTICE*: Created SRQ 0x7f36f0008bf8, device mlx5_1
2: [2021-10-01 17:25:15.976027] nvme_rdma.c: 928:nvme_rdma_register_rsps: *NOTICE*: res->poller->pd: 0x7f36f0000fc0
2: [2021-10-01 17:25:15.976089] nvme_rdma.c:1020:nvme_rdma_create_resources: *NOTICE*: Created resources: qp (nil), poller 0x7f36f0008900, num_entries 128
2: [2021-10-01 17:25:15.976091] nvme_rdma.c:2525:nvme_rdma_poller_create: *NOTICE*: Created SRQ 0x7f36cc000e58, device mlx5_0
2: [2021-10-01 17:25:15.976128] nvme_rdma.c: 928:nvme_rdma_register_rsps: *NOTICE*: res->poller->pd: 0x7f36cc000e20
2: [2021-10-01 17:25:15.976175] nvme_rdma.c:1020:nvme_rdma_create_resources: *NOTICE*: Created resources: qp (nil), poller 0x7f36cc000b30, num_entries 128
2: [2021-10-01 17:25:15.976322] nvme_rdma.c:2525:nvme_rdma_poller_create: *NOTICE*: Created SRQ 0x7f36c8000ed8, device mlx5_0
2: [2021-10-01 17:25:15.976339] nvme_rdma.c:2525:nvme_rdma_poller_create: *NOTICE*: Created SRQ 0x7f36e8008bf8, device mlx5_1
2: [2021-10-01 17:25:15.976343] nvme_rdma.c: 928:nvme_rdma_register_rsps: *NOTICE*: res->poller->pd: 0x7f36c8000b00
2: [2021-10-01 17:25:15.976360] nvme_rdma.c: 928:nvme_rdma_register_rsps: *NOTICE*: res->poller->pd: 0x7f36e8000fc0
2: [2021-10-01 17:25:15.976410] nvme_rdma.c:1020:nvme_rdma_create_resources: *NOTICE*: Created resources: qp (nil), poller 0x7f36e8008900, num_entries 128
2: [2021-10-01 17:25:15.976411] nvme_rdma.c:1020:nvme_rdma_create_resources: *NOTICE*: Created resources: qp (nil), poller 0x7f36c8000be0, num_entries 128
2: [2021-10-01 17:25:15.976517] nvme_rdma.c:2525:nvme_rdma_poller_create: *NOTICE*: Created SRQ 0x7f36d0000e58, device mlx5_0
2: [2021-10-01 17:25:15.976544] nvme_rdma.c: 928:nvme_rdma_register_rsps: *NOTICE*: res->poller->pd: 0x7f36d0000e20
2: [2021-10-01 17:25:15.976588] nvme_rdma.c:1020:nvme_rdma_create_resources: *NOTICE*: Created resources: qp (nil), poller 0x7f36d0000b30, num_entries 128
2: [2021-10-01 17:25:15.976716] nvme_rdma.c:2525:nvme_rdma_poller_create: *NOTICE*: Created SRQ 0x7f36e4008bf8, device mlx5_1
2: [2021-10-01 17:25:15.976726] nvme_rdma.c:2525:nvme_rdma_poller_create: *NOTICE*: Created SRQ 0x7f36c4000e58, device mlx5_0
2: [2021-10-01 17:25:15.976743] nvme_rdma.c: 928:nvme_rdma_register_rsps: *NOTICE*: res->poller->pd: 0x7f36e4000fc0
2: [2021-10-01 17:25:15.976771] nvme_rdma.c: 928:nvme_rdma_register_rsps: *NOTICE*: res->poller->pd: 0x7f36c4000e20
2: [2021-10-01 17:25:15.976809] nvme_rdma.c:1020:nvme_rdma_create_resources: *NOTICE*: Created resources: qp (nil), poller 0x7f36e4008900, num_entries 128
2: [2021-10-01 17:25:15.976825] nvme_rdma.c:1020:nvme_rdma_create_resources: *NOTICE*: Created resources: qp (nil), poller 0x7f36c4000b30, num_entries 128
2: [2021-10-01 17:25:15.977133] nvme_rdma.c:2525:nvme_rdma_poller_create: *NOTICE*: Created SRQ 0x7f36ec008bf8, device mlx5_1
2: [2021-10-01 17:25:15.977154] nvme_rdma.c: 928:nvme_rdma_register_rsps: *NOTICE*: res->poller->pd: 0x7f36ec000fc0
2: [2021-10-01 17:25:15.977161] nvme_rdma.c:2525:nvme_rdma_poller_create: *NOTICE*: Created SRQ 0x7f36b8000e68, device mlx5_0
2: [2021-10-01 17:25:15.977223] nvme_rdma.c:1020:nvme_rdma_create_resources: *NOTICE*: Created resources: qp (nil), poller 0x7f36ec008900, num_entries 128
2: [2021-10-01 17:25:15.977224] nvme_rdma.c: 928:nvme_rdma_register_rsps: *NOTICE*: res->poller->pd: 0x7f36b8000e30
2: [2021-10-01 17:25:15.977293] nvme_rdma.c:1020:nvme_rdma_create_resources: *NOTICE*: Created resources: qp (nil), poller 0x7f36b8000b40, num_entries 128
2: [2021-10-01 17:25:15.977487] nvme_rdma.c:2525:nvme_rdma_poller_create: *NOTICE*: Created SRQ 0x7f36bc008bf8, device mlx5_1
2: [2021-10-01 17:25:15.977517] nvme_rdma.c: 928:nvme_rdma_register_rsps: *NOTICE*: res->poller->pd: 0x7f36bc000fd0
2: [2021-10-01 17:25:15.977552] nvme_rdma.c:1020:nvme_rdma_create_resources: *NOTICE*: Created resources: qp (nil), poller 0x7f36bc008900, num_entries 128
2: [2021-10-01 17:25:15.977818] nvme_rdma.c:2525:nvme_rdma_poller_create: *NOTICE*: Created SRQ 0x7f36d8008bf8, device mlx5_1
2: [2021-10-01 17:25:15.977836] nvme_rdma.c: 928:nvme_rdma_register_rsps: *NOTICE*: res->poller->pd: 0x7f36d8000fc0
2: [2021-10-01 17:25:15.977875] nvme_rdma.c:1020:nvme_rdma_create_resources: *NOTICE*: Created resources: qp (nil), poller 0x7f36d8008900, num_entries 128
2: [2021-10-01 17:25:15.978158] nvme_rdma.c:2525:nvme_rdma_poller_create: *NOTICE*: Created SRQ 0x7f36e0008bf8, device mlx5_1
2: [2021-10-01 17:25:15.978180] nvme_rdma.c: 928:nvme_rdma_register_rsps: *NOTICE*: res->poller->pd: 0x7f36e0000fc0
2: [2021-10-01 17:25:15.978219] nvme_rdma.c:1020:nvme_rdma_create_resources: *NOTICE*: Created resources: qp (nil), poller 0x7f36e0008900, num_entries 128
2: [2021-10-01 17:25:15.978369] nvme_rdma.c:2525:nvme_rdma_poller_create: *NOTICE*: Created SRQ 0x7f36d4008bf8, device mlx5_1
2: [2021-10-01 17:25:15.978390] nvme_rdma.c: 928:nvme_rdma_register_rsps: *NOTICE*: res->poller->pd: 0x7f36d4000fc0
2: [2021-10-01 17:25:15.978437] nvme_rdma.c:1020:nvme_rdma_create_resources: *NOTICE*: Created resources: qp (nil), poller 0x7f36d4008900, num_entries 128
2: [2021-10-01 17:25:15.978573] nvme_rdma.c:2525:nvme_rdma_poller_create: *NOTICE*: Created SRQ 0x7f36cc008bf8, device mlx5_1
2: [2021-10-01 17:25:15.978590] nvme_rdma.c: 928:nvme_rdma_register_rsps: *NOTICE*: res->poller->pd: 0x7f36cc000fc0
2: [2021-10-01 17:25:15.978627] nvme_rdma.c:1020:nvme_rdma_create_resources: *NOTICE*: Created resources: qp (nil), poller 0x7f36cc008900, num_entries 128
2: [2021-10-01 17:25:15.978768] nvme_rdma.c:2525:nvme_rdma_poller_create: *NOTICE*: Created SRQ 0x7f36c8001bf8, device mlx5_1
2: [2021-10-01 17:25:15.978793] nvme_rdma.c: 928:nvme_rdma_register_rsps: *NOTICE*: res->poller->pd: 0x7f36c8000b30
2: [2021-10-01 17:25:15.978828] nvme_rdma.c:1020:nvme_rdma_create_resources: *NOTICE*: Created resources: qp (nil), poller 0x7f36c8001900, num_entries 128
2: [2021-10-01 17:25:15.979727] nvme_rdma.c:2525:nvme_rdma_poller_create: *NOTICE*: Created SRQ 0x7f36d0008bf8, device mlx5_1
2: [2021-10-01 17:25:15.979746] nvme_rdma.c: 928:nvme_rdma_register_rsps: *NOTICE*: res->poller->pd: 0x7f36d0000fc0
2: [2021-10-01 17:25:15.979783] nvme_rdma.c:1020:nvme_rdma_create_resources: *NOTICE*: Created resources: qp (nil), poller 0x7f36d0008900, num_entries 128
2: [2021-10-01 17:25:15.979937] nvme_rdma.c:2525:nvme_rdma_poller_create: *NOTICE*: Created SRQ 0x7f36c4008c28, device mlx5_1
2: [2021-10-01 17:25:15.979956] nvme_rdma.c: 928:nvme_rdma_register_rsps: *NOTICE*: res->poller->pd: 0x7f36c4008bf0
2: [2021-10-01 17:25:15.980005] nvme_rdma.c:1020:nvme_rdma_create_resources: *NOTICE*: Created resources: qp (nil), poller 0x7f36c4008900, num_entries 128
2: [2021-10-01 17:25:15.980149] nvme_rdma.c:2525:nvme_rdma_poller_create: *NOTICE*: Created SRQ 0x7f36b8008bf8, device mlx5_1
2: [2021-10-01 17:25:15.980159] nvme_rdma.c:2525:nvme_rdma_poller_create: *NOTICE*: Created SRQ 0x7f36b4000e68, device mlx5_0
2: [2021-10-01 17:25:15.980181] nvme_rdma.c: 928:nvme_rdma_register_rsps: *NOTICE*: res->poller->pd: 0x7f36b4000e30
2: [2021-10-01 17:25:15.980183] nvme_rdma.c: 928:nvme_rdma_register_rsps: *NOTICE*: res->poller->pd: 0x7f36b8000fd0
2: [2021-10-01 17:25:15.980211] nvme_rdma.c:1020:nvme_rdma_create_resources: *NOTICE*: Created resources: qp (nil), poller 0x7f36b4000b40, num_entries 128
2: [2021-10-01 17:25:15.980223] nvme_rdma.c:1020:nvme_rdma_create_resources: *NOTICE*: Created resources: qp (nil), poller 0x7f36b8008900, num_entries 128
2: [2021-10-01 17:25:15.980791] nvme_rdma.c:2525:nvme_rdma_poller_create: *NOTICE*: Created SRQ 0x7f36b4008c18, device mlx5_1
2: [2021-10-01 17:25:15.980805] nvme_rdma.c: 928:nvme_rdma_register_rsps: *NOTICE*: res->poller->pd: 0x7f36b4000fd0
2: [2021-10-01 17:25:15.980832] nvme_rdma.c:1020:nvme_rdma_create_resources: *NOTICE*: Created resources: qp (nil), poller 0x7f36b4008920, num_entries 128
2: [2021-10-01 17:25:15.984199] nvme_rdma.c:2525:nvme_rdma_poller_create: *NOTICE*: Created SRQ 0x1d15048, device mlx5_0
2: [2021-10-01 17:25:15.984219] nvme_rdma.c: 928:nvme_rdma_register_rsps: *NOTICE*: res->poller->pd: 0x1d5cfc0
2: [2021-10-01 17:25:15.984258] nvme_rdma.c:1020:nvme_rdma_create_resources: *NOTICE*: Created resources: qp (nil), poller 0x1d14d50, num_entries 128
2: [2021-10-01 17:25:15.984936] nvme_rdma.c:2525:nvme_rdma_poller_create: *NOTICE*: Created SRQ 0x1d112f8, device mlx5_1
2: [2021-10-01 17:25:15.984955] nvme_rdma.c: 928:nvme_rdma_register_rsps: *NOTICE*: res->poller->pd: 0x1d1ac80
2: [2021-10-01 17:25:15.984996] nvme_rdma.c:1020:nvme_rdma_create_resources: *NOTICE*: Created resources: qp (nil), poller 0x1d1a2a0, num_entries 128
2: [2021-10-01 17:25:15.989101] nvme_rdma.c:2525:nvme_rdma_poller_create: *NOTICE*: Created SRQ 0x7f36c0000e58, device mlx5_0
2: [2021-10-01 17:25:15.989126] nvme_rdma.c: 928:nvme_rdma_register_rsps: *NOTICE*: res->poller->pd: 0x7f36c0000e20
2: [2021-10-01 17:25:15.989169] nvme_rdma.c:1020:nvme_rdma_create_resources: *NOTICE*: Created resources: qp (nil), poller 0x7f36c0000b30, num_entries 128
2: [2021-10-01 17:25:15.989815] nvme_rdma.c:2525:nvme_rdma_poller_create: *NOTICE*: Created SRQ 0x7f36c0008c28, device mlx5_1
2: [2021-10-01 17:25:15.989836] nvme_rdma.c: 928:nvme_rdma_register_rsps: *NOTICE*: res->poller->pd: 0x7f36c0008bf0
2: [2021-10-01 17:25:15.989875] nvme_rdma.c:1020:nvme_rdma_create_resources: *NOTICE*: Created resources: qp (nil), poller 0x7f36c0008900, num_entries 128
2: [2021-10-01 17:25:15.995028] nvme_rdma.c:2525:nvme_rdma_poller_create: *NOTICE*: Created SRQ 0x7f36b0000e68, device mlx5_0
2: [2021-10-01 17:25:15.995061] nvme_rdma.c: 928:nvme_rdma_register_rsps: *NOTICE*: res->poller->pd: 0x7f36b0000e30
2: [2021-10-01 17:25:15.995103] nvme_rdma.c:1020:nvme_rdma_create_resources: *NOTICE*: Created resources: qp (nil), poller 0x7f36b0000b40, num_entries 128
2: [2021-10-01 17:25:15.995735] nvme_rdma.c:2525:nvme_rdma_poller_create: *NOTICE*: Created SRQ 0x7f36b0008c18, device mlx5_1
2: [2021-10-01 17:25:15.995750] nvme_rdma.c: 928:nvme_rdma_register_rsps: *NOTICE*: res->poller->pd: 0x7f36b0000fd0
2: [2021-10-01 17:25:15.995787] nvme_rdma.c:1020:nvme_rdma_create_resources: *NOTICE*: Created resources: qp (nil), poller 0x7f36b0008920, num_entries 128
0: mlx5dv_reserved_qpn_alloc 1 1
0: [2021-10-01 17:25:15.997711] rdma.c:2990:nvmf_process_cm_event: *NOTICE*: In RDMA_CM_EVENT_CONNECT_REQUEST
0: mlx5dv_reserved_qpn_alloc 1 1
0: [2021-10-01 17:25:15.994655] nvme_rdma.c:1386:_nvme_rdma_ctrlr_connect_qpair: *NOTICE*: Connect rdma qpair: pg 0x7f8034000a90, srq depth 128
2: [2021-10-01 17:25:16.000859] nvme_rdma.c:2525:nvme_rdma_poller_create: *NOTICE*: Created SRQ 0x7f36ac000e68, device mlx5_0
2: [2021-10-01 17:25:16.000878] nvme_rdma.c: 928:nvme_rdma_register_rsps: *NOTICE*: res->poller->pd: 0x7f36ac000e30
2: [2021-10-01 17:25:16.000911] nvme_rdma.c:1020:nvme_rdma_create_resources: *NOTICE*: Created resources: qp (nil), poller 0x7f36ac000b40, num_entries 128
2: [2021-10-01 17:25:16.001530] nvme_rdma.c:2525:nvme_rdma_poller_create: *NOTICE*: Created SRQ 0x7f36ac008c18, device mlx5_1
2: [2021-10-01 17:25:16.001545] nvme_rdma.c: 928:nvme_rdma_register_rsps: *NOTICE*: res->poller->pd: 0x7f36ac000fd0
2: [2021-10-01 17:25:16.001578] nvme_rdma.c:1020:nvme_rdma_create_resources: *NOTICE*: Created resources: qp (nil), poller 0x7f36ac008920, num_entries 128
2: [2021-10-01 17:25:16.005996] nvme_rdma.c:2525:nvme_rdma_poller_create: *NOTICE*: Created SRQ 0x7f36dc000e58, device mlx5_0
2: [2021-10-01 17:25:16.006021] nvme_rdma.c: 928:nvme_rdma_register_rsps: *NOTICE*: res->poller->pd: 0x7f36dc000e20
2: [2021-10-01 17:25:16.006056] nvme_rdma.c:1020:nvme_rdma_create_resources: *NOTICE*: Created resources: qp (nil), poller 0x7f36dc000b30, num_entries 128
2: [2021-10-01 17:25:16.006761] nvme_rdma.c:2525:nvme_rdma_poller_create: *NOTICE*: Created SRQ 0x7f36dc008c28, device mlx5_1
2: [2021-10-01 17:25:16.006778] nvme_rdma.c: 928:nvme_rdma_register_rsps: *NOTICE*: res->poller->pd: 0x7f36dc008bf0
2: [2021-10-01 17:25:16.006815] nvme_rdma.c:1020:nvme_rdma_create_resources: *NOTICE*: Created resources: qp (nil), poller 0x7f36dc008900, num_entries 128
2: [2021-10-01 17:25:16.010660] nvme_rdma.c:2525:nvme_rdma_poller_create: *NOTICE*: Created SRQ 0x7f36a8000e68, device mlx5_0
2: [2021-10-01 17:25:16.010683] nvme_rdma.c: 928:nvme_rdma_register_rsps: *NOTICE*: res->poller->pd: 0x7f36a8000e30
2: [2021-10-01 17:25:16.010712] nvme_rdma.c:1020:nvme_rdma_create_resources: *NOTICE*: Created resources: qp (nil), poller 0x7f36a8000b40, num_entries 128
2: [2021-10-01 17:25:16.011300] nvme_rdma.c:2525:nvme_rdma_poller_create: *NOTICE*: Created SRQ 0x7f36a8008c18, device mlx5_1
2: [2021-10-01 17:25:16.011313] nvme_rdma.c: 928:nvme_rdma_register_rsps: *NOTICE*: res->poller->pd: 0x7f36a8000fd0
2: [2021-10-01 17:25:16.011341] nvme_rdma.c:1020:nvme_rdma_create_resources: *NOTICE*: Created resources: qp (nil), poller 0x7f36a8008920, num_entries 128
2: [2021-10-01 17:25:16.014132] nvme_rdma.c:2525:nvme_rdma_poller_create: *NOTICE*: Created SRQ 0x7f369c000ed8, device mlx5_0
2: [2021-10-01 17:25:16.014153] nvme_rdma.c: 928:nvme_rdma_register_rsps: *NOTICE*: res->poller->pd: 0x7f369c000b00
2: [2021-10-01 17:25:16.014190] nvme_rdma.c:1020:nvme_rdma_create_resources: *NOTICE*: Created resources: qp (nil), poller 0x7f369c000be0, num_entries 128
2: [2021-10-01 17:25:16.014802] nvme_rdma.c:2525:nvme_rdma_poller_create: *NOTICE*: Created SRQ 0x7f369c001c18, device mlx5_1
2: [2021-10-01 17:25:16.014820] nvme_rdma.c: 928:nvme_rdma_register_rsps: *NOTICE*: res->poller->pd: 0x7f369c000b30
2: [2021-10-01 17:25:16.014858] nvme_rdma.c:1020:nvme_rdma_create_resources: *NOTICE*: Created resources: qp (nil), poller 0x7f369c001920, num_entries 128
2: [2021-10-01 17:25:16.018973] nvme_rdma.c:2525:nvme_rdma_poller_create: *NOTICE*: Created SRQ 0x7f36a4000e68, device mlx5_0
2: [2021-10-01 17:25:16.018993] nvme_rdma.c: 928:nvme_rdma_register_rsps: *NOTICE*: res->poller->pd: 0x7f36a4000e30
2: [2021-10-01 17:25:16.019030] nvme_rdma.c:1020:nvme_rdma_create_resources: *NOTICE*: Created resources: qp (nil), poller 0x7f36a4000b40, num_entries 128
2: [2021-10-01 17:25:16.019793] nvme_rdma.c:2525:nvme_rdma_poller_create: *NOTICE*: Created SRQ 0x7f36a4008c18, device mlx5_1
2: [2021-10-01 17:25:16.019807] nvme_rdma.c: 928:nvme_rdma_register_rsps: *NOTICE*: res->poller->pd: 0x7f36a4000fd0
2: [2021-10-01 17:25:16.019839] nvme_rdma.c:1020:nvme_rdma_create_resources: *NOTICE*: Created resources: qp (nil), poller 0x7f36a4008920, num_entries 128
2: mlx5dv_reserved_qpn_alloc 1 1
0: [2021-10-01 17:25:16.027660] rdma.c:2990:nvmf_process_cm_event: *NOTICE*: In RDMA_CM_EVENT_CONNECT_REQUEST
0: mlx5dv_reserved_qpn_alloc 1 1
2: [2021-10-01 17:25:16.027770] nvme_rdma.c:1386:_nvme_rdma_ctrlr_connect_qpair: *NOTICE*: Connect rdma qpair: pg 0x7f36f8000a90, srq depth 128
2: mlx5dv_reserved_qpn_alloc 1 1
0: [2021-10-01 17:25:16.087559] rdma.c:2990:nvmf_process_cm_event: *NOTICE*: In RDMA_CM_EVENT_CONNECT_REQUEST
0: mlx5dv_reserved_qpn_alloc 1 1
2: [2021-10-01 17:25:16.087802] nvme_rdma.c:1386:_nvme_rdma_ctrlr_connect_qpair: *NOTICE*: Connect rdma qpair: pg 0x7f36fc000a90, srq depth 128
3: mlx5dv_reserved_qpn_alloc 1 1
0: [2021-10-01 17:25:16.117511] rdma.c:2990:nvmf_process_cm_event: *NOTICE*: In RDMA_CM_EVENT_CONNECT_REQUEST
0: mlx5dv_reserved_qpn_alloc 1 1
3: [2021-10-01 17:25:16.117999] nvme_rdma.c:1386:_nvme_rdma_ctrlr_connect_qpair: *NOTICE*: Connect rdma qpair: pg (nil), srq depth 128
3: [2021-10-01 17:25:16.118042] nvme_rdma.c:1020:nvme_rdma_create_resources: *NOTICE*: Created resources: qp 0x11b0830, poller (nil), num_entries 32
2: mlx5dv_reserved_qpn_alloc 1 1
0: [2021-10-01 17:25:16.127493] rdma.c:2990:nvmf_process_cm_event: *NOTICE*: In RDMA_CM_EVENT_CONNECT_REQUEST
0: mlx5dv_reserved_qpn_alloc 1 1
2: [2021-10-01 17:25:16.127635] nvme_rdma.c:1386:_nvme_rdma_ctrlr_connect_qpair: *NOTICE*: Connect rdma qpair: pg 0x7f36f0000a90, srq depth 128
2: mlx5dv_reserved_qpn_alloc 1 1
0: [2021-10-01 17:25:16.167424] rdma.c:2990:nvmf_process_cm_event: *NOTICE*: In RDMA_CM_EVENT_CONNECT_REQUEST
0: mlx5dv_reserved_qpn_alloc 1 1
2: [2021-10-01 17:25:16.167654] nvme_rdma.c:1386:_nvme_rdma_ctrlr_connect_qpair: *NOTICE*: Connect rdma qpair: pg 0x7f36e8000a90, srq depth 128
3: [2021-10-01 17:25:16.182650] dc_mlx5_dv.c: 963:spdk_rdma_qp_reset: *NOTICE*: Reset called for qp: 0x11ab2a0
2: mlx5dv_reserved_qpn_alloc 1 1
0: [2021-10-01 17:25:16.207357] rdma.c:2990:nvmf_process_cm_event: *NOTICE*: In RDMA_CM_EVENT_CONNECT_REQUEST
0: mlx5dv_reserved_qpn_alloc 1 1
2: [2021-10-01 17:25:16.207511] nvme_rdma.c:1386:_nvme_rdma_ctrlr_connect_qpair: *NOTICE*: Connect rdma qpair: pg 0x7f36e4000a90, srq depth 128
2: mlx5dv_reserved_qpn_alloc 1 1
0: [2021-10-01 17:25:16.247290] rdma.c:2990:nvmf_process_cm_event: *NOTICE*: In RDMA_CM_EVENT_CONNECT_REQUEST
0: mlx5dv_reserved_qpn_alloc 1 1
2: [2021-10-01 17:25:16.247534] nvme_rdma.c:1386:_nvme_rdma_ctrlr_connect_qpair: *NOTICE*: Connect rdma qpair: pg 0x7f36ec000a90, srq depth 128
2: mlx5dv_reserved_qpn_alloc 1 1
0: [2021-10-01 17:25:16.287223] rdma.c:2990:nvmf_process_cm_event: *NOTICE*: In RDMA_CM_EVENT_CONNECT_REQUEST
0: mlx5dv_reserved_qpn_alloc 1 1
2: [2021-10-01 17:25:16.287424] nvme_rdma.c:1386:_nvme_rdma_ctrlr_connect_qpair: *NOTICE*: Connect rdma qpair: pg 0x7f36bc000ab0, srq depth 128
2: mlx5dv_reserved_qpn_alloc 1 1
0: [2021-10-01 17:25:16.327154] rdma.c:2990:nvmf_process_cm_event: *NOTICE*: In RDMA_CM_EVENT_CONNECT_REQUEST
0: mlx5dv_reserved_qpn_alloc 1 1
2: [2021-10-01 17:25:16.327293] nvme_rdma.c:1386:_nvme_rdma_ctrlr_connect_qpair: *NOTICE*: Connect rdma qpair: pg 0x7f36d8000a90, srq depth 128
2: mlx5dv_reserved_qpn_alloc 1 1
0: [2021-10-01 17:25:16.367087] rdma.c:2990:nvmf_process_cm_event: *NOTICE*: In RDMA_CM_EVENT_CONNECT_REQUEST
2: [2021-10-01 17:25:16.367260] nvme_rdma.c:1386:_nvme_rdma_ctrlr_connect_qpair: *NOTICE*: Connect rdma qpair: pg 0x7f36e0000a90, srq depth 128
0: mlx5dv_reserved_qpn_alloc 1 1
2: mlx5dv_reserved_qpn_alloc 1 1
0: [2021-10-01 17:25:16.407020] rdma.c:2990:nvmf_process_cm_event: *NOTICE*: In RDMA_CM_EVENT_CONNECT_REQUEST
0: mlx5dv_reserved_qpn_alloc 1 1
2: [2021-10-01 17:25:16.407203] nvme_rdma.c:1386:_nvme_rdma_ctrlr_connect_qpair: *NOTICE*: Connect rdma qpair: pg 0x7f36d4000a90, srq depth 128
3: [2021-10-01 17:25:16.408731] nvme_rdma.c:2525:nvme_rdma_poller_create: *NOTICE*: Created SRQ 0x7fd124000e58, device mlx5_0
3: [2021-10-01 17:25:16.408754] nvme_rdma.c: 928:nvme_rdma_register_rsps: *NOTICE*: res->poller->pd: 0x7fd124000e20
3: [2021-10-01 17:25:16.408799] nvme_rdma.c:1020:nvme_rdma_create_resources: *NOTICE*: Created resources: qp (nil), poller 0x7fd124000b30, num_entries 128
3: [2021-10-01 17:25:16.409712] nvme_rdma.c:2525:nvme_rdma_poller_create: *NOTICE*: Created SRQ 0x7fd120000e58, device mlx5_0
3: [2021-10-01 17:25:16.409734] nvme_rdma.c: 928:nvme_rdma_register_rsps: *NOTICE*: res->poller->pd: 0x7fd120000e20
3: [2021-10-01 17:25:16.409746] nvme_rdma.c:2525:nvme_rdma_poller_create: *NOTICE*: Created SRQ 0x7fd124008c98, device mlx5_1
3: [2021-10-01 17:25:16.409759] nvme_rdma.c: 928:nvme_rdma_register_rsps: *NOTICE*: res->poller->pd: 0x7fd124008c60
3: [2021-10-01 17:25:16.409769] nvme_rdma.c:1020:nvme_rdma_create_resources: *NOTICE*: Created resources: qp (nil), poller 0x7fd120000b30, num_entries 128
3: [2021-10-01 17:25:16.409817] nvme_rdma.c:1020:nvme_rdma_create_resources: *NOTICE*: Created resources: qp (nil), poller 0x7fd124008900, num_entries 128
3: [2021-10-01 17:25:16.410502] nvme_rdma.c:2525:nvme_rdma_poller_create: *NOTICE*: Created SRQ 0x7fd120008c28, device mlx5_1
3: [2021-10-01 17:25:16.410516] nvme_rdma.c: 928:nvme_rdma_register_rsps: *NOTICE*: res->poller->pd: 0x7fd120008bf0
3: [2021-10-01 17:25:16.410560] nvme_rdma.c:1020:nvme_rdma_create_resources: *NOTICE*: Created resources: qp (nil), poller 0x7fd120008900, num_entries 128
3: [2021-10-01 17:25:16.412774] nvme_rdma.c:2525:nvme_rdma_poller_create: *NOTICE*: Created SRQ 0x7fd114000e58, device mlx5_0
3: [2021-10-01 17:25:16.412796] nvme_rdma.c: 928:nvme_rdma_register_rsps: *NOTICE*: res->poller->pd: 0x7fd114000e20
3: [2021-10-01 17:25:16.412842] nvme_rdma.c:1020:nvme_rdma_create_resources: *NOTICE*: Created resources: qp (nil), poller 0x7fd114000b30, num_entries 128
3: [2021-10-01 17:25:16.413491] nvme_rdma.c:2525:nvme_rdma_poller_create: *NOTICE*: Created SRQ 0x7fd114008c28, device mlx5_1
3: [2021-10-01 17:25:16.413506] nvme_rdma.c: 928:nvme_rdma_register_rsps: *NOTICE*: res->poller->pd: 0x7fd114008bf0
3: [2021-10-01 17:25:16.413541] nvme_rdma.c:1020:nvme_rdma_create_resources: *NOTICE*: Created resources: qp (nil), poller 0x7fd114008900, num_entries 128
3: [2021-10-01 17:25:16.417277] nvme_rdma.c:2525:nvme_rdma_poller_create: *NOTICE*: Created SRQ 0x7fd118000e58, device mlx5_0
3: [2021-10-01 17:25:16.417317] nvme_rdma.c: 928:nvme_rdma_register_rsps: *NOTICE*: res->poller->pd: 0x7fd118000e20
3: [2021-10-01 17:25:16.417359] nvme_rdma.c:1020:nvme_rdma_create_resources: *NOTICE*: Created resources: qp (nil), poller 0x7fd118000b30, num_entries 128
3: [2021-10-01 17:25:16.418061] nvme_rdma.c:2525:nvme_rdma_poller_create: *NOTICE*: Created SRQ 0x7fd118008c28, device mlx5_1
3: [2021-10-01 17:25:16.418084] nvme_rdma.c: 928:nvme_rdma_register_rsps: *NOTICE*: res->poller->pd: 0x7fd118008bf0
3: [2021-10-01 17:25:16.418124] nvme_rdma.c:1020:nvme_rdma_create_resources: *NOTICE*: Created resources: qp (nil), poller 0x7fd118008900, num_entries 128
3: [2021-10-01 17:25:16.419936] nvme_rdma.c:2525:nvme_rdma_poller_create: *NOTICE*: Created SRQ 0x7fd10c000e58, device mlx5_0
3: [2021-10-01 17:25:16.419959] nvme_rdma.c: 928:nvme_rdma_register_rsps: *NOTICE*: res->poller->pd: 0x7fd10c000e20
3: [2021-10-01 17:25:16.419992] nvme_rdma.c:1020:nvme_rdma_create_resources: *NOTICE*: Created resources: qp (nil), poller 0x7fd10c000b30, num_entries 128
3: [2021-10-01 17:25:16.420658] nvme_rdma.c:2525:nvme_rdma_poller_create: *NOTICE*: Created SRQ 0x7fd10c008c28, device mlx5_1
3: [2021-10-01 17:25:16.420673] nvme_rdma.c: 928:nvme_rdma_register_rsps: *NOTICE*: res->poller->pd: 0x7fd10c008bf0
3: [2021-10-01 17:25:16.420708] nvme_rdma.c:1020:nvme_rdma_create_resources: *NOTICE*: Created resources: qp (nil), poller 0x7fd10c008900, num_entries 128
3: [2021-10-01 17:25:16.422989] nvme_rdma.c:2525:nvme_rdma_poller_create: *NOTICE*: Created SRQ 0x7fd110000e58, device mlx5_0
3: [2021-10-01 17:25:16.423018] nvme_rdma.c: 928:nvme_rdma_register_rsps: *NOTICE*: res->poller->pd: 0x7fd110000e20
3: [2021-10-01 17:25:16.423055] nvme_rdma.c:1020:nvme_rdma_create_resources: *NOTICE*: Created resources: qp (nil), poller 0x7fd110000b30, num_entries 128
3: [2021-10-01 17:25:16.423733] nvme_rdma.c:2525:nvme_rdma_poller_create: *NOTICE*: Created SRQ 0x7fd110008c28, device mlx5_1
3: [2021-10-01 17:25:16.423749] nvme_rdma.c: 928:nvme_rdma_register_rsps: *NOTICE*: res->poller->pd: 0x7fd110008bf0
3: [2021-10-01 17:25:16.423784] nvme_rdma.c:1020:nvme_rdma_create_resources: *NOTICE*: Created resources: qp (nil), poller 0x7fd110008900, num_entries 128
3: [2021-10-01 17:25:16.426574] nvme_rdma.c:2525:nvme_rdma_poller_create: *NOTICE*: Created SRQ 0x7fd104000e58, device mlx5_0
3: [2021-10-01 17:25:16.426597] nvme_rdma.c: 928:nvme_rdma_register_rsps: *NOTICE*: res->poller->pd: 0x7fd104000e20
3: [2021-10-01 17:25:16.426638] nvme_rdma.c:1020:nvme_rdma_create_resources: *NOTICE*: Created resources: qp (nil), poller 0x7fd104000b30, num_entries 128
3: [2021-10-01 17:25:16.427305] nvme_rdma.c:2525:nvme_rdma_poller_create: *NOTICE*: Created SRQ 0x7fd104008c28, device mlx5_1
3: [2021-10-01 17:25:16.427320] nvme_rdma.c: 928:nvme_rdma_register_rsps: *NOTICE*: res->poller->pd: 0x7fd104008bf0
3: [2021-10-01 17:25:16.427354] nvme_rdma.c:1020:nvme_rdma_create_resources: *NOTICE*: Created resources: qp (nil), poller 0x7fd104008900, num_entries 128
3: [2021-10-01 17:25:16.430933] nvme_rdma.c:2525:nvme_rdma_poller_create: *NOTICE*: Created SRQ 0x7fd108000e58, device mlx5_0
3: [2021-10-01 17:25:16.430973] nvme_rdma.c: 928:nvme_rdma_register_rsps: *NOTICE*: res->poller->pd: 0x7fd108000e20
3: [2021-10-01 17:25:16.431011] nvme_rdma.c:1020:nvme_rdma_create_resources: *NOTICE*: Created resources: qp (nil), poller 0x7fd108000b30, num_entries 128
3: [2021-10-01 17:25:16.431709] nvme_rdma.c:2525:nvme_rdma_poller_create: *NOTICE*: Created SRQ 0x7fd108008c28, device mlx5_1
3: [2021-10-01 17:25:16.431725] nvme_rdma.c: 928:nvme_rdma_register_rsps: *NOTICE*: res->poller->pd: 0x7fd108008bf0
3: [2021-10-01 17:25:16.431761] nvme_rdma.c:1020:nvme_rdma_create_resources: *NOTICE*: Created resources: qp (nil), poller 0x7fd108008900, num_entries 128
3: [2021-10-01 17:25:16.434371] nvme_rdma.c:2525:nvme_rdma_poller_create: *NOTICE*: Created SRQ 0x7fd0fc000e58, device mlx5_0
3: [2021-10-01 17:25:16.434394] nvme_rdma.c: 928:nvme_rdma_register_rsps: *NOTICE*: res->poller->pd: 0x7fd0fc000e20
3: [2021-10-01 17:25:16.434428] nvme_rdma.c:1020:nvme_rdma_create_resources: *NOTICE*: Created resources: qp (nil), poller 0x7fd0fc000b30, num_entries 128
3: [2021-10-01 17:25:16.435087] nvme_rdma.c:2525:nvme_rdma_poller_create: *NOTICE*: Created SRQ 0x7fd0fc008c28, device mlx5_1
3: [2021-10-01 17:25:16.435102] nvme_rdma.c: 928:nvme_rdma_register_rsps: *NOTICE*: res->poller->pd: 0x7fd0fc008bf0
3: [2021-10-01 17:25:16.435135] nvme_rdma.c:1020:nvme_rdma_create_resources: *NOTICE*: Created resources: qp (nil), poller 0x7fd0fc008900, num_entries 128
3: [2021-10-01 17:25:16.437337] nvme_rdma.c:2525:nvme_rdma_poller_create: *NOTICE*: Created SRQ 0x7fd100000e58, device mlx5_0
3: [2021-10-01 17:25:16.437364] nvme_rdma.c: 928:nvme_rdma_register_rsps: *NOTICE*: res->poller->pd: 0x7fd100000e20
3: [2021-10-01 17:25:16.437397] nvme_rdma.c:1020:nvme_rdma_create_resources: *NOTICE*: Created resources: qp (nil), poller 0x7fd100000b30, num_entries 128
3: [2021-10-01 17:25:16.438037] nvme_rdma.c:2525:nvme_rdma_poller_create: *NOTICE*: Created SRQ 0x7fd100008c28, device mlx5_1
3: [2021-10-01 17:25:16.438052] nvme_rdma.c: 928:nvme_rdma_register_rsps: *NOTICE*: res->poller->pd: 0x7fd100008bf0
3: [2021-10-01 17:25:16.438084] nvme_rdma.c:1020:nvme_rdma_create_resources: *NOTICE*: Created resources: qp (nil), poller 0x7fd100008900, num_entries 128
2: mlx5dv_reserved_qpn_alloc 1 1
3: [2021-10-01 17:25:16.440462] nvme_rdma.c:2525:nvme_rdma_poller_create: *NOTICE*: Created SRQ 0x7fd0f4000ed8, device mlx5_0
3: [2021-10-01 17:25:16.440483] nvme_rdma.c: 928:nvme_rdma_register_rsps: *NOTICE*: res->poller->pd: 0x7fd0f4000b00
3: [2021-10-01 17:25:16.440515] nvme_rdma.c:1020:nvme_rdma_create_resources: *NOTICE*: Created resources: qp (nil), poller 0x7fd0f4000be0, num_entries 128
3: [2021-10-01 17:25:16.441136] nvme_rdma.c:2525:nvme_rdma_poller_create: *NOTICE*: Created SRQ 0x7fd0f4001c18, device mlx5_1
3: [2021-10-01 17:25:16.441152] nvme_rdma.c: 928:nvme_rdma_register_rsps: *NOTICE*: res->poller->pd: 0x7fd0f4000b30
3: [2021-10-01 17:25:16.441187] nvme_rdma.c:1020:nvme_rdma_create_resources: *NOTICE*: Created resources: qp (nil), poller 0x7fd0f4001920, num_entries 128
3: [2021-10-01 17:25:16.443946] nvme_rdma.c:2525:nvme_rdma_poller_create: *NOTICE*: Created SRQ 0x7fd0f8000e58, device mlx5_0
3: [2021-10-01 17:25:16.443986] nvme_rdma.c: 928:nvme_rdma_register_rsps: *NOTICE*: res->poller->pd: 0x7fd0f8000e20
3: [2021-10-01 17:25:16.444028] nvme_rdma.c:1020:nvme_rdma_create_resources: *NOTICE*: Created resources: qp (nil), poller 0x7fd0f8000b30, num_entries 128
3: [2021-10-01 17:25:16.444678] nvme_rdma.c:2525:nvme_rdma_poller_create: *NOTICE*: Created SRQ 0x7fd0f8008c28, device mlx5_1
3: [2021-10-01 17:25:16.444694] nvme_rdma.c: 928:nvme_rdma_register_rsps: *NOTICE*: res->poller->pd: 0x7fd0f8008bf0
3: [2021-10-01 17:25:16.444732] nvme_rdma.c:1020:nvme_rdma_create_resources: *NOTICE*: Created resources: qp (nil), poller 0x7fd0f8008900, num_entries 128
3: [2021-10-01 17:25:16.447199] nvme_rdma.c:2525:nvme_rdma_poller_create: *NOTICE*: Created SRQ 0x7fd0ec000e58, device mlx5_0
0: [2021-10-01 17:25:16.446953] rdma.c:2990:nvmf_process_cm_event: *NOTICE*: In RDMA_CM_EVENT_CONNECT_REQUEST
0: mlx5dv_reserved_qpn_alloc 1 1
3: [2021-10-01 17:25:16.447221] nvme_rdma.c: 928:nvme_rdma_register_rsps: *NOTICE*: res->poller->pd: 0x7fd0ec000e20
3: [2021-10-01 17:25:16.447255] nvme_rdma.c:1020:nvme_rdma_create_resources: *NOTICE*: Created resources: qp (nil), poller 0x7fd0ec000b30, num_entries 128
2: [2021-10-01 17:25:16.447092] nvme_rdma.c:1386:_nvme_rdma_ctrlr_connect_qpair: *NOTICE*: Connect rdma qpair: pg 0x7f36cc000a90, srq depth 128
3: [2021-10-01 17:25:16.447921] nvme_rdma.c:2525:nvme_rdma_poller_create: *NOTICE*: Created SRQ 0x7fd0ec008c28, device mlx5_1
3: [2021-10-01 17:25:16.447936] nvme_rdma.c: 928:nvme_rdma_register_rsps: *NOTICE*: res->poller->pd: 0x7fd0ec008bf0
3: [2021-10-01 17:25:16.447973] nvme_rdma.c:1020:nvme_rdma_create_resources: *NOTICE*: Created resources: qp (nil), poller 0x7fd0ec008900, num_entries 128
3: [2021-10-01 17:25:16.450541] nvme_rdma.c:2525:nvme_rdma_poller_create: *NOTICE*: Created SRQ 0x7fd0f0000e58, device mlx5_0
3: [2021-10-01 17:25:16.450564] nvme_rdma.c: 928:nvme_rdma_register_rsps: *NOTICE*: res->poller->pd: 0x7fd0f0000e20
3: [2021-10-01 17:25:16.450598] nvme_rdma.c:1020:nvme_rdma_create_resources: *NOTICE*: Created resources: qp (nil), poller 0x7fd0f0000b30, num_entries 128
3: [2021-10-01 17:25:16.451256] nvme_rdma.c:2525:nvme_rdma_poller_create: *NOTICE*: Created SRQ 0x7fd0f0008c28, device mlx5_1
3: [2021-10-01 17:25:16.451272] nvme_rdma.c: 928:nvme_rdma_register_rsps: *NOTICE*: res->poller->pd: 0x7fd0f0008bf0
3: [2021-10-01 17:25:16.451305] nvme_rdma.c:1020:nvme_rdma_create_resources: *NOTICE*: Created resources: qp (nil), poller 0x7fd0f0008900, num_entries 128
3: [2021-10-01 17:25:16.454879] nvme_rdma.c:2525:nvme_rdma_poller_create: *NOTICE*: Created SRQ 0x7fd0e4000e58, device mlx5_0
3: [2021-10-01 17:25:16.454902] nvme_rdma.c: 928:nvme_rdma_register_rsps: *NOTICE*: res->poller->pd: 0x7fd0e4000e20
3: [2021-10-01 17:25:16.454936] nvme_rdma.c:1020:nvme_rdma_create_resources: *NOTICE*: Created resources: qp (nil), poller 0x7fd0e4000b30, num_entries 128
3: [2021-10-01 17:25:16.455576] nvme_rdma.c:2525:nvme_rdma_poller_create: *NOTICE*: Created SRQ 0x7fd0e4008c28, device mlx5_1
3: [2021-10-01 17:25:16.455591] nvme_rdma.c: 928:nvme_rdma_register_rsps: *NOTICE*: res->poller->pd: 0x7fd0e4008bf0
3: [2021-10-01 17:25:16.455627] nvme_rdma.c:1020:nvme_rdma_create_resources: *NOTICE*: Created resources: qp (nil), poller 0x7fd0e4008900, num_entries 128
3: [2021-10-01 17:25:16.459235] nvme_rdma.c:2525:nvme_rdma_poller_create: *NOTICE*: Created SRQ 0x7fd0e8000e68, device mlx5_0
3: [2021-10-01 17:25:16.459266] nvme_rdma.c: 928:nvme_rdma_register_rsps: *NOTICE*: res->poller->pd: 0x7fd0e8000e30
3: [2021-10-01 17:25:16.459302] nvme_rdma.c:1020:nvme_rdma_create_resources: *NOTICE*: Created resources: qp (nil), poller 0x7fd0e8000b40, num_entries 128
3: [2021-10-01 17:25:16.459948] nvme_rdma.c:2525:nvme_rdma_poller_create: *NOTICE*: Created SRQ 0x7fd0e8008c18, device mlx5_1
3: [2021-10-01 17:25:16.459964] nvme_rdma.c: 928:nvme_rdma_register_rsps: *NOTICE*: res->poller->pd: 0x7fd0e8000fd0
3: [2021-10-01 17:25:16.459996] nvme_rdma.c:1020:nvme_rdma_create_resources: *NOTICE*: Created resources: qp (nil), poller 0x7fd0e8008920, num_entries 128
3: [2021-10-01 17:25:16.462439] nvme_rdma.c:2525:nvme_rdma_poller_create: *NOTICE*: Created SRQ 0x7fd0dc000e68, device mlx5_0
3: [2021-10-01 17:25:16.462464] nvme_rdma.c: 928:nvme_rdma_register_rsps: *NOTICE*: res->poller->pd: 0x7fd0dc000e30
3: [2021-10-01 17:25:16.462491] nvme_rdma.c:1020:nvme_rdma_create_resources: *NOTICE*: Created resources: qp (nil), poller 0x7fd0dc000b40, num_entries 128
3: [2021-10-01 17:25:16.463130] nvme_rdma.c:2525:nvme_rdma_poller_create: *NOTICE*: Created SRQ 0x7fd0dc008c18, device mlx5_1
3: [2021-10-01 17:25:16.463145] nvme_rdma.c: 928:nvme_rdma_register_rsps: *NOTICE*: res->poller->pd: 0x7fd0dc000fd0
3: [2021-10-01 17:25:16.463180] nvme_rdma.c:1020:nvme_rdma_create_resources: *NOTICE*: Created resources: qp (nil), poller 0x7fd0dc008920, num_entries 128
3: [2021-10-01 17:25:16.464791] nvme_rdma.c:2525:nvme_rdma_poller_create: *NOTICE*: Created SRQ 0x7fd0e0000e68, device mlx5_0
3: [2021-10-01 17:25:16.464811] nvme_rdma.c: 928:nvme_rdma_register_rsps: *NOTICE*: res->poller->pd: 0x7fd0e0000e30
3: [2021-10-01 17:25:16.464836] nvme_rdma.c:1020:nvme_rdma_create_resources: *NOTICE*: Created resources: qp (nil), poller 0x7fd0e0000b40, num_entries 128
3: [2021-10-01 17:25:16.465427] nvme_rdma.c:2525:nvme_rdma_poller_create: *NOTICE*: Created SRQ 0x7fd0e0008c18, device mlx5_1
3: [2021-10-01 17:25:16.465441] nvme_rdma.c: 928:nvme_rdma_register_rsps: *NOTICE*: res->poller->pd: 0x7fd0e0000fd0
3: [2021-10-01 17:25:16.465477] nvme_rdma.c:1020:nvme_rdma_create_resources: *NOTICE*: Created resources: qp (nil), poller 0x7fd0e0008920, num_entries 128
3: [2021-10-01 17:25:16.468443] nvme_rdma.c:2525:nvme_rdma_poller_create: *NOTICE*: Created SRQ 0x7fd0d4000e68, device mlx5_0
3: [2021-10-01 17:25:16.468469] nvme_rdma.c: 928:nvme_rdma_register_rsps: *NOTICE*: res->poller->pd: 0x7fd0d4000e30
3: [2021-10-01 17:25:16.468495] nvme_rdma.c:1020:nvme_rdma_create_resources: *NOTICE*: Created resources: qp (nil), poller 0x7fd0d4000b40, num_entries 128
3: [2021-10-01 17:25:16.469118] nvme_rdma.c:2525:nvme_rdma_poller_create: *NOTICE*: Created SRQ 0x7fd0d4008c18, device mlx5_1
3: [2021-10-01 17:25:16.469134] nvme_rdma.c: 928:nvme_rdma_register_rsps: *NOTICE*: res->poller->pd: 0x7fd0d4000fd0
3: [2021-10-01 17:25:16.469166] nvme_rdma.c:1020:nvme_rdma_create_resources: *NOTICE*: Created resources: qp (nil), poller 0x7fd0d4008920, num_entries 128
3: [2021-10-01 17:25:16.471925] nvme_rdma.c:2525:nvme_rdma_poller_create: *NOTICE*: Created SRQ 0x7fd0d8000e68, device mlx5_0
3: [2021-10-01 17:25:16.471951] nvme_rdma.c: 928:nvme_rdma_register_rsps: *NOTICE*: res->poller->pd: 0x7fd0d8000e30
3: [2021-10-01 17:25:16.471987] nvme_rdma.c:1020:nvme_rdma_create_resources: *NOTICE*: Created resources: qp (nil), poller 0x7fd0d8000b40, num_entries 128
3: [2021-10-01 17:25:16.472630] nvme_rdma.c:2525:nvme_rdma_poller_create: *NOTICE*: Created SRQ 0x7fd0d8008c18, device mlx5_1
3: [2021-10-01 17:25:16.472645] nvme_rdma.c: 928:nvme_rdma_register_rsps: *NOTICE*: res->poller->pd: 0x7fd0d8000fd0
3: [2021-10-01 17:25:16.472674] nvme_rdma.c:1020:nvme_rdma_create_resources: *NOTICE*: Created resources: qp (nil), poller 0x7fd0d8008920, num_entries 128
3: [2021-10-01 17:25:16.475073] nvme_rdma.c:2525:nvme_rdma_poller_create: *NOTICE*: Created SRQ 0x7fd0cc000e68, device mlx5_0
3: [2021-10-01 17:25:16.475094] nvme_rdma.c: 928:nvme_rdma_register_rsps: *NOTICE*: res->poller->pd: 0x7fd0cc000e30
3: [2021-10-01 17:25:16.475124] nvme_rdma.c:1020:nvme_rdma_create_resources: *NOTICE*: Created resources: qp (nil), poller 0x7fd0cc000b40, num_entries 128
3: [2021-10-01 17:25:16.475757] nvme_rdma.c:2525:nvme_rdma_poller_create: *NOTICE*: Created SRQ 0x7fd0cc008c18, device mlx5_1
3: [2021-10-01 17:25:16.475773] nvme_rdma.c: 928:nvme_rdma_register_rsps: *NOTICE*: res->poller->pd: 0x7fd0cc000fd0
3: [2021-10-01 17:25:16.475805] nvme_rdma.c:1020:nvme_rdma_create_resources: *NOTICE*: Created resources: qp (nil), poller 0x7fd0cc008920, num_entries 128
3: [2021-10-01 17:25:16.478549] nvme_rdma.c:2525:nvme_rdma_poller_create: *NOTICE*: Created SRQ 0x7fd0d0000e68, device mlx5_0
3: [2021-10-01 17:25:16.478573] nvme_rdma.c: 928:nvme_rdma_register_rsps: *NOTICE*: res->poller->pd: 0x7fd0d0000e30
3: [2021-10-01 17:25:16.478619] nvme_rdma.c:1020:nvme_rdma_create_resources: *NOTICE*: Created resources: qp (nil), poller 0x7fd0d0000b40, num_entries 128
2: mlx5dv_reserved_qpn_alloc 1 1
3: [2021-10-01 17:25:16.479231] nvme_rdma.c:2525:nvme_rdma_poller_create: *NOTICE*: Created SRQ 0x7fd0d0008c18, device mlx5_1
3: [2021-10-01 17:25:16.479252] nvme_rdma.c: 928:nvme_rdma_register_rsps: *NOTICE*: res->poller->pd: 0x7fd0d0000fd0
3: [2021-10-01 17:25:16.479286] nvme_rdma.c:1020:nvme_rdma_create_resources: *NOTICE*: Created resources: qp (nil), poller 0x7fd0d0008920, num_entries 128
3: [2021-10-01 17:25:16.483267] nvme_rdma.c:2525:nvme_rdma_poller_create: *NOTICE*: Created SRQ 0x11a0878, device mlx5_0
3: [2021-10-01 17:25:16.483290] nvme_rdma.c: 928:nvme_rdma_register_rsps: *NOTICE*: res->poller->pd: 0x11aaff0
3: [2021-10-01 17:25:16.483322] nvme_rdma.c:1020:nvme_rdma_create_resources: *NOTICE*: Created resources: qp (nil), poller 0x11a5cf0, num_entries 128
3: [2021-10-01 17:25:16.484011] nvme_rdma.c:2525:nvme_rdma_poller_create: *NOTICE*: Created SRQ 0x13721c8, device mlx5_1
3: [2021-10-01 17:25:16.484030] nvme_rdma.c: 928:nvme_rdma_register_rsps: *NOTICE*: res->poller->pd: 0x11ab300
3: [2021-10-01 17:25:16.484072] nvme_rdma.c:1020:nvme_rdma_create_resources: *NOTICE*: Created resources: qp (nil), poller 0x11a5d80, num_entries 128
3: [2021-10-01 17:25:16.486089] nvme_rdma.c:2525:nvme_rdma_poller_create: *NOTICE*: Created SRQ 0x7fd0c4000e68, device mlx5_0
3: [2021-10-01 17:25:16.486113] nvme_rdma.c: 928:nvme_rdma_register_rsps: *NOTICE*: res->poller->pd: 0x7fd0c4000e30
3: [2021-10-01 17:25:16.486145] nvme_rdma.c:1020:nvme_rdma_create_resources: *NOTICE*: Created resources: qp (nil), poller 0x7fd0c4000b40, num_entries 128
3: [2021-10-01 17:25:16.487003] nvme_rdma.c:2525:nvme_rdma_poller_create: *NOTICE*: Created SRQ 0x7fd0c4008c18, device mlx5_1
3: [2021-10-01 17:25:16.487019] nvme_rdma.c: 928:nvme_rdma_register_rsps: *NOTICE*: res->poller->pd: 0x7fd0c4000fd0
3: [2021-10-01 17:25:16.487051] nvme_rdma.c:1020:nvme_rdma_create_resources: *NOTICE*: Created resources: qp (nil), poller 0x7fd0c4008920, num_entries 128
0: [2021-10-01 17:25:16.486884] rdma.c:2990:nvmf_process_cm_event: *NOTICE*: In RDMA_CM_EVENT_CONNECT_REQUEST
0: mlx5dv_reserved_qpn_alloc 1 1
2: [2021-10-01 17:25:16.487057] nvme_rdma.c:1386:_nvme_rdma_ctrlr_connect_qpair: *NOTICE*: Connect rdma qpair: pg 0x7f36c8000b60, srq depth 128
3: mlx5dv_reserved_qpn_alloc 1 1
0: [2021-10-01 17:25:16.496870] rdma.c:2990:nvmf_process_cm_event: *NOTICE*: In RDMA_CM_EVENT_CONNECT_REQUEST
0: mlx5dv_reserved_qpn_alloc 1 1
3: [2021-10-01 17:25:16.497268] nvme_rdma.c:1386:_nvme_rdma_ctrlr_connect_qpair: *NOTICE*: Connect rdma qpair: pg 0x7fd124000a90, srq depth 128
2: mlx5dv_reserved_qpn_alloc 1 1
3: mlx5dv_reserved_qpn_alloc 1 1
0: [2021-10-01 17:25:16.526817] rdma.c:2990:nvmf_process_cm_event: *NOTICE*: In RDMA_CM_EVENT_CONNECT_REQUEST
0: mlx5dv_reserved_qpn_alloc 1 1
0: [2021-10-01 17:25:16.526848] rdma.c:2990:nvmf_process_cm_event: *NOTICE*: In RDMA_CM_EVENT_CONNECT_REQUEST
0: mlx5dv_reserved_qpn_alloc 1 1
2: [2021-10-01 17:25:16.526959] nvme_rdma.c:1386:_nvme_rdma_ctrlr_connect_qpair: *NOTICE*: Connect rdma qpair: pg 0x7f36d0000a90, srq depth 128
3: [2021-10-01 17:25:16.527668] nvme_rdma.c:1386:_nvme_rdma_ctrlr_connect_qpair: *NOTICE*: Connect rdma qpair: pg 0x7fd120000a90, srq depth 128
2: mlx5dv_reserved_qpn_alloc 1 1
0: [2021-10-01 17:25:16.556766] rdma.c:2990:nvmf_process_cm_event: *NOTICE*: In RDMA_CM_EVENT_CONNECT_REQUEST
0: mlx5dv_reserved_qpn_alloc 1 1
3: mlx5dv_reserved_qpn_alloc 1 1
2: [2021-10-01 17:25:16.557012] nvme_rdma.c:1386:_nvme_rdma_ctrlr_connect_qpair: *NOTICE*: Connect rdma qpair: pg 0x7f36c4000a90, srq depth 128
0: [2021-10-01 17:25:16.566750] rdma.c:2990:nvmf_process_cm_event: *NOTICE*: In RDMA_CM_EVENT_CONNECT_REQUEST
0: mlx5dv_reserved_qpn_alloc 1 1
3: [2021-10-01 17:25:16.567251] nvme_rdma.c:1386:_nvme_rdma_ctrlr_connect_qpair: *NOTICE*: Connect rdma qpair: pg 0x7fd114000a90, srq depth 128
2: mlx5dv_reserved_qpn_alloc 1 1
0: [2021-10-01 17:25:16.596698] rdma.c:2990:nvmf_process_cm_event: *NOTICE*: In RDMA_CM_EVENT_CONNECT_REQUEST
0: mlx5dv_reserved_qpn_alloc 1 1
2: [2021-10-01 17:25:16.596835] nvme_rdma.c:1386:_nvme_rdma_ctrlr_connect_qpair: *NOTICE*: Connect rdma qpair: pg 0x7f36b8000ab0, srq depth 128
3: mlx5dv_reserved_qpn_alloc 1 1
0: [2021-10-01 17:25:16.606685] rdma.c:2990:nvmf_process_cm_event: *NOTICE*: In RDMA_CM_EVENT_CONNECT_REQUEST
0: mlx5dv_reserved_qpn_alloc 1 1
3: [2021-10-01 17:25:16.607101] nvme_rdma.c:1386:_nvme_rdma_ctrlr_connect_qpair: *NOTICE*: Connect rdma qpair: pg 0x7fd118000a90, srq depth 128
2: mlx5dv_reserved_qpn_alloc 1 1
0: [2021-10-01 17:25:16.636631] rdma.c:2990:nvmf_process_cm_event: *NOTICE*: In RDMA_CM_EVENT_CONNECT_REQUEST
0: mlx5dv_reserved_qpn_alloc 1 1
2: [2021-10-01 17:25:16.636784] nvme_rdma.c:1386:_nvme_rdma_ctrlr_connect_qpair: *NOTICE*: Connect rdma qpair: pg 0x7f36b4000ab0, srq depth 128
3: mlx5dv_reserved_qpn_alloc 1 1
0: [2021-10-01 17:25:16.646616] rdma.c:2990:nvmf_process_cm_event: *NOTICE*: In RDMA_CM_EVENT_CONNECT_REQUEST
0: mlx5dv_reserved_qpn_alloc 1 1
3: [2021-10-01 17:25:16.647054] nvme_rdma.c:1386:_nvme_rdma_ctrlr_connect_qpair: *NOTICE*: Connect rdma qpair: pg 0x7fd10c000a90, srq depth 128
2: Initializing NVMe Controllers
2: Attached to NVMe over Fabrics controller at 65.65.65.131:4420: nqn.2016-06.io.spdk:cnode1
2: Controller attach time is 21306.214 us (59444336 ticks)
2: Associating RDMA (addr:65.65.65.131 subnqn:nqn.2016-06.io.spdk:cnode1) NSID 1 with lcore 0
2: Associating RDMA (addr:65.65.65.131 subnqn:nqn.2016-06.io.spdk:cnode1) NSID 1 with lcore 1
2: Associating RDMA (addr:65.65.65.131 subnqn:nqn.2016-06.io.spdk:cnode1) NSID 1 with lcore 2
2: Associating RDMA (addr:65.65.65.131 subnqn:nqn.2016-06.io.spdk:cnode1) NSID 1 with lcore 3
2: Associating RDMA (addr:65.65.65.131 subnqn:nqn.2016-06.io.spdk:cnode1) NSID 1 with lcore 4
2: Associating RDMA (addr:65.65.65.131 subnqn:nqn.2016-06.io.spdk:cnode1) NSID 1 with lcore 5
2: Associating RDMA (addr:65.65.65.131 subnqn:nqn.2016-06.io.spdk:cnode1) NSID 1 with lcore 6
2: Associating RDMA (addr:65.65.65.131 subnqn:nqn.2016-06.io.spdk:cnode1) NSID 1 with lcore 7
2: Associating RDMA (addr:65.65.65.131 subnqn:nqn.2016-06.io.spdk:cnode1) NSID 1 with lcore 8
2: Associating RDMA (addr:65.65.65.131 subnqn:nqn.2016-06.io.spdk:cnode1) NSID 1 with lcore 9
2: Associating RDMA (addr:65.65.65.131 subnqn:nqn.2016-06.io.spdk:cnode1) NSID 1 with lcore 10
2: Associating RDMA (addr:65.65.65.131 subnqn:nqn.2016-06.io.spdk:cnode1) NSID 1 with lcore 11
2: Associating RDMA (addr:65.65.65.131 subnqn:nqn.2016-06.io.spdk:cnode1) NSID 1 with lcore 12
2: Associating RDMA (addr:65.65.65.131 subnqn:nqn.2016-06.io.spdk:cnode1) NSID 1 with lcore 13
2: Associating RDMA (addr:65.65.65.131 subnqn:nqn.2016-06.io.spdk:cnode1) NSID 1 with lcore 14
2: Associating RDMA (addr:65.65.65.131 subnqn:nqn.2016-06.io.spdk:cnode1) NSID 1 with lcore 15
2: Associating RDMA (addr:65.65.65.131 subnqn:nqn.2016-06.io.spdk:cnode1) NSID 1 with lcore 16
2: Associating RDMA (addr:65.65.65.131 subnqn:nqn.2016-06.io.spdk:cnode1) NSID 1 with lcore 17
2: Associating RDMA (addr:65.65.65.131 subnqn:nqn.2016-06.io.spdk:cnode1) NSID 1 with lcore 18
2: Associating RDMA (addr:65.65.65.131 subnqn:nqn.2016-06.io.spdk:cnode1) NSID 1 with lcore 19
2: Associating RDMA (addr:65.65.65.131 subnqn:nqn.2016-06.io.spdk:cnode1) NSID 1 with lcore 20
2: Associating RDMA (addr:65.65.65.131 subnqn:nqn.2016-06.io.spdk:cnode1) NSID 1 with lcore 21
2: Associating RDMA (addr:65.65.65.131 subnqn:nqn.2016-06.io.spdk:cnode1) NSID 1 with lcore 22
2: Associating RDMA (addr:65.65.65.131 subnqn:nqn.2016-06.io.spdk:cnode1) NSID 1 with lcore 23
2: Initialization complete. Launching workers.
2: IO qp on core 2 total time 103718.403 us (289374344 ticks), connect time 98931.135 us (276017868 ticks)
2: IO qp on core 1 total time 149901.974 us (418226508 ticks), connect time 144527.730 us (403232368 ticks)
2: IO qp on core 3 total time 185423.336 us (517331108 ticks), connect time 179910.357 us (501949896 ticks)
2: IO qp on core 4 total time 225449.898 us (629005216 ticks), connect time 219621.021 us (612742648 ticks)
2: IO qp on core 5 total time 266941.201 us (744765952 ticks), connect time 260786.420 us (727594112 ticks)
2: IO qp on core 6 total time 306070.238 us (853935964 ticks), connect time 299453.406 us (835475004 ticks)
2: IO qp on core 17 total time 352893.313 us (984572344 ticks), connect time 346211.088 us (965928936 ticks)
2: IO qp on core 8 total time 385495.289 us (1075531856 ticks), connect time 378329.888 us (1055540388 ticks)
2: IO qp on core 11 total time 423519.821 us (1181620300 ticks), connect time 416012.880 us (1160675936 ticks)
2: IO qp on core 10 total time 465711.024 us (1299333756 ticks), connect time 457985.312 us (1277779020 ticks)
2: IO qp on core 14 total time 505691.361 us (1410878896 ticks), connect time 497832.483 us (1388952628 ticks)
2: IO qp on core 13 total time 544020.962 us (1517818484 ticks), connect time 535898.594 us (1495157076 ticks)
2: IO qp on core 9 total time 583199.325 us (1627126116 ticks), connect time 574252.251 us (1602163780 ticks)
2: IO qp on core 15 total time 614671.034 us (1714932184 ticks), connect time 605531.713 us (1689433480 ticks)
2: IO qp on core 16 total time 658009.022 us (1835845172 ticks), connect time 648778.175 us (1810091108 ticks)
2: IO qp on core 18 total time 693841.475 us (1935817716 ticks), connect time 683874mlx5dv_reserved_qpn_alloc 1 1
0: [2021-10-01 17:25:16.676564] rdma.c:2990:nvmf_process_cm_event: *NOTICE*: In RDMA_CM_EVENT_CONNECT_REQUEST
0: mlx5dv_reserved_qpn_alloc 1 1
2: [2021-10-01 17:25:16.676747] nvme_rdma.c:1386:_nvme_rdma_ctrlr_connect_qpair: *NOTICE*: Connect rdma qpair: pg 0x1d14cd0, srq depth 128
3: mlx5dv_reserved_qpn_alloc 1 1
0: [2021-10-01 17:25:16.686549] rdma.c:2990:nvmf_process_cm_event: *NOTICE*: In RDMA_CM_EVENT_CONNECT_REQUEST
0: mlx5dv_reserved_qpn_alloc 1 1
3: [2021-10-01 17:25:16.686939] nvme_rdma.c:1386:_nvme_rdma_ctrlr_connect_qpair: *NOTICE*: Connect rdma qpair: pg 0x7fd110000a90, srq depth 128
2: mlx5dv_reserved_qpn_alloc 1 1
0: [2021-10-01 17:25:16.716496] rdma.c:2990:nvmf_process_cm_event: *NOTICE*: In RDMA_CM_EVENT_CONNECT_REQUEST
0: mlx5dv_reserved_qpn_alloc 1 1
2: [2021-10-01 17:25:16.716759] nvme_rdma.c:1386:_nvme_rdma_ctrlr_connect_qpair: *NOTICE*: Connect rdma qpair: pg 0x7f36c0000a90, srq depth 128
3: mlx5dv_reserved_qpn_alloc 1 1
0: [2021-10-01 17:25:16.726481] rdma.c:2990:nvmf_process_cm_event: *NOTICE*: In RDMA_CM_EVENT_CONNECT_REQUEST
0: mlx5dv_reserved_qpn_alloc 1 1
3: [2021-10-01 17:25:16.727158] nvme_rdma.c:1386:_nvme_rdma_ctrlr_connect_qpair: *NOTICE*: Connect rdma qpair: pg 0x7fd104000a90, srq depth 128
2: mlx5dv_reserved_qpn_alloc 1 1
0: [2021-10-01 17:25:16.756428] rdma.c:2990:nvmf_process_cm_event: *NOTICE*: In RDMA_CM_EVENT_CONNECT_REQUEST
0: mlx5dv_reserved_qpn_alloc 1 1
2: [2021-10-01 17:25:16.756521] nvme_rdma.c:1386:_nvme_rdma_ctrlr_connect_qpair: *NOTICE*: Connect rdma qpair: pg 0x7f36b0000ab0, srq depth 128
3: mlx5dv_reserved_qpn_alloc 1 1
0: [2021-10-01 17:25:16.776394] rdma.c:2990:nvmf_process_cm_event: *NOTICE*: In RDMA_CM_EVENT_CONNECT_REQUEST
0: mlx5dv_reserved_qpn_alloc 1 1
3: [2021-10-01 17:25:16.776766] nvme_rdma.c:1386:_nvme_rdma_ctrlr_connect_qpair: *NOTICE*: Connect rdma qpair: pg 0x7fd108000a90, srq depth 128
2: mlx5dv_reserved_qpn_alloc 1 1
0: [2021-10-01 17:25:16.816327] rdma.c:2990:nvmf_process_cm_event: *NOTICE*: In RDMA_CM_EVENT_CONNECT_REQUEST
0: mlx5dv_reserved_qpn_alloc 1 1
2: [2021-10-01 17:25:16.816506] nvme_rdma.c:1386:_nvme_rdma_ctrlr_connect_qpair: *NOTICE*: Connect rdma qpair: pg 0x7f36ac000ab0, srq depth 128
3: mlx5dv_reserved_qpn_alloc 1 1
0: [2021-10-01 17:25:16.826312] rdma.c:2990:nvmf_process_cm_event: *NOTICE*: In RDMA_CM_EVENT_CONNECT_REQUEST
0: mlx5dv_reserved_qpn_alloc 1 1
3: [2021-10-01 17:25:16.826739] nvme_rdma.c:1386:_nvme_rdma_ctrlr_connect_qpair: *NOTICE*: Connect rdma qpair: pg 0x7fd0fc000a90, srq depth 128
3: mlx5dv_reserved_qpn_alloc 1 1
2: mlx5dv_reserved_qpn_alloc 1 1
0: [2021-10-01 17:25:16.866243] rdma.c:2990:nvmf_process_cm_event: *NOTICE*: In RDMA_CM_EVENT_CONNECT_REQUEST
0: mlx5dv_reserved_qpn_alloc 1 1
0: [2021-10-01 17:25:16.866265] rdma.c:2990:nvmf_process_cm_event: *NOTICE*: In RDMA_CM_EVENT_CONNECT_REQUEST
0: mlx5dv_reserved_qpn_alloc 1 1
2: [2021-10-01 17:25:16.866726] nvme_rdma.c:1386:_nvme_rdma_ctrlr_connect_qpair: *NOTICE*: Connect rdma qpair: pg 0x7f36dc000a90, srq depth 128
3: [2021-10-01 17:25:16.866978] nvme_rdma.c:1386:_nvme_rdma_ctrlr_connect_qpair: *NOTICE*: Connect rdma qpair: pg 0x7fd100000a90, srq depth 128
2: mlx5dv_reserved_qpn_alloc 1 1
3: mlx5dv_reserved_qpn_alloc 1 1
0: [2021-10-01 17:25:16.916158] rdma.c:2990:nvmf_process_cm_event: *NOTICE*: In RDMA_CM_EVENT_CONNECT_REQUEST
0: mlx5dv_reserved_qpn_alloc 1 1
0: [2021-10-01 17:25:16.916181] rdma.c:2990:nvmf_process_cm_event: *NOTICE*: In RDMA_CM_EVENT_CONNECT_REQUEST
0: mlx5dv_reserved_qpn_alloc 1 1
2: [2021-10-01 17:25:16.916301] nvme_rdma.c:1386:_nvme_rdma_ctrlr_connect_qpair: *NOTICE*: Connect rdma qpair: pg 0x7f36a8000ab0, srq depth 128
3: [2021-10-01 17:25:16.916572] nvme_rdma.c:1386:_nvme_rdma_ctrlr_connect_qpair: *NOTICE*: Connect rdma qpair: pg 0x7fd0f4000b60, srq depth 128
3: mlx5dv_reserved_qpn_alloc 1 1
0: [2021-10-01 17:25:16.956092] rdma.c:2990:nvmf_process_cm_event: *NOTICE*: In RDMA_CM_EVENT_CONNECT_REQUEST
0: mlx5dv_reserved_qpn_alloc 1 1
3: [2021-10-01 17:25:16.956504] nvme_rdma.c:1386:_nvme_rdma_ctrlr_connect_qpair: *NOTICE*: Connect rdma qpair: pg 0x7fd0f8000a90, srq depth 128
2: mlx5dv_reserved_qpn_alloc 1 1
0: [2021-10-01 17:25:16.966076] rdma.c:2990:nvmf_process_cm_event: *NOTICE*: In RDMA_CM_EVENT_CONNECT_REQUEST
0: mlx5dv_reserved_qpn_alloc 1 1
2: [2021-10-01 17:25:16.966227] nvme_rdma.c:1386:_nvme_rdma_ctrlr_connect_qpair: *NOTICE*: Connect rdma qpair: pg 0x7f369c000b60, srq depth 128
3: mlx5dv_reserved_qpn_alloc 1 1
0: [2021-10-01 17:25:16.986041] rdma.c:2990:nvmf_process_cm_event: *NOTICE*: In RDMA_CM_EVENT_CONNECT_REQUEST
0: mlx5dv_reserved_qpn_alloc 1 1
3: [2021-10-01 17:25:16.986502] nvme_rdma.c:1386:_nvme_rdma_ctrlr_connect_qpair: *NOTICE*: Connect rdma qpair: pg 0x7fd0ec000a90, srq depth 128
2: mlx5dv_reserved_qpn_alloc 1 1
0: [2021-10-01 17:25:16.996027] rdma.c:2990:nvmf_process_cm_event: *NOTICE*: In RDMA_CM_EVENT_CONNECT_REQUEST
0: mlx5dv_reserved_qpn_alloc 1 1
2: [2021-10-01 17:25:16.996348] nvme_rdma.c:1386:_nvme_rdma_ctrlr_connect_qpair: *NOTICE*: Connect rdma qpair: pg 0x7f36a4000ab0, srq depth 128
3: mlx5dv_reserved_qpn_alloc 1 1
0: [2021-10-01 17:25:17.015990] rdma.c:2990:nvmf_process_cm_event: *NOTICE*: In RDMA_CM_EVENT_CONNECT_REQUEST
0: mlx5dv_reserved_qpn_alloc 1 1
3: [2021-10-01 17:25:17.016357] nvme_rdma.c:1386:_nvme_rdma_ctrlr_connect_qpair: *NOTICE*: Connect rdma qpair: pg 0x7fd0f0000a90, srq depth 128
3: mlx5dv_reserved_qpn_alloc 1 1
0: [2021-10-01 17:25:17.055923] rdma.c:2990:nvmf_process_cm_event: *NOTICE*: In RDMA_CM_EVENT_CONNECT_REQUEST
0: mlx5dv_reserved_qpn_alloc 1 1
3: [2021-10-01 17:25:17.056407] nvme_rdma.c:1386:_nvme_rdma_ctrlr_connect_qpair: *NOTICE*: Connect rdma qpair: pg 0x7fd0e4000a90, srq depth 128
3: mlx5dv_reserved_qpn_alloc 1 1
0: [2021-10-01 17:25:17.095856] rdma.c:2990:nvmf_process_cm_event: *NOTICE*: In RDMA_CM_EVENT_CONNECT_REQUEST
0: mlx5dv_reserved_qpn_alloc 1 1
3: [2021-10-01 17:25:17.096244] nvme_rdma.c:1386:_nvme_rdma_ctrlr_connect_qpair: *NOTICE*: Connect rdma qpair: pg 0x7fd0e8000ab0, srq depth 128
3: Initializing NVMe Controllers
3: Attached to NVMe over Fabrics controller at 65.65.65.131:4420: nqn.2016-06.io.spdk:cnode1
3: Controller attach time is 293441.586 us (818702024 ticks)
3: Associating RDMA (addr:65.65.65.131 subnqn:nqn.2016-06.io.spdk:cnode1) NSID 1 with lcore 0
3: Associating RDMA (addr:65.65.65.131 subnqn:nqn.2016-06.io.spdk:cnode1) NSID 1 with lcore 1
3: Associating RDMA (addr:65.65.65.131 subnqn:nqn.2016-06.io.spdk:cnode1) NSID 1 with lcore 2
3: Associating RDMA (addr:65.65.65.131 subnqn:nqn.2016-06.io.spdk:cnode1) NSID 1 with lcore 3
3: Associating RDMA (addr:65.65.65.131 subnqn:nqn.2016-06.io.spdk:cnode1) NSID 1 with lcore 4
3: Associating RDMA (addr:65.65.65.131 subnqn:nqn.2016-06.io.spdk:cnode1) NSID 1 with lcore 5
3: Associating RDMA (addr:65.65.65.131 subnqn:nqn.2016-06.io.spdk:cnode1) NSID 1 with lcore 6
3: Associating RDMA (addr:65.65.65.131 subnqn:nqn.2016-06.io.spdk:cnode1) NSID 1 with lcore 7
3: Associating RDMA (addr:65.65.65.131 subnqn:nqn.2016-06.io.spdk:cnode1) NSID 1 with lcore 8
3: Associating RDMA (addr:65.65.65.131 subnqn:nqn.2016-06.io.spdk:cnode1) NSID 1 with lcore 9
3: Associating RDMA (addr:65.65.65.131 subnqn:nqn.2016-06.io.spdk:cnode1) NSID 1 with lcore 10
3: Associating RDMA (addr:65.65.65.131 subnqn:nqn.2016-06.io.spdk:cnode1) NSID 1 with lcore 11
3: Associating RDMA (addr:65.65.65.131 subnqn:nqn.2016-06.io.spdk:cnode1) NSID 1 with lcore 12
3: Associating RDMA (addr:65.65.65.131 subnqn:nqn.2016-06.io.spdk:cnode1) NSID 1 with lcore 13
3: Associating RDMA (addr:65.65.65.131 subnqn:nqn.2016-06.io.spdk:cnode1) NSID 1 with lcore 14
3: Associating RDMA (addr:65.65.65.131 subnqn:nqn.2016-06.io.spdk:cnode1) NSID 1 with lcore 15
3: Associating RDMA (addr:65.65.65.131 subnqn:nqn.2016-06.io.spdk:cnode1) NSID 1 with lcore 16
3: Associating RDMA (addr:65.65.65.131 subnqn:nqn.2016-06.io.spdk:cnode1) NSID 1 with lcore 17
3: Associating RDMA (addr:65.65.65.131 subnqn:nqn.2016-06.io.spdk:cnode1) NSID 1 with lcore 18
3: Associating RDMA (addr:65.65.65.131 subnqn:nqn.2016-06.io.spdk:cnode1) NSID 1 with lcore 19
3: Associating RDMA (addr:65.65.65.131 subnqn:nqn.2016-06.io.spdk:cnode1) NSID 1 with lcore 20
3: Associating RDMA (addr:65.65.65.131 subnqn:nqn.2016-06.io.spdk:cnode1) NSID 1 with lcore 21
3: Associating RDMA (addr:65.65.65.131 subnqn:nqn.2016-06.io.spdk:cnode1) NSID 1 with lcore 22
3: Associating RDMA (addr:65.65.65.131 subnqn:nqn.2016-06.io.spdk:cnode1) NSID 1 with lcore 23
3: Initialization complete. Launching workers.
3: IO qp on core 1 total time 119994.783 us (334785444 ticks), connect time 112963.320 us (315167664 ticks)
3: IO qp on core 2 total time 150881.723 us (420960008 ticks), connect time 143286.859 us (399770336 ticks)
3: IO qp on core 3 total time 191505.438 us (534300172 ticks), connect time 180932.407 us (504801416 ticks)
3: IO qp on core 4 total time 234003.095 us (652868636 ticks), connect time 218855.677 us (610607340 ticks)
3: IO qp on core 5 total time 271325.700 us (756998704 ticks), connect time 253626.338 us (707617484 ticks)
3: IO qp on core 6 total time 311525.140 us (869155140 ticks), connect time 290757.078 us (811212248 ticks)
3: IO qp on core 7 total time 364171.613 us (1016038800 ticks), connect time 339837.796 us (948147452 ticks)
3: IO qp on core 8 total time 414344.181 us (1156020264 ticks), connect time 385631.194 us (1075911032 ticks)
3: IO qp on core 9 total time 459485.269 us (1281963900 ticks), connect time 427407.776 us (1192467696 ticks)
3: IO qp on core 10 total time 501396.632 us (1398896604 ticks), connect time 466385.482 us (1301215496 ticks)
3: IO qp on core 11 total time 544333.318 us (1518689956 ticks), connect time 506220.280 us (1412354580 ticks)
3: IO qp on core 12 total time 580713.627 us (1620191020 ticks), connect time 539063.246 us (1503986456 ticks)
3: IO qp on core 13 total time 610127.557 us (1702255884 ticks), connect time 565239.844 us (1577019164 ticks)
3: IO qp on core 14 total time 641841.391 us (1790737480 ticks), connect time 593626.816 us (1656218816 ticks)
3: IO qp on core 15 total time 687975.857 us (1919452640 ticks), connect time 635452.865 us (1772913492 ticks)
3: IO qp on core 16 total time 735053.130 us (2050798232 ticks), connect time 678mlx5dv_reserved_qpn_alloc 1 1
0: [2021-10-01 17:25:17.145775] rdma.c:2990:nvmf_process_cm_event: *NOTICE*: In RDMA_CM_EVENT_CONNECT_REQUEST
0: mlx5dv_reserved_qpn_alloc 1 1
3: [2021-10-01 17:25:17.146155] nvme_rdma.c:1386:_nvme_rdma_ctrlr_connect_qpair: *NOTICE*: Connect rdma qpair: pg 0x7fd0dc000ab0, srq depth 128
3: mlx5dv_reserved_qpn_alloc 1 1
0: [2021-10-01 17:25:17.185707] rdma.c:2990:nvmf_process_cm_event: *NOTICE*: In RDMA_CM_EVENT_CONNECT_REQUEST
0: mlx5dv_reserved_qpn_alloc 1 1
3: [2021-10-01 17:25:17.186085] nvme_rdma.c:1386:_nvme_rdma_ctrlr_connect_qpair: *NOTICE*: Connect rdma qpair: pg 0x7fd0e0000ab0, srq depth 128
3: mlx5dv_reserved_qpn_alloc 1 1
0: [2021-10-01 17:25:17.225640] rdma.c:2990:nvmf_process_cm_event: *NOTICE*: In RDMA_CM_EVENT_CONNECT_REQUEST
0: mlx5dv_reserved_qpn_alloc 1 1
3: [2021-10-01 17:25:17.226081] nvme_rdma.c:1386:_nvme_rdma_ctrlr_connect_qpair: *NOTICE*: Connect rdma qpair: pg 0x7fd0d4000ab0, srq depth 128
3: mlx5dv_reserved_qpn_alloc 1 1
0: [2021-10-01 17:25:17.265572] rdma.c:2990:nvmf_process_cm_event: *NOTICE*: In RDMA_CM_EVENT_CONNECT_REQUEST
0: mlx5dv_reserved_qpn_alloc 1 1
3: [2021-10-01 17:25:17.266024] nvme_rdma.c:1386:_nvme_rdma_ctrlr_connect_qpair: *NOTICE*: Connect rdma qpair: pg 0x7fd0d8000ab0, srq depth 128
3: mlx5dv_reserved_qpn_alloc 1 1
0: [2021-10-01 17:25:17.305505] rdma.c:2990:nvmf_process_cm_event: *NOTICE*: In RDMA_CM_EVENT_CONNECT_REQUEST
0: mlx5dv_reserved_qpn_alloc 1 1
3: [2021-10-01 17:25:17.305874] nvme_rdma.c:1386:_nvme_rdma_ctrlr_connect_qpair: *NOTICE*: Connect rdma qpair: pg 0x7fd0cc000ab0, srq depth 128
3: mlx5dv_reserved_qpn_alloc 1 1
0: [2021-10-01 17:25:17.335455] rdma.c:2990:nvmf_process_cm_event: *NOTICE*: In RDMA_CM_EVENT_CONNECT_REQUEST
0: mlx5dv_reserved_qpn_alloc 1 1
3: [2021-10-01 17:25:17.335926] nvme_rdma.c:1386:_nvme_rdma_ctrlr_connect_qpair: *NOTICE*: Connect rdma qpair: pg 0x7fd0d0000ab0, srq depth 128
3: mlx5dv_reserved_qpn_alloc 1 1
0: [2021-10-01 17:25:17.375387] rdma.c:2990:nvmf_process_cm_event: *NOTICE*: In RDMA_CM_EVENT_CONNECT_REQUEST
0: mlx5dv_reserved_qpn_alloc 1 1
3: [2021-10-01 17:25:17.376389] nvme_rdma.c:1386:_nvme_rdma_ctrlr_connect_qpair: *NOTICE*: Connect rdma qpair: pg 0x11a6580, srq depth 128
3: mlx5dv_reserved_qpn_alloc 1 1
0: [2021-10-01 17:25:17.405337] rdma.c:2990:nvmf_process_cm_event: *NOTICE*: In RDMA_CM_EVENT_CONNECT_REQUEST
0: mlx5dv_reserved_qpn_alloc 1 1
3: [2021-10-01 17:25:17.405712] nvme_rdma.c:1386:_nvme_rdma_ctrlr_connect_qpair: *NOTICE*: Connect rdma qpair: pg 0x7fd0c4000ab0, srq depth 128
1: [2021-10-01 17:25:25.888574] dc_mlx5_dv.c: 963:spdk_rdma_qp_reset: *NOTICE*: Reset called for qp: 0x7f43f4008e80
1: [2021-10-01 17:25:25.904954] dc_mlx5_dv.c: 963:spdk_rdma_qp_reset: *NOTICE*: Reset called for qp: 0x7f4434008e80
4: [2021-10-01 17:25:25.904955] dc_mlx5_dv.c: 963:spdk_rdma_qp_reset: *NOTICE*: Reset called for qp: 0x7f79f8008e80
4: [2021-10-01 17:25:25.913624] dc_mlx5_dv.c: 963:spdk_rdma_qp_reset: *NOTICE*: Reset called for qp: 0x7f79e8001e80
1: [2021-10-01 17:25:25.919934] dc_mlx5_dv.c: 963:spdk_rdma_qp_reset: *NOTICE*: Reset called for qp: 0x1450f10
1: [2021-10-01 17:25:25.924518] dc_mlx5_dv.c: 963:spdk_rdma_qp_reset: *NOTICE*: Reset called for qp: 0x7f43f8001e80
4: [2021-10-01 17:25:25.931092] dc_mlx5_dv.c: 963:spdk_rdma_qp_reset: *NOTICE*: Reset called for qp: 0x7f7a0c008e80
1: [2021-10-01 17:25:25.933133] dc_mlx5_dv.c: 963:spdk_rdma_qp_reset: *NOTICE*: Reset called for qp: 0x7f43dc008ef0
1: [2021-10-01 17:25:25.942786] dc_mlx5_dv.c: 963:spdk_rdma_qp_reset: *NOTICE*: Reset called for qp: 0x7f43e8008e80
4: [2021-10-01 17:25:25.947489] dc_mlx5_dv.c: 963:spdk_rdma_qp_reset: *NOTICE*: Reset called for qp: 0x7f79f4008f00
1: [2021-10-01 17:25:25.952721] dc_mlx5_dv.c: 963:spdk_rdma_qp_reset: *NOTICE*: Reset called for qp: 0x7f43e4008e80
4: [2021-10-01 17:25:25.953140] dc_mlx5_dv.c: 963:spdk_rdma_qp_reset: *NOTICE*: Reset called for qp: 0x7f7a18001e80
1: [2021-10-01 17:25:25.962729] dc_mlx5_dv.c: 963:spdk_rdma_qp_reset: *NOTICE*: Reset called for qp: 0x7f43f0008e80
4: [2021-10-01 17:25:25.962367] dc_mlx5_dv.c: 963:spdk_rdma_qp_reset: *NOTICE*: Reset called for qp: 0x7f79e0008e80
1: [2021-10-01 17:25:25.972664] dc_mlx5_dv.c: 963:spdk_rdma_qp_reset: *NOTICE*: Reset called for qp: 0x7f43cc008e80
4: [2021-10-01 17:25:25.972317] dc_mlx5_dv.c: 963:spdk_rdma_qp_reset: *NOTICE*: Reset called for qp: 0x7f79fc008e80
1: [2021-10-01 17:25:25.982677] dc_mlx5_dv.c: 963:spdk_rdma_qp_reset: *NOTICE*: Reset called for qp: 0x7f4414008e80
4: [2021-10-01 17:25:25.982428] dc_mlx5_dv.c: 963:spdk_rdma_qp_reset: *NOTICE*: Reset called for qp: 0x7f7a28008e80
1: [2021-10-01 17:25:25.992479] dc_mlx5_dv.c: 963:spdk_rdma_qp_reset: *NOTICE*: Reset called for qp: 0x7f442c008e80
4: [2021-10-01 17:25:25.992258] dc_mlx5_dv.c: 963:spdk_rdma_qp_reset: *NOTICE*: Reset called for qp: 0x7f79dc008e80
1: [2021-10-01 17:25:26.002994] dc_mlx5_dv.c: 963:spdk_rdma_qp_reset: *NOTICE*: Reset called for qp: 0x7f4400008e80
4: [2021-10-01 17:25:26.002688] dc_mlx5_dv.c: 963:spdk_rdma_qp_reset: *NOTICE*: Reset called for qp: 0x7f7a30008e80
1: [2021-10-01 17:25:26.012576] dc_mlx5_dv.c: 963:spdk_rdma_qp_reset: *NOTICE*: Reset called for qp: 0x7f4424008e80
4: [2021-10-01 17:25:26.012294] dc_mlx5_dv.c: 963:spdk_rdma_qp_reset: *NOTICE*: Reset called for qp: 0x7f79f0008e80
4: [2021-10-01 17:25:26.022144] dc_mlx5_dv.c: 963:spdk_rdma_qp_reset: *NOTICE*: Reset called for qp: 0x7f79d4008ef0
1: [2021-10-01 17:25:26.022951] dc_mlx5_dv.c: 963:spdk_rdma_qp_reset: *NOTICE*: Reset called for qp: 0x7f43ec008e80
0: [2021-10-01 17:25:26.027821] dc_mlx5_dv.c: 963:spdk_rdma_qp_reset: *NOTICE*: Reset called for qp: 0x7f8034008f20
4: [2021-10-01 17:25:26.032225] dc_mlx5_dv.c: 963:spdk_rdma_qp_reset: *NOTICE*: Reset called for qp: 0x7f7a24008e80
1: [2021-10-01 17:25:26.032706] dc_mlx5_dv.c: 963:spdk_rdma_qp_reset: *NOTICE*: Reset called for qp: 0x7f4438008e80
0: [2021-10-01 17:25:26.035797] dc_mlx5_dv.c: 963:spdk_rdma_qp_reset: *NOTICE*: Reset called for qp: 0x7f8000008e80
4: [2021-10-01 17:25:26.042228] dc_mlx5_dv.c: 963:spdk_rdma_qp_reset: *NOTICE*: Reset called for qp: 0x7f7a34008ef0
1: [2021-10-01 17:25:26.042668] dc_mlx5_dv.c: 963:spdk_rdma_qp_reset: *NOTICE*: Reset called for qp: 0x7f4420008e80
0: [2021-10-01 17:25:26.043773] dc_mlx5_dv.c: 963:spdk_rdma_qp_reset: *NOTICE*: Reset called for qp: 0x7f8010008e80
4: [2021-10-01 17:25:26.052134] dc_mlx5_dv.c: 963:spdk_rdma_qp_reset: *NOTICE*: Reset called for qp: 0x7f7a10008e80
1: [2021-10-01 17:25:26.052616] dc_mlx5_dv.c: 963:spdk_rdma_qp_reset: *NOTICE*: Reset called for qp: 0x7f440c001e80
0: [2021-10-01 17:25:26.050440] dc_mlx5_dv.c: 963:spdk_rdma_qp_reset: *NOTICE*: Reset called for qp: 0x7f7ffc008e80
4: [2021-10-01 17:25:26.062105] dc_mlx5_dv.c: 963:spdk_rdma_qp_reset: *NOTICE*: Reset called for qp: 0x7f79ec008e80
1: [2021-10-01 17:25:26.062559] dc_mlx5_dv.c: 963:spdk_rdma_qp_reset: *NOTICE*: Reset called for qp: 0x7f4418008ef0
0: [2021-10-01 17:25:26.060048] dc_mlx5_dv.c: 963:spdk_rdma_qp_reset: *NOTICE*: Reset called for qp: 0x7f7ff4008e80
4: [2021-10-01 17:25:26.072349] dc_mlx5_dv.c: 963:spdk_rdma_qp_reset: *NOTICE*: Reset called for qp: 0x7f7a20008e80
0: [2021-10-01 17:25:26.069707] dc_mlx5_dv.c: 963:spdk_rdma_qp_reset: *NOTICE*: Reset called for qp: 0x7f800c008e80
1: [2021-10-01 17:25:26.073123] dc_mlx5_dv.c: 963:spdk_rdma_qp_reset: *NOTICE*: Reset called for qp: 0x7f441c008e80
0: [2021-10-01 17:25:26.079458] dc_mlx5_dv.c: 963:spdk_rdma_qp_reset: *NOTICE*: Reset called for qp: 0x7f7ff8008e80
4: [2021-10-01 17:25:26.082095] dc_mlx5_dv.c: 963:spdk_rdma_qp_reset: *NOTICE*: Reset called for qp: 0x7f7a1c008e80
1: [2021-10-01 17:25:26.083017] dc_mlx5_dv.c: 963:spdk_rdma_qp_reset: *NOTICE*: Reset called for qp: 0x7f4428008e80
4: [2021-10-01 17:25:26.092057] dc_mlx5_dv.c: 963:spdk_rdma_qp_reset: *NOTICE*: Reset called for qp: 0x7f7a14008e80
1: [2021-10-01 17:25:26.092551] dc_mlx5_dv.c: 963:spdk_rdma_qp_reset: *NOTICE*: Reset called for qp: 0x7f4404008e80
0: [2021-10-01 17:25:26.089511] dc_mlx5_dv.c: 963:spdk_rdma_qp_reset: *NOTICE*: Reset called for qp: 0x7f8020008e80
0: [2021-10-01 17:25:26.099466] dc_mlx5_dv.c: 963:spdk_rdma_qp_reset: *NOTICE*: Reset called for qp: 0x7f8014008e80
4: [2021-10-01 17:25:26.102064] dc_mlx5_dv.c: 963:spdk_rdma_qp_reset: *NOTICE*: Reset called for qp: 0x7f7a04008e80
1: [2021-10-01 17:25:26.102579] dc_mlx5_dv.c: 963:spdk_rdma_qp_reset: *NOTICE*: Reset called for qp: 0x7f4408008e80
0: [2021-10-01 17:25:26.109601] dc_mlx5_dv.c: 963:spdk_rdma_qp_reset: *NOTICE*: Reset called for qp: 0x7f8058008ef0
4: [2021-10-01 17:25:26.112338] dc_mlx5_dv.c: 963:spdk_rdma_qp_reset: *NOTICE*: Reset called for qp: 0x168df10
1: [2021-10-01 17:25:26.112804] dc_mlx5_dv.c: 963:spdk_rdma_qp_reset: *NOTICE*: Reset called for qp: 0x7f4410008e80
4: [2021-10-01 17:25:26.122132] dc_mlx5_dv.c: 963:spdk_rdma_qp_reset: *NOTICE*: Reset called for qp: 0x7f79e4008e80
0: [2021-10-01 17:25:26.119600] dc_mlx5_dv.c: 963:spdk_rdma_qp_reset: *NOTICE*: Reset called for qp: 0x27b0f10
1: [2021-10-01 17:25:26.122955] dc_mlx5_dv.c: 963:spdk_rdma_qp_reset: *NOTICE*: Reset called for qp: 0x7f43d4008e80
1:  18 total time 189198.649 us (527864232 ticks), connect time 173280.910 us (483453740 ticks)
1: IO qp on core 10 total time 198874.897 us (554860964 ticks), connect time 182922.786 us (510354572 ticks)
1: IO qp on core 17 total time 209184.327 us (583624272 ticks), connect time 192859.062 us (538076784 ticks)
1: IO qp on core 7 total time 219248.530 us (611703400 ticks), connect time 202502.654 us (564982404 ticks)
1: IO qp on core 21 total time 229332.083 us (639836512 ticks), connect time 212716.161 us (593478088 ticks)
1: IO qp on core 0 total time 239020.605 us (666867488 ticks), connect time 222123.940 us (619725792 ticks)
1: IO qp on core 23 total time 249054.882 us (694863120 ticks), connect time 232072.721 us (647482892 ticks)
1: IO qp on core 20 total time 259028.442 us (722689352 ticks), connect time 241858.099 us (674784096 ticks)
1: ========================================================
1:                                                                                                                   Latency(us)
1: Device Information                                                            :       IOPS      MiB/s    Average        min        max
1: RDMA (addr:65.65.65.131 subnqn:nqn.2016-06.io.spdk:cnode1) NSID 1 from core  0:    1119.30     139.91   28527.42   15228.90   65267.22
1: RDMA (addr:65.65.65.131 subnqn:nqn.2016-06.io.spdk:cnode1) NSID 1 from core  1:    1072.50     134.06   29774.06    2083.51   56481.95
1: RDMA (addr:65.65.65.131 subnqn:nqn.2016-06.io.spdk:cnode1) NSID 1 from core  2:    1124.80     140.60   28383.53   20032.23   82486.88
1: RDMA (addr:65.65.65.131 subnqn:nqn.2016-06.io.spdk:cnode1) NSID 1 from core  3:    1072.10     134.01   29816.87    2073.24   56448.96
1: RDMA (addr:65.65.65.131 subnqn:nqn.2016-06.io.spdk:cnode1) NSID 1 from core  4:    1078.80     134.85   29544.92   14585.49   80612.79
1: RDMA (addr:65.65.65.131 subnqn:nqn.2016-06.io.spdk:cnode1) NSID 1 from core  5:    1054.10     131.76   30316.61   16318.15   77738.49
1: RDMA (addr:65.65.65.131 subnqn:nqn.2016-06.io.spdk:cnode1) NSID 1 from core  6:    1061.70     132.71   30071.92   17344.22   77794.38
1: RDMA (addr:65.65.65.131 subnqn:nqn.2016-06.io.spdk:cnode1) NSID 1 from core  7:    1121.10     140.14   28526.87   18192.34   76112.36
1: RDMA (addr:65.65.65.131 subnqn:nqn.2016-06.io.spdk:cnode1) NSID 1 from core  8:    1430.30     178.79   22328.76   13176.75   64062.41
1: RDMA (addr:65.65.65.131 subnqn:nqn.2016-06.io.spdk:cnode1) NSID 1 from core  9:    1121.90     140.24   28467.89   13183.91   64141.65
1: RDMA (addr:65.65.65.131 subnqn:nqn.2016-06.io.spdk:cnode1) NSID 1 from core 10:    1127.20     140.90   28325.53   13200.62   64004.05
1: RDMA (addr:65.65.65.131 subnqn:nqn.2016-06.io.spdk:cnode1) NSID 1 from core 11:    1144.30     143.04   27948.49    6463.61   61745.49
1: RDMA (addr:65.65.65.131 subnqn:nqn.2016-06.io.spdk:cnode1) NSID 1 from core 12:    1123.20     140.40   28445.11   19666.70   80480.62
1: RDMA (addr:65.65.65.131 subnqn:nqn.2016-06.io.spdk:cnode1) NSID 1 from core 13:    1066.20     133.28   29963.11   17949.49   68189.44
1: RDMA (addr:65.65.65.131 subnqn:nqn.2016-06.io.spdk:cnode1) NSID 1 from core 14:    1127.20     140.90   28329.76   16445.49   69798.21
1: RDMA (addr:65.65.65.131 subnqn:nqn.2016-06.io.spdk:cnode1) NSID 1 from core 15:    1151.60     143.95   27759.94   14719.47   69716.88
1: RDMA (addr:65.65.65.131 subnqn:nqn.2016-06.io.spdk:cnode1) NSID 1 from core 16:    1113.20     139.15   28604.98   14727.56   95154.96
1: RDMA (addr:65.65.65.131 subnqn:nqn.2016-06.io.spdk:cnode1) NSID 1 from core 17:    1107.20     138.40   28736.07   21044.89  112312.78
1: RDMA (addr:65.65.65.131 subnqn:nqn.2016-06.io.spdk:cnode1) NSID 1 from core 18:    1056.00     132.00   30097.37   25371.20  109715.50
1: RDMA (addr:65.65.65.131 subnqn:nqn.2016-06.io.spdk:cnode1) NSID 1 from core 19:    1046.40     130.80   30381.55   24287.34  124314.55
1: RDMA (addr:65.65.65.131 subnqn:nqn.2016-06.io.spdk:cnode1) NSID 1 from core 20:    1428.10     178.51   22206.97   17528.81   38141.84
4: [2021-10-01 17:25:26.131932] dc_mlx5_dv.c: 963:spdk_rdma_qp_reset: *NOTICE*: Reset called for qp: 0x7f7a08008e80
0: [2021-10-01 17:25:26.129499] dc_mlx5_dv.c: 963:spdk_rdma_qp_reset: *NOTICE*: Reset called for qp: 0x7f8028008e80
4: [2021-10-01 17:25:26.141984] dc_mlx5_dv.c: 963:spdk_rdma_qp_reset: *NOTICE*: Reset called for qp: 0x7f7a00008e80
0: [2021-10-01 17:25:26.139509] dc_mlx5_dv.c: 963:spdk_rdma_qp_reset: *NOTICE*: Reset called for qp: 0x7f802c008e80
1: RDMA (addr:65.65.65.131 subnqn:nqn.2016-06.io.spdk:cnode1) NSID 1 from core 21:    1117.60     139.70   28353.[2021-10-01 17:25:26.145272] dc_mlx5_dv.c: 963:spdk_rdma_qp_reset: *NOTICE*: Reset called for qp: 0x128edb0
1: 32   20220.36   41265.36
1: RDMA (addr:65.65.65.131 subnqn:nqn.2016-06.io.spdk:cnode1) NSID 1 from core 22:    1449.90     181.24   21856.63   14451.15   36280.18
1: RDMA (addr:65.65.65.131 subnqn:nqn.2016-06.io.spdk:cnode1) NSID 1 from core 23:    1447.10     180.89   21891.71   14651.44   36918.48
1: ========================================================
1: Total                                                                         :   27761.80    3470.22   27558.80    2073.24  124314.55
1: 
4: ore 10 total time 199189.983 us (555740052 ticks), connect time 183697.924 us (512517208 ticks)
4: IO qp on core 18 total time 209356.532 us (584104724 ticks), connect time 193893.527 us (540962940 ticks)
4: IO qp on core 0 total time 219110.859 us (611319296 ticks), connect time 203704.075 us (568334368 ticks)
4: IO qp on core 20 total time 229567.384 us (640493000 ticks), connect time 213655.325 us (596098356 ticks)
4: IO qp on core 22 total time 239201.080 us (667371012 ticks), connect time 223014.440 us (622210288 ticks)
4: IO qp on core 19 total time 249568.225 us (696295348 ticks), connect time 232744.310 us (649356624 ticks)
4: IO qp on core 23 total time 259416.237 us (723771300 ticks), connect time 242196.528 us (675728312 ticks)
4: IO qp on core 21 total time 269299.394 us (751345308 ticks), connect time 249995.320 us (697486944 ticks)
4: ========================================================
4:                                                                                                                   Latency(us)
4: Device Information                                                            :       IOPS      MiB/s    Average        min        max
4: RDMA (addr:65.65.65.131 subnqn:nqn.2016-06.io.spdk:cnode1) NSID 1 from core  0:    1123.10     140.39   28496.06   20229.95   82801.61
4: RDMA (addr:65.65.65.131 subnqn:nqn.2016-06.io.spdk:cnode1) NSID 1 from core  1:    1063.80     132.97   30035.47   24578.99   81894.40
4: RDMA (addr:65.65.65.131 subnqn:nqn.2016-06.io.spdk:cnode1) NSID 1 from core  2:    1078.10     134.76   29637.11   14640.02   65329.02
4: RDMA (addr:65.65.65.131 subnqn:nqn.2016-06.io.spdk:cnode1) NSID 1 from core  3:    1059.60     132.45   30141.20   16705.27   65310.36
4: RDMA (addr:65.65.65.131 subnqn:nqn.2016-06.io.spdk:cnode1) NSID 1 from core  4:    1102.80     137.85   28955.88   19169.39   65324.63
4: RDMA (addr:65.65.65.131 subnqn:nqn.2016-06.io.spdk:cnode1) NSID 1 from core  5:    1113.80     139.22   28666.67   20576.53   83732.91
4: RDMA (addr:65.65.65.131 subnqn:nqn.2016-06.io.spdk:cnode1) NSID 1 from core  6:    1120.00     140.00   28502.90   20011.94   84705.43
4: RDMA (addr:65.65.65.131 subnqn:nqn.2016-06.io.spdk:cnode1) NSID 1 from core  7:    1112.00     139.00   28679.50   18454.19   63897.93
4: RDMA (addr:65.65.65.131 subnqn:nqn.2016-06.io.spdk:cnode1) NSID 1 from core  8:    1132.10     141.51   28228.79   14647.33   61087.68
4: RDMA (addr:65.65.65.131 subnqn:nqn.2016-06.io.spdk:cnode1) NSID 1 from core  9:    1119.20     139.90   28555.38   20170.12   78196.34
4: RDMA (addr:65.65.65.131 subnqn:nqn.2016-06.io.spdk:cnode1) NSID 1 from core 10:    1117.40     139.68   28630.78   18646.10   56440.71
4: RDMA (addr:65.65.65.131 subnqn:nqn.2016-06.io.spdk:cnode1) NSID 1 from core 11:    1458.50     182.31   21885.82   14184.13   59537.86
4: RDMA (addr:65.65.65.131 subnqn:nqn.2016-06.io.spdk:cnode1) NSID 1 from core 12:    1438.20     179.78   22203.86   15405.23   59543.06
4: RDMA (addr:65.65.65.131 subnqn:nqn.2016-06.io.spdk:cnode1) NSID 1 from core 13:    1062.40     132.80   30053.28   25568.53   70738.62
4: RDMA (addr:65.65.65.131 subnqn:nqn.2016-06.io.spdk:cnode1) NSID 1 from core 14:    1456.60     182.07   21911.36   15178.03   52791.17
4: RDMA (addr:65.65.65.131 subnqn:nqn.2016-06.io.spdk:cnode1) NSID 1 from core 15:    1062.40     132.80   30085.82   25752.16   71830.69
4: RDMA (addr:65.65.65.131 subnqn:nqn.2016-06.io.spdk:cnode1) NSID 1 from core 16:    1051.50     131.44   30282.82   25971.36  124009.46
4: RDMA (addr:65.65.65.131 subnqn:nqn.2016-06.io.spdk:cnode1) NSID 1 from core 17:    1098.90     137.36   29016.22   20843.44   94196.29
4: RDMA (addr:65.65.65.131 subnqn:nqn.2016-06.io.spdk:cnode1) NSID 1 from core 18:    1128.80     141.10   28226.80   14376.89   75780.88
4: RDMA (addr:65.65.65.131 subnqn:nqn.2016-06.io.spdk:cnode1) NSID 1 from core 19:    1448.30     181.04   21944.58   13172.31  124589.51
4: RDMA (addr:65.65.65.131 subnqn:nqn.2016-06.io.spdk:cnode1) NSID 1 from core 20:    1142.40     142.80   27806.94   15210.82   65321.58
0: [2021-10-01 17:25:26.149602] dc_mlx5_dv.c: 963:spdk_rdma_qp_reset: *NOTICE*: Reset called for qp: 0x7f8044008e80
0: [2021-10-01 17:25:26.159567] dc_mlx5_dv.c: 963:spdk_rdma_qp_reset: *NOTICE*: Reset called for qp: 0x7f8004001ea0
0: [2021-10-01 17:25:26.169815] dc_mlx5_dv.c: 963:spdk_rdma_qp_reset: *NOTICE*: Reset called for qp: 0x7f8048008e80
0: [2021-10-01 17:25:26.179488] dc_mlx5_dv.c: 963:spdk_rdma_qp_reset: *NOTICE*: Reset called for qp: 0x7f8038008e80
0: [2021-10-01 17:25:26.189753] dc_mlx5_dv.c: 963:spdk_rdma_qp_reset: *NOTICE*: Reset called for qp: 0x7f8018001e80
4: RDMA (addr:65.65.65.131 subnqn:nqn.2016-06.io.spdk:cnode1) NSID 1 from core 21:    1046.40     130.80   30[2021-10-01 17:25:26.200037] dc_mlx5_dv.c: 963:spdk_rdma_qp_reset: *NOTICE*: Reset called for qp: 0x14cbdb0
0: [2021-10-01 17:25:26.199741] dc_mlx5_dv.c: 963:spdk_rdma_qp_reset: *NOTICE*: Reset called for qp: 0x7f8030008e80
4: 348.62   25014.46   61415.26
4: RDMA (addr:65.65.65.131 subnqn:nqn.2016-06.io.spdk:cnode1) NSID 1 from core 22:    1420.80     177.60   22328.73   16407.70   41422.88
4: RDMA (addr:65.65.65.131 subnqn:nqn.2016-06.io.spdk:cnode1) NSID 1 from core 23:    1446.40     180.80   21937.27   14849.38   50207.93
4: ========================================================
4: Total                                                                         :   28403.50    3550.44   26948.92   13172.31  124589.51
4: 
0: [2021-10-01 17:25:26.209660] dc_mlx5_dv.c: 963:spdk_rdma_qp_reset: *NOTICE*: Reset called for qp: 0x7f804c008e80
0: [2021-10-01 17:25:26.219419] dc_mlx5_dv.c: 963:spdk_rdma_qp_reset: *NOTICE*: Reset called for qp: 0x7f8054008e80
0: [2021-10-01 17:25:26.229856] dc_mlx5_dv.c: 963:spdk_rdma_qp_reset: *NOTICE*: Reset called for qp: 0x7f8040008e80
0: [2021-10-01 17:25:26.239655] dc_mlx5_dv.c: 963:spdk_rdma_qp_reset: *NOTICE*: Reset called for qp: 0x7f801c008e80
0: [2021-10-01 17:25:26.249809] dc_mlx5_dv.c: 963:spdk_rdma_qp_reset: *NOTICE*: Reset called for qp: 0x7f803c008e80
0:  0 total time 188998.776 us (527306584 ticks), connect time 176259.297 us (491763440 ticks)
0: IO qp on core 20 total time 199416.833 us (556372964 ticks), connect time 186373.349 us (519981644 ticks)
0: IO qp on core 22 total time 209038.125 us (583216368 ticks), connect time 195806.710 us (546300720 ticks)
0: IO qp on core 18 total time 219302.674 us (611854460 ticks), connect time 205834.122 us (574277200 ticks)
0: IO qp on core 21 total time 229327.577 us (639823940 ticks), connect time 214953.270 us (599719624 ticks)
0: IO qp on core 23 total time 239162.602 us (667263660 ticks), connect time 224516.966 us (626402336 ticks)
0: IO qp on core 16 total time 274055.700 us (764615404 ticks), connect time 259223.619 us (723233896 ticks)
0: IO qp on core 12 total time 300570.386 us (838591376 ticks), connect time 276666.595 us (771899800 ticks)
0: ========================================================
0:                                                                                                                   Latency(us)
0: Device Information                                                            :       IOPS      MiB/s    Average        min        max
0: RDMA (addr:65.65.65.131 subnqn:nqn.2016-06.io.spdk:cnode1) NSID 1 from core  0:    1431.00     178.88   22303.91   17712.71   77789.67
0: RDMA (addr:65.65.65.131 subnqn:nqn.2016-06.io.spdk:cnode1) NSID 1 from core  1:    1120.00     140.00   28523.15   19945.56   79610.10
0: RDMA (addr:65.65.65.131 subnqn:nqn.2016-06.io.spdk:cnode1) NSID 1 from core  2:    1146.10     143.26   27856.31   14719.05   79176.98
0: RDMA (addr:65.65.65.131 subnqn:nqn.2016-06.io.spdk:cnode1) NSID 1 from core  3:    1123.30     140.41   28416.56   20159.16   79460.97
0: RDMA (addr:65.65.65.131 subnqn:nqn.2016-06.io.spdk:cnode1) NSID 1 from core  4:    1066.00     133.25   29932.93   24271.35   73660.17
0: RDMA (addr:65.65.65.131 subnqn:nqn.2016-06.io.spdk:cnode1) NSID 1 from core  5:    1434.40     179.30   22300.27   13268.78   61490.59
0: RDMA (addr:65.65.65.131 subnqn:nqn.2016-06.io.spdk:cnode1) NSID 1 from core  6:    1437.40     179.68   22217.08   12502.38   60738.71
0: RDMA (addr:65.65.65.131 subnqn:nqn.2016-06.io.spdk:cnode1) NSID 1 from core  7:    1071.10     133.89   29836.68   24376.23   73651.48
0: RDMA (addr:65.65.65.131 subnqn:nqn.2016-06.io.spdk:cnode1) NSID 1 from core  8:    1465.20     183.15   21811.04   13340.41   57089.40
0: RDMA (addr:65.65.65.131 subnqn:nqn.2016-06.io.spdk:cnode1) NSID 1 from core  9:    1110.40     138.80   28759.92   20186.29   72888.31
0: RDMA (addr:65.65.65.131 subnqn:nqn.2016-06.io.spdk:cnode1) NSID 1 from core 10:    1127.90     140.99   28375.20   13374.00   59869.46
0: RDMA (addr:65.65.65.131 subnqn:nqn.2016-06.io.spdk:cnode1) NSID 1 from core 11:    1107.40     138.43   28868.40   20586.26   71428.70
0: RDMA (addr:65.65.65.131 subnqn:nqn.2016-06.io.spdk:cnode1) NSID 1 from core 12:    1058.20     132.28   30162.13   20736.32   85622.95
0: RDMA (addr:65.65.65.131 subnqn:nqn.2016-06.io.spdk:cnode1) NSID 1 from core 13:    1121.50     140.19   28499.72   20373.60   69483.17
0: RDMA (addr:65.65.65.131 subnqn:nqn.2016-06.io.spdk:cnode1) NSID 1 from core 14:    1130.10     141.26   28274.46   20575.84   72437.87
0: RDMA (addr:65.65.65.131 subnqn:nqn.2016-06.io.spdk:cnode1) NSID 1 from core 15:    1151.00     143.88   27805.68   13019.15   53991.25
0: RDMA (addr:65.65.65.131 subnqn:nqn.2016-06.io.spdk:cnode1) NSID 1 from core 16:    1065.50     133.19   29894.00   17210.56   95905.42
0: RDMA (addr:65.65.65.131 subnqn:nqn.2016-06.io.spdk:cnode1) NSID 1 from core 17:    1459.20     182.40   21825.10   14552.97   88194.88
0: RDMA (addr:65.65.65.131 subnqn:nqn.2016-06.io.spdk:cnode1) NSID 1 from core 18:    1062.90     132.86   29949.84   19646.37   98839.07
0: RDMA (addr:65.65.65.131 subnqn:nqn.2016-06.io.spdk:cnode1) NSID 1 from core 19:    1427.20     178.40   22302.71   17555.68  110746.74
0: RDMA (addr:65.65.65.131 subnqn:nqn.2016-06.io.spdk:cnode1) NSID 1 from core 20:    1064.60     133.07   29854.56   17924.06   42600.22
0: RDMA (addr:65.65.65.131 subnqn:nqn.2016-06.io.spdk:cnode1) NSID 1 from core 21:    1065.60     133.20   29804[2021-10-01 17:25:26.273349] dc_mlx5_dv.c: 963:spdk_rdma_qp_reset: *NOTICE*: Reset called for qp: 0x25eedb0
0: .63   23924.45   41583.08
0: RDMA (addr:65.65.65.131 subnqn:nqn.2016-06.io.spdk:cnode1) NSID 1 from core 22:    1064.30     133.04   29854.45   21896.03   43413.44
0: RDMA (addr:65.65.65.131 subnqn:nqn.2016-06.io.spdk:cnode1) NSID 1 from core 23:    1062.40     132.80   29916.12   24264.62   46677.72
0: ========================================================
0: Total                                                                         :   28372.70    3546.59   26985.96   12502.38  110746.74
0: 
2: [2021-10-01 17:25:27.023143] dc_mlx5_dv.c: 963:spdk_rdma_qp_reset: *NOTICE*: Reset called for qp: 0x7f36ac008ef0
2: [2021-10-01 17:25:27.033934] dc_mlx5_dv.c: 963:spdk_rdma_qp_reset: *NOTICE*: Reset called for qp: 0x1ee1f10
2: [2021-10-01 17:25:27.042251] dc_mlx5_dv.c: 963:spdk_rdma_qp_reset: *NOTICE*: Reset called for qp: 0x7f36b4008ef0
2: [2021-10-01 17:25:27.058293] dc_mlx5_dv.c: 963:spdk_rdma_qp_reset: *NOTICE*: Reset called for qp: 0x7f36c0008f00
2: [2021-10-01 17:25:27.062096] dc_mlx5_dv.c: 963:spdk_rdma_qp_reset: *NOTICE*: Reset called for qp: 0x7f36b8008e80
2: [2021-10-01 17:25:27.070554] dc_mlx5_dv.c: 963:spdk_rdma_qp_reset: *NOTICE*: Reset called for qp: 0x7f369c001ea0
2: [2021-10-01 17:25:27.080548] dc_mlx5_dv.c: 963:spdk_rdma_qp_reset: *NOTICE*: Reset called for qp: 0x7f36dc008f00
2: [2021-10-01 17:25:27.090293] dc_mlx5_dv.c: 963:spdk_rdma_qp_reset: *NOTICE*: Reset called for qp: 0x7f36c4008f00
2: [2021-10-01 17:25:27.100492] dc_mlx5_dv.c: 963:spdk_rdma_qp_reset: *NOTICE*: Reset called for qp: 0x7f36d4008e80
2: [2021-10-01 17:25:27.110470] dc_mlx5_dv.c: 963:spdk_rdma_qp_reset: *NOTICE*: Reset called for qp: 0x7f36b0008ef0
2: [2021-10-01 17:25:27.120470] dc_mlx5_dv.c: 963:spdk_rdma_qp_reset: *NOTICE*: Reset called for qp: 0x7f36f8008ef0
2: [2021-10-01 17:25:27.130420] dc_mlx5_dv.c: 963:spdk_rdma_qp_reset: *NOTICE*: Reset called for qp: 0x7f36fc008e80
2: [2021-10-01 17:25:27.140405] dc_mlx5_dv.c: 963:spdk_rdma_qp_reset: *NOTICE*: Reset called for qp: 0x7f36a8008ef0
2: [2021-10-01 17:25:27.150383] dc_mlx5_dv.c: 963:spdk_rdma_qp_reset: *NOTICE*: Reset called for qp: 0x7f36a4008ef0
2: [2021-10-01 17:25:27.160815] dc_mlx5_dv.c: 963:spdk_rdma_qp_reset: *NOTICE*: Reset called for qp: 0x7f36c8001e80
2: [2021-10-01 17:25:27.170335] dc_mlx5_dv.c: 963:spdk_rdma_qp_reset: *NOTICE*: Reset called for qp: 0x7f36bc008e80
2: [2021-10-01 17:25:27.180348] dc_mlx5_dv.c: 963:spdk_rdma_qp_reset: *NOTICE*: Reset called for qp: 0x7f36e4008e80
2: [2021-10-01 17:25:27.190313] dc_mlx5_dv.c: 963:spdk_rdma_qp_reset: *NOTICE*: Reset called for qp: 0x7f36f0008e80
2: [2021-10-01 17:25:27.200309] dc_mlx5_dv.c: 963:spdk_rdma_qp_reset: *NOTICE*: Reset called for qp: 0x7f36d0008e80
2: [2021-10-01 17:25:27.210243] dc_mlx5_dv.c: 963:spdk_rdma_qp_reset: *NOTICE*: Reset called for qp: 0x7f36e0008e80
2: [2021-10-01 17:25:27.220229] dc_mlx5_dv.c: 963:spdk_rdma_qp_reset: *NOTICE*: Reset called for qp: 0x7f36d8008e80
2: [2021-10-01 17:25:27.230294] dc_mlx5_dv.c: 963:spdk_rdma_qp_reset: *NOTICE*: Reset called for qp: 0x7f36e8008e80
2: [2021-10-01 17:25:27.240223] dc_mlx5_dv.c: 963:spdk_rdma_qp_reset: *NOTICE*: Reset called for qp: 0x7f36cc008e80
2: [2021-10-01 17:25:27.250349] dc_mlx5_dv.c: 963:spdk_rdma_qp_reset: *NOTICE*: Reset called for qp: 0x7f36ec008e80
2: .670 us (1908010328 ticks)
2: IO qp on core 0 total time 733408.596 us (2046209984 ticks), connect time 719317.491 us (2006895800 ticks)
2: IO qp on core 12 total time 773680.254 us (2158567908 ticks), connect time 754715.272 us (2105655608 ticks)
2: IO qp on core 22 total time 836316.595 us (2333323300 ticks), connect time 811463.113 us (2263982084 ticks)
2: IO qp on core 21 total time 892299.273 us (2489514972 ticks), connect time 861644.923 us (2403989336 ticks)
2: IO qp on core 7 total time 933949.976 us (2605720432 ticks), connect time 897742.804 us (2504702424 ticks)
2: IO qp on core 19 total time 985132.832 us (2748520600 ticks), connect time 944739.138 us (2635822196 ticks)
2: IO qp on core 23 total time 1023226.671 us (2854802412 ticks), connect time 979310.748 us (2732276988 ticks)
2: IO qp on core 20 total time 1051191.827 us (2932825196 ticks), connect time 1002284.257 us (2796373076 ticks)
2: ========================================================
2:                                                                                                                   Latency(us)
2: Device Information                                                            :       IOPS      MiB/s    Average        min        max
2: RDMA (addr:65.65.65.131 subnqn:nqn.2016-06.io.spdk:cnode1) NSID 1 from core  0:    1501.50     187.69   21247.65   13586.73   87650.22
2: RDMA (addr:65.65.65.131 subnqn:nqn.2016-06.io.spdk:cnode1) NSID 1 from core  1:    1076.10     134.51   29673.15   19608.32   88609.42
2: RDMA (addr:65.65.65.131 subnqn:nqn.2016-06.io.spdk:cnode1) NSID 1 from core  2:    1100.80     137.60   29029.67   17754.87   89035.26
2: RDMA (addr:65.65.65.131 subnqn:nqn.2016-06.io.spdk:cnode1) NSID 1 from core  3:    1078.00     134.75   29646.59   25555.59   86996.78
2: RDMA (addr:65.65.65.131 subnqn:nqn.2016-06.io.spdk:cnode1) NSID 1 from core  4:    1086.00     135.75   29397.31   17863.66   77721.95
2: RDMA (addr:65.65.65.131 subnqn:nqn.2016-06.io.spdk:cnode1) NSID 1 from core  5:    1075.20     134.40   29710.44   25292.75   76861.42
2: RDMA (addr:65.65.65.131 subnqn:nqn.2016-06.io.spdk:cnode1) NSID 1 from core  6:    1084.80     135.60   29416.05   20649.29   86082.65
2: RDMA (addr:65.65.65.131 subnqn:nqn.2016-06.io.spdk:cnode1) NSID 1 from core  7:    1179.00     147.38   27065.65   13273.81   83951.06
2: RDMA (addr:65.65.65.131 subnqn:nqn.2016-06.io.spdk:cnode1) NSID 1 from core  8:    1093.40     136.68   29239.04   19254.39   85924.85
2: RDMA (addr:65.65.65.131 subnqn:nqn.2016-06.io.spdk:cnode1) NSID 1 from core  9:    1090.90     136.36   29307.20   19222.63   85102.73
2: RDMA (addr:65.65.65.131 subnqn:nqn.2016-06.io.spdk:cnode1) NSID 1 from core 10:    1097.60     137.20   29095.87   17539.39   84902.00
2: RDMA (addr:65.65.65.131 subnqn:nqn.2016-06.io.spdk:cnode1) NSID 1 from core 11:    1088.00     136.00   29385.28   24087.80   88875.99
2: RDMA (addr:65.65.65.131 subnqn:nqn.2016-06.io.spdk:cnode1) NSID 1 from core 12:    1503.80     187.97   21214.54   13649.37   80875.85
2: RDMA (addr:65.65.65.131 subnqn:nqn.2016-06.io.spdk:cnode1) NSID 1 from core 13:    1097.50     137.19   29089.42   19152.67   79922.41
2: RDMA (addr:65.65.65.131 subnqn:nqn.2016-06.io.spdk:cnode1) NSID 1 from core 14:    1088.60     136.07   29329.72   23932.37   80858.78
2: RDMA (addr:65.65.65.131 subnqn:nqn.2016-06.io.spdk:cnode1) NSID 1 from core 15:    1091.20     136.40   29269.83   23908.48   81279.67
2: RDMA (addr:65.65.65.131 subnqn:nqn.2016-06.io.spdk:cnode1) NSID 1 from core 16:    1522.40     190.30   20897.00    7424.56   93383.89
2: RDMA (addr:65.65.65.131 subnqn:nqn.2016-06.io.spdk:cnode1) NSID 1 from core 17:    1097.20     137.15   29069.32   24034.67  101609.86
2: RDMA (addr:65.65.65.131 subnqn:nqn.2016-06.io.spdk:cnode1) NSID 1 from core 18:    1528.10     191.01   20823.29    7385.87  101816.75
2: RDMA (addr:65.65.65.131 subnqn:nqn.2016-06.io.spdk:cnode1) NSID 1 from core 19:    1169.80     146.22   27187.67   10020.38  131844.36
2: RDMA (addr:65.65.65.131 subnqn:nqn.2016-06.io.spdk:cnode1) NSID 1 from core 20:    1069.90     133.74   29688.75   25630.30   51250.83
2: RDMA (addr:65.65.65.131 subnqn:nqn.2016-06.io.spdk:[2021-10-01 17:25:27.261273] dc_mlx5_dv.c: 963:spdk_rdma_qp_reset: *NOTICE*: Reset called for qp: 0x1d1fdb0
2: cnode1) NSID 1 from core 21:    1181.40     147.68   26864.22   10986.98   52161.03
2: RDMA (addr:65.65.65.131 subnqn:nqn.2016-06.io.spdk:cnode1) NSID 1 from core 22:    1181.10     147.64   26866.68   12694.90   54578.64
2: RDMA (addr:65.65.65.131 subnqn:nqn.2016-06.io.spdk:cnode1) NSID 1 from core 23:    1072.00     134.00   29604.62   25535.32   58909.80
2: ========================================================
2: Total                                                                         :   28154.30    3519.29   27181.88    7385.87  131844.36
2: 
3: [2021-10-01 17:25:27.444286] dc_mlx5_dv.c: 963:spdk_rdma_qp_reset: *NOTICE*: Reset called for qp: 0x7fd0d4008ef0
3: [2021-10-01 17:25:27.452427] dc_mlx5_dv.c: 963:spdk_rdma_qp_reset: *NOTICE*: Reset called for qp: 0x7fd0e0008ef0
3: [2021-10-01 17:25:27.475044] dc_mlx5_dv.c: 963:spdk_rdma_qp_reset: *NOTICE*: Reset called for qp: 0x7fd0e8008ef0
3: [2021-10-01 17:25:27.480235] dc_mlx5_dv.c: 963:spdk_rdma_qp_reset: *NOTICE*: Reset called for qp: 0x7fd0cc008ef0
3: [2021-10-01 17:25:27.490087] dc_mlx5_dv.c: 963:spdk_rdma_qp_reset: *NOTICE*: Reset called for qp: 0x7fd0c4008ef0
3: [2021-10-01 17:25:27.499996] dc_mlx5_dv.c: 963:spdk_rdma_qp_reset: *NOTICE*: Reset called for qp: 0x7fd0d8008ef0
3: [2021-10-01 17:25:27.510027] dc_mlx5_dv.c: 963:spdk_rdma_qp_reset: *NOTICE*: Reset called for qp: 0x7fd0f4001ea0
3: [2021-10-01 17:25:27.519986] dc_mlx5_dv.c: 963:spdk_rdma_qp_reset: *NOTICE*: Reset called for qp: 0x7fd0fc008f00
3: [2021-10-01 17:25:27.529967] dc_mlx5_dv.c: 963:spdk_rdma_qp_reset: *NOTICE*: Reset called for qp: 0x7fd100008f00
3: [2021-10-01 17:25:27.539955] dc_mlx5_dv.c: 963:spdk_rdma_qp_reset: *NOTICE*: Reset called for qp: 0x7fd0dc008ef0
3: [2021-10-01 17:25:27.549992] dc_mlx5_dv.c: 963:spdk_rdma_qp_reset: *NOTICE*: Reset called for qp: 0x7fd0ec008f00
3: [2021-10-01 17:25:27.559935] dc_mlx5_dv.c: 963:spdk_rdma_qp_reset: *NOTICE*: Reset called for qp: 0x7fd0f8008f00
3: [2021-10-01 17:25:27.569950] dc_mlx5_dv.c: 963:spdk_rdma_qp_reset: *NOTICE*: Reset called for qp: 0x7fd114008f00
3: [2021-10-01 17:25:27.579915] dc_mlx5_dv.c: 963:spdk_rdma_qp_reset: *NOTICE*: Reset called for qp: 0x7fd120008f00
3: [2021-10-01 17:25:27.589879] dc_mlx5_dv.c: 963:spdk_rdma_qp_reset: *NOTICE*: Reset called for qp: 0x7fd124008f20
3: [2021-10-01 17:25:27.599962] dc_mlx5_dv.c: 963:spdk_rdma_qp_reset: *NOTICE*: Reset called for qp: 0x7fd10c008f00
3: [2021-10-01 17:25:27.609859] dc_mlx5_dv.c: 963:spdk_rdma_qp_reset: *NOTICE*: Reset called for qp: 0x7fd118008f00
3: [2021-10-01 17:25:27.620275] dc_mlx5_dv.c: 963:spdk_rdma_qp_reset: *NOTICE*: Reset called for qp: 0x7fd104008f00
3: [2021-10-01 17:25:27.630281] dc_mlx5_dv.c: 963:spdk_rdma_qp_reset: *NOTICE*: Reset called for qp: 0x7fd0f0008f00
3: [2021-10-01 17:25:27.639838] dc_mlx5_dv.c: 963:spdk_rdma_qp_reset: *NOTICE*: Reset called for qp: 0x7fd110008f00
3: [2021-10-01 17:25:27.649823] dc_mlx5_dv.c: 963:spdk_rdma_qp_reset: *NOTICE*: Reset called for qp: 0x7fd0d0008ef0
3: [2021-10-01 17:25:27.659792] dc_mlx5_dv.c: 963:spdk_rdma_qp_reset: *NOTICE*: Reset called for qp: 0x7fd108008f00
3: [2021-10-01 17:25:27.669774] dc_mlx5_dv.c: 963:spdk_rdma_qp_reset: *NOTICE*: Reset called for qp: 0x7fd0e4008f00
3: [2021-10-01 17:25:27.679984] dc_mlx5_dv.c: 963:spdk_rdma_qp_reset: *NOTICE*: Reset called for qp: 0x1372e10
3: 179.801 us (1892121644 ticks)
3: IO qp on core 17 total time 776951.346 us (2167694256 ticks), connect time 716908.748 us (2000175408 ticks)
3: IO qp on core 18 total time 812356.935 us (2266475848 ticks), connect time 750027.700 us (2092577284 ticks)
3: IO qp on core 19 total time 858375.135 us (2394866628 ticks), connect time 792376.817 us (2210731320 ticks)
3: IO qp on core 20 total time 894095.067 us (2494525236 ticks), connect time 824605.459 us (2300649232 ticks)
3: IO qp on core 21 total time 923878.145 us (2577620024 ticks), connect time 851274.054 us (2375054612 ticks)
3: IO qp on core 22 total time 968523.523 us (2702180628 ticks), connect time 892447.352 us (2489928112 ticks)
3: IO qp on core 0 total time 995175.930 us (2776540844 ticks), connect time 914322.738 us (2550960440 ticks)
3: IO qp on core 23 total time 1032625.518 us (2881025196 ticks), connect time 948799.058 us (2647149372 ticks)
3: ========================================================
3:                                                                                                                   Latency(us)
3: Device Information                                                            :       IOPS      MiB/s    Average        min        max
3: RDMA (addr:65.65.65.131 subnqn:nqn.2016-06.io.spdk:cnode1) NSID 1 from core  0:    1081.60     135.20   29566.01   19508.80   96457.40
3: RDMA (addr:65.65.65.131 subnqn:nqn.2016-06.io.spdk:cnode1) NSID 1 from core  1:    1075.20     134.40   29760.45   25151.72   83707.36
3: RDMA (addr:65.65.65.131 subnqn:nqn.2016-06.io.spdk:cnode1) NSID 1 from core  2:    1081.70     135.21   29535.65   19185.26   83879.87
3: RDMA (addr:65.65.65.131 subnqn:nqn.2016-06.io.spdk:cnode1) NSID 1 from core  3:    1543.70     192.96   20695.47    7529.03   83655.20
3: RDMA (addr:65.65.65.131 subnqn:nqn.2016-06.io.spdk:cnode1) NSID 1 from core  4:    1526.30     190.79   20945.52   13508.77   76985.28
3: RDMA (addr:65.65.65.131 subnqn:nqn.2016-06.io.spdk:cnode1) NSID 1 from core  5:    1547.40     193.43   20659.47    7409.79   75765.24
3: RDMA (addr:65.65.65.131 subnqn:nqn.2016-06.io.spdk:cnode1) NSID 1 from core  6:    1541.50     192.69   20749.06    8936.56   76864.47
3: RDMA (addr:65.65.65.131 subnqn:nqn.2016-06.io.spdk:cnode1) NSID 1 from core  7:    1204.40     150.55   26550.07    7605.16   83652.25
3: RDMA (addr:65.65.65.131 subnqn:nqn.2016-06.io.spdk:cnode1) NSID 1 from core  8:    1197.10     149.64   26685.93   13094.73   84851.72
3: RDMA (addr:65.65.65.131 subnqn:nqn.2016-06.io.spdk:cnode1) NSID 1 from core  9:    1197.80     149.72   26663.01   13370.11   85012.27
3: RDMA (addr:65.65.65.131 subnqn:nqn.2016-06.io.spdk:cnode1) NSID 1 from core 10:    1194.60     149.32   26737.96   13731.17   85258.56
3: RDMA (addr:65.65.65.131 subnqn:nqn.2016-06.io.spdk:cnode1) NSID 1 from core 11:    1114.30     139.29   28651.06   16425.06   93333.99
3: RDMA (addr:65.65.65.131 subnqn:nqn.2016-06.io.spdk:cnode1) NSID 1 from core 12:    1091.30     136.41   29276.82   20709.27   87408.64
3: RDMA (addr:65.65.65.131 subnqn:nqn.2016-06.io.spdk:cnode1) NSID 1 from core 13:    1100.90     137.61   29026.36   17829.85   88440.57
3: RDMA (addr:65.65.65.131 subnqn:nqn.2016-06.io.spdk:cnode1) NSID 1 from core 14:    1100.80     137.60   29025.09   16186.80   91608.16
3: RDMA (addr:65.65.65.131 subnqn:nqn.2016-06.io.spdk:cnode1) NSID 1 from core 15:    1110.60     138.82   28772.45   21006.96   87875.45
3: RDMA (addr:65.65.65.131 subnqn:nqn.2016-06.io.spdk:cnode1) NSID 1 from core 16:    1104.00     138.00   28839.25   19773.81  107959.55
3: RDMA (addr:65.65.65.131 subnqn:nqn.2016-06.io.spdk:cnode1) NSID 1 from core 17:    1097.80     137.22   28998.64   21013.52  111719.12
3: RDMA (addr:65.65.65.131 subnqn:nqn.2016-06.io.spdk:cnode1) NSID 1 from core 18:    1109.10     138.64   28696.78   17029.61  109448.65
3: RDMA (addr:65.65.65.131 subnqn:nqn.2016-06.io.spdk:cnode1) NSID 1 from core 19:    1097.70     137.21   28958.64   19098.61  129478.31
3: RDMA (addr:65.65.65.131 subnqn:nqn.2016-06.io.spdk:cnode1) NSID 1 from core 20:    1107.20     138.40   28680.76   16714.84   44092.95
3: RDMA (addr:65.65.65.131 subnqn:nqn.2016-06.io.spd[2021-10-01 17:25:27.690942] dc_mlx5_dv.c: 963:spdk_rdma_qp_reset: *NOTICE*: Reset called for qp: 0x11b0db0
3: k:cnode1) NSID 1 from core 21:    1069.00     133.62   29693.43   25545.18   51137.60
3: RDMA (addr:65.65.65.131 subnqn:nqn.2016-06.io.spdk:cnode1) NSID 1 from core 22:    1100.90     137.61   28845.04   19689.96   43931.33
3: RDMA (addr:65.65.65.131 subnqn:nqn.2016-06.io.spdk:cnode1) NSID 1 from core 23:    1099.60     137.45   28849.42   18086.13   54356.18
3: ========================================================
3: Total                                                                         :   28494.50    3561.81   26868.25    7409.79  129478.31
3: 
== Servers stopping... 
srun -l -O --nodes 1 --ntasks 1 --nodelist=swx-ray01 --export=ALL ./stop_tgt.sh
0: == TGT Memory usage ==
0: Huge pages: 2146 MB, HWM: 663.734
0: [2021-10-01 17:25:28.273857] common.c: 279:spdk_rdma_srq_destroy: *ERROR*: SRQ destroy failed with 16
0: [2021-10-01 17:25:28.276801] common.c: 279:spdk_rdma_srq_destroy: *ERROR*: SRQ destroy failed with 16
0: [2021-10-01 17:25:28.279603] common.c: 279:spdk_rdma_srq_destroy: *ERROR*: SRQ destroy failed with 16
0: [2021-10-01 17:25:28.291082] common.c: 279:spdk_rdma_srq_destroy: *ERROR*: SRQ destroy failed with 16
0: [2021-10-01 17:25:28.293906] common.c: 279:spdk_rdma_srq_destroy: *ERROR*: SRQ destroy failed with 16
0: [2021-10-01 17:25:28.296822] common.c: 279:spdk_rdma_srq_destroy: *ERROR*: SRQ destroy failed with 16
0: [2021-10-01 17:25:28.299435] common.c: 279:spdk_rdma_srq_destroy: *ERROR*: SRQ destroy failed with 16
0: [2021-10-01 17:25:28.302324] common.c: 279:spdk_rdma_srq_destroy: *ERROR*: SRQ destroy failed with 16
0: [2021-10-01 17:25:28.319164] common.c: 279:spdk_rdma_srq_destroy: *ERROR*: SRQ destroy failed with 16
0: [2021-10-01 17:25:28.323131] common.c: 279:spdk_rdma_srq_destroy: *ERROR*: SRQ destroy failed with 16
0: [2021-10-01 17:25:28.327233] common.c: 279:spdk_rdma_srq_destroy: *ERROR*: SRQ destroy failed with 16
0: [2021-10-01 17:25:28.331444] common.c: 279:spdk_rdma_srq_destroy: *ERROR*: SRQ destroy failed with 16
0: [2021-10-01 17:25:28.355649] common.c: 279:spdk_rdma_srq_destroy: *ERROR*: SRQ destroy failed with 16
0: [2021-10-01 17:25:28.358225] common.c: 279:spdk_rdma_srq_destroy: *ERROR*: SRQ destroy failed with 16
0: [2021-10-01 17:25:28.360904] common.c: 279:spdk_rdma_srq_destroy: *ERROR*: SRQ destroy failed with 16
0: [2021-10-01 17:25:28.363921] common.c: 279:spdk_rdma_srq_destroy: *ERROR*: SRQ destroy failed with 16
0: [2021-10-01 17:25:28.380923] common.c: 279:spdk_rdma_srq_destroy: *ERROR*: SRQ destroy failed with 16
0: [2021-10-01 17:25:28.383634] common.c: 279:spdk_rdma_srq_destroy: *ERROR*: SRQ destroy failed with 16
0: [2021-10-01 17:25:28.386216] common.c: 279:spdk_rdma_srq_destroy: *ERROR*: SRQ destroy failed with 16
0: [2021-10-01 17:25:28.391746] common.c: 279:spdk_rdma_srq_destroy: *ERROR*: SRQ destroy failed with 16
0: [2021-10-01 17:25:28.406087] common.c: 279:spdk_rdma_srq_destroy: *ERROR*: SRQ destroy failed with 16
0: [2021-10-01 17:25:28.410118] common.c: 279:spdk_rdma_srq_destroy: *ERROR*: SRQ destroy failed with 16
0: [2021-10-01 17:25:28.414019] common.c: 279:spdk_rdma_srq_destroy: *ERROR*: SRQ destroy failed with 16
0: [2021-10-01 17:25:28.422210] common.c: 279:spdk_rdma_srq_destroy: *ERROR*: SRQ destroy failed with 16
0: [2021-10-01 17:25:28.440977] common.c: 279:spdk_rdma_srq_destroy: *ERROR*: SRQ destroy failed with 16
0: [2021-10-01 17:25:28.444916] common.c: 279:spdk_rdma_srq_destroy: *ERROR*: SRQ destroy failed with 16
0: [2021-10-01 17:25:28.448910] common.c: 279:spdk_rdma_srq_destroy: *ERROR*: SRQ destroy failed with 16
0: [2021-10-01 17:25:28.452871] common.c: 279:spdk_rdma_srq_destroy: *ERROR*: SRQ destroy failed with 16
0: [2021-10-01 17:25:28.476497] common.c: 279:spdk_rdma_srq_destroy: *ERROR*: SRQ destroy failed with 16
0: [2021-10-01 17:25:28.480661] common.c: 279:spdk_rdma_srq_destroy: *ERROR*: SRQ destroy failed with 16
0: [2021-10-01 17:25:28.484631] common.c: 279:spdk_rdma_srq_destroy: *ERROR*: SRQ destroy failed with 16
0: [2021-10-01 17:25:28.489817] common.c: 279:spdk_rdma_srq_destroy: *ERROR*: SRQ destroy failed with 16
srun: error: swx-ray01: task 0: Exited with exit code 127
srun: launch/slurm: _step_signal: Terminating StepId=71132.0
swx-ray01: Error while connecting to /var/tmp/spdk.sock
swx-ray01: Is SPDK application running?
swx-ray01: Error details: [Errno -2] Name or service not known
pdsh@swx-ray01: swx-ray01: ssh exited with exit code 1
swx-ray07: Error while connecting to /var/tmp/spdk.sock
swx-ray07: Is SPDK application running?
swx-ray07: Error details: [Errno -2] Name or service not known
swx-ray06: Error while connecting to /var/tmp/spdk.sock
swx-ray06: Is SPDK application running?
swx-ray06: Error details: [Errno -2] Name or service not known
pdsh@swx-ray01: swx-ray07: ssh exited with exit code 1
pdsh@swx-ray01: swx-ray06: ssh exited with exit code 1
swx-ray05: Error while connecting to /var/tmp/spdk.sock
swx-ray05: Is SPDK application running?
swx-ray05: Error details: [Errno -2] Name or service not known
pdsh@swx-ray01: swx-ray05: ssh exited with exit code 1
swx-ray02: Error while connecting to /var/tmp/spdk.sock
swx-ray02: Is SPDK application running?
swx-ray02: Error details: [Errno -2] Name or service not known
pdsh@swx-ray01: swx-ray02: ssh exited with exit code 1
swx-ray08: Error while connecting to /var/tmp/spdk.sock
swx-ray08: Is SPDK application running?
swx-ray08: Error details: [Errno -2] Name or service not known
pdsh@swx-ray01: swx-ray08: ssh exited with exit code 1
