== Starting run at Fri Oct  1 17:35:08 IDT 2021
== Job ID: 71136
== Totally nodes: 
== Node list: swx-ray[01-02,05-08]
== Submit dir. : /hpc/local/work/denisn/dc/spdk/dc
== Servers number: 1
== SPDK_DIR: /labhome/denisn/dc/spdk
== RDMA_CORE_DIR: /labhome/denisn/dc/rdma-core/build/lib
== TGT_MASK: 0xFFFFFFFF
== PERF_MASK: 0xFFFFFFF
== Server nodelist: swx-ray01
== Client nodelist: swx-ray02,swx-ray05,swx-ray06,swx-ray07,swx-ray08
== Servers running...
srun -l -O --nodes 1 --ntasks 1 --nodelist=swx-ray01 --export=ALL ./server_run.sh &
== Clients running... 
srun -l --nodes 5 --ntasks 5 --nodelist=swx-ray02,swx-ray05,swx-ray06,swx-ray07,swx-ray08 --export=ALL ./nvmeperf_run.sh
0: Server's Servers number: 1
0: Server's SPDK_DIR: /labhome/denisn/dc/spdk
1: Initiator's Servers number: 1
4: Initiator's Servers number: 1
3: Initiator's Servers number: 1
0: Initiator's Servers number: 1
2: Initiator's Servers number: 1
0: Server's RDMA_CORE_DIR: /labhome/denisn/dc/rdma-core/build/lib
0: Server's TGT_MASK: 0xFFFFFFFF
0: Server's PERF_MASK: 0xFFFFFFF
0: Server's IFACE: ib0
0: Server's Need IP 1
4: Initiator's SPDK_DIR: /labhome/denisn/dc/spdk
1: Initiator's SPDK_DIR: /labhome/denisn/dc/spdk
4: Initiator's RDMA_CORE_DIR: /labhome/denisn/dc/rdma-core/build/lib
1: Initiator's RDMA_CORE_DIR: /labhome/denisn/dc/rdma-core/build/lib
4: Initiator's TGT_MASK: 0xFFFFFFFF
1: Initiator's TGT_MASK: 0xFFFFFFFF
4: Initiator's PERF_MASK: 0xFFFFFFF
1: Initiator's PERF_MASK: 0xFFFFFFF
0: Initiator's SPDK_DIR: /labhome/denisn/dc/spdk
3: Initiator's SPDK_DIR: /labhome/denisn/dc/spdk
0: Initiator's RDMA_CORE_DIR: /labhome/denisn/dc/rdma-core/build/lib
3: Initiator's RDMA_CORE_DIR: /labhome/denisn/dc/rdma-core/build/lib
0: Initiator's TGT_MASK: 0xFFFFFFFF
3: Initiator's TGT_MASK: 0xFFFFFFFF
0: Initiator's PERF_MASK: 0xFFFFFFF
3: Initiator's PERF_MASK: 0xFFFFFFF
2: Initiator's SPDK_DIR: /labhome/denisn/dc/spdk
2: Initiator's RDMA_CORE_DIR: /labhome/denisn/dc/rdma-core/build/lib
2: Initiator's TGT_MASK: 0xFFFFFFFF
2: Initiator's PERF_MASK: 0xFFFFFFF
3: Resetting IP
3: Non empty ip address on iface 65.65.65.0. Resetting...
0: Resetting IP
1: Resetting IP
0: ip add add 65.65.65.133/24 dev ib0
1: ip add add 65.65.65.139/24 dev ib0
4: Resetting IP
3: ip addr del 65.65.65.0/24 dev ib0
2: Resetting IP
4: ip add add 65.65.65.145/24 dev ib0
2: ip add add 65.65.65.141/24 dev ib0
1: Waiting for 1 servers started... now there are 0 servers
0: Waiting for 1 servers started... now there are 0 servers
3: ip add add 65.65.65.143/24 dev ib0
2: Waiting for 1 servers started... now there are 0 servers
4: Waiting for 1 servers started... now there are 0 servers
3: Waiting for 1 servers started... now there are 0 servers
0: Resetting IP
0: ip add add 65.65.65.131/24 dev ib0
0: sudo env LD_LIBRARY_PATH=/labhome/denisn/dc/rdma-core/build/lib /labhome/denisn/dc/spdk/install/bin/spdk_tgt -m 0xFFFFFFFF 2>&1 | tee -a /hpc/local/work/denisn/dc/spdk/dc/job.71136/spdk_tgt.0.log &
0: Waiting for 3s after spdk_tgt run ...
1: Waiting for 1 servers started... now there are 0 servers
0: Waiting for 1 servers started... now there are 0 servers
4: Waiting for 1 servers started... now there are 0 servers
2: Waiting for 1 servers started... now there are 0 servers
3: Waiting for 1 servers started... now there are 0 servers
0: [2021-10-01 17:35:10.017642] Starting SPDK v21.04 git sha1 e2b1ba5 / DPDK 20.11.0 initialization...
0: [2021-10-01 17:35:10.017696] [ DPDK EAL parameters: [2021-10-01 17:35:10.017702] spdk_tgt [2021-10-01 17:35:10.017708] --no-shconf [2021-10-01 17:35:10.017714] -c 0xFFFFFFFF [2021-10-01 17:35:10.017720] --log-level=lib.eal:6 [2021-10-01 17:35:10.017725] --log-level=lib.cryptodev:5 [2021-10-01 17:35:10.017730] --log-level=user1:6 [2021-10-01 17:35:10.017734] --iova-mode=pa [2021-10-01 17:35:10.017738] --base-virtaddr=0x200000000000 [2021-10-01 17:35:10.017743] --match-allocations [2021-10-01 17:35:10.017749] --file-prefix=spdk_pid19733 [2021-10-01 17:35:10.017755] ]
0: EAL: No available hugepages reported in hugepages-1048576kB
0: EAL: No free hugepages reported in hugepages-2048kB
0: EAL: No legacy callbacks, legacy socket not created
0: [2021-10-01 17:35:10.168585] app.c: 535:spdk_app_start: *NOTICE*: Total cores available: 32
0: [2021-10-01 17:35:10.238913] reactor.c: 929:reactor_run: *NOTICE*: Reactor started on core 1
0: [2021-10-01 17:35:10.238924] reactor.c: 929:reactor_run: *NOTICE*: Reactor started on core 2
0: [2021-10-01 17:35:10.238938] reactor.c: 929:reactor_run: *NOTICE*: Reactor started on core 3
0: [2021-10-01 17:35:10.238959] reactor.c: 929:reactor_run: *NOTICE*: Reactor started on core 4
0: [2021-10-01 17:35:10.238974] reactor.c: 929:reactor_run: *NOTICE*: Reactor started on core 5
0: [2021-10-01 17:35:10.239096] reactor.c: 929:reactor_run: *NOTICE*: Reactor started on core 11
0: [2021-10-01 17:35:10.239152] reactor.c: 929:reactor_run: *NOTICE*: Reactor started on core 14
0: [2021-10-01 17:35:10.239012] reactor.c: 929:reactor_run: *NOTICE*: Reactor started on core 7
0: [2021-10-01 17:35:10.239228] reactor.c: 929:reactor_run: *NOTICE*: Reactor started on core 17
0: [2021-10-01 17:35:10.239056] reactor.c: 929:reactor_run: *NOTICE*: Reactor started on core 9
0: [2021-10-01 17:35:10.239373] reactor.c: 929:reactor_run: *NOTICE*: Reactor started on core 23
0: [2021-10-01 17:35:10.239427] reactor.c: 929:reactor_run: *NOTICE*: Reactor started on core 25
0: [2021-10-01 17:35:10.239118] reactor.c: 929:reactor_run: *NOTICE*: Reactor started on core 12
0: [2021-10-01 17:35:10.239589] reactor.c: 929:reactor_run: *NOTICE*: Reactor started on core 31
0: [2021-10-01 17:35:10.238993] reactor.c: 929:reactor_run: *NOTICE*: Reactor started on core 6
0: [2021-10-01 17:35:10.239175] reactor.c: 929:reactor_run: *NOTICE*: Reactor started on core 15
0: [2021-10-01 17:35:10.239202] reactor.c: 929:reactor_run: *NOTICE*: Reactor started on core 16
0: [2021-10-01 17:35:10.239036] reactor.c: 929:reactor_run: *NOTICE*: Reactor started on core 8
0: [2021-10-01 17:35:10.239253] reactor.c: 929:reactor_run: *NOTICE*: Reactor started on core 18
0: [2021-10-01 17:35:10.239280] reactor.c: 929:reactor_run: *NOTICE*: Reactor started on core 19
0: [2021-10-01 17:35:10.239306] reactor.c: 929:reactor_run: *NOTICE*: Reactor started on core 20
0: [2021-10-01 17:35:10.239327] reactor.c: 929:reactor_run: *NOTICE*: Reactor started on core 21
0: [2021-10-01 17:35:10.239351] reactor.c: 929:reactor_run: *NOTICE*: Reactor started on core 22
0: [2021-10-01 17:35:10.239405] reactor.c: 929:reactor_run: *NOTICE*: Reactor started on core 24
0: [2021-10-01 17:35:10.239078] reactor.c: 929:reactor_run: *NOTICE*: Reactor started on core 10
0: [2021-10-01 17:35:10.239454] reactor.c: 929:reactor_run: *NOTICE*: Reactor started on core 26
0: [2021-10-01 17:35:10.239477] reactor.c: 929:reactor_run: *NOTICE*: Reactor started on core 27
0: [2021-10-01 17:35:10.239502] reactor.c: 929:reactor_run: *NOTICE*: Reactor started on core 28
0: [2021-10-01 17:35:10.239548] reactor.c: 929:reactor_run: *NOTICE*: Reactor started on core 29
0: [2021-10-01 17:35:10.239567] reactor.c: 929:reactor_run: *NOTICE*: Reactor started on core 30
0: [2021-10-01 17:35:10.239133] reactor.c: 929:reactor_run: *NOTICE*: Reactor started on core 13
0: [2021-10-01 17:35:10.239595] reactor.c: 929:reactor_run: *NOTICE*: Reactor started on core 0
0: [2021-10-01 17:35:10.240529] accel_engine.c: 852:spdk_accel_engine_initialize: *NOTICE*: Accel engine initialized to use software engine.
1: Waiting for 1 servers started... now there are 0 servers
0: Waiting for 1 servers started... now there are 0 servers
4: Waiting for 1 servers started... now there are 0 servers
2: Waiting for 1 servers started... now there are 0 servers
3: Waiting for 1 servers started... now there are 0 servers
1: Waiting for 1 servers started... now there are 0 servers
0: Waiting for 1 servers started... now there are 0 servers
4: Waiting for 1 servers started... now there are 0 servers
2: Waiting for 1 servers started... now there are 0 servers
3: Waiting for 1 servers started... now there are 0 servers
0: spdk_tgt pid: 19733
1: Waiting for 1 servers started... now there are 0 servers
0: Waiting for 1 servers started... now there are 0 servers
4: Waiting for 1 servers started... now there are 0 servers
2: Waiting for 1 servers started... now there are 0 servers
3: Waiting for 1 servers started... now there are 0 servers
0: Null0
0: [2021-10-01 17:35:13.365949] rdma.c:2515:nvmf_rdma_create: *NOTICE*: Adjusting the io unit size to fit the device's maximum I/O size. New I/O unit size 12288
0: sudo /labhome/denisn/dc/spdk/scripts/rpc.py  nvmf_subsystem_add_listener -t rdma -a 65.65.65.131 -f ipv4 -s 4420 nqn.2016-06.io.spdk:cnode1 2>&1 | tee -a /hpc/local/work/denisn/dc/spdk/dc/job.71136/spdk_tgt.0.log
1: Waiting for 1 servers started... now there are 0 servers
0: Waiting for 1 servers started... now there are 0 servers
4: Waiting for 1 servers started... now there are 0 servers
2: Waiting for 1 servers started... now there are 0 servers
3: Waiting for 1 servers started... now there are 0 servers
0: [2021-10-01 17:35:14.146392] rdma.c:2733:nvmf_rdma_listen: *NOTICE*: *** NVMe/RDMA Target Listening on 65.65.65.131 port 4420 ***
1: Waiting for 1 servers started... now there are 0 servers
0: Waiting for 1 servers started... now there are 0 servers
4: Waiting for 1 servers started... now there are 0 servers
2: Waiting for 1 servers started... now there are 0 servers
3: Waiting for 1 servers started... now there are 0 servers
0: /hpc/local/work/denisn/dc/spdk/dc/./server_run.sh: line 44: wait: pid 19733 is not a child of this shell
1: 
0: 
4: 
2: 
1: Got servers list: 65.65.65.131
1: sudo env LD_LIBRARY_PATH=/labhome/denisn/dc/rdma-core/build/lib /labhome/denisn/dc/spdk/install/bin/spdk_nvme_perf 	 --srq-depth 128 -r "trtype:rdma adrfam:ipv4 traddr:65.65.65.131 trsvcid:4420" 	 -c 0xFFFFFFF -q 32 -o 131072 -w randread -t 10 	  2>&1 | tee -a /hpc/local/work/denisn/dc/spdk/dc/job.71136/perf.1.log
0: Got servers list: 65.65.65.131
4: Got servers list: 65.65.65.131
0: sudo env LD_LIBRARY_PATH=/labhome/denisn/dc/rdma-core/build/lib /labhome/denisn/dc/spdk/install/bin/spdk_nvme_perf 	 --srq-depth 128 -r "trtype:rdma adrfam:ipv4 traddr:65.65.65.131 trsvcid:4420" 	 -c 0xFFFFFFF -q 32 -o 131072 -w randread -t 10 	  2>&1 | tee -a /hpc/local/work/denisn/dc/spdk/dc/job.71136/perf.0.log
4: sudo env LD_LIBRARY_PATH=/labhome/denisn/dc/rdma-core/build/lib /labhome/denisn/dc/spdk/install/bin/spdk_nvme_perf 	 --srq-depth 128 -r "trtype:rdma adrfam:ipv4 traddr:65.65.65.131 trsvcid:4420" 	 -c 0xFFFFFFF -q 32 -o 131072 -w randread -t 10 	  2>&1 | tee -a /hpc/local/work/denisn/dc/spdk/dc/job.71136/perf.4.log
2: Got servers list: 65.65.65.131
2: sudo env LD_LIBRARY_PATH=/labhome/denisn/dc/rdma-core/build/lib /labhome/denisn/dc/spdk/install/bin/spdk_nvme_perf 	 --srq-depth 128 -r "trtype:rdma adrfam:ipv4 traddr:65.65.65.131 trsvcid:4420" 	 -c 0xFFFFFFF -q 32 -o 131072 -w randread -t 10 	  2>&1 | tee -a /hpc/local/work/denisn/dc/spdk/dc/job.71136/perf.2.log
3: 
3: Got servers list: 65.65.65.131
3: sudo env LD_LIBRARY_PATH=/labhome/denisn/dc/rdma-core/build/lib /labhome/denisn/dc/spdk/install/bin/spdk_nvme_perf 	 --srq-depth 128 -r "trtype:rdma adrfam:ipv4 traddr:65.65.65.131 trsvcid:4420" 	 -c 0xFFFFFFF -q 32 -o 131072 -w randread -t 10 	  2>&1 | tee -a /hpc/local/work/denisn/dc/spdk/dc/job.71136/perf.3.log
1: [2021-10-01 17:35:16.144949] Starting SPDK v21.04 git sha1 e2b1ba5 / DPDK 20.11.0 initialization...
1: [2021-10-01 17:35:16.145005] [ DPDK EAL parameters: [2021-10-01 17:35:16.145011] perf [2021-10-01 17:35:16.145015] --no-shconf [2021-10-01 17:35:16.145021] -c 0xFFFFFFF [2021-10-01 17:35:16.145027] --no-pci [2021-10-01 17:35:16.145033] --log-level=lib.eal:6 [2021-10-01 17:35:16.145038] --log-level=lib.cryptodev:5 [2021-10-01 17:35:16.145043] --log-level=user1:6 [2021-10-01 17:35:16.145048] --iova-mode=pa [2021-10-01 17:35:16.145053] --base-virtaddr=0x200000000000 [2021-10-01 17:35:16.145057] --match-allocations [2021-10-01 17:35:16.145060] --file-prefix=spdk_pid19449 [2021-10-01 17:35:16.145065] ]
1: EAL: No available hugepages reported in hugepages-1048576kB
1: EAL: No free hugepages reported in hugepages-2048kB
4: [2021-10-01 17:35:16.169362] Starting SPDK v21.04 git sha1 e2b1ba5 / DPDK 20.11.0 initialization...
4: [2021-10-01 17:35:16.169437] [ DPDK EAL parameters: [2021-10-01 17:35:16.169443] perf [2021-10-01 17:35:16.169448] --no-shconf [2021-10-01 17:35:16.169454] -c 0xFFFFFFF [2021-10-01 17:35:16.169460] --no-pci [2021-10-01 17:35:16.169466] --log-level=lib.eal:6 [2021-10-01 17:35:16.169471] --log-level=lib.cryptodev:5 [2021-10-01 17:35:16.169476] --log-level=user1:6 [2021-10-01 17:35:16.169479] --iova-mode=pa [2021-10-01 17:35:16.169485] --base-virtaddr=0x200000000000 [2021-10-01 17:35:16.169491] --match-allocations [2021-10-01 17:35:16.169497] --file-prefix=spdk_pid19445 [2021-10-01 17:35:16.169501] ]
0: [2021-10-01 17:35:16.175104] Starting SPDK v21.04 git sha1 e2b1ba5 / DPDK 20.11.0 initialization...
0: [2021-10-01 17:35:16.175158] [ DPDK EAL parameters: [2021-10-01 17:35:16.175166] perf [2021-10-01 17:35:16.175171] --no-shconf [2021-10-01 17:35:16.175175] -c 0xFFFFFFF [2021-10-01 17:35:16.175180] --no-pci [2021-10-01 17:35:16.175185] --log-level=lib.eal:6 [2021-10-01 17:35:16.175191] --log-level=lib.cryptodev:5 [2021-10-01 17:35:16.175196] --log-level=user1:6 [2021-10-01 17:35:16.175199] --iova-mode=pa [2021-10-01 17:35:16.175205] --base-virtaddr=0x200000000000 [2021-10-01 17:35:16.175211] --match-allocations [2021-10-01 17:35:16.175216] --file-prefix=spdk_pid19434 [2021-10-01 17:35:16.175222] ]
4: EAL: No available hugepages reported in hugepages-1048576kB
4: EAL: No free hugepages reported in hugepages-2048kB
0: EAL: No available hugepages reported in hugepages-1048576kB
0: EAL: No free hugepages reported in hugepages-2048kB
2: [2021-10-01 17:35:16.182491] Starting SPDK v21.04 git sha1 e2b1ba5 / DPDK 20.11.0 initialization...
2: [2021-10-01 17:35:16.182544] [ DPDK EAL parameters: [2021-10-01 17:35:16.182549] perf [2021-10-01 17:35:16.182554] --no-shconf [2021-10-01 17:35:16.182568] -c 0xFFFFFFF [2021-10-01 17:35:16.182574] --no-pci [2021-10-01 17:35:16.182578] --log-level=lib.eal:6 [2021-10-01 17:35:16.182582] --log-level=lib.cryptodev:5 [2021-10-01 17:35:16.182587] --log-level=user1:6 [2021-10-01 17:35:16.182592] --iova-mode=pa [2021-10-01 17:35:16.182599] --base-virtaddr=0x200000000000 [2021-10-01 17:35:16.182604] --match-allocations [2021-10-01 17:35:16.182609] --file-prefix=spdk_pid19459 [2021-10-01 17:35:16.182614] ]
2: EAL: No available hugepages reported in hugepages-1048576kB
2: EAL: No free hugepages reported in hugepages-2048kB
3: [2021-10-01 17:35:16.194908] Starting SPDK v21.04 git sha1 e2b1ba5 / DPDK 20.11.0 initialization...
3: [2021-10-01 17:35:16.194960] [ DPDK EAL parameters: [2021-10-01 17:35:16.194966] perf [2021-10-01 17:35:16.194974] --no-shconf [2021-10-01 17:35:16.194980] -c 0xFFFFFFF [2021-10-01 17:35:16.194985] --no-pci [2021-10-01 17:35:16.194990] --log-level=lib.eal:6 [2021-10-01 17:35:16.194995] --log-level=lib.cryptodev:5 [2021-10-01 17:35:16.194999] --log-level=user1:6 [2021-10-01 17:35:16.195003] --iova-mode=pa [2021-10-01 17:35:16.195007] --base-virtaddr=0x200000000000 [2021-10-01 17:35:16.195011] --match-allocations [2021-10-01 17:35:16.195016] --file-prefix=spdk_pid19523 [2021-10-01 17:35:16.195021] ]
3: EAL: No available hugepages reported in hugepages-1048576kB
3: EAL: No free hugepages reported in hugepages-2048kB
1: EAL: No legacy callbacks, legacy socket not created
4: EAL: No legacy callbacks, legacy socket not created
0: EAL: No legacy callbacks, legacy socket not created
2: EAL: No legacy callbacks, legacy socket not created
3: EAL: No legacy callbacks, legacy socket not created
1: mlx5dv_reserved_qpn_alloc 1 1
0: [2021-10-01 17:35:16.532125] rdma.c:2990:nvmf_process_cm_event: *NOTICE*: In RDMA_CM_EVENT_CONNECT_REQUEST
0: mlx5dv_reserved_qpn_alloc 1 1
2: mlx5dv_reserved_qpn_alloc 1 1
3: mlx5dv_reserved_qpn_alloc 1 1
0: mlx5dv_reserved_qpn_alloc 1 1
1: [2021-10-01 17:35:16.777551] nvme_rdma.c:1386:_nvme_rdma_ctrlr_connect_qpair: *NOTICE*: Connect rdma qpair: pg (nil), srq depth 128
1: [2021-10-01 17:35:16.777605] nvme_rdma.c:1020:nvme_rdma_create_resources: *NOTICE*: Created resources: qp 0x23ffd10, poller (nil), num_entries 32
0: [2021-10-01 17:35:16.778063] rdma.c:2990:nvmf_process_cm_event: *NOTICE*: In RDMA_CM_EVENT_CONNECT_REQUEST
0: [2021-10-01 17:35:16.778088] rdma.c:2990:nvmf_process_cm_event: *NOTICE*: In RDMA_CM_EVENT_CONNECT_REQUEST
0: [2021-10-01 17:35:16.778107] rdma.c:2990:nvmf_process_cm_event: *NOTICE*: In RDMA_CM_EVENT_CONNECT_REQUEST
0: mlx5dv_reserved_qpn_alloc 1 1
2: [2021-10-01 17:35:16.784096] nvme_rdma.c:1386:_nvme_rdma_ctrlr_connect_qpair: *NOTICE*: Connect rdma qpair: pg (nil), srq depth 128
2: [2021-10-01 17:35:16.784151] nvme_rdma.c:1020:nvme_rdma_create_resources: *NOTICE*: Created resources: qp 0x1323d10, poller (nil), num_entries 32
0: mlx5dv_reserved_qpn_alloc 1 1
3: [2021-10-01 17:35:16.784453] nvme_rdma.c:1386:_nvme_rdma_ctrlr_connect_qpair: *NOTICE*: Connect rdma qpair: pg (nil), srq depth 128
0: mlx5dv_reserved_qpn_alloc 1 1
0: [2021-10-01 17:35:16.784613] nvme_rdma.c:1386:_nvme_rdma_ctrlr_connect_qpair: *NOTICE*: Connect rdma qpair: pg (nil), srq depth 128
0: [2021-10-01 17:35:16.784667] nvme_rdma.c:1020:nvme_rdma_create_resources: *NOTICE*: Created resources: qp 0x1b1fd10, poller (nil), num_entries 32
3: [2021-10-01 17:35:16.784521] nvme_rdma.c:1020:nvme_rdma_create_resources: *NOTICE*: Created resources: qp 0x25a2d10, poller (nil), num_entries 32
1: mlx5dv_reserved_qpn_alloc 1 1
0: [2021-10-01 17:35:16.788043] rdma.c:2990:nvmf_process_cm_event: *NOTICE*: In RDMA_CM_EVENT_CONNECT_REQUEST
0: mlx5dv_reserved_qpn_alloc 1 1
1: [2021-10-01 17:35:16.790881] nvme_rdma.c:1386:_nvme_rdma_ctrlr_connect_qpair: *NOTICE*: Connect rdma qpair: pg (nil), srq depth 128
1: [2021-10-01 17:35:16.790924] nvme_rdma.c:1020:nvme_rdma_create_resources: *NOTICE*: Created resources: qp 0x2407420, poller (nil), num_entries 32
1: [2021-10-01 17:35:16.792144] dc_mlx5_dv.c: 963:spdk_rdma_qp_reset: *NOTICE*: Reset called for qp: 0x2404d60
2: mlx5dv_reserved_qpn_alloc 1 1
3: mlx5dv_reserved_qpn_alloc 1 1
0: mlx5dv_reserved_qpn_alloc 1 1
0: [2021-10-01 17:35:16.798025] rdma.c:2990:nvmf_process_cm_event: *NOTICE*: In RDMA_CM_EVENT_CONNECT_REQUEST
0: [2021-10-01 17:35:16.798045] rdma.c:2990:nvmf_process_cm_event: *NOTICE*: In RDMA_CM_EVENT_CONNECT_REQUEST
0: [2021-10-01 17:35:16.798059] rdma.c:2990:nvmf_process_cm_event: *NOTICE*: In RDMA_CM_EVENT_CONNECT_REQUEST
0: mlx5dv_reserved_qpn_alloc 1 1
2: [2021-10-01 17:35:16.801057] nvme_rdma.c:1386:_nvme_rdma_ctrlr_connect_qpair: *NOTICE*: Connect rdma qpair: pg (nil), srq depth 128
2: [2021-10-01 17:35:16.801097] nvme_rdma.c:1020:nvme_rdma_create_resources: *NOTICE*: Created resources: qp 0x132b420, poller (nil), num_entries 32
0: mlx5dv_reserved_qpn_alloc 1 1
3: [2021-10-01 17:35:16.801334] nvme_rdma.c:1386:_nvme_rdma_ctrlr_connect_qpair: *NOTICE*: Connect rdma qpair: pg (nil), srq depth 128
0: mlx5dv_reserved_qpn_alloc 1 1
0: [2021-10-01 17:35:16.801533] nvme_rdma.c:1386:_nvme_rdma_ctrlr_connect_qpair: *NOTICE*: Connect rdma qpair: pg (nil), srq depth 128
3: [2021-10-01 17:35:16.801380] nvme_rdma.c:1020:nvme_rdma_create_resources: *NOTICE*: Created resources: qp 0x25aa420, poller (nil), num_entries 32
0: [2021-10-01 17:35:16.801582] nvme_rdma.c:1020:nvme_rdma_create_resources: *NOTICE*: Created resources: qp 0x1b27420, poller (nil), num_entries 32
2: [2021-10-01 17:35:16.802298] dc_mlx5_dv.c: 963:spdk_rdma_qp_reset: *NOTICE*: Reset called for qp: 0x1328d60
3: [2021-10-01 17:35:16.802571] dc_mlx5_dv.c: 963:spdk_rdma_qp_reset: *NOTICE*: Reset called for qp: 0x25a7d60
0: [2021-10-01 17:35:16.802775] dc_mlx5_dv.c: 963:spdk_rdma_qp_reset: *NOTICE*: Reset called for qp: 0x1b24d60
1: [2021-10-01 17:35:16.807095] nvme_rdma.c:2525:nvme_rdma_poller_create: *NOTICE*: Created SRQ 0x7f4004000e58, device mlx5_0
1: [2021-10-01 17:35:16.807328] nvme_rdma.c: 928:nvme_rdma_register_rsps: *NOTICE*: res->poller->pd: 0x7f4004000e20
1: [2021-10-01 17:35:16.807449] nvme_rdma.c:1020:nvme_rdma_create_resources: *NOTICE*: Created resources: qp (nil), poller 0x7f4004000b30, num_entries 128
1: [2021-10-01 17:35:16.807563] nvme_rdma.c:2525:nvme_rdma_poller_create: *NOTICE*: Created SRQ 0x7f4000000e58, device mlx5_0
1: [2021-10-01 17:35:16.807957] nvme_rdma.c: 928:nvme_rdma_register_rsps: *NOTICE*: res->poller->pd: 0x7f4000000e20
1: [2021-10-01 17:35:16.808073] nvme_rdma.c:1020:nvme_rdma_create_resources: *NOTICE*: Created resources: qp (nil), poller 0x7f4000000b30, num_entries 128
1: [2021-10-01 17:35:16.808158] nvme_rdma.c:2525:nvme_rdma_poller_create: *NOTICE*: Created SRQ 0x7f3ff4000e58, device mlx5_0
1: [2021-10-01 17:35:16.808283] nvme_rdma.c: 928:nvme_rdma_register_rsps: *NOTICE*: res->poller->pd: 0x7f3ff4000e20
1: [2021-10-01 17:35:16.808367] nvme_rdma.c:1020:nvme_rdma_create_resources: *NOTICE*: Created resources: qp (nil), poller 0x7f3ff4000b30, num_entries 128
1: [2021-10-01 17:35:16.808596] nvme_rdma.c:2525:nvme_rdma_poller_create: *NOTICE*: Created SRQ 0x7f3fec000e58, device mlx5_0
1: [2021-10-01 17:35:16.809006] nvme_rdma.c: 928:nvme_rdma_register_rsps: *NOTICE*: res->poller->pd: 0x7f3fec000e20
1: [2021-10-01 17:35:16.809159] nvme_rdma.c:2525:nvme_rdma_poller_create: *NOTICE*: Created SRQ 0x7f3ff8000e58, device mlx5_0
1: [2021-10-01 17:35:16.809180] nvme_rdma.c:1020:nvme_rdma_create_resources: *NOTICE*: Created resources: qp (nil), poller 0x7f3fec000b30, num_entries 128
1: [2021-10-01 17:35:16.809237] nvme_rdma.c: 928:nvme_rdma_register_rsps: *NOTICE*: res->poller->pd: 0x7f3ff8000e20
1: [2021-10-01 17:35:16.809347] nvme_rdma.c:1020:nvme_rdma_create_resources: *NOTICE*: Created resources: qp (nil), poller 0x7f3ff8000b30, num_entries 128
1: [2021-10-01 17:35:16.809445] nvme_rdma.c:2525:nvme_rdma_poller_create: *NOTICE*: Created SRQ 0x7f3ff0000e58, device mlx5_0
1: [2021-10-01 17:35:16.809876] nvme_rdma.c: 928:nvme_rdma_register_rsps: *NOTICE*: res->poller->pd: 0x7f3ff0000e20
1: [2021-10-01 17:35:16.809984] nvme_rdma.c:1020:nvme_rdma_create_resources: *NOTICE*: Created resources: qp (nil), poller 0x7f3ff0000b30, num_entries 128
1: [2021-10-01 17:35:16.809986] nvme_rdma.c:2525:nvme_rdma_poller_create: *NOTICE*: Created SRQ 0x7f3fe4000e58, device mlx5_0
1: [2021-10-01 17:35:16.810081] nvme_rdma.c: 928:nvme_rdma_register_rsps: *NOTICE*: res->poller->pd: 0x7f3fe4000e20
1: [2021-10-01 17:35:16.810166] nvme_rdma.c:1020:nvme_rdma_create_resources: *NOTICE*: Created resources: qp (nil), poller 0x7f3fe4000b30, num_entries 128
1: [2021-10-01 17:35:16.810231] nvme_rdma.c:2525:nvme_rdma_poller_create: *NOTICE*: Created SRQ 0x7f4004008c68, device mlx5_1
1: [2021-10-01 17:35:16.810256] nvme_rdma.c: 928:nvme_rdma_register_rsps: *NOTICE*: res->poller->pd: 0x7f4004000fc0
1: [2021-10-01 17:35:16.810289] nvme_rdma.c:2525:nvme_rdma_poller_create: *NOTICE*: Created SRQ 0x23fafa8, device mlx5_0
1: [2021-10-01 17:35:16.810306] nvme_rdma.c: 928:nvme_rdma_register_rsps: *NOTICE*: res->poller->pd: 0x23ffc30
1: [2021-10-01 17:35:16.810738] nvme_rdma.c:1020:nvme_rdma_create_resources: *NOTICE*: Created resources: qp (nil), poller 0x23facb0, num_entries 128
1: [2021-10-01 17:35:16.810779] nvme_rdma.c:1020:nvme_rdma_create_resources: *NOTICE*: Created resources: qp (nil), poller 0x7f4004008900, num_entries 128
1: [2021-10-01 17:35:16.810858] nvme_rdma.c:2525:nvme_rdma_poller_create: *NOTICE*: Created SRQ 0x7f4000008bf8, device mlx5_1
1: [2021-10-01 17:35:16.810908] nvme_rdma.c:2525:nvme_rdma_poller_create: *NOTICE*: Created SRQ 0x7f3fe8000e68, device mlx5_0
1: [2021-10-01 17:35:16.810923] nvme_rdma.c: 928:nvme_rdma_register_rsps: *NOTICE*: res->poller->pd: 0x7f4000000fc0
1: [2021-10-01 17:35:16.811276] nvme_rdma.c: 928:nvme_rdma_register_rsps: *NOTICE*: res->poller->pd: 0x7f3fe8000e30
1: [2021-10-01 17:35:16.811368] nvme_rdma.c:1020:nvme_rdma_create_resources: *NOTICE*: Created resources: qp (nil), poller 0x7f4000008900, num_entries 128
1: [2021-10-01 17:35:16.811483] nvme_rdma.c:1020:nvme_rdma_create_resources: *NOTICE*: Created resources: qp (nil), poller 0x7f3fe8000b40, num_entries 128
1: [2021-10-01 17:35:16.811485] nvme_rdma.c:2525:nvme_rdma_poller_create: *NOTICE*: Created SRQ 0x7f3fdc000ed8, device mlx5_0
1: [2021-10-01 17:35:16.811572] nvme_rdma.c: 928:nvme_rdma_register_rsps: *NOTICE*: res->poller->pd: 0x7f3fdc000b00
1: [2021-10-01 17:35:16.811674] nvme_rdma.c:2525:nvme_rdma_poller_create: *NOTICE*: Created SRQ 0x7f3ff4008bf8, device mlx5_1
1: [2021-10-01 17:35:16.811701] nvme_rdma.c:1020:nvme_rdma_create_resources: *NOTICE*: Created resources: qp (nil), poller 0x7f3fdc000be0, num_entries 128
1: [2021-10-01 17:35:16.811717] nvme_rdma.c: 928:nvme_rdma_register_rsps: *NOTICE*: res->poller->pd: 0x7f3ff4000fc0
1: [2021-10-01 17:35:16.811781] nvme_rdma.c:2525:nvme_rdma_poller_create: *NOTICE*: Created SRQ 0x7f3fd8000e68, device mlx5_0
1: [2021-10-01 17:35:16.812118] nvme_rdma.c: 928:nvme_rdma_register_rsps: *NOTICE*: res->poller->pd: 0x7f3fd8000e30
1: [2021-10-01 17:35:16.812164] nvme_rdma.c:1020:nvme_rdma_create_resources: *NOTICE*: Created resources: qp (nil), poller 0x7f3ff4008900, num_entries 128
1: [2021-10-01 17:35:16.812292] nvme_rdma.c:1020:nvme_rdma_create_resources: *NOTICE*: Created resources: qp (nil), poller 0x7f3fd8000b40, num_entries 128
1: [2021-10-01 17:35:16.813377] nvme_rdma.c:2525:nvme_rdma_poller_create: *NOTICE*: Created SRQ 0x7f3fe0000e68, device mlx5_0
1: [2021-10-01 17:35:16.813410] nvme_rdma.c: 928:nvme_rdma_register_rsps: *NOTICE*: res->poller->pd: 0x7f3fe0000e30
1: [2021-10-01 17:35:16.813625] nvme_rdma.c:1020:nvme_rdma_create_resources: *NOTICE*: Created resources: qp (nil), poller 0x7f3fe0000b40, num_entries 128
1: [2021-10-01 17:35:16.814075] nvme_rdma.c:2525:nvme_rdma_poller_create: *NOTICE*: Created SRQ 0x7f3fec008bf8, device mlx5_1
1: [2021-10-01 17:35:16.814132] nvme_rdma.c: 928:nvme_rdma_register_rsps: *NOTICE*: res->poller->pd: 0x7f3fec000fc0
1: [2021-10-01 17:35:16.814247] nvme_rdma.c:1020:nvme_rdma_create_resources: *NOTICE*: Created resources: qp (nil), poller 0x7f3fec008900, num_entries 128
1: [2021-10-01 17:35:16.814909] nvme_rdma.c:2525:nvme_rdma_poller_create: *NOTICE*: Created SRQ 0x7f3ff8008bf8, device mlx5_1
1: [2021-10-01 17:35:16.814926] nvme_rdma.c: 928:nvme_rdma_register_rsps: *NOTICE*: res->poller->pd: 0x7f3ff8000fc0
1: [2021-10-01 17:35:16.814974] nvme_rdma.c:1020:nvme_rdma_create_resources: *NOTICE*: Created resources: qp (nil), poller 0x7f3ff8008900, num_entries 128
1: [2021-10-01 17:35:16.815102] nvme_rdma.c:2525:nvme_rdma_poller_create: *NOTICE*: Created SRQ 0x7f3ff0008bf8, device mlx5_1
1: [2021-10-01 17:35:16.815123] nvme_rdma.c: 928:nvme_rdma_register_rsps: *NOTICE*: res->poller->pd: 0x7f3ff0000fc0
1: [2021-10-01 17:35:16.815157] nvme_rdma.c:1020:nvme_rdma_create_resources: *NOTICE*: Created resources: qp (nil), poller 0x7f3ff0008900, num_entries 128
1: [2021-10-01 17:35:16.815407] nvme_rdma.c:2525:nvme_rdma_poller_create: *NOTICE*: Created SRQ 0x7f3fe4008bf8, device mlx5_1
1: [2021-10-01 17:35:16.815426] nvme_rdma.c: 928:nvme_rdma_register_rsps: *NOTICE*: res->poller->pd: 0x7f3fe4000fc0
1: [2021-10-01 17:35:16.815462] nvme_rdma.c:1020:nvme_rdma_create_resources: *NOTICE*: Created resources: qp (nil), poller 0x7f3fe4008900, num_entries 128
3: [2021-10-01 17:35:16.815776] nvme_rdma.c:2525:nvme_rdma_poller_create: *NOTICE*: Created SRQ 0x7f1dac000e58, device mlx5_0
1: [2021-10-01 17:35:16.815787] nvme_rdma.c:2525:nvme_rdma_poller_create: *NOTICE*: Created SRQ 0x7f3fd8008bf8, device mlx5_1
3: [2021-10-01 17:35:16.815822] nvme_rdma.c: 928:nvme_rdma_register_rsps: *NOTICE*: res->poller->pd: 0x7f1dac000e20
1: [2021-10-01 17:35:16.815805] nvme_rdma.c: 928:nvme_rdma_register_rsps: *NOTICE*: res->poller->pd: 0x7f3fd8000fd0
1: [2021-10-01 17:35:16.815838] nvme_rdma.c:1020:nvme_rdma_create_resources: *NOTICE*: Created resources: qp (nil), poller 0x7f3fd8008900, num_entries 128
1: [2021-10-01 17:35:16.816098] nvme_rdma.c:2525:nvme_rdma_poller_create: *NOTICE*: Created SRQ 0x7f3fdc001bf8, device mlx5_1
1: [2021-10-01 17:35:16.816125] nvme_rdma.c: 928:nvme_rdma_register_rsps: *NOTICE*: res->poller->pd: 0x7f3fdc000b30
1: [2021-10-01 17:35:16.816162] nvme_rdma.c:1020:nvme_rdma_create_resources: *NOTICE*: Created resources: qp (nil), poller 0x7f3fdc001900, num_entries 128
3: [2021-10-01 17:35:16.815999] nvme_rdma.c:1020:nvme_rdma_create_resources: *NOTICE*: Created resources: qp (nil), poller 0x7f1dac000b30, num_entries 128
3: [2021-10-01 17:35:16.816021] nvme_rdma.c:2525:nvme_rdma_poller_create: *NOTICE*: Created SRQ 0x7f1db0000e58, device mlx5_0
3: [2021-10-01 17:35:16.816072] nvme_rdma.c: 928:nvme_rdma_register_rsps: *NOTICE*: res->poller->pd: 0x7f1db0000e20
3: [2021-10-01 17:35:16.816167] nvme_rdma.c:1020:nvme_rdma_create_resources: *NOTICE*: Created resources: qp (nil), poller 0x7f1db0000b30, num_entries 128
3: [2021-10-01 17:35:16.816322] nvme_rdma.c:2525:nvme_rdma_poller_create: *NOTICE*: Created SRQ 0x7f1dbc000e58, device mlx5_0
1: [2021-10-01 17:35:16.816545] nvme_rdma.c:2525:nvme_rdma_poller_create: *NOTICE*: Created SRQ 0x2605d08, device mlx5_1
1: [2021-10-01 17:35:16.816566] nvme_rdma.c: 928:nvme_rdma_register_rsps: *NOTICE*: res->poller->pd: 0x2404dc0
1: [2021-10-01 17:35:16.816604] nvme_rdma.c:1020:nvme_rdma_create_resources: *NOTICE*: Created resources: qp (nil), poller 0x2605a10, num_entries 128
3: [2021-10-01 17:35:16.816722] nvme_rdma.c: 928:nvme_rdma_register_rsps: *NOTICE*: res->poller->pd: 0x7f1dbc000e20
1: [2021-10-01 17:35:16.816787] nvme_rdma.c:2525:nvme_rdma_poller_create: *NOTICE*: Created SRQ 0x7f3fe0008bf8, device mlx5_1
1: [2021-10-01 17:35:16.816807] nvme_rdma.c: 928:nvme_rdma_register_rsps: *NOTICE*: res->poller->pd: 0x7f3fe0000fd0
1: [2021-10-01 17:35:16.816845] nvme_rdma.c:1020:nvme_rdma_create_resources: *NOTICE*: Created resources: qp (nil), poller 0x7f3fe0008900, num_entries 128
1: [2021-10-01 17:35:16.816997] nvme_rdma.c:2525:nvme_rdma_poller_create: *NOTICE*: Created SRQ 0x7f3fe8008bf8, device mlx5_1
1: [2021-10-01 17:35:16.817016] nvme_rdma.c: 928:nvme_rdma_register_rsps: *NOTICE*: res->poller->pd: 0x7f3fe8000fd0
1: [2021-10-01 17:35:16.817055] nvme_rdma.c:1020:nvme_rdma_create_resources: *NOTICE*: Created resources: qp (nil), poller 0x7f3fe8008900, num_entries 128
3: [2021-10-01 17:35:16.816897] nvme_rdma.c:1020:nvme_rdma_create_resources: *NOTICE*: Created resources: qp (nil), poller 0x7f1dbc000b30, num_entries 128
3: [2021-10-01 17:35:16.816904] nvme_rdma.c:2525:nvme_rdma_poller_create: *NOTICE*: Created SRQ 0x7f1da4000e58, device mlx5_0
3: [2021-10-01 17:35:16.817050] nvme_rdma.c: 928:nvme_rdma_register_rsps: *NOTICE*: res->poller->pd: 0x7f1da4000e20
0: [2021-10-01 17:35:16.817222] nvme_rdma.c:2525:nvme_rdma_poller_create: *NOTICE*: Created SRQ 0x7f0800000e58, device mlx5_0
0: [2021-10-01 17:35:16.817301] nvme_rdma.c: 928:nvme_rdma_register_rsps: *NOTICE*: res->poller->pd: 0x7f0800000e20
3: [2021-10-01 17:35:16.817195] nvme_rdma.c:2525:nvme_rdma_poller_create: *NOTICE*: Created SRQ 0x7f1da8000e58, device mlx5_0
0: [2021-10-01 17:35:16.817446] nvme_rdma.c:1020:nvme_rdma_create_resources: *NOTICE*: Created resources: qp (nil), poller 0x7f0800000b30, num_entries 128
3: [2021-10-01 17:35:16.817444] nvme_rdma.c:1020:nvme_rdma_create_resources: *NOTICE*: Created resources: qp (nil), poller 0x7f1da4000b30, num_entries 128
0: [2021-10-01 17:35:16.817500] nvme_rdma.c:2525:nvme_rdma_poller_create: *NOTICE*: Created SRQ 0x7f07fc000e58, device mlx5_0
3: [2021-10-01 17:35:16.817492] nvme_rdma.c: 928:nvme_rdma_register_rsps: *NOTICE*: res->poller->pd: 0x7f1da8000e20
0: [2021-10-01 17:35:16.817546] nvme_rdma.c: 928:nvme_rdma_register_rsps: *NOTICE*: res->poller->pd: 0x7f07fc000e20
3: [2021-10-01 17:35:16.817593] nvme_rdma.c:2525:nvme_rdma_poller_create: *NOTICE*: Created SRQ 0x7f1d94000e58, device mlx5_0
3: [2021-10-01 17:35:16.817617] nvme_rdma.c:1020:nvme_rdma_create_resources: *NOTICE*: Created resources: qp (nil), poller 0x7f1da8000b30, num_entries 128
0: [2021-10-01 17:35:16.817646] nvme_rdma.c:1020:nvme_rdma_create_resources: *NOTICE*: Created resources: qp (nil), poller 0x7f07fc000b30, num_entries 128
3: [2021-10-01 17:35:16.817673] nvme_rdma.c: 928:nvme_rdma_register_rsps: *NOTICE*: res->poller->pd: 0x7f1d94000e20
0: [2021-10-01 17:35:16.817784] nvme_rdma.c:2525:nvme_rdma_poller_create: *NOTICE*: Created SRQ 0x7f07f0000e58, device mlx5_0
3: [2021-10-01 17:35:16.817789] nvme_rdma.c:1020:nvme_rdma_create_resources: *NOTICE*: Created resources: qp (nil), poller 0x7f1d94000b30, num_entries 128
0: [2021-10-01 17:35:16.817867] nvme_rdma.c: 928:nvme_rdma_register_rsps: *NOTICE*: res->poller->pd: 0x7f07f0000e20
1: mlx5dv_reserved_qpn_alloc 1 1
0: [2021-10-01 17:35:16.817932] nvme_rdma.c:1020:nvme_rdma_create_resources: *NOTICE*: Created resources: qp (nil), poller 0x7f07f0000b30, num_entries 128
3: [2021-10-01 17:35:16.817839] nvme_rdma.c:2525:nvme_rdma_poller_create: *NOTICE*: Created SRQ 0x7f1d9c000e58, device mlx5_0
3: [2021-10-01 17:35:16.818288] nvme_rdma.c: 928:nvme_rdma_register_rsps: *NOTICE*: res->poller->pd: 0x7f1d9c000e20
1: [2021-10-01 17:35:16.818348] nvme_rdma.c:2525:nvme_rdma_poller_create: *NOTICE*: Created SRQ 0x7f3fd0000e68, device mlx5_0
3: [2021-10-01 17:35:16.818445] nvme_rdma.c:1020:nvme_rdma_create_resources: *NOTICE*: Created resources: qp (nil), poller 0x7f1d9c000b30, num_entries 128
1: [2021-10-01 17:35:16.818375] nvme_rdma.c: 928:nvme_rdma_register_rsps: *NOTICE*: res->poller->pd: 0x7f3fd0000e30
1: [2021-10-01 17:35:16.818412] nvme_rdma.c:1020:nvme_rdma_create_resources: *NOTICE*: Created resources: qp (nil), poller 0x7f3fd0000b40, num_entries 128
0: [2021-10-01 17:35:16.818025] nvme_rdma.c:2525:nvme_rdma_poller_create: *NOTICE*: Created SRQ 0x7f07ec000e58, device mlx5_0
0: [2021-10-01 17:35:16.818423] nvme_rdma.c: 928:nvme_rdma_register_rsps: *NOTICE*: res->poller->pd: 0x7f07ec000e20
3: [2021-10-01 17:35:16.818505] nvme_rdma.c:2525:nvme_rdma_poller_create: *NOTICE*: Created SRQ 0x7f1d98000e68, device mlx5_0
1: [2021-10-01 17:35:16.818566] nvme_rdma.c:2525:nvme_rdma_poller_create: *NOTICE*: Created SRQ 0x7f3fc8000e68, device mlx5_0
3: [2021-10-01 17:35:16.818536] nvme_rdma.c: 928:nvme_rdma_register_rsps: *NOTICE*: res->poller->pd: 0x7f1d98000e30
0: [2021-10-01 17:35:16.818587] nvme_rdma.c:2525:nvme_rdma_poller_create: *NOTICE*: Created SRQ 0x7f07f4000e58, device mlx5_0
0: [2021-10-01 17:35:16.818590] nvme_rdma.c:1020:nvme_rdma_create_resources: *NOTICE*: Created resources: qp (nil), poller 0x7f07ec000b30, num_entries 128
0: [2021-10-01 17:35:16.818655] nvme_rdma.c: 928:nvme_rdma_register_rsps: *NOTICE*: res->poller->pd: 0x7f07f4000e20
1: [2021-10-01 17:35:16.818592] nvme_rdma.c: 928:nvme_rdma_register_rsps: *NOTICE*: res->poller->pd: 0x7f3fc8000e30
1: [2021-10-01 17:35:16.818627] nvme_rdma.c:1020:nvme_rdma_create_resources: *NOTICE*: Created resources: qp (nil), poller 0x7f3fc8000b40, num_entries 128
3: [2021-10-01 17:35:16.818681] nvme_rdma.c:1020:nvme_rdma_create_resources: *NOTICE*: Created resources: qp (nil), poller 0x7f1d98000b40, num_entries 128
3: [2021-10-01 17:35:16.818720] nvme_rdma.c:2525:nvme_rdma_poller_create: *NOTICE*: Created SRQ 0x7f1db8000e68, device mlx5_0
1: [2021-10-01 17:35:16.818741] nvme_rdma.c:2525:nvme_rdma_poller_create: *NOTICE*: Created SRQ 0x7f3fd4000e68, device mlx5_0
1: [2021-10-01 17:35:16.818763] nvme_rdma.c: 928:nvme_rdma_register_rsps: *NOTICE*: res->poller->pd: 0x7f3fd4000e30
1: [2021-10-01 17:35:16.818807] nvme_rdma.c:1020:nvme_rdma_create_resources: *NOTICE*: Created resources: qp (nil), poller 0x7f3fd4000b40, num_entries 128
3: [2021-10-01 17:35:16.819064] nvme_rdma.c: 928:nvme_rdma_register_rsps: *NOTICE*: res->poller->pd: 0x7f1db8000e30
1: [2021-10-01 17:35:16.818957] nvme_rdma.c:2525:nvme_rdma_poller_create: *NOTICE*: Created SRQ 0x7f3fc4000e58, device mlx5_0
1: [2021-10-01 17:35:16.818996] nvme_rdma.c: 928:nvme_rdma_register_rsps: *NOTICE*: res->poller->pd: 0x7f3fc4000e20
0: [2021-10-01 17:35:16.818799] nvme_rdma.c:2525:nvme_rdma_poller_create: *NOTICE*: Created SRQ 0x7f07e4000e58, device mlx5_0
1: [2021-10-01 17:35:16.819038] nvme_rdma.c:1020:nvme_rdma_create_resources: *NOTICE*: Created resources: qp (nil), poller 0x7f3fc4000b30, num_entries 128
0: [2021-10-01 17:35:16.819125] nvme_rdma.c: 928:nvme_rdma_register_rsps: *NOTICE*: res->poller->pd: 0x7f07e4000e20
0: [2021-10-01 17:35:16.819143] nvme_rdma.c:1020:nvme_rdma_create_resources: *NOTICE*: Created resources: qp (nil), poller 0x7f07f4000b30, num_entries 128
1: [2021-10-01 17:35:16.819164] nvme_rdma.c:2525:nvme_rdma_poller_create: *NOTICE*: Created SRQ 0x7f3fcc000e58, device mlx5_0
1: [2021-10-01 17:35:16.819190] nvme_rdma.c: 928:nvme_rdma_register_rsps: *NOTICE*: res->poller->pd: 0x7f3fcc000e20
3: [2021-10-01 17:35:16.819254] nvme_rdma.c:1020:nvme_rdma_create_resources: *NOTICE*: Created resources: qp (nil), poller 0x7f1db8000b40, num_entries 128
0: [2021-10-01 17:35:16.819303] nvme_rdma.c:1020:nvme_rdma_create_resources: *NOTICE*: Created resources: qp (nil), poller 0x7f07e4000b30, num_entries 128
1: [2021-10-01 17:35:16.819217] nvme_rdma.c:2525:nvme_rdma_poller_create: *NOTICE*: Created SRQ 0x7f3fd0008bf8, device mlx5_1
3: [2021-10-01 17:35:16.819268] nvme_rdma.c:2525:nvme_rdma_poller_create: *NOTICE*: Created SRQ 0x259dfa8, device mlx5_0
1: [2021-10-01 17:35:16.819231] nvme_rdma.c:1020:nvme_rdma_create_resources: *NOTICE*: Created resources: qp (nil), poller 0x7f3fcc000b30, num_entries 128
3: [2021-10-01 17:35:16.819290] nvme_rdma.c: 928:nvme_rdma_register_rsps: *NOTICE*: res->poller->pd: 0x25a2c30
1: [2021-10-01 17:35:16.819254] nvme_rdma.c: 928:nvme_rdma_register_rsps: *NOTICE*: res->poller->pd: 0x7f3fd0000fd0
1: [2021-10-01 17:35:16.819305] nvme_rdma.c:1020:nvme_rdma_create_resources: *NOTICE*: Created resources: qp (nil), poller 0x7f3fd0008900, num_entries 128
0: [2021-10-01 17:35:16.819344] nvme_rdma.c:2525:nvme_rdma_poller_create: *NOTICE*: Created SRQ 0x7f07e8000e58, device mlx5_0
3: [2021-10-01 17:35:16.819445] nvme_rdma.c:1020:nvme_rdma_create_resources: *NOTICE*: Created resources: qp (nil), poller 0x259dcb0, num_entries 128
1: [2021-10-01 17:35:16.819395] nvme_rdma.c:2525:nvme_rdma_poller_create: *NOTICE*: Created SRQ 0x7f3fb4000e58, device mlx5_0
1: [2021-10-01 17:35:16.819437] nvme_rdma.c: 928:nvme_rdma_register_rsps: *NOTICE*: res->poller->pd: 0x7f3fb4000e20
0: [2021-10-01 17:35:16.819441] nvme_rdma.c: 928:nvme_rdma_register_rsps: *NOTICE*: res->poller->pd: 0x7f07e8000e20
3: [2021-10-01 17:35:16.819548] nvme_rdma.c:2525:nvme_rdma_poller_create: *NOTICE*: Created SRQ 0x7f1da0000ed8, device mlx5_0
2: [2021-10-01 17:35:16.819288] nvme_rdma.c:2525:nvme_rdma_poller_create: *NOTICE*: Created SRQ 0x7f0f0c000e58, device mlx5_0
1: [2021-10-01 17:35:16.819476] nvme_rdma.c:1020:nvme_rdma_create_resources: *NOTICE*: Created resources: qp (nil), poller 0x7f3fb4000b30, num_entries 128
1: [2021-10-01 17:35:16.819510] nvme_rdma.c:2525:nvme_rdma_poller_create: *NOTICE*: Created SRQ 0x7f3fc8008bf8, device mlx5_1
1: [2021-10-01 17:35:16.819532] nvme_rdma.c: 928:nvme_rdma_register_rsps: *NOTICE*: res->poller->pd: 0x7f3fc8000fd0
1: [2021-10-01 17:35:16.819574] nvme_rdma.c:1020:nvme_rdma_create_resources: *NOTICE*: Created resources: qp (nil), poller 0x7f3fc8008900, num_entries 128
2: [2021-10-01 17:35:16.819571] nvme_rdma.c: 928:nvme_rdma_register_rsps: *NOTICE*: res->poller->pd: 0x7f0f0c000e20
1: [2021-10-01 17:35:16.819616] nvme_rdma.c:2525:nvme_rdma_poller_create: *NOTICE*: Created SRQ 0x7f3fbc000e68, device mlx5_0
1: [2021-10-01 17:35:16.819637] nvme_rdma.c: 928:nvme_rdma_register_rsps: *NOTICE*: res->poller->pd: 0x7f3fbc000e30
0: [2021-10-01 17:35:16.819687] nvme_rdma.c:2525:nvme_rdma_poller_create: *NOTICE*: Created SRQ 0x1b1afa8, device mlx5_0
1: [2021-10-01 17:35:16.819676] nvme_rdma.c:1020:nvme_rdma_create_resources: *NOTICE*: Created resources: qp (nil), poller 0x7f3fbc000b40, num_entries 128
2: [2021-10-01 17:35:16.819724] nvme_rdma.c:1020:nvme_rdma_create_resources: *NOTICE*: Created resources: qp (nil), poller 0x7f0f0c000b30, num_entries 128
3: [2021-10-01 17:35:16.819570] nvme_rdma.c:2525:nvme_rdma_poller_create: *NOTICE*: Created SRQ 0x7f1dac008c68, device mlx5_1
3: [2021-10-01 17:35:16.819575] nvme_rdma.c: 928:nvme_rdma_register_rsps: *NOTICE*: res->poller->pd: 0x7f1da0000b00
0: [2021-10-01 17:35:16.819704] nvme_rdma.c: 928:nvme_rdma_register_rsps: *NOTICE*: res->poller->pd: 0x1b1fc30
2: [2021-10-01 17:35:16.819741] nvme_rdma.c:2525:nvme_rdma_poller_create: *NOTICE*: Created SRQ 0x7f0f1c000e58, device mlx5_0
2: [2021-10-01 17:35:16.819803] nvme_rdma.c: 928:nvme_rdma_register_rsps: *NOTICE*: res->poller->pd: 0x7f0f1c000e20
1: [2021-10-01 17:35:16.819823] nvme_rdma.c:2525:nvme_rdma_poller_create: *NOTICE*: Created SRQ 0x7f3f94000e58, device mlx5_0
3: [2021-10-01 17:35:16.819929] nvme_rdma.c: 928:nvme_rdma_register_rsps: *NOTICE*: res->poller->pd: 0x7f1dac000fc0
1: [2021-10-01 17:35:16.819883] nvme_rdma.c: 928:nvme_rdma_register_rsps: *NOTICE*: res->poller->pd: 0x7f3f94000e20
0: [2021-10-01 17:35:16.819980] nvme_rdma.c:1020:nvme_rdma_create_resources: *NOTICE*: Created resources: qp (nil), poller 0x7f07e8000b30, num_entries 128
3: [2021-10-01 17:35:16.820019] nvme_rdma.c:1020:nvme_rdma_create_resources: *NOTICE*: Created resources: qp (nil), poller 0x7f1da0000be0, num_entries 128
2: [2021-10-01 17:35:16.820002] nvme_rdma.c:1020:nvme_rdma_create_resources: *NOTICE*: Created resources: qp (nil), poller 0x7f0f1c000b30, num_entries 128
1: [2021-10-01 17:35:16.819932] nvme_rdma.c:1020:nvme_rdma_create_resources: *NOTICE*: Created resources: qp (nil), poller 0x7f3f94000b30, num_entries 128
0: [2021-10-01 17:35:16.820033] nvme_rdma.c:1020:nvme_rdma_create_resources: *NOTICE*: Created resources: qp (nil), poller 0x1b1acb0, num_entries 128
1: [2021-10-01 17:35:16.820021] nvme_rdma.c:2525:nvme_rdma_poller_create: *NOTICE*: Created SRQ 0x7f3fd4008bf8, device mlx5_1
1: [2021-10-01 17:35:16.820051] nvme_rdma.c: 928:nvme_rdma_register_rsps: *NOTICE*: res->poller->pd: 0x7f3fd4000fd0
1: [2021-10-01 17:35:16.820085] nvme_rdma.c:2525:nvme_rdma_poller_create: *NOTICE*: Created SRQ 0x7f3fac000e68, device mlx5_0
1: [2021-10-01 17:35:16.820085] nvme_rdma.c:1020:nvme_rdma_create_resources: *NOTICE*: Created resources: qp (nil), poller 0x7f3fd4008900, num_entries 128
3: [2021-10-01 17:35:16.820153] nvme_rdma.c:2525:nvme_rdma_poller_create: *NOTICE*: Created SRQ 0x7f1db0008bf8, device mlx5_1
3: [2021-10-01 17:35:16.820160] nvme_rdma.c:2525:nvme_rdma_poller_create: *NOTICE*: Created SRQ 0x7f1d8c000e68, device mlx5_0
1: [2021-10-01 17:35:16.820107] nvme_rdma.c: 928:nvme_rdma_register_rsps: *NOTICE*: res->poller->pd: 0x7f3fac000e30
1: [2021-10-01 17:35:16.820150] nvme_rdma.c:1020:nvme_rdma_create_resources: *NOTICE*: Created resources: qp (nil), poller 0x7f3fac000b40, num_entries 128
2: [2021-10-01 17:35:16.820183] nvme_rdma.c:2525:nvme_rdma_poller_create: *NOTICE*: Created SRQ 0x7f0f10000e58, device mlx5_0
3: [2021-10-01 17:35:16.820168] nvme_rdma.c:1020:nvme_rdma_create_resources: *NOTICE*: Created resources: qp (nil), poller 0x7f1dac008900, num_entries 128
3: [2021-10-01 17:35:16.820209] nvme_rdma.c: 928:nvme_rdma_register_rsps: *NOTICE*: res->poller->pd: 0x7f1db0000fc0
2: [2021-10-01 17:35:16.820235] nvme_rdma.c: 928:nvme_rdma_register_rsps: *NOTICE*: res->poller->pd: 0x7f0f10000e20
3: [2021-10-01 17:35:16.820270] nvme_rdma.c: 928:nvme_rdma_register_rsps: *NOTICE*: res->poller->pd: 0x7f1d8c000e30
1: [2021-10-01 17:35:16.820294] nvme_rdma.c:2525:nvme_rdma_poller_create: *NOTICE*: Created SRQ 0x7f3fa4000e58, device mlx5_0
0: [2021-10-01 17:35:16.820360] nvme_rdma.c:2525:nvme_rdma_poller_create: *NOTICE*: Created SRQ 0x7f07e0000e68, device mlx5_0
2: [2021-10-01 17:35:16.820312] nvme_rdma.c:1020:nvme_rdma_create_resources: *NOTICE*: Created resources: qp (nil), poller 0x7f0f10000b30, num_entries 128
3: [2021-10-01 17:35:16.820400] nvme_rdma.c:1020:nvme_rdma_create_resources: *NOTICE*: Created resources: qp (nil), poller 0x7f1db0008900, num_entries 128
1: [2021-10-01 17:35:16.820302] nvme_rdma.c:2525:nvme_rdma_poller_create: *NOTICE*: Created SRQ 0x7f3fc4008bf8, device mlx5_1
1: [2021-10-01 17:35:16.820332] nvme_rdma.c: 928:nvme_rdma_register_rsps: *NOTICE*: res->poller->pd: 0x7f3fc4000fc0
1: [2021-10-01 17:35:16.820338] nvme_rdma.c: 928:nvme_rdma_register_rsps: *NOTICE*: res->poller->pd: 0x7f3fa4000e20
1: [2021-10-01 17:35:16.820376] nvme_rdma.c:1020:nvme_rdma_create_resources: *NOTICE*: Created resources: qp (nil), poller 0x7f3fa4000b30, num_entries 128
1: [2021-10-01 17:35:16.820376] nvme_rdma.c:1020:nvme_rdma_create_resources: *NOTICE*: Created resources: qp (nil), poller 0x7f3fc4008900, num_entries 128
0: [2021-10-01 17:35:16.820483] nvme_rdma.c: 928:nvme_rdma_register_rsps: *NOTICE*: res->poller->pd: 0x7f07e0000e30
3: [2021-10-01 17:35:16.820447] nvme_rdma.c:1020:nvme_rdma_create_resources: *NOTICE*: Created resources: qp (nil), poller 0x7f1d8c000b40, num_entries 128
1: [2021-10-01 17:35:16.820509] nvme_rdma.c:2525:nvme_rdma_poller_create: *NOTICE*: Created SRQ 0x7f3f84000e68, device mlx5_0
2: [2021-10-01 17:35:16.820443] nvme_rdma.c:2525:nvme_rdma_poller_create: *NOTICE*: Created SRQ 0x7f0efc000e58, device mlx5_0
3: [2021-10-01 17:35:16.820515] nvme_rdma.c:2525:nvme_rdma_poller_create: *NOTICE*: Created SRQ 0x7f1dbc008bf8, device mlx5_1
3: [2021-10-01 17:35:16.820538] nvme_rdma.c: 928:nvme_rdma_register_rsps: *NOTICE*: res->poller->pd: 0x7f1dbc000fc0
1: [2021-10-01 17:35:16.820539] nvme_rdma.c: 928:nvme_rdma_register_rsps: *NOTICE*: res->poller->pd: 0x7f3f84000e30
1: [2021-10-01 17:35:16.820575] nvme_rdma.c:1020:nvme_rdma_create_resources: *NOTICE*: Created resources: qp (nil), poller 0x7f3f84000b40, num_entries 128
2: [2021-10-01 17:35:16.820625] nvme_rdma.c: 928:nvme_rdma_register_rsps: *NOTICE*: res->poller->pd: 0x7f0efc000e20
3: [2021-10-01 17:35:16.820588] nvme_rdma.c:2525:nvme_rdma_poller_create: *NOTICE*: Created SRQ 0x7f1d90000e68, device mlx5_0
3: [2021-10-01 17:35:16.820647] nvme_rdma.c: 928:nvme_rdma_register_rsps: *NOTICE*: res->poller->pd: 0x7f1d90000e30
3: [2021-10-01 17:35:16.820662] nvme_rdma.c:1020:nvme_rdma_create_resources: *NOTICE*: Created resources: qp (nil), poller 0x7f1dbc008900, num_entries 128
1: [2021-10-01 17:35:16.820721] nvme_rdma.c:2525:nvme_rdma_poller_create: *NOTICE*: Created SRQ 0x7f3f9c000ed8, device mlx5_0
2: [2021-10-01 17:35:16.820730] nvme_rdma.c:1020:nvme_rdma_create_resources: *NOTICE*: Created resources: qp (nil), poller 0x7f0efc000b30, num_entries 128
3: [2021-10-01 17:35:16.820778] nvme_rdma.c:1020:nvme_rdma_create_resources: *NOTICE*: Created resources: qp (nil), poller 0x7f1d90000b40, num_entries 128
0: [2021-10-01 17:35:16.820789] nvme_rdma.c:1020:nvme_rdma_create_resources: *NOTICE*: Created resources: qp (nil), poller 0x7f07e0000b40, num_entries 128
1: [2021-10-01 17:35:16.820736] nvme_rdma.c:2525:nvme_rdma_poller_create: *NOTICE*: Created SRQ 0x7f3fcc008bf8, device mlx5_1
1: [2021-10-01 17:35:16.820743] nvme_rdma.c: 928:nvme_rdma_register_rsps: *NOTICE*: res->poller->pd: 0x7f3f9c000b00
1: [2021-10-01 17:35:16.820765] nvme_rdma.c: 928:nvme_rdma_register_rsps: *NOTICE*: res->poller->pd: 0x7f3fcc000fc0
2: [2021-10-01 17:35:16.820783] nvme_rdma.c:2525:nvme_rdma_poller_create: *NOTICE*: Created SRQ 0x7f0f04000e58, device mlx5_0
1: [2021-10-01 17:35:16.820822] nvme_rdma.c:1020:nvme_rdma_create_resources: *NOTICE*: Created resources: qp (nil), poller 0x7f3f9c000be0, num_entries 128
1: [2021-10-01 17:35:16.820844] nvme_rdma.c:1020:nvme_rdma_create_resources: *NOTICE*: Created resources: qp (nil), poller 0x7f3fcc008900, num_entries 128
3: [2021-10-01 17:35:16.820952] nvme_rdma.c:2525:nvme_rdma_poller_create: *NOTICE*: Created SRQ 0x7f1d88000e68, device mlx5_0
1: [2021-10-01 17:35:16.820918] nvme_rdma.c:2525:nvme_rdma_poller_create: *NOTICE*: Created SRQ 0x7f3fb8000e58, device mlx5_0
2: [2021-10-01 17:35:16.820906] nvme_rdma.c: 928:nvme_rdma_register_rsps: *NOTICE*: res->poller->pd: 0x7f0f04000e20
1: [2021-10-01 17:35:16.820939] nvme_rdma.c: 928:nvme_rdma_register_rsps: *NOTICE*: res->poller->pd: 0x7f3fb8000e20
1: [2021-10-01 17:35:16.820980] nvme_rdma.c:1020:nvme_rdma_create_resources: *NOTICE*: Created resources: qp (nil), poller 0x7f3fb8000b30, num_entries 128
0: [2021-10-01 17:35:16.820961] nvme_rdma.c:2525:nvme_rdma_poller_create: *NOTICE*: Created SRQ 0x7f07d8000e58, device mlx5_0
2: [2021-10-01 17:35:16.820999] nvme_rdma.c:1020:nvme_rdma_create_resources: *NOTICE*: Created resources: qp (nil), poller 0x7f0f04000b30, num_entries 128
1: [2021-10-01 17:35:16.821073] nvme_rdma.c:2525:nvme_rdma_poller_create: *NOTICE*: Created SRQ 0x7f3fb4008bf8, device mlx5_1
0: [2021-10-01 17:35:16.821064] nvme_rdma.c: 928:nvme_rdma_register_rsps: *NOTICE*: res->poller->pd: 0x7f07d8000e20
1: [2021-10-01 17:35:16.821103] nvme_rdma.c: 928:nvme_rdma_register_rsps: *NOTICE*: res->poller->pd: 0x7f3fb4000fc0
1: [2021-10-01 17:35:16.821138] nvme_rdma.c:2525:nvme_rdma_poller_create: *NOTICE*: Created SRQ 0x7f3f8c000e58, device mlx5_0
1: [2021-10-01 17:35:16.821152] nvme_rdma.c:1020:nvme_rdma_create_resources: *NOTICE*: Created resources: qp (nil), poller 0x7f3fb4008900, num_entries 128
0: [2021-10-01 17:35:16.821159] nvme_rdma.c:1020:nvme_rdma_create_resources: *NOTICE*: Created resources: qp (nil), poller 0x7f07d8000b30, num_entries 128
3: [2021-10-01 17:35:16.821252] nvme_rdma.c: 928:nvme_rdma_register_rsps: *NOTICE*: res->poller->pd: 0x7f1d88000e30
1: [2021-10-01 17:35:16.821164] nvme_rdma.c: 928:nvme_rdma_register_rsps: *NOTICE*: res->poller->pd: 0x7f3f8c000e20
1: [2021-10-01 17:35:16.821209] nvme_rdma.c:1020:nvme_rdma_create_resources: *NOTICE*: Created resources: qp (nil), poller 0x7f3f8c000b30, num_entries 128
0: [2021-10-01 17:35:16.821353] nvme_rdma.c:2525:nvme_rdma_poller_create: *NOTICE*: Created SRQ 0x7f07c8000ed8, device mlx5_0
2: [2021-10-01 17:35:16.821310] nvme_rdma.c:2525:nvme_rdma_poller_create: *NOTICE*: Created SRQ 0x7f0f08000e58, device mlx5_0
3: [2021-10-01 17:35:16.821483] nvme_rdma.c:1020:nvme_rdma_create_resources: *NOTICE*: Created resources: qp (nil), poller 0x7f1d88000b40, num_entries 128
1: [2021-10-01 17:35:16.821460] nvme_rdma.c:2525:nvme_rdma_poller_create: *NOTICE*: Created SRQ 0x7f3fbc008bf8, device mlx5_1
2: [2021-10-01 17:35:16.821394] nvme_rdma.c: 928:nvme_rdma_register_rsps: *NOTICE*: res->poller->pd: 0x7f0f08000e20
3: [2021-10-01 17:35:16.821511] nvme_rdma.c:2525:nvme_rdma_poller_create: *NOTICE*: Created SRQ 0x7f1d78000e58, device mlx5_0
1: [2021-10-01 17:35:16.821485] nvme_rdma.c: 928:nvme_rdma_register_rsps: *NOTICE*: res->poller->pd: 0x7f3fbc000fd0
1: [2021-10-01 17:35:16.821521] nvme_rdma.c:1020:nvme_rdma_create_resources: *NOTICE*: Created resources: qp (nil), poller 0x7f3fbc008900, num_entries 128
2: [2021-10-01 17:35:16.821563] nvme_rdma.c:1020:nvme_rdma_create_resources: *NOTICE*: Created resources: qp (nil), poller 0x7f0f08000b30, num_entries 128
2: [2021-10-01 17:35:16.821564] nvme_rdma.c:2525:nvme_rdma_poller_create: *NOTICE*: Created SRQ 0x7f0eec000e68, device mlx5_0
0: [2021-10-01 17:35:16.821612] nvme_rdma.c: 928:nvme_rdma_register_rsps: *NOTICE*: res->poller->pd: 0x7f07c8000b00
3: [2021-10-01 17:35:16.821580] nvme_rdma.c:2525:nvme_rdma_poller_create: *NOTICE*: Created SRQ 0x7f1da8008bf8, device mlx5_1
3: [2021-10-01 17:35:16.821599] nvme_rdma.c: 928:nvme_rdma_register_rsps: *NOTICE*: res->poller->pd: 0x7f1d78000e20
2: [2021-10-01 17:35:16.821645] nvme_rdma.c: 928:nvme_rdma_register_rsps: *NOTICE*: res->poller->pd: 0x7f0eec000e30
0: [2021-10-01 17:35:16.821704] nvme_rdma.c:2525:nvme_rdma_poller_create: *NOTICE*: Created SRQ 0x7f0800008c68, device mlx5_1
3: [2021-10-01 17:35:16.821698] nvme_rdma.c: 928:nvme_rdma_register_rsps: *NOTICE*: res->poller->pd: 0x7f1da8000fc0
3: [2021-10-01 17:35:16.821815] nvme_rdma.c:1020:nvme_rdma_create_resources: *NOTICE*: Created resources: qp (nil), poller 0x7f1d78000b30, num_entries 128
0: [2021-10-01 17:35:16.821816] nvme_rdma.c:1020:nvme_rdma_create_resources: *NOTICE*: Created resources: qp (nil), poller 0x7f07c8000be0, num_entries 128
1: [2021-10-01 17:35:16.821849] nvme_rdma.c:2525:nvme_rdma_poller_create: *NOTICE*: Created SRQ 0x7f3f94008bf8, device mlx5_1
3: [2021-10-01 17:35:16.821899] nvme_rdma.c:1020:nvme_rdma_create_resources: *NOTICE*: Created resources: qp (nil), poller 0x7f1da8008900, num_entries 128
0: [2021-10-01 17:35:16.821835] nvme_rdma.c: 928:nvme_rdma_register_rsps: *NOTICE*: res->poller->pd: 0x7f0800000fc0
1: [2021-10-01 17:35:16.821880] nvme_rdma.c: 928:nvme_rdma_register_rsps: *NOTICE*: res->poller->pd: 0x7f3f94000fc0
1: [2021-10-01 17:35:16.821916] nvme_rdma.c:1020:nvme_rdma_create_resources: *NOTICE*: Created resources: qp (nil), poller 0x7f3f94008900, num_entries 128
0: [2021-10-01 17:35:16.822002] nvme_rdma.c:2525:nvme_rdma_poller_create: *NOTICE*: Created SRQ 0x7f07c4000e58, device mlx5_0
0: [2021-10-01 17:35:16.822014] nvme_rdma.c:1020:nvme_rdma_create_resources: *NOTICE*: Created resources: qp (nil), poller 0x7f0800008900, num_entries 128
1: [2021-10-01 17:35:16.822068] nvme_rdma.c:2525:nvme_rdma_poller_create: *NOTICE*: Created SRQ 0x7f3fac008bf8, device mlx5_1
1: [2021-10-01 17:35:16.822078] nvme_rdma.c:2525:nvme_rdma_poller_create: *NOTICE*: Created SRQ 0x7f3f74000e68, device mlx5_0
1: [2021-10-01 17:35:16.822088] nvme_rdma.c: 928:nvme_rdma_register_rsps: *NOTICE*: res->poller->pd: 0x7f3fac000fd0
0: [2021-10-01 17:35:16.822016] nvme_rdma.c:2525:nvme_rdma_poller_create: *NOTICE*: Created SRQ 0x7f07fc008bf8, device mlx5_1
1: [2021-10-01 17:35:16.822100] nvme_rdma.c: 928:nvme_rdma_register_rsps: *NOTICE*: res->poller->pd: 0x7f3f74000e30
0: [2021-10-01 17:35:16.822164] nvme_rdma.c: 928:nvme_rdma_register_rsps: *NOTICE*: res->poller->pd: 0x7f07c4000e20
1: [2021-10-01 17:35:16.822131] nvme_rdma.c:1020:nvme_rdma_create_resources: *NOTICE*: Created resources: qp (nil), poller 0x7f3fac008900, num_entries 128
1: [2021-10-01 17:35:16.822134] nvme_rdma.c:1020:nvme_rdma_create_resources: *NOTICE*: Created resources: qp (nil), poller 0x7f3f74000b40, num_entries 128
2: [2021-10-01 17:35:16.822187] nvme_rdma.c:1020:nvme_rdma_create_resources: *NOTICE*: Created resources: qp (nil), poller 0x7f0eec000b40, num_entries 128
0: [2021-10-01 17:35:16.822237] nvme_rdma.c: 928:nvme_rdma_register_rsps: *NOTICE*: res->poller->pd: 0x7f07fc000fc0
1: [2021-10-01 17:35:16.822262] nvme_rdma.c:2525:nvme_rdma_poller_create: *NOTICE*: Created SRQ 0x7f3f7c000e68, device mlx5_0
2: [2021-10-01 17:35:16.822254] nvme_rdma.c:2525:nvme_rdma_poller_create: *NOTICE*: Created SRQ 0x7f0ed0000e58, device mlx5_0
1: [2021-10-01 17:35:16.822279] nvme_rdma.c: 928:nvme_rdma_register_rsps: *NOTICE*: res->poller->pd: 0x7f3f7c000e30
1: [2021-10-01 17:35:16.822281] nvme_rdma.c:2525:nvme_rdma_poller_create: *NOTICE*: Created SRQ 0x7f3fa4008bf8, device mlx5_1
1: [2021-10-01 17:35:16.822313] nvme_rdma.c: 928:nvme_rdma_register_rsps: *NOTICE*: res->poller->pd: 0x7f3fa4000fc0
1: [2021-10-01 17:35:16.822324] nvme_rdma.c:1020:nvme_rdma_create_resources: *NOTICE*: Created resources: qp (nil), poller 0x7f3f7c000b40, num_entries 128
3: [2021-10-01 17:35:16.822374] nvme_rdma.c:2525:nvme_rdma_poller_create: *NOTICE*: Created SRQ 0x7f1d80000e58, device mlx5_0
0: [2021-10-01 17:35:16.822330] nvme_rdma.c:2525:nvme_rdma_poller_create: *NOTICE*: Created SRQ 0x7f07b8000e58, device mlx5_0
2: [2021-10-01 17:35:16.822355] nvme_rdma.c: 928:nvme_rdma_register_rsps: *NOTICE*: res->poller->pd: 0x7f0ed0000e20
1: [2021-10-01 17:35:16.822350] nvme_rdma.c:1020:nvme_rdma_create_resources: *NOTICE*: Created resources: qp (nil), poller 0x7f3fa4008900, num_entries 128
3: [2021-10-01 17:35:16.822464] nvme_rdma.c: 928:nvme_rdma_register_rsps: *NOTICE*: res->poller->pd: 0x7f1d80000e20
0: [2021-10-01 17:35:16.822454] nvme_rdma.c: 928:nvme_rdma_register_rsps: *NOTICE*: res->poller->pd: 0x7f07b8000e20
0: [2021-10-01 17:35:16.822455] nvme_rdma.c:1020:nvme_rdma_create_resources: *NOTICE*: Created resources: qp (nil), poller 0x7f07c4000b30, num_entries 128
2: [2021-10-01 17:35:16.822495] nvme_rdma.c:1020:nvme_rdma_create_resources: *NOTICE*: Created resources: qp (nil), poller 0x7f0ed0000b30, num_entries 128
0: [2021-10-01 17:35:16.822465] nvme_rdma.c:2525:nvme_rdma_poller_create: *NOTICE*: Created SRQ 0x7f07f0008bf8, device mlx5_1
0: [2021-10-01 17:35:16.822476] nvme_rdma.c:1020:nvme_rdma_create_resources: *NOTICE*: Created resources: qp (nil), poller 0x7f07fc008900, num_entries 128
3: [2021-10-01 17:35:16.822543] nvme_rdma.c:1020:nvme_rdma_create_resources: *NOTICE*: Created resources: qp (nil), poller 0x7f1d80000b30, num_entries 128
1: [2021-10-01 17:35:16.822552] nvme_rdma.c:2525:nvme_rdma_poller_create: *NOTICE*: Created SRQ 0x7f3f84008bf8, device mlx5_1
0: [2021-10-01 17:35:16.822540] nvme_rdma.c: 928:nvme_rdma_register_rsps: *NOTICE*: res->poller->pd: 0x7f07f0000fc0
2: [2021-10-01 17:35:16.822552] nvme_rdma.c:2525:nvme_rdma_poller_create: *NOTICE*: Created SRQ 0x7f0ee0000ed8, device mlx5_0
1: [2021-10-01 17:35:16.822580] nvme_rdma.c: 928:nvme_rdma_register_rsps: *NOTICE*: res->poller->pd: 0x7f3f84000fd0
3: [2021-10-01 17:35:16.822667] nvme_rdma.c:2525:nvme_rdma_poller_create: *NOTICE*: Created SRQ 0x7f1d94008bf8, device mlx5_1
1: [2021-10-01 17:35:16.822610] nvme_rdma.c:1020:nvme_rdma_create_resources: *NOTICE*: Created resources: qp (nil), poller 0x7f3f84008900, num_entries 128
3: [2021-10-01 17:35:16.822770] nvme_rdma.c: 928:nvme_rdma_register_rsps: *NOTICE*: res->poller->pd: 0x7f1d94000fc0
1: [2021-10-01 17:35:16.822829] nvme_rdma.c:2525:nvme_rdma_poller_create: *NOTICE*: Created SRQ 0x7f3f9c001bf8, device mlx5_1
3: [2021-10-01 17:35:16.822835] nvme_rdma.c:2525:nvme_rdma_poller_create: *NOTICE*: Created SRQ 0x7f1d68000e68, device mlx5_0
3: [2021-10-01 17:35:16.822852] nvme_rdma.c:1020:nvme_rdma_create_resources: *NOTICE*: Created resources: qp (nil), poller 0x7f1d94008900, num_entries 128
3: [2021-10-01 17:35:16.822864] nvme_rdma.c: 928:nvme_rdma_register_rsps: *NOTICE*: res->poller->pd: 0x7f1d68000e30
1: [2021-10-01 17:35:16.822852] nvme_rdma.c: 928:nvme_rdma_register_rsps: *NOTICE*: res->poller->pd: 0x7f3f9c000b30
2: [2021-10-01 17:35:16.822924] nvme_rdma.c: 928:nvme_rdma_register_rsps: *NOTICE*: res->poller->pd: 0x7f0ee0000b00
1: [2021-10-01 17:35:16.822897] nvme_rdma.c:1020:nvme_rdma_create_resources: *NOTICE*: Created resources: qp (nil), poller 0x7f3f9c001900, num_entries 128
0: [2021-10-01 17:35:16.822749] nvme_rdma.c:2525:nvme_rdma_poller_create: *NOTICE*: Created SRQ 0x7f07b0000e58, device mlx5_0
3: [2021-10-01 17:35:16.823010] nvme_rdma.c:1020:nvme_rdma_create_resources: *NOTICE*: Created resources: qp (nil), poller 0x7f1d68000b40, num_entries 128
0: [2021-10-01 17:35:16.822979] nvme_rdma.c: 928:nvme_rdma_register_rsps: *NOTICE*: res->poller->pd: 0x7f07b0000e20
1: [2021-10-01 17:35:16.823026] nvme_rdma.c:2525:nvme_rdma_poller_create: *NOTICE*: Created SRQ 0x7f3fb8008bf8, device mlx5_1
0: [2021-10-01 17:35:16.823004] nvme_rdma.c:1020:nvme_rdma_create_resources: *NOTICE*: Created resources: qp (nil), poller 0x7f07b8000b30, num_entries 128
0: [2021-10-01 17:35:16.823026] nvme_rdma.c:1020:nvme_rdma_create_resources: *NOTICE*: Created resources: qp (nil), poller 0x7f07f0008900, num_entries 128
1: [2021-10-01 17:35:16.823041] nvme_rdma.c: 928:nvme_rdma_register_rsps: *NOTICE*: res->poller->pd: 0x7f3fb8000fc0
1: [2021-10-01 17:35:16.823074] nvme_rdma.c:1020:nvme_rdma_create_resources: *NOTICE*: Created resources: qp (nil), poller 0x7f3fb8008900, num_entries 128
3: [2021-10-01 17:35:16.823169] nvme_rdma.c:2525:nvme_rdma_poller_create: *NOTICE*: Created SRQ 0x7f1da4008bf8, device mlx5_1
0: [2021-10-01 17:35:16.823139] nvme_rdma.c:1020:nvme_rdma_create_resources: *NOTICE*: Created resources: qp (nil), poller 0x7f07b0000b30, num_entries 128
2: [2021-10-01 17:35:16.823169] nvme_rdma.c:1020:nvme_rdma_create_resources: *NOTICE*: Created resources: qp (nil), poller 0x7f0ee0000be0, num_entries 128
3: [2021-10-01 17:35:16.823235] nvme_rdma.c: 928:nvme_rdma_register_rsps: *NOTICE*: res->poller->pd: 0x7f1da4000fc0
1: [2021-10-01 17:35:16.823218] nvme_rdma.c:2525:nvme_rdma_poller_create: *NOTICE*: Created SRQ 0x7f3f8c008bf8, device mlx5_1
1: [2021-10-01 17:35:16.823248] nvme_rdma.c: 928:nvme_rdma_register_rsps: *NOTICE*: res->poller->pd: 0x7f3f8c000fc0
2: [2021-10-01 17:35:16.823265] nvme_rdma.c:2525:nvme_rdma_poller_create: *NOTICE*: Created SRQ 0x7f0f18000e68, device mlx5_0
1: [2021-10-01 17:35:16.823284] nvme_rdma.c:1020:nvme_rdma_create_resources: *NOTICE*: Created resources: qp (nil), poller 0x7f3f8c008900, num_entries 128
3: [2021-10-01 17:35:16.823303] nvme_rdma.c:1020:nvme_rdma_create_resources: *NOTICE*: Created resources: qp (nil), poller 0x7f1da4008900, num_entries 128
0: [2021-10-01 17:35:16.823321] nvme_rdma.c:2525:nvme_rdma_poller_create: *NOTICE*: Created SRQ 0x7f07c0000e58, device mlx5_0
1: [2021-10-01 17:35:16.823425] nvme_rdma.c:2525:nvme_rdma_poller_create: *NOTICE*: Created SRQ 0x7f3f74008bf8, device mlx5_1
2: [2021-10-01 17:35:16.823427] nvme_rdma.c: 928:nvme_rdma_register_rsps: *NOTICE*: res->poller->pd: 0x7f0f18000e30
0: [2021-10-01 17:35:16.823435] nvme_rdma.c: 928:nvme_rdma_register_rsps: *NOTICE*: res->poller->pd: 0x7f07c0000e20
3: [2021-10-01 17:35:16.823482] nvme_rdma.c:2525:nvme_rdma_poller_create: *NOTICE*: Created SRQ 0x7f1d70000e68, device mlx5_0
1: [2021-10-01 17:35:16.823441] nvme_rdma.c: 928:nvme_rdma_register_rsps: *NOTICE*: res->poller->pd: 0x7f3f74000fd0
1: [2021-10-01 17:35:16.823474] nvme_rdma.c:1020:nvme_rdma_create_resources: *NOTICE*: Created resources: qp (nil), poller 0x7f3f74008900, num_entries 128
0: [2021-10-01 17:35:16.823485] nvme_rdma.c:2525:nvme_rdma_poller_create: *NOTICE*: Created SRQ 0x7f07f4008bf8, device mlx5_1
3: [2021-10-01 17:35:16.823535] nvme_rdma.c: 928:nvme_rdma_register_rsps: *NOTICE*: res->poller->pd: 0x7f1d70000e30
1: [2021-10-01 17:35:16.823616] nvme_rdma.c:2525:nvme_rdma_poller_create: *NOTICE*: Created SRQ 0x7f3f7c008c18, device mlx5_1
3: [2021-10-01 17:35:16.823581] nvme_rdma.c:1020:nvme_rdma_create_resources: *NOTICE*: Created resources: qp (nil), poller 0x7f1d70000b40, num_entries 128
3: [2021-10-01 17:35:16.823673] nvme_rdma.c:2525:nvme_rdma_poller_create: *NOTICE*: Created SRQ 0x7f1d9c008bf8, device mlx5_1
2: [2021-10-01 17:35:16.823648] nvme_rdma.c:2525:nvme_rdma_poller_create: *NOTICE*: Created SRQ 0x7f0f0c008c68, device mlx5_1
2: [2021-10-01 17:35:16.823649] nvme_rdma.c:1020:nvme_rdma_create_resources: *NOTICE*: Created resources: qp (nil), poller 0x7f0f18000b40, num_entries 128
1: [2021-10-01 17:35:16.823629] nvme_rdma.c: 928:nvme_rdma_register_rsps: *NOTICE*: res->poller->pd: 0x7f3f7c000fd0
1: [2021-10-01 17:35:16.823659] nvme_rdma.c:1020:nvme_rdma_create_resources: *NOTICE*: Created resources: qp (nil), poller 0x7f3f7c008920, num_entries 128
3: [2021-10-01 17:35:16.823710] nvme_rdma.c: 928:nvme_rdma_register_rsps: *NOTICE*: res->poller->pd: 0x7f1d9c000fc0
3: [2021-10-01 17:35:16.823759] nvme_rdma.c:1020:nvme_rdma_create_resources: *NOTICE*: Created resources: qp (nil), poller 0x7f1d9c008900, num_entries 128
2: [2021-10-01 17:35:16.823724] nvme_rdma.c:2525:nvme_rdma_poller_create: *NOTICE*: Created SRQ 0x7f0ef8000e68, device mlx5_0
2: [2021-10-01 17:35:16.823739] nvme_rdma.c: 928:nvme_rdma_register_rsps: *NOTICE*: res->poller->pd: 0x7f0f0c000fc0
2: [2021-10-01 17:35:16.823862] nvme_rdma.c: 928:nvme_rdma_register_rsps: *NOTICE*: res->poller->pd: 0x7f0ef8000e30
3: [2021-10-01 17:35:16.823937] nvme_rdma.c:2525:nvme_rdma_poller_create: *NOTICE*: Created SRQ 0x7f1d6c000e58, device mlx5_0
2: [2021-10-01 17:35:16.823941] nvme_rdma.c:2525:nvme_rdma_poller_create: *NOTICE*: Created SRQ 0x7f0f1c008bf8, device mlx5_1
3: [2021-10-01 17:35:16.823973] nvme_rdma.c: 928:nvme_rdma_register_rsps: *NOTICE*: res->poller->pd: 0x7f1d6c000e20
0: [2021-10-01 17:35:16.824035] nvme_rdma.c: 928:nvme_rdma_register_rsps: *NOTICE*: res->poller->pd: 0x7f07f4000fc0
3: [2021-10-01 17:35:16.824015] nvme_rdma.c:1020:nvme_rdma_create_resources: *NOTICE*: Created resources: qp (nil), poller 0x7f1d6c000b30, num_entries 128
2: [2021-10-01 17:35:16.824029] nvme_rdma.c: 928:nvme_rdma_register_rsps: *NOTICE*: res->poller->pd: 0x7f0f1c000fc0
2: [2021-10-01 17:35:16.824044] nvme_rdma.c:1020:nvme_rdma_create_resources: *NOTICE*: Created resources: qp (nil), poller 0x7f0ef8000b40, num_entries 128
0: [2021-10-01 17:35:16.824121] nvme_rdma.c:1020:nvme_rdma_create_resources: *NOTICE*: Created resources: qp (nil), poller 0x7f07c0000b30, num_entries 128
3: [2021-10-01 17:35:16.824157] nvme_rdma.c:2525:nvme_rdma_poller_create: *NOTICE*: Created SRQ 0x7f1d58000e68, device mlx5_0
2: [2021-10-01 17:35:16.824055] nvme_rdma.c:2525:nvme_rdma_poller_create: *NOTICE*: Created SRQ 0x7f0f00000e58, device mlx5_0
2: [2021-10-01 17:35:16.824060] nvme_rdma.c:1020:nvme_rdma_create_resources: *NOTICE*: Created resources: qp (nil), poller 0x7f0f0c008900, num_entries 128
0: [2021-10-01 17:35:16.824239] nvme_rdma.c:1020:nvme_rdma_create_resources: *NOTICE*: Created resources: qp (nil), poller 0x7f07f4008900, num_entries 128
3: [2021-10-01 17:35:16.824186] nvme_rdma.c: 928:nvme_rdma_register_rsps: *NOTICE*: res->poller->pd: 0x7f1d58000e30
3: [2021-10-01 17:35:16.824186] nvme_rdma.c:2525:nvme_rdma_poller_create: *NOTICE*: Created SRQ 0x7f1d98008bf8, device mlx5_1
3: [2021-10-01 17:35:16.824211] nvme_rdma.c: 928:nvme_rdma_register_rsps: *NOTICE*: res->poller->pd: 0x7f1d98000fd0
3: [2021-10-01 17:35:16.824230] nvme_rdma.c:1020:nvme_rdma_create_resources: *NOTICE*: Created resources: qp (nil), poller 0x7f1d58000b40, num_entries 128
3: [2021-10-01 17:35:16.824252] nvme_rdma.c:1020:nvme_rdma_create_resources: *NOTICE*: Created resources: qp (nil), poller 0x7f1d98008900, num_entries 128
2: [2021-10-01 17:35:16.824328] nvme_rdma.c: 928:nvme_rdma_register_rsps: *NOTICE*: res->poller->pd: 0x7f0f00000e20
2: [2021-10-01 17:35:16.824330] nvme_rdma.c:2525:nvme_rdma_poller_create: *NOTICE*: Created SRQ 0x7f0f10008bf8, device mlx5_1
3: [2021-10-01 17:35:16.824416] nvme_rdma.c:2525:nvme_rdma_poller_create: *NOTICE*: Created SRQ 0x7f1d7c000e58, device mlx5_0
2: [2021-10-01 17:35:16.824362] nvme_rdma.c: 928:nvme_rdma_register_rsps: *NOTICE*: res->poller->pd: 0x7f0f10000fc0
2: [2021-10-01 17:35:16.824386] nvme_rdma.c:1020:nvme_rdma_create_resources: *NOTICE*: Created resources: qp (nil), poller 0x7f0f1c008900, num_entries 128
3: [2021-10-01 17:35:16.824444] nvme_rdma.c: 928:nvme_rdma_register_rsps: *NOTICE*: res->poller->pd: 0x7f1d7c000e20
3: [2021-10-01 17:35:16.824480] nvme_rdma.c:1020:nvme_rdma_create_resources: *NOTICE*: Created resources: qp (nil), poller 0x7f1d7c000b30, num_entries 128
2: [2021-10-01 17:35:16.824466] nvme_rdma.c:1020:nvme_rdma_create_resources: *NOTICE*: Created resources: qp (nil), poller 0x7f0f00000b30, num_entries 128
3: [2021-10-01 17:35:16.824560] nvme_rdma.c:2525:nvme_rdma_poller_create: *NOTICE*: Created SRQ 0x7f1db8008bf8, device mlx5_1
2: [2021-10-01 17:35:16.824560] nvme_rdma.c:1020:nvme_rdma_create_resources: *NOTICE*: Created resources: qp (nil), poller 0x7f0f10008900, num_entries 128
2: [2021-10-01 17:35:16.824569] nvme_rdma.c:2525:nvme_rdma_poller_create: *NOTICE*: Created SRQ 0x131efa8, device mlx5_0
3: [2021-10-01 17:35:16.824585] nvme_rdma.c: 928:nvme_rdma_register_rsps: *NOTICE*: res->poller->pd: 0x7f1db8000fd0
3: [2021-10-01 17:35:16.824637] nvme_rdma.c:1020:nvme_rdma_create_resources: *NOTICE*: Created resources: qp (nil), poller 0x7f1db8008900, num_entries 128
2: [2021-10-01 17:35:16.824583] nvme_rdma.c: 928:nvme_rdma_register_rsps: *NOTICE*: res->poller->pd: 0x1323c30
2: [2021-10-01 17:35:16.824637] nvme_rdma.c:2525:nvme_rdma_poller_create: *NOTICE*: Created SRQ 0x7f0efc008bf8, device mlx5_1
2: [2021-10-01 17:35:16.824786] nvme_rdma.c: 928:nvme_rdma_register_rsps: *NOTICE*: res->poller->pd: 0x7f0efc000fc0
3: [2021-10-01 17:35:16.824886] nvme_rdma.c:2525:nvme_rdma_poller_create: *NOTICE*: Created SRQ 0x7f1da0001bf8, device mlx5_1
2: [2021-10-01 17:35:16.824830] nvme_rdma.c:2525:nvme_rdma_poller_create: *NOTICE*: Created SRQ 0x7f0ec8000e58, device mlx5_0
3: [2021-10-01 17:35:16.824902] nvme_rdma.c:2525:nvme_rdma_poller_create: *NOTICE*: Created SRQ 0x7f1d84000e68, device mlx5_0
3: [2021-10-01 17:35:16.824905] nvme_rdma.c: 928:nvme_rdma_register_rsps: *NOTICE*: res->poller->pd: 0x7f1da0000b30
3: [2021-10-01 17:35:16.824927] nvme_rdma.c: 928:nvme_rdma_register_rsps: *NOTICE*: res->poller->pd: 0x7f1d84000e30
3: [2021-10-01 17:35:16.824954] nvme_rdma.c:1020:nvme_rdma_create_resources: *NOTICE*: Created resources: qp (nil), poller 0x7f1da0001900, num_entries 128
3: [2021-10-01 17:35:16.824960] nvme_rdma.c:1020:nvme_rdma_create_resources: *NOTICE*: Created resources: qp (nil), poller 0x7f1d84000b40, num_entries 128
2: [2021-10-01 17:35:16.824866] nvme_rdma.c:1020:nvme_rdma_create_resources: *NOTICE*: Created resources: qp (nil), poller 0x131ecb0, num_entries 128
2: [2021-10-01 17:35:16.824927] nvme_rdma.c: 928:nvme_rdma_register_rsps: *NOTICE*: res->poller->pd: 0x7f0ec8000e20
2: [2021-10-01 17:35:16.824948] nvme_rdma.c:1020:nvme_rdma_create_resources: *NOTICE*: Created resources: qp (nil), poller 0x7f0efc008900, num_entries 128
2: [2021-10-01 17:35:16.825001] nvme_rdma.c:2525:nvme_rdma_poller_create: *NOTICE*: Created SRQ 0x7f0f04008bf8, device mlx5_1
2: [2021-10-01 17:35:16.825021] nvme_rdma.c: 928:nvme_rdma_register_rsps: *NOTICE*: res->poller->pd: 0x7f0f04000fc0
0: [2021-10-01 17:35:16.825122] nvme_rdma.c:2525:nvme_rdma_poller_create: *NOTICE*: Created SRQ 0x7f07e4008bf8, device mlx5_1
3: [2021-10-01 17:35:16.825146] nvme_rdma.c:2525:nvme_rdma_poller_create: *NOTICE*: Created SRQ 0x7f1d60000ed8, device mlx5_0
0: [2021-10-01 17:35:16.825180] nvme_rdma.c: 928:nvme_rdma_register_rsps: *NOTICE*: res->poller->pd: 0x7f07e4000fc0
3: [2021-10-01 17:35:16.825177] nvme_rdma.c: 928:nvme_rdma_register_rsps: *NOTICE*: res->poller->pd: 0x7f1d60000b00
2: [2021-10-01 17:35:16.825142] nvme_rdma.c:2525:nvme_rdma_poller_create: *NOTICE*: Created SRQ 0x7f0ed8000e58, device mlx5_0
2: [2021-10-01 17:35:16.825147] nvme_rdma.c:1020:nvme_rdma_create_resources: *NOTICE*: Created resources: qp (nil), poller 0x7f0ec8000b30, num_entries 128
2: [2021-10-01 17:35:16.825179] nvme_rdma.c:1020:nvme_rdma_create_resources: *NOTICE*: Created resources: qp (nil), poller 0x7f0f04008900, num_entries 128
3: [2021-10-01 17:35:16.825186] nvme_rdma.c:2525:nvme_rdma_poller_create: *NOTICE*: Created SRQ 0x27a8d08, device mlx5_1
3: [2021-10-01 17:35:16.825210] nvme_rdma.c: 928:nvme_rdma_register_rsps: *NOTICE*: res->poller->pd: 0x25a7dc0
3: [2021-10-01 17:35:16.825213] nvme_rdma.c:1020:nvme_rdma_create_resources: *NOTICE*: Created resources: qp (nil), poller 0x7f1d60000be0, num_entries 128
0: [2021-10-01 17:35:16.825221] nvme_rdma.c:2525:nvme_rdma_poller_create: *NOTICE*: Created SRQ 0x7f07dc000e68, device mlx5_0
3: [2021-10-01 17:35:16.825270] nvme_rdma.c:1020:nvme_rdma_create_resources: *NOTICE*: Created resources: qp (nil), poller 0x27a8a10, num_entries 128
2: [2021-10-01 17:35:16.825293] nvme_rdma.c: 928:nvme_rdma_register_rsps: *NOTICE*: res->poller->pd: 0x7f0ed8000e20
0: [2021-10-01 17:35:16.825295] nvme_rdma.c: 928:nvme_rdma_register_rsps: *NOTICE*: res->poller->pd: 0x7f07dc000e30
3: [2021-10-01 17:35:16.825390] nvme_rdma.c:2525:nvme_rdma_poller_create: *NOTICE*: Created SRQ 0x7f1d50000e58, device mlx5_0
0: [2021-10-01 17:35:16.825316] nvme_rdma.c:1020:nvme_rdma_create_resources: *NOTICE*: Created resources: qp (nil), poller 0x7f07e4008900, num_entries 128
0: [2021-10-01 17:35:16.825375] nvme_rdma.c:1020:nvme_rdma_create_resources: *NOTICE*: Created resources: qp (nil), poller 0x7f07dc000b40, num_entries 128
3: [2021-10-01 17:35:16.825429] nvme_rdma.c: 928:nvme_rdma_register_rsps: *NOTICE*: res->poller->pd: 0x7f1d50000e20
2: [2021-10-01 17:35:16.825447] nvme_rdma.c:1020:nvme_rdma_create_resources: *NOTICE*: Created resources: qp (nil), poller 0x7f0ed8000b30, num_entries 128
3: [2021-10-01 17:35:16.825474] nvme_rdma.c:1020:nvme_rdma_create_resources: *NOTICE*: Created resources: qp (nil), poller 0x7f1d50000b30, num_entries 128
0: [2021-10-01 17:35:16.825535] nvme_rdma.c:2525:nvme_rdma_poller_create: *NOTICE*: Created SRQ 0x7f07a8000e68, device mlx5_0
3: [2021-10-01 17:35:16.825625] nvme_rdma.c:2525:nvme_rdma_poller_create: *NOTICE*: Created SRQ 0x7f1d64000e58, device mlx5_0
0: [2021-10-01 17:35:16.825573] nvme_rdma.c: 928:nvme_rdma_register_rsps: *NOTICE*: res->poller->pd: 0x7f07a8000e30
3: [2021-10-01 17:35:16.825650] nvme_rdma.c: 928:nvme_rdma_register_rsps: *NOTICE*: res->poller->pd: 0x7f1d64000e20
0: [2021-10-01 17:35:16.825622] nvme_rdma.c:1020:nvme_rdma_create_resources: *NOTICE*: Created resources: qp (nil), poller 0x7f07a8000b40, num_entries 128
3: [2021-10-01 17:35:16.825690] nvme_rdma.c:1020:nvme_rdma_create_resources: *NOTICE*: Created resources: qp (nil), poller 0x7f1d64000b30, num_entries 128
3: [2021-10-01 17:35:16.825734] nvme_rdma.c:2525:nvme_rdma_poller_create: *NOTICE*: Created SRQ 0x7f1d8c008bf8, device mlx5_1
3: [2021-10-01 17:35:16.825754] nvme_rdma.c: 928:nvme_rdma_register_rsps: *NOTICE*: res->poller->pd: 0x7f1d8c000fd0
3: [2021-10-01 17:35:16.825794] nvme_rdma.c:1020:nvme_rdma_create_resources: *NOTICE*: Created resources: qp (nil), poller 0x7f1d8c008900, num_entries 128
2: [2021-10-01 17:35:16.825787] nvme_rdma.c:2525:nvme_rdma_poller_create: *NOTICE*: Created SRQ 0x7f0ec0000e68, device mlx5_0
3: [2021-10-01 17:35:16.825859] nvme_rdma.c:2525:nvme_rdma_poller_create: *NOTICE*: Created SRQ 0x7f1d48000e58, device mlx5_0
2: [2021-10-01 17:35:16.825852] nvme_rdma.c: 928:nvme_rdma_register_rsps: *NOTICE*: res->poller->pd: 0x7f0ec0000e30
0: [2021-10-01 17:35:16.825920] nvme_rdma.c:2525:nvme_rdma_poller_create: *NOTICE*: Created SRQ 0x7f0798000e68, device mlx5_0
3: [2021-10-01 17:35:16.825894] nvme_rdma.c: 928:nvme_rdma_register_rsps: *NOTICE*: res->poller->pd: 0x7f1d48000e20
3: [2021-10-01 17:35:16.825931] nvme_rdma.c:1020:nvme_rdma_create_resources: *NOTICE*: Created resources: qp (nil), poller 0x7f1d48000b30, num_entries 128
2: [2021-10-01 17:35:16.825951] nvme_rdma.c:1020:nvme_rdma_create_resources: *NOTICE*: Created resources: qp (nil), poller 0x7f0ec0000b40, num_entries 128
0: [2021-10-01 17:35:16.825952] nvme_rdma.c: 928:nvme_rdma_register_rsps: *NOTICE*: res->poller->pd: 0x7f0798000e30
0: [2021-10-01 17:35:16.825985] nvme_rdma.c:1020:nvme_rdma_create_resources: *NOTICE*: Created resources: qp (nil), poller 0x7f0798000b40, num_entries 128
3: [2021-10-01 17:35:16.826122] nvme_rdma.c:2525:nvme_rdma_poller_create: *NOTICE*: Created SRQ 0x7f1d78008bf8, device mlx5_1
3: [2021-10-01 17:35:16.826130] nvme_rdma.c:2525:nvme_rdma_poller_create: *NOTICE*: Created SRQ 0x7f1d40000e58, device mlx5_0
3: [2021-10-01 17:35:16.826138] nvme_rdma.c: 928:nvme_rdma_register_rsps: *NOTICE*: res->poller->pd: 0x7f1d78000fc0
3: [2021-10-01 17:35:16.826156] nvme_rdma.c: 928:nvme_rdma_register_rsps: *NOTICE*: res->poller->pd: 0x7f1d40000e20
0: [2021-10-01 17:35:16.826214] nvme_rdma.c:2525:nvme_rdma_poller_create: *NOTICE*: Created SRQ 0x7f07ec008bf8, device mlx5_1
3: [2021-10-01 17:35:16.826187] nvme_rdma.c:1020:nvme_rdma_create_resources: *NOTICE*: Created resources: qp (nil), poller 0x7f1d78008900, num_entries 128
3: [2021-10-01 17:35:16.826193] nvme_rdma.c:1020:nvme_rdma_create_resources: *NOTICE*: Created resources: qp (nil), poller 0x7f1d40000b30, num_entries 128
0: [2021-10-01 17:35:16.826234] nvme_rdma.c: 928:nvme_rdma_register_rsps: *NOTICE*: res->poller->pd: 0x7f07ec000fc0
0: [2021-10-01 17:35:16.826239] nvme_rdma.c:2525:nvme_rdma_poller_create: *NOTICE*: Created SRQ 0x7f07cc000e68, device mlx5_0
0: [2021-10-01 17:35:16.826257] nvme_rdma.c: 928:nvme_rdma_register_rsps: *NOTICE*: res->poller->pd: 0x7f07cc000e30
0: [2021-10-01 17:35:16.826276] nvme_rdma.c:1020:nvme_rdma_create_resources: *NOTICE*: Created resources: qp (nil), poller 0x7f07ec008900, num_entries 128
0: [2021-10-01 17:35:16.826292] nvme_rdma.c:1020:nvme_rdma_create_resources: *NOTICE*: Created resources: qp (nil), poller 0x7f07cc000b40, num_entries 128
3: [2021-10-01 17:35:16.826549] nvme_rdma.c:2525:nvme_rdma_poller_create: *NOTICE*: Created SRQ 0x7f1d90008bf8, device mlx5_1
3: [2021-10-01 17:35:16.826569] nvme_rdma.c: 928:nvme_rdma_register_rsps: *NOTICE*: res->poller->pd: 0x7f1d90000fd0
3: [2021-10-01 17:35:16.826601] nvme_rdma.c:1020:nvme_rdma_create_resources: *NOTICE*: Created resources: qp (nil), poller 0x7f1d90008900, num_entries 128
0: [2021-10-01 17:35:16.826800] nvme_rdma.c:2525:nvme_rdma_poller_create: *NOTICE*: Created SRQ 0x7f07e8008bf8, device mlx5_1
2: [2021-10-01 17:35:16.826781] nvme_rdma.c:2525:nvme_rdma_poller_create: *NOTICE*: Created SRQ 0x7f0eec008bf8, device mlx5_1
2: [2021-10-01 17:35:16.826784] nvme_rdma.c:2525:nvme_rdma_poller_create: *NOTICE*: Created SRQ 0x7f0edc000e68, device mlx5_0
3: [2021-10-01 17:35:16.826871] nvme_rdma.c:2525:nvme_rdma_poller_create: *NOTICE*: Created SRQ 0x7f1d68008bf8, device mlx5_1
0: [2021-10-01 17:35:16.826828] nvme_rdma.c: 928:nvme_rdma_register_rsps: *NOTICE*: res->poller->pd: 0x7f07e8000fc0
2: [2021-10-01 17:35:16.826804] nvme_rdma.c: 928:nvme_rdma_register_rsps: *NOTICE*: res->poller->pd: 0x7f0eec000fd0
0: [2021-10-01 17:35:16.826867] nvme_rdma.c:1020:nvme_rdma_create_resources: *NOTICE*: Created resources: qp (nil), poller 0x7f07e8008900, num_entries 128
2: [2021-10-01 17:35:16.826814] nvme_rdma.c: 928:nvme_rdma_register_rsps: *NOTICE*: res->poller->pd: 0x7f0edc000e30
2: [2021-10-01 17:35:16.826850] nvme_rdma.c:1020:nvme_rdma_create_resources: *NOTICE*: Created resources: qp (nil), poller 0x7f0eec008900, num_entries 128
2: [2021-10-01 17:35:16.826861] nvme_rdma.c:1020:nvme_rdma_create_resources: *NOTICE*: Created resources: qp (nil), poller 0x7f0edc000b40, num_entries 128
3: [2021-10-01 17:35:16.826888] nvme_rdma.c: 928:nvme_rdma_register_rsps: *NOTICE*: res->poller->pd: 0x7f1d68000fd0
3: [2021-10-01 17:35:16.826923] nvme_rdma.c:1020:nvme_rdma_create_resources: *NOTICE*: Created resources: qp (nil), poller 0x7f1d68008900, num_entries 128
3: [2021-10-01 17:35:16.827079] nvme_rdma.c:2525:nvme_rdma_poller_create: *NOTICE*: Created SRQ 0x7f1d80008bf8, device mlx5_1
3: [2021-10-01 17:35:16.827097] nvme_rdma.c: 928:nvme_rdma_register_rsps: *NOTICE*: res->poller->pd: 0x7f1d80000fc0
3: [2021-10-01 17:35:16.827133] nvme_rdma.c:1020:nvme_rdma_create_resources: *NOTICE*: Created resources: qp (nil), poller 0x7f1d80008900, num_entries 128
3: mlx5dv_reserved_qpn_alloc 1 1
2: [2021-10-01 17:35:16.827165] nvme_rdma.c:2525:nvme_rdma_poller_create: *NOTICE*: Created SRQ 0x7f0eb8000e58, device mlx5_0
3: [2021-10-01 17:35:16.827286] nvme_rdma.c:2525:nvme_rdma_poller_create: *NOTICE*: Created SRQ 0x7f1d70008bf8, device mlx5_1
2: [2021-10-01 17:35:16.827196] nvme_rdma.c: 928:nvme_rdma_register_rsps: *NOTICE*: res->poller->pd: 0x7f0eb8000e20
2: [2021-10-01 17:35:16.827239] nvme_rdma.c:1020:nvme_rdma_create_resources: *NOTICE*: Created resources: qp (nil), poller 0x7f0eb8000b30, num_entries 128
2: [2021-10-01 17:35:16.827327] nvme_rdma.c:2525:nvme_rdma_poller_create: *NOTICE*: Created SRQ 0x7f0f08008bf8, device mlx5_1
3: [2021-10-01 17:35:16.827305] nvme_rdma.c: 928:nvme_rdma_register_rsps: *NOTICE*: res->poller->pd: 0x7f1d70000fd0
3: [2021-10-01 17:35:16.827337] nvme_rdma.c:1020:nvme_rdma_create_resources: *NOTICE*: Created resources: qp (nil), poller 0x7f1d70008900, num_entries 128
2: [2021-10-01 17:35:16.827356] nvme_rdma.c: 928:nvme_rdma_register_rsps: *NOTICE*: res->poller->pd: 0x7f0f08000fc0
2: [2021-10-01 17:35:16.827392] nvme_rdma.c:2525:nvme_rdma_poller_create: *NOTICE*: Created SRQ 0x7f0ed4000e58, device mlx5_0
2: [2021-10-01 17:35:16.827409] nvme_rdma.c:1020:nvme_rdma_create_resources: *NOTICE*: Created resources: qp (nil), poller 0x7f0f08008900, num_entries 128
3: [2021-10-01 17:35:16.827491] nvme_rdma.c:2525:nvme_rdma_poller_create: *NOTICE*: Created SRQ 0x7f1d6c008bf8, device mlx5_1
2: [2021-10-01 17:35:16.827428] nvme_rdma.c: 928:nvme_rdma_register_rsps: *NOTICE*: res->poller->pd: 0x7f0ed4000e20
2: [2021-10-01 17:35:16.827464] nvme_rdma.c:1020:nvme_rdma_create_resources: *NOTICE*: Created resources: qp (nil), poller 0x7f0ed4000b30, num_entries 128
3: [2021-10-01 17:35:16.827510] nvme_rdma.c: 928:nvme_rdma_register_rsps: *NOTICE*: res->poller->pd: 0x7f1d6c000fc0
3: [2021-10-01 17:35:16.827546] nvme_rdma.c:1020:nvme_rdma_create_resources: *NOTICE*: Created resources: qp (nil), poller 0x7f1d6c008900, num_entries 128
0: [2021-10-01 17:35:16.827661] nvme_rdma.c:2525:nvme_rdma_poller_create: *NOTICE*: Created SRQ 0x1d25d08, device mlx5_1
2: [2021-10-01 17:35:16.827645] nvme_rdma.c:2525:nvme_rdma_poller_create: *NOTICE*: Created SRQ 0x7f0eb0000e58, device mlx5_0
0: [2021-10-01 17:35:16.827684] nvme_rdma.c: 928:nvme_rdma_register_rsps: *NOTICE*: res->poller->pd: 0x1b24dc0
2: [2021-10-01 17:35:16.827665] nvme_rdma.c: 928:nvme_rdma_register_rsps: *NOTICE*: res->poller->pd: 0x7f0eb0000e20
0: [2021-10-01 17:35:16.827722] nvme_rdma.c:1020:nvme_rdma_create_resources: *NOTICE*: Created resources: qp (nil), poller 0x1d25a10, num_entries 128
2: [2021-10-01 17:35:16.827704] nvme_rdma.c:1020:nvme_rdma_create_resources: *NOTICE*: Created resources: qp (nil), poller 0x7f0eb0000b30, num_entries 128
0: [2021-10-01 17:35:16.827865] nvme_rdma.c:2525:nvme_rdma_poller_create: *NOTICE*: Created SRQ 0x7f07cc008bf8, device mlx5_1
0: [2021-10-01 17:35:16.827971] rdma.c:2990:nvmf_process_cm_event: *NOTICE*: In RDMA_CM_EVENT_CONNECT_REQUEST
0: [2021-10-01 17:35:16.827992] rdma.c:2990:nvmf_process_cm_event: *NOTICE*: In RDMA_CM_EVENT_CONNECT_REQUEST
0: mlx5dv_reserved_qpn_alloc 1 1
0: mlx5dv_reserved_qpn_alloc 1 1
0: [2021-10-01 17:35:16.827881] nvme_rdma.c: 928:nvme_rdma_register_rsps: *NOTICE*: res->poller->pd: 0x7f07cc000fd0
2: [2021-10-01 17:35:16.827947] nvme_rdma.c:2525:nvme_rdma_poller_create: *NOTICE*: Created SRQ 0x7f0e98000e58, device mlx5_0
0: [2021-10-01 17:35:16.827922] nvme_rdma.c:1020:nvme_rdma_create_resources: *NOTICE*: Created resources: qp (nil), poller 0x7f07cc008900, num_entries 128
3: [2021-10-01 17:35:16.828029] nvme_rdma.c:1386:_nvme_rdma_ctrlr_connect_qpair: *NOTICE*: Connect rdma qpair: pg 0x7f1dac000a90, srq depth 128
1: [2021-10-01 17:35:16.827997] nvme_rdma.c:1386:_nvme_rdma_ctrlr_connect_qpair: *NOTICE*: Connect rdma qpair: pg 0x7f4004000a90, srq depth 128
2: [2021-10-01 17:35:16.827964] nvme_rdma.c:2525:nvme_rdma_poller_create: *NOTICE*: Created SRQ 0x7f0ed0008bf8, device mlx5_1
2: [2021-10-01 17:35:16.827978] nvme_rdma.c: 928:nvme_rdma_register_rsps: *NOTICE*: res->poller->pd: 0x7f0e98000e20
2: [2021-10-01 17:35:16.827982] nvme_rdma.c: 928:nvme_rdma_register_rsps: *NOTICE*: res->poller->pd: 0x7f0ed0000fc0
2: [2021-10-01 17:35:16.828017] nvme_rdma.c:1020:nvme_rdma_create_resources: *NOTICE*: Created resources: qp (nil), poller 0x7f0e98000b30, num_entries 128
0: [2021-10-01 17:35:16.828086] nvme_rdma.c:2525:nvme_rdma_poller_create: *NOTICE*: Created SRQ 0x7f07b8008bf8, device mlx5_1
2: [2021-10-01 17:35:16.828030] nvme_rdma.c:1020:nvme_rdma_create_resources: *NOTICE*: Created resources: qp (nil), poller 0x7f0ed0008900, num_entries 128
0: [2021-10-01 17:35:16.828106] nvme_rdma.c: 928:nvme_rdma_register_rsps: *NOTICE*: res->poller->pd: 0x7f07b8000fc0
0: [2021-10-01 17:35:16.828142] nvme_rdma.c:1020:nvme_rdma_create_resources: *NOTICE*: Created resources: qp (nil), poller 0x7f07b8008900, num_entries 128
2: [2021-10-01 17:35:16.828204] nvme_rdma.c:2525:nvme_rdma_poller_create: *NOTICE*: Created SRQ 0x7f0ea8000e68, device mlx5_0
0: [2021-10-01 17:35:16.828289] nvme_rdma.c:2525:nvme_rdma_poller_create: *NOTICE*: Created SRQ 0x7f07dc008bf8, device mlx5_1
2: [2021-10-01 17:35:16.828233] nvme_rdma.c: 928:nvme_rdma_register_rsps: *NOTICE*: res->poller->pd: 0x7f0ea8000e30
2: [2021-10-01 17:35:16.828267] nvme_rdma.c:1020:nvme_rdma_create_resources: *NOTICE*: Created resources: qp (nil), poller 0x7f0ea8000b40, num_entries 128
0: [2021-10-01 17:35:16.828312] nvme_rdma.c: 928:nvme_rdma_register_rsps: *NOTICE*: res->poller->pd: 0x7f07dc000fd0
2: [2021-10-01 17:35:16.828312] nvme_rdma.c:2525:nvme_rdma_poller_create: *NOTICE*: Created SRQ 0x7f0ee0001bf8, device mlx5_1
0: [2021-10-01 17:35:16.828346] nvme_rdma.c:1020:nvme_rdma_create_resources: *NOTICE*: Created resources: qp (nil), poller 0x7f07dc008900, num_entries 128
2: [2021-10-01 17:35:16.828335] nvme_rdma.c: 928:nvme_rdma_register_rsps: *NOTICE*: res->poller->pd: 0x7f0ee0000b30
2: [2021-10-01 17:35:16.828371] nvme_rdma.c:1020:nvme_rdma_create_resources: *NOTICE*: Created resources: qp (nil), poller 0x7f0ee0001900, num_entries 128
0: [2021-10-01 17:35:16.828492] nvme_rdma.c:2525:nvme_rdma_poller_create: *NOTICE*: Created SRQ 0x7f07d8008bf8, device mlx5_1
2: [2021-10-01 17:35:16.828413] nvme_rdma.c:2525:nvme_rdma_poller_create: *NOTICE*: Created SRQ 0x7f0ea0000ed8, device mlx5_0
2: [2021-10-01 17:35:16.828444] nvme_rdma.c: 928:nvme_rdma_register_rsps: *NOTICE*: res->poller->pd: 0x7f0ea0000b00
2: [2021-10-01 17:35:16.828477] nvme_rdma.c:1020:nvme_rdma_create_resources: *NOTICE*: Created resources: qp (nil), poller 0x7f0ea0000be0, num_entries 128
0: [2021-10-01 17:35:16.828510] nvme_rdma.c: 928:nvme_rdma_register_rsps: *NOTICE*: res->poller->pd: 0x7f07d8000fc0
0: [2021-10-01 17:35:16.828548] nvme_rdma.c:1020:nvme_rdma_create_resources: *NOTICE*: Created resources: qp (nil), poller 0x7f07d8008900, num_entries 128
0: [2021-10-01 17:35:16.828685] nvme_rdma.c:2525:nvme_rdma_poller_create: *NOTICE*: Created SRQ 0x7f07b0008bf8, device mlx5_1
2: [2021-10-01 17:35:16.828689] nvme_rdma.c:2525:nvme_rdma_poller_create: *NOTICE*: Created SRQ 0x7f0ecc000e68, device mlx5_0
3: [2021-10-01 17:35:16.828751] nvme_rdma.c:2525:nvme_rdma_poller_create: *NOTICE*: Created SRQ 0x7f1d88008bf8, device mlx5_1
0: [2021-10-01 17:35:16.828702] nvme_rdma.c: 928:nvme_rdma_register_rsps: *NOTICE*: res->poller->pd: 0x7f07b0000fc0
2: [2021-10-01 17:35:16.828711] nvme_rdma.c: 928:nvme_rdma_register_rsps: *NOTICE*: res->poller->pd: 0x7f0ecc000e30
0: [2021-10-01 17:35:16.828735] nvme_rdma.c:1020:nvme_rdma_create_resources: *NOTICE*: Created resources: qp (nil), poller 0x7f07b0008900, num_entries 128
2: [2021-10-01 17:35:16.828756] nvme_rdma.c:1020:nvme_rdma_create_resources: *NOTICE*: Created resources: qp (nil), poller 0x7f0ecc000b40, num_entries 128
3: [2021-10-01 17:35:16.828800] nvme_rdma.c: 928:nvme_rdma_register_rsps: *NOTICE*: res->poller->pd: 0x7f1d88000fd0
3: [2021-10-01 17:35:16.828855] nvme_rdma.c:1020:nvme_rdma_create_resources: *NOTICE*: Created resources: qp (nil), poller 0x7f1d88008900, num_entries 128
0: [2021-10-01 17:35:16.828931] nvme_rdma.c:2525:nvme_rdma_poller_create: *NOTICE*: Created SRQ 0x7f07c8001bf8, device mlx5_1
2: [2021-10-01 17:35:16.828954] nvme_rdma.c:2525:nvme_rdma_poller_create: *NOTICE*: Created SRQ 0x7f0e90000e58, device mlx5_0
3: [2021-10-01 17:35:16.829017] nvme_rdma.c:2525:nvme_rdma_poller_create: *NOTICE*: Created SRQ 0x7f1d7c008bf8, device mlx5_1
0: [2021-10-01 17:35:16.828949] nvme_rdma.c: 928:nvme_rdma_register_rsps: *NOTICE*: res->poller->pd: 0x7f07c8000b30
0: [2021-10-01 17:35:16.828986] nvme_rdma.c:1020:nvme_rdma_create_resources: *NOTICE*: Created resources: qp (nil), poller 0x7f07c8001900, num_entries 128
2: [2021-10-01 17:35:16.828977] nvme_rdma.c: 928:nvme_rdma_register_rsps: *NOTICE*: res->poller->pd: 0x7f0e90000e20
2: [2021-10-01 17:35:16.829009] nvme_rdma.c:2525:nvme_rdma_poller_create: *NOTICE*: Created SRQ 0x7f0ec0008bf8, device mlx5_1
2: [2021-10-01 17:35:16.829013] nvme_rdma.c:1020:nvme_rdma_create_resources: *NOTICE*: Created resources: qp (nil), poller 0x7f0e90000b30, num_entries 128
2: [2021-10-01 17:35:16.829031] nvme_rdma.c: 928:nvme_rdma_register_rsps: *NOTICE*: res->poller->pd: 0x7f0ec0000fd0
3: [2021-10-01 17:35:16.829052] nvme_rdma.c: 928:nvme_rdma_register_rsps: *NOTICE*: res->poller->pd: 0x7f1d7c000fc0
3: [2021-10-01 17:35:16.829102] nvme_rdma.c:1020:nvme_rdma_create_resources: *NOTICE*: Created resources: qp (nil), poller 0x7f1d7c008900, num_entries 128
0: mlx5dv_reserved_qpn_alloc 1 1
2: [2021-10-01 17:35:16.829093] nvme_rdma.c:1020:nvme_rdma_create_resources: *NOTICE*: Created resources: qp (nil), poller 0x7f0ec0008900, num_entries 128
3: [2021-10-01 17:35:16.829251] nvme_rdma.c:2525:nvme_rdma_poller_create: *NOTICE*: Created SRQ 0x7f1d74000e68, device mlx5_0
3: [2021-10-01 17:35:16.829256] nvme_rdma.c:2525:nvme_rdma_poller_create: *NOTICE*: Created SRQ 0x7f1d58008bf8, device mlx5_1
2: [2021-10-01 17:35:16.829169] nvme_rdma.c:2525:nvme_rdma_poller_create: *NOTICE*: Created SRQ 0x7f0ef4000e68, device mlx5_0
0: [2021-10-01 17:35:16.829184] nvme_rdma.c:2525:nvme_rdma_poller_create: *NOTICE*: Created SRQ 0x7f0798008bf8, device mlx5_1
2: [2021-10-01 17:35:16.829192] nvme_rdma.c: 928:nvme_rdma_register_rsps: *NOTICE*: res->poller->pd: 0x7f0ef4000e30
0: [2021-10-01 17:35:16.829202] nvme_rdma.c: 928:nvme_rdma_register_rsps: *NOTICE*: res->poller->pd: 0x7f0798000fd0
0: [2021-10-01 17:35:16.829238] nvme_rdma.c:1020:nvme_rdma_create_resources: *NOTICE*: Created resources: qp (nil), poller 0x7f0798008900, num_entries 128
2: [2021-10-01 17:35:16.829228] nvme_rdma.c:1020:nvme_rdma_create_resources: *NOTICE*: Created resources: qp (nil), poller 0x7f0ef4000b40, num_entries 128
3: [2021-10-01 17:35:16.829272] nvme_rdma.c: 928:nvme_rdma_register_rsps: *NOTICE*: res->poller->pd: 0x7f1d74000e30
3: [2021-10-01 17:35:16.829291] nvme_rdma.c: 928:nvme_rdma_register_rsps: *NOTICE*: res->poller->pd: 0x7f1d58000fd0
3: [2021-10-01 17:35:16.829305] nvme_rdma.c:1020:nvme_rdma_create_resources: *NOTICE*: Created resources: qp (nil), poller 0x7f1d74000b40, num_entries 128
3: [2021-10-01 17:35:16.829333] nvme_rdma.c:1020:nvme_rdma_create_resources: *NOTICE*: Created resources: qp (nil), poller 0x7f1d58008900, num_entries 128
0: [2021-10-01 17:35:16.829387] nvme_rdma.c:2525:nvme_rdma_poller_create: *NOTICE*: Created SRQ 0x7f07c0008bf8, device mlx5_1
2: [2021-10-01 17:35:16.829353] nvme_rdma.c:2525:nvme_rdma_poller_create: *NOTICE*: Created SRQ 0x7f0f18008bf8, device mlx5_1
2: [2021-10-01 17:35:16.829385] nvme_rdma.c: 928:nvme_rdma_register_rsps: *NOTICE*: res->poller->pd: 0x7f0f18000fd0
2: [2021-10-01 17:35:16.829401] nvme_rdma.c:2525:nvme_rdma_poller_create: *NOTICE*: Created SRQ 0x7f0ee8000e68, device mlx5_0
0: [2021-10-01 17:35:16.829404] nvme_rdma.c: 928:nvme_rdma_register_rsps: *NOTICE*: res->poller->pd: 0x7f07c0000fc0
0: [2021-10-01 17:35:16.829441] nvme_rdma.c:1020:nvme_rdma_create_resources: *NOTICE*: Created resources: qp (nil), poller 0x7f07c0008900, num_entries 128
2: [2021-10-01 17:35:16.829421] nvme_rdma.c: 928:nvme_rdma_register_rsps: *NOTICE*: res->poller->pd: 0x7f0ee8000e30
2: [2021-10-01 17:35:16.829425] nvme_rdma.c:1020:nvme_rdma_create_resources: *NOTICE*: Created resources: qp (nil), poller 0x7f0f18008900, num_entries 128
2: [2021-10-01 17:35:16.829458] nvme_rdma.c:1020:nvme_rdma_create_resources: *NOTICE*: Created resources: qp (nil), poller 0x7f0ee8000b40, num_entries 128
3: [2021-10-01 17:35:16.829544] nvme_rdma.c:2525:nvme_rdma_poller_create: *NOTICE*: Created SRQ 0x7f1d84008bf8, device mlx5_1
0: [2021-10-01 17:35:16.829584] nvme_rdma.c:2525:nvme_rdma_poller_create: *NOTICE*: Created SRQ 0x7f07c4008bf8, device mlx5_1
3: [2021-10-01 17:35:16.829571] nvme_rdma.c: 928:nvme_rdma_register_rsps: *NOTICE*: res->poller->pd: 0x7f1d84000fd0
3: [2021-10-01 17:35:16.829608] nvme_rdma.c:1020:nvme_rdma_create_resources: *NOTICE*: Created resources: qp (nil), poller 0x7f1d84008900, num_entries 128
0: [2021-10-01 17:35:16.829602] nvme_rdma.c: 928:nvme_rdma_register_rsps: *NOTICE*: res->poller->pd: 0x7f07c4000fc0
2: [2021-10-01 17:35:16.829660] nvme_rdma.c:2525:nvme_rdma_poller_create: *NOTICE*: Created SRQ 0x7f0ee4000e68, device mlx5_0
0: [2021-10-01 17:35:16.829639] nvme_rdma.c:1020:nvme_rdma_create_resources: *NOTICE*: Created resources: qp (nil), poller 0x7f07c4008900, num_entries 128
2: [2021-10-01 17:35:16.829678] nvme_rdma.c: 928:nvme_rdma_register_rsps: *NOTICE*: res->poller->pd: 0x7f0ee4000e30
2: [2021-10-01 17:35:16.829711] nvme_rdma.c:1020:nvme_rdma_create_resources: *NOTICE*: Created resources: qp (nil), poller 0x7f0ee4000b40, num_entries 128
3: [2021-10-01 17:35:16.829800] nvme_rdma.c:2525:nvme_rdma_poller_create: *NOTICE*: Created SRQ 0x7f1d50008bf8, device mlx5_1
0: [2021-10-01 17:35:16.829840] nvme_rdma.c:2525:nvme_rdma_poller_create: *NOTICE*: Created SRQ 0x7f07e0008bf8, device mlx5_1
3: [2021-10-01 17:35:16.829824] nvme_rdma.c: 928:nvme_rdma_register_rsps: *NOTICE*: res->poller->pd: 0x7f1d50000fc0
3: [2021-10-01 17:35:16.829861] nvme_rdma.c:1020:nvme_rdma_create_resources: *NOTICE*: Created resources: qp (nil), poller 0x7f1d50008900, num_entries 128
0: [2021-10-01 17:35:16.829860] nvme_rdma.c: 928:nvme_rdma_register_rsps: *NOTICE*: res->poller->pd: 0x7f07e0000fd0
0: [2021-10-01 17:35:16.829897] nvme_rdma.c:1020:nvme_rdma_create_resources: *NOTICE*: Created resources: qp (nil), poller 0x7f07e0008900, num_entries 128
3: [2021-10-01 17:35:16.830004] nvme_rdma.c:2525:nvme_rdma_poller_create: *NOTICE*: Created SRQ 0x7f1d60001bf8, device mlx5_1
0: [2021-10-01 17:35:16.830043] nvme_rdma.c:2525:nvme_rdma_poller_create: *NOTICE*: Created SRQ 0x7f07a8008bf8, device mlx5_1
3: [2021-10-01 17:35:16.830028] nvme_rdma.c: 928:nvme_rdma_register_rsps: *NOTICE*: res->poller->pd: 0x7f1d60000b30
3: [2021-10-01 17:35:16.830061] nvme_rdma.c:1020:nvme_rdma_create_resources: *NOTICE*: Created resources: qp (nil), poller 0x7f1d60001900, num_entries 128
2: [2021-10-01 17:35:16.830069] nvme_rdma.c:2525:nvme_rdma_poller_create: *NOTICE*: Created SRQ 0x1529d08, device mlx5_1
0: [2021-10-01 17:35:16.830069] nvme_rdma.c: 928:nvme_rdma_register_rsps: *NOTICE*: res->poller->pd: 0x7f07a8000fd0
0: [2021-10-01 17:35:16.830109] nvme_rdma.c:1020:nvme_rdma_create_resources: *NOTICE*: Created resources: qp (nil), poller 0x7f07a8008900, num_entries 128
2: [2021-10-01 17:35:16.830089] nvme_rdma.c: 928:nvme_rdma_register_rsps: *NOTICE*: res->poller->pd: 0x1328dc0
2: [2021-10-01 17:35:16.830132] nvme_rdma.c:1020:nvme_rdma_create_resources: *NOTICE*: Created resources: qp (nil), poller 0x1529a10, num_entries 128
3: [2021-10-01 17:35:16.830211] nvme_rdma.c:2525:nvme_rdma_poller_create: *NOTICE*: Created SRQ 0x7f1d64008bf8, device mlx5_1
3: [2021-10-01 17:35:16.830229] nvme_rdma.c: 928:nvme_rdma_register_rsps: *NOTICE*: res->poller->pd: 0x7f1d64000fc0
3: [2021-10-01 17:35:16.830265] nvme_rdma.c:1020:nvme_rdma_create_resources: *NOTICE*: Created resources: qp (nil), poller 0x7f1d64008900, num_entries 128
3: [2021-10-01 17:35:16.830414] nvme_rdma.c:2525:nvme_rdma_poller_create: *NOTICE*: Created SRQ 0x7f1d48008bf8, device mlx5_1
3: [2021-10-01 17:35:16.830442] nvme_rdma.c: 928:nvme_rdma_register_rsps: *NOTICE*: res->poller->pd: 0x7f1d48000fc0
3: [2021-10-01 17:35:16.830478] nvme_rdma.c:1020:nvme_rdma_create_resources: *NOTICE*: Created resources: qp (nil), poller 0x7f1d48008900, num_entries 128
3: [2021-10-01 17:35:16.830626] nvme_rdma.c:2525:nvme_rdma_poller_create: *NOTICE*: Created SRQ 0x7f1d40008c28, device mlx5_1
3: [2021-10-01 17:35:16.830644] nvme_rdma.c: 928:nvme_rdma_register_rsps: *NOTICE*: res->poller->pd: 0x7f1d40008bf0
3: [2021-10-01 17:35:16.830677] nvme_rdma.c:1020:nvme_rdma_create_resources: *NOTICE*: Created resources: qp (nil), poller 0x7f1d40008900, num_entries 128
2: [2021-10-01 17:35:16.830789] nvme_rdma.c:2525:nvme_rdma_poller_create: *NOTICE*: Created SRQ 0x7f0ef8008bf8, device mlx5_1
3: [2021-10-01 17:35:16.830822] nvme_rdma.c:2525:nvme_rdma_poller_create: *NOTICE*: Created SRQ 0x7f1d74008bf8, device mlx5_1
2: [2021-10-01 17:35:16.830810] nvme_rdma.c: 928:nvme_rdma_register_rsps: *NOTICE*: res->poller->pd: 0x7f0ef8000fd0
2: [2021-10-01 17:35:16.830845] nvme_rdma.c:1020:nvme_rdma_create_resources: *NOTICE*: Created resources: qp (nil), poller 0x7f0ef8008900, num_entries 128
3: [2021-10-01 17:35:16.830838] nvme_rdma.c: 928:nvme_rdma_register_rsps: *NOTICE*: res->poller->pd: 0x7f1d74000fd0
3: [2021-10-01 17:35:16.830869] nvme_rdma.c:1020:nvme_rdma_create_resources: *NOTICE*: Created resources: qp (nil), poller 0x7f1d74008900, num_entries 128
3: mlx5dv_reserved_qpn_alloc 1 1
1: mlx5dv_reserved_qpn_alloc 1 1
2: mlx5dv_reserved_qpn_alloc 1 1
2: [2021-10-01 17:35:16.831199] nvme_rdma.c:2525:nvme_rdma_poller_create: *NOTICE*: Created SRQ 0x7f0ec8008bf8, device mlx5_1
2: [2021-10-01 17:35:16.831220] nvme_rdma.c: 928:nvme_rdma_register_rsps: *NOTICE*: res->poller->pd: 0x7f0ec8000fc0
2: [2021-10-01 17:35:16.831257] nvme_rdma.c:1020:nvme_rdma_create_resources: *NOTICE*: Created resources: qp (nil), poller 0x7f0ec8008900, num_entries 128
2: [2021-10-01 17:35:16.831461] nvme_rdma.c:2525:nvme_rdma_poller_create: *NOTICE*: Created SRQ 0x7f0ef4008bf8, device mlx5_1
2: [2021-10-01 17:35:16.831483] nvme_rdma.c: 928:nvme_rdma_register_rsps: *NOTICE*: res->poller->pd: 0x7f0ef4000fd0
2: [2021-10-01 17:35:16.831515] nvme_rdma.c:1020:nvme_rdma_create_resources: *NOTICE*: Created resources: qp (nil), poller 0x7f0ef4008900, num_entries 128
2: [2021-10-01 17:35:16.831666] nvme_rdma.c:2525:nvme_rdma_poller_create: *NOTICE*: Created SRQ 0x7f0e98008bf8, device mlx5_1
2: [2021-10-01 17:35:16.831705] nvme_rdma.c: 928:nvme_rdma_register_rsps: *NOTICE*: res->poller->pd: 0x7f0e98000fc0
2: [2021-10-01 17:35:16.831738] nvme_rdma.c:1020:nvme_rdma_create_resources: *NOTICE*: Created resources: qp (nil), poller 0x7f0e98008900, num_entries 128
2: [2021-10-01 17:35:16.831884] nvme_rdma.c:2525:nvme_rdma_poller_create: *NOTICE*: Created SRQ 0x7f0f00008bf8, device mlx5_1
2: [2021-10-01 17:35:16.831908] nvme_rdma.c: 928:nvme_rdma_register_rsps: *NOTICE*: res->poller->pd: 0x7f0f00000fc0
2: [2021-10-01 17:35:16.831945] nvme_rdma.c:1020:nvme_rdma_create_resources: *NOTICE*: Created resources: qp (nil), poller 0x7f0f00008900, num_entries 128
2: [2021-10-01 17:35:16.832091] nvme_rdma.c:2525:nvme_rdma_poller_create: *NOTICE*: Created SRQ 0x7f0edc008bf8, device mlx5_1
2: [2021-10-01 17:35:16.832110] nvme_rdma.c: 928:nvme_rdma_register_rsps: *NOTICE*: res->poller->pd: 0x7f0edc000fd0
2: [2021-10-01 17:35:16.832140] nvme_rdma.c:1020:nvme_rdma_create_resources: *NOTICE*: Created resources: qp (nil), poller 0x7f0edc008900, num_entries 128
2: [2021-10-01 17:35:16.832284] nvme_rdma.c:2525:nvme_rdma_poller_create: *NOTICE*: Created SRQ 0x7f0ea0001bf8, device mlx5_1
2: [2021-10-01 17:35:16.832299] nvme_rdma.c: 928:nvme_rdma_register_rsps: *NOTICE*: res->poller->pd: 0x7f0ea0000b30
2: [2021-10-01 17:35:16.832329] nvme_rdma.c:1020:nvme_rdma_create_resources: *NOTICE*: Created resources: qp (nil), poller 0x7f0ea0001900, num_entries 128
2: [2021-10-01 17:35:16.832492] nvme_rdma.c:2525:nvme_rdma_poller_create: *NOTICE*: Created SRQ 0x7f0ecc008bf8, device mlx5_1
2: [2021-10-01 17:35:16.832509] nvme_rdma.c: 928:nvme_rdma_register_rsps: *NOTICE*: res->poller->pd: 0x7f0ecc000fd0
2: [2021-10-01 17:35:16.832544] nvme_rdma.c:1020:nvme_rdma_create_resources: *NOTICE*: Created resources: qp (nil), poller 0x7f0ecc008900, num_entries 128
2: [2021-10-01 17:35:16.832704] nvme_rdma.c:2525:nvme_rdma_poller_create: *NOTICE*: Created SRQ 0x7f0eb0008bf8, device mlx5_1
2: [2021-10-01 17:35:16.832721] nvme_rdma.c: 928:nvme_rdma_register_rsps: *NOTICE*: res->poller->pd: 0x7f0eb0000fc0
2: [2021-10-01 17:35:16.832760] nvme_rdma.c:1020:nvme_rdma_create_resources: *NOTICE*: Created resources: qp (nil), poller 0x7f0eb0008900, num_entries 128
2: [2021-10-01 17:35:16.832911] nvme_rdma.c:2525:nvme_rdma_poller_create: *NOTICE*: Created SRQ 0x7f0ed8008bf8, device mlx5_1
2: [2021-10-01 17:35:16.832929] nvme_rdma.c: 928:nvme_rdma_register_rsps: *NOTICE*: res->poller->pd: 0x7f0ed8000fc0
2: [2021-10-01 17:35:16.832966] nvme_rdma.c:1020:nvme_rdma_create_resources: *NOTICE*: Created resources: qp (nil), poller 0x7f0ed8008900, num_entries 128
2: [2021-10-01 17:35:16.833110] nvme_rdma.c:2525:nvme_rdma_poller_create: *NOTICE*: Created SRQ 0x7f0eb8008bf8, device mlx5_1
2: [2021-10-01 17:35:16.833126] nvme_rdma.c: 928:nvme_rdma_register_rsps: *NOTICE*: res->poller->pd: 0x7f0eb8000fc0
2: [2021-10-01 17:35:16.833158] nvme_rdma.c:1020:nvme_rdma_create_resources: *NOTICE*: Created resources: qp (nil), poller 0x7f0eb8008900, num_entries 128
2: [2021-10-01 17:35:16.833303] nvme_rdma.c:2525:nvme_rdma_poller_create: *NOTICE*: Created SRQ 0x7f0e90008bf8, device mlx5_1
0: [2021-10-01 17:35:16.833342] nvme_rdma.c:2525:nvme_rdma_poller_create: *NOTICE*: Created SRQ 0x7f07bc000e68, device mlx5_0
2: [2021-10-01 17:35:16.833320] nvme_rdma.c: 928:nvme_rdma_register_rsps: *NOTICE*: res->poller->pd: 0x7f0e90000fc0
2: [2021-10-01 17:35:16.833354] nvme_rdma.c:1020:nvme_rdma_create_resources: *NOTICE*: Created resources: qp (nil), poller 0x7f0e90008900, num_entries 128
0: [2021-10-01 17:35:16.833367] nvme_rdma.c: 928:nvme_rdma_register_rsps: *NOTICE*: res->poller->pd: 0x7f07bc000e30
0: [2021-10-01 17:35:16.833412] nvme_rdma.c:1020:nvme_rdma_create_resources: *NOTICE*: Created resources: qp (nil), poller 0x7f07bc000b40, num_entries 128
2: [2021-10-01 17:35:16.833501] nvme_rdma.c:2525:nvme_rdma_poller_create: *NOTICE*: Created SRQ 0x7f0ea8008bf8, device mlx5_1
0: [2021-10-01 17:35:16.833566] nvme_rdma.c:2525:nvme_rdma_poller_create: *NOTICE*: Created SRQ 0x7f07ac000e68, device mlx5_0
2: [2021-10-01 17:35:16.833519] nvme_rdma.c: 928:nvme_rdma_register_rsps: *NOTICE*: res->poller->pd: 0x7f0ea8000fd0
2: [2021-10-01 17:35:16.833547] nvme_rdma.c:1020:nvme_rdma_create_resources: *NOTICE*: Created resources: qp (nil), poller 0x7f0ea8008900, num_entries 128
0: [2021-10-01 17:35:16.833607] nvme_rdma.c: 928:nvme_rdma_register_rsps: *NOTICE*: res->poller->pd: 0x7f07ac000e30
0: [2021-10-01 17:35:16.833649] nvme_rdma.c:1020:nvme_rdma_create_resources: *NOTICE*: Created resources: qp (nil), poller 0x7f07ac000b40, num_entries 128
2: [2021-10-01 17:35:16.833703] nvme_rdma.c:2525:nvme_rdma_poller_create: *NOTICE*: Created SRQ 0x7f0ee4008bf8, device mlx5_1
0: [2021-10-01 17:35:16.833765] nvme_rdma.c:2525:nvme_rdma_poller_create: *NOTICE*: Created SRQ 0x7f0790000e58, device mlx5_0
2: [2021-10-01 17:35:16.833718] nvme_rdma.c: 928:nvme_rdma_register_rsps: *NOTICE*: res->poller->pd: 0x7f0ee4000fd0
2: [2021-10-01 17:35:16.833750] nvme_rdma.c:1020:nvme_rdma_create_resources: *NOTICE*: Created resources: qp (nil), poller 0x7f0ee4008900, num_entries 128
0: [2021-10-01 17:35:16.833790] nvme_rdma.c: 928:nvme_rdma_register_rsps: *NOTICE*: res->poller->pd: 0x7f0790000e20
0: [2021-10-01 17:35:16.833838] nvme_rdma.c:1020:nvme_rdma_create_resources: *NOTICE*: Created resources: qp (nil), poller 0x7f0790000b30, num_entries 128
2: [2021-10-01 17:35:16.833901] nvme_rdma.c:2525:nvme_rdma_poller_create: *NOTICE*: Created SRQ 0x7f0ee8008c18, device mlx5_1
2: [2021-10-01 17:35:16.833916] nvme_rdma.c: 928:nvme_rdma_register_rsps: *NOTICE*: res->poller->pd: 0x7f0ee8000fd0
2: [2021-10-01 17:35:16.833951] nvme_rdma.c:1020:nvme_rdma_create_resources: *NOTICE*: Created resources: qp (nil), poller 0x7f0ee8008920, num_entries 128
0: [2021-10-01 17:35:16.834045] nvme_rdma.c:2525:nvme_rdma_poller_create: *NOTICE*: Created SRQ 0x7f07d4000ed8, device mlx5_0
2: [2021-10-01 17:35:16.834109] nvme_rdma.c:2525:nvme_rdma_poller_create: *NOTICE*: Created SRQ 0x7f0ed4008bf8, device mlx5_1
0: [2021-10-01 17:35:16.834082] nvme_rdma.c: 928:nvme_rdma_register_rsps: *NOTICE*: res->poller->pd: 0x7f07d4000b00
0: [2021-10-01 17:35:16.834120] nvme_rdma.c:1020:nvme_rdma_create_resources: *NOTICE*: Created resources: qp (nil), poller 0x7f07d4000be0, num_entries 128
2: [2021-10-01 17:35:16.834126] nvme_rdma.c: 928:nvme_rdma_register_rsps: *NOTICE*: res->poller->pd: 0x7f0ed4000fc0
2: [2021-10-01 17:35:16.834166] nvme_rdma.c:1020:nvme_rdma_create_resources: *NOTICE*: Created resources: qp (nil), poller 0x7f0ed4008900, num_entries 128
0: [2021-10-01 17:35:16.834290] nvme_rdma.c:2525:nvme_rdma_poller_create: *NOTICE*: Created SRQ 0x7f079c000e68, device mlx5_0
0: [2021-10-01 17:35:16.834309] nvme_rdma.c: 928:nvme_rdma_register_rsps: *NOTICE*: res->poller->pd: 0x7f079c000e30
0: [2021-10-01 17:35:16.834347] nvme_rdma.c:1020:nvme_rdma_create_resources: *NOTICE*: Created resources: qp (nil), poller 0x7f079c000b40, num_entries 128
0: [2021-10-01 17:35:16.834347] nvme_rdma.c:2525:nvme_rdma_poller_create: *NOTICE*: Created SRQ 0x7f07bc008bf8, device mlx5_1
0: [2021-10-01 17:35:16.834379] nvme_rdma.c: 928:nvme_rdma_register_rsps: *NOTICE*: res->poller->pd: 0x7f07bc000fd0
0: [2021-10-01 17:35:16.834433] nvme_rdma.c:1020:nvme_rdma_create_resources: *NOTICE*: Created resources: qp (nil), poller 0x7f07bc008900, num_entries 128
0: [2021-10-01 17:35:16.834502] nvme_rdma.c:2525:nvme_rdma_poller_create: *NOTICE*: Created SRQ 0x7f07a4000e68, device mlx5_0
0: [2021-10-01 17:35:16.834535] nvme_rdma.c: 928:nvme_rdma_register_rsps: *NOTICE*: res->poller->pd: 0x7f07a4000e30
0: [2021-10-01 17:35:16.834566] nvme_rdma.c:1020:nvme_rdma_create_resources: *NOTICE*: Created resources: qp (nil), poller 0x7f07a4000b40, num_entries 128
0: [2021-10-01 17:35:16.834657] nvme_rdma.c:2525:nvme_rdma_poller_create: *NOTICE*: Created SRQ 0x7f07ac008bf8, device mlx5_1
0: [2021-10-01 17:35:16.834671] nvme_rdma.c: 928:nvme_rdma_register_rsps: *NOTICE*: res->poller->pd: 0x7f07ac000fd0
0: [2021-10-01 17:35:16.834711] nvme_rdma.c:2525:nvme_rdma_poller_create: *NOTICE*: Created SRQ 0x7f07a0000e58, device mlx5_0
0: [2021-10-01 17:35:16.834714] nvme_rdma.c:1020:nvme_rdma_create_resources: *NOTICE*: Created resources: qp (nil), poller 0x7f07ac008900, num_entries 128
0: [2021-10-01 17:35:16.834741] nvme_rdma.c: 928:nvme_rdma_register_rsps: *NOTICE*: res->poller->pd: 0x7f07a0000e20
0: [2021-10-01 17:35:16.834782] nvme_rdma.c:1020:nvme_rdma_create_resources: *NOTICE*: Created resources: qp (nil), poller 0x7f07a0000b30, num_entries 128
0: [2021-10-01 17:35:16.834926] nvme_rdma.c:2525:nvme_rdma_poller_create: *NOTICE*: Created SRQ 0x7f07b4000e68, device mlx5_0
0: [2021-10-01 17:35:16.834961] nvme_rdma.c: 928:nvme_rdma_register_rsps: *NOTICE*: res->poller->pd: 0x7f07b4000e30
0: [2021-10-01 17:35:16.834999] nvme_rdma.c:1020:nvme_rdma_create_resources: *NOTICE*: Created resources: qp (nil), poller 0x7f07b4000b40, num_entries 128
0: [2021-10-01 17:35:16.835005] nvme_rdma.c:2525:nvme_rdma_poller_create: *NOTICE*: Created SRQ 0x7f0790008bf8, device mlx5_1
0: [2021-10-01 17:35:16.835027] nvme_rdma.c: 928:nvme_rdma_register_rsps: *NOTICE*: res->poller->pd: 0x7f0790000fc0
0: [2021-10-01 17:35:16.835081] nvme_rdma.c:1020:nvme_rdma_create_resources: *NOTICE*: Created resources: qp (nil), poller 0x7f0790008900, num_entries 128
0: [2021-10-01 17:35:16.835160] nvme_rdma.c:2525:nvme_rdma_poller_create: *NOTICE*: Created SRQ 0x7f07d0000e68, device mlx5_0
0: [2021-10-01 17:35:16.835181] nvme_rdma.c: 928:nvme_rdma_register_rsps: *NOTICE*: res->poller->pd: 0x7f07d0000e30
0: [2021-10-01 17:35:16.835223] nvme_rdma.c:1020:nvme_rdma_create_resources: *NOTICE*: Created resources: qp (nil), poller 0x7f07d0000b40, num_entries 128
0: [2021-10-01 17:35:16.835344] nvme_rdma.c:2525:nvme_rdma_poller_create: *NOTICE*: Created SRQ 0x7f07d4001bf8, device mlx5_1
0: [2021-10-01 17:35:16.835359] nvme_rdma.c: 928:nvme_rdma_register_rsps: *NOTICE*: res->poller->pd: 0x7f07d4000b30
0: [2021-10-01 17:35:16.835402] nvme_rdma.c:1020:nvme_rdma_create_resources: *NOTICE*: Created resources: qp (nil), poller 0x7f07d4001900, num_entries 128
0: [2021-10-01 17:35:16.835696] nvme_rdma.c:2525:nvme_rdma_poller_create: *NOTICE*: Created SRQ 0x7f079c008bf8, device mlx5_1
0: [2021-10-01 17:35:16.835716] nvme_rdma.c: 928:nvme_rdma_register_rsps: *NOTICE*: res->poller->pd: 0x7f079c000fd0
0: [2021-10-01 17:35:16.835754] nvme_rdma.c:1020:nvme_rdma_create_resources: *NOTICE*: Created resources: qp (nil), poller 0x7f079c008900, num_entries 128
0: [2021-10-01 17:35:16.835913] nvme_rdma.c:2525:nvme_rdma_poller_create: *NOTICE*: Created SRQ 0x7f07a4008bf8, device mlx5_1
0: [2021-10-01 17:35:16.835943] nvme_rdma.c: 928:nvme_rdma_register_rsps: *NOTICE*: res->poller->pd: 0x7f07a4000fd0
0: [2021-10-01 17:35:16.835977] nvme_rdma.c:1020:nvme_rdma_create_resources: *NOTICE*: Created resources: qp (nil), poller 0x7f07a4008900, num_entries 128
0: [2021-10-01 17:35:16.836124] nvme_rdma.c:2525:nvme_rdma_poller_create: *NOTICE*: Created SRQ 0x7f07a0008bf8, device mlx5_1
0: [2021-10-01 17:35:16.836142] nvme_rdma.c: 928:nvme_rdma_register_rsps: *NOTICE*: res->poller->pd: 0x7f07a0000fc0
0: [2021-10-01 17:35:16.836178] nvme_rdma.c:1020:nvme_rdma_create_resources: *NOTICE*: Created resources: qp (nil), poller 0x7f07a0008900, num_entries 128
0: [2021-10-01 17:35:16.836325] nvme_rdma.c:2525:nvme_rdma_poller_create: *NOTICE*: Created SRQ 0x7f07b4008bf8, device mlx5_1
0: [2021-10-01 17:35:16.836341] nvme_rdma.c: 928:nvme_rdma_register_rsps: *NOTICE*: res->poller->pd: 0x7f07b4000fd0
0: [2021-10-01 17:35:16.836372] nvme_rdma.c:1020:nvme_rdma_create_resources: *NOTICE*: Created resources: qp (nil), poller 0x7f07b4008900, num_entries 128
0: [2021-10-01 17:35:16.836516] nvme_rdma.c:2525:nvme_rdma_poller_create: *NOTICE*: Created SRQ 0x7f07d0008c18, device mlx5_1
0: [2021-10-01 17:35:16.836531] nvme_rdma.c: 928:nvme_rdma_register_rsps: *NOTICE*: res->poller->pd: 0x7f07d0000fd0
0: [2021-10-01 17:35:16.836559] nvme_rdma.c:1020:nvme_rdma_create_resources: *NOTICE*: Created resources: qp (nil), poller 0x7f07d0008920, num_entries 128
0: [2021-10-01 17:35:16.837957] rdma.c:2990:nvmf_process_cm_event: *NOTICE*: In RDMA_CM_EVENT_CONNECT_REQUEST
0: mlx5dv_reserved_qpn_alloc 1 1
0: [2021-10-01 17:35:16.837977] rdma.c:2990:nvmf_process_cm_event: *NOTICE*: In RDMA_CM_EVENT_CONNECT_REQUEST
0: mlx5dv_reserved_qpn_alloc 1 1
0: [2021-10-01 17:35:16.837988] rdma.c:2990:nvmf_process_cm_event: *NOTICE*: In RDMA_CM_EVENT_CONNECT_REQUEST
0: mlx5dv_reserved_qpn_alloc 1 1
0: [2021-10-01 17:35:16.838005] rdma.c:2990:nvmf_process_cm_event: *NOTICE*: In RDMA_CM_EVENT_CONNECT_REQUEST
0: mlx5dv_reserved_qpn_alloc 1 1
0: [2021-10-01 17:35:16.837998] nvme_rdma.c:1386:_nvme_rdma_ctrlr_connect_qpair: *NOTICE*: Connect rdma qpair: pg 0x7f0800000a90, srq depth 128
1: [2021-10-01 17:35:16.837991] nvme_rdma.c:1386:_nvme_rdma_ctrlr_connect_qpair: *NOTICE*: Connect rdma qpair: pg 0x7f4000000a90, srq depth 128
3: [2021-10-01 17:35:16.838006] nvme_rdma.c:1386:_nvme_rdma_ctrlr_connect_qpair: *NOTICE*: Connect rdma qpair: pg 0x7f1db0000a90, srq depth 128
2: [2021-10-01 17:35:16.838036] nvme_rdma.c:1386:_nvme_rdma_ctrlr_connect_qpair: *NOTICE*: Connect rdma qpair: pg 0x7f0f0c000a90, srq depth 128
0: mlx5dv_reserved_qpn_alloc 1 1
1: mlx5dv_reserved_qpn_alloc 1 1
2: mlx5dv_reserved_qpn_alloc 1 1
3: mlx5dv_reserved_qpn_alloc 1 1
4: mlx5dv_reserved_qpn_alloc 1 1
0: [2021-10-01 17:35:16.847942] rdma.c:2990:nvmf_process_cm_event: *NOTICE*: In RDMA_CM_EVENT_CONNECT_REQUEST
0: mlx5dv_reserved_qpn_alloc 1 1
0: [2021-10-01 17:35:16.847965] rdma.c:2990:nvmf_process_cm_event: *NOTICE*: In RDMA_CM_EVENT_CONNECT_REQUEST
0: mlx5dv_reserved_qpn_alloc 1 1
0: [2021-10-01 17:35:16.847982] rdma.c:2990:nvmf_process_cm_event: *NOTICE*: In RDMA_CM_EVENT_CONNECT_REQUEST
0: [2021-10-01 17:35:16.847998] rdma.c:2990:nvmf_process_cm_event: *NOTICE*: In RDMA_CM_EVENT_CONNECT_REQUEST
0: [2021-10-01 17:35:16.847957] nvme_rdma.c:1386:_nvme_rdma_ctrlr_connect_qpair: *NOTICE*: Connect rdma qpair: pg 0x7f07fc000a90, srq depth 128
1: [2021-10-01 17:35:16.847965] nvme_rdma.c:1386:_nvme_rdma_ctrlr_connect_qpair: *NOTICE*: Connect rdma qpair: pg 0x7f3ff4000a90, srq depth 128
0: mlx5dv_reserved_qpn_alloc 1 1
1: mlx5dv_reserved_qpn_alloc 1 1
0: mlx5dv_reserved_qpn_alloc 1 1
3: [2021-10-01 17:35:16.852134] nvme_rdma.c:1386:_nvme_rdma_ctrlr_connect_qpair: *NOTICE*: Connect rdma qpair: pg 0x7f1dbc000a90, srq depth 128
0: mlx5dv_reserved_qpn_alloc 1 1
2: [2021-10-01 17:35:16.852304] nvme_rdma.c:1386:_nvme_rdma_ctrlr_connect_qpair: *NOTICE*: Connect rdma qpair: pg 0x7f0f1c000a90, srq depth 128
3: mlx5dv_reserved_qpn_alloc 1 1
2: mlx5dv_reserved_qpn_alloc 1 1
0: [2021-10-01 17:35:16.857924] rdma.c:2990:nvmf_process_cm_event: *NOTICE*: In RDMA_CM_EVENT_CONNECT_REQUEST
0: [2021-10-01 17:35:16.857943] rdma.c:2990:nvmf_process_cm_event: *NOTICE*: In RDMA_CM_EVENT_CONNECT_REQUEST
0: [2021-10-01 17:35:16.857961] rdma.c:2990:nvmf_process_cm_event: *NOTICE*: In RDMA_CM_EVENT_CONNECT_REQUEST
0: mlx5dv_reserved_qpn_alloc 1 1
0: [2021-10-01 17:35:16.857978] rdma.c:2990:nvmf_process_cm_event: *NOTICE*: In RDMA_CM_EVENT_CONNECT_REQUEST
0: [2021-10-01 17:35:16.857999] rdma.c:2990:nvmf_process_cm_event: *NOTICE*: In RDMA_CM_EVENT_CONNECT_REQUEST
4: [2021-10-01 17:35:16.858278] nvme_rdma.c:1386:_nvme_rdma_ctrlr_connect_qpair: *NOTICE*: Connect rdma qpair: pg (nil), srq depth 128
4: [2021-10-01 17:35:16.858330] nvme_rdma.c:1020:nvme_rdma_create_resources: *NOTICE*: Created resources: qp 0xe5ed10, poller (nil), num_entries 32
0: mlx5dv_reserved_qpn_alloc 1 1
3: [2021-10-01 17:35:16.861169] nvme_rdma.c:1386:_nvme_rdma_ctrlr_connect_qpair: *NOTICE*: Connect rdma qpair: pg 0x7f1da8000a90, srq depth 128
0: mlx5dv_reserved_qpn_alloc 1 1
1: [2021-10-01 17:35:16.861295] nvme_rdma.c:1386:_nvme_rdma_ctrlr_connect_qpair: *NOTICE*: Connect rdma qpair: pg 0x7f3fec000a90, srq depth 128
0: mlx5dv_reserved_qpn_alloc 1 1
2: [2021-10-01 17:35:16.861548] nvme_rdma.c:1386:_nvme_rdma_ctrlr_connect_qpair: *NOTICE*: Connect rdma qpair: pg 0x7f0f10000a90, srq depth 128
0: mlx5dv_reserved_qpn_alloc 1 1
0: [2021-10-01 17:35:16.861716] nvme_rdma.c:1386:_nvme_rdma_ctrlr_connect_qpair: *NOTICE*: Connect rdma qpair: pg 0x7f07f0000a90, srq depth 128
3: mlx5dv_reserved_qpn_alloc 1 1
1: mlx5dv_reserved_qpn_alloc 1 1
2: mlx5dv_reserved_qpn_alloc 1 1
0: mlx5dv_reserved_qpn_alloc 1 1
4: mlx5dv_reserved_qpn_alloc 1 1
0: [2021-10-01 17:35:16.867911] rdma.c:2990:nvmf_process_cm_event: *NOTICE*: In RDMA_CM_EVENT_CONNECT_REQUEST
0: [2021-10-01 17:35:16.867931] rdma.c:2990:nvmf_process_cm_event: *NOTICE*: In RDMA_CM_EVENT_CONNECT_REQUEST
0: [2021-10-01 17:35:16.867946] rdma.c:2990:nvmf_process_cm_event: *NOTICE*: In RDMA_CM_EVENT_CONNECT_REQUEST
0: [2021-10-01 17:35:16.867968] rdma.c:2990:nvmf_process_cm_event: *NOTICE*: In RDMA_CM_EVENT_CONNECT_REQUEST
0: [2021-10-01 17:35:16.867982] rdma.c:2990:nvmf_process_cm_event: *NOTICE*: In RDMA_CM_EVENT_CONNECT_REQUEST
0: mlx5dv_reserved_qpn_alloc 1 1
4: [2021-10-01 17:35:16.868259] nvme_rdma.c:1386:_nvme_rdma_ctrlr_connect_qpair: *NOTICE*: Connect rdma qpair: pg (nil), srq depth 128
4: [2021-10-01 17:35:16.868302] nvme_rdma.c:1020:nvme_rdma_create_resources: *NOTICE*: Created resources: qp 0xe66420, poller (nil), num_entries 32
0: mlx5dv_reserved_qpn_alloc 1 1
3: [2021-10-01 17:35:16.871110] nvme_rdma.c:1386:_nvme_rdma_ctrlr_connect_qpair: *NOTICE*: Connect rdma qpair: pg 0x7f1d94000a90, srq depth 128
0: mlx5dv_reserved_qpn_alloc 1 1
2: [2021-10-01 17:35:16.871310] nvme_rdma.c:1386:_nvme_rdma_ctrlr_connect_qpair: *NOTICE*: Connect rdma qpair: pg 0x7f0efc000a90, srq depth 128
0: mlx5dv_reserved_qpn_alloc 1 1
1: [2021-10-01 17:35:16.871507] nvme_rdma.c:1386:_nvme_rdma_ctrlr_connect_qpair: *NOTICE*: Connect rdma qpair: pg 0x7f3ff8000a90, srq depth 128
0: mlx5dv_reserved_qpn_alloc 1 1
0: [2021-10-01 17:35:16.871712] nvme_rdma.c:1386:_nvme_rdma_ctrlr_connect_qpair: *NOTICE*: Connect rdma qpair: pg 0x7f07f4000a90, srq depth 128
4: [2021-10-01 17:35:16.872808] dc_mlx5_dv.c: 963:spdk_rdma_qp_reset: *NOTICE*: Reset called for qp: 0xe63d60
3: mlx5dv_reserved_qpn_alloc 1 1
2: mlx5dv_reserved_qpn_alloc 1 1
1: mlx5dv_reserved_qpn_alloc 1 1
0: mlx5dv_reserved_qpn_alloc 1 1
0: [2021-10-01 17:35:16.877903] rdma.c:2990:nvmf_process_cm_event: *NOTICE*: In RDMA_CM_EVENT_CONNECT_REQUEST
0: [2021-10-01 17:35:16.877925] rdma.c:2990:nvmf_process_cm_event: *NOTICE*: In RDMA_CM_EVENT_CONNECT_REQUEST
0: [2021-10-01 17:35:16.877946] rdma.c:2990:nvmf_process_cm_event: *NOTICE*: In RDMA_CM_EVENT_CONNECT_REQUEST
0: [2021-10-01 17:35:16.877965] rdma.c:2990:nvmf_process_cm_event: *NOTICE*: In RDMA_CM_EVENT_CONNECT_REQUEST
0: mlx5dv_reserved_qpn_alloc 1 1
2: [2021-10-01 17:35:16.880831] nvme_rdma.c:1386:_nvme_rdma_ctrlr_connect_qpair: *NOTICE*: Connect rdma qpair: pg 0x7f0f04000a90, srq depth 128
0: mlx5dv_reserved_qpn_alloc 1 1
1: [2021-10-01 17:35:16.881031] nvme_rdma.c:1386:_nvme_rdma_ctrlr_connect_qpair: *NOTICE*: Connect rdma qpair: pg 0x7f3ff0000a90, srq depth 128
0: mlx5dv_reserved_qpn_alloc 1 1
3: [2021-10-01 17:35:16.881282] nvme_rdma.c:1386:_nvme_rdma_ctrlr_connect_qpair: *NOTICE*: Connect rdma qpair: pg 0x7f1da4000a90, srq depth 128
0: mlx5dv_reserved_qpn_alloc 1 1
0: [2021-10-01 17:35:16.881448] nvme_rdma.c:1386:_nvme_rdma_ctrlr_connect_qpair: *NOTICE*: Connect rdma qpair: pg 0x7f07e4000a90, srq depth 128
2: mlx5dv_reserved_qpn_alloc 1 1
1: mlx5dv_reserved_qpn_alloc 1 1
3: mlx5dv_reserved_qpn_alloc 1 1
0: mlx5dv_reserved_qpn_alloc 1 1
0: [2021-10-01 17:35:16.887877] rdma.c:2990:nvmf_process_cm_event: *NOTICE*: In RDMA_CM_EVENT_CONNECT_REQUEST
0: [2021-10-01 17:35:16.887897] rdma.c:2990:nvmf_process_cm_event: *NOTICE*: In RDMA_CM_EVENT_CONNECT_REQUEST
0: [2021-10-01 17:35:16.887915] rdma.c:2990:nvmf_process_cm_event: *NOTICE*: In RDMA_CM_EVENT_CONNECT_REQUEST
0: [2021-10-01 17:35:16.887935] rdma.c:2990:nvmf_process_cm_event: *NOTICE*: In RDMA_CM_EVENT_CONNECT_REQUEST
4: [2021-10-01 17:35:16.889685] nvme_rdma.c:2525:nvme_rdma_poller_create: *NOTICE*: Created SRQ 0x7f6434000e58, device mlx5_0
4: [2021-10-01 17:35:16.889870] nvme_rdma.c: 928:nvme_rdma_register_rsps: *NOTICE*: res->poller->pd: 0x7f6434000e20
4: [2021-10-01 17:35:16.889943] nvme_rdma.c:1020:nvme_rdma_create_resources: *NOTICE*: Created resources: qp (nil), poller 0x7f6434000b30, num_entries 128
4: [2021-10-01 17:35:16.890264] nvme_rdma.c:2525:nvme_rdma_poller_create: *NOTICE*: Created SRQ 0x7f6430000e58, device mlx5_0
4: [2021-10-01 17:35:16.890478] nvme_rdma.c: 928:nvme_rdma_register_rsps: *NOTICE*: res->poller->pd: 0x7f6430000e20
4: [2021-10-01 17:35:16.890597] nvme_rdma.c:1020:nvme_rdma_create_resources: *NOTICE*: Created resources: qp (nil), poller 0x7f6430000b30, num_entries 128
4: [2021-10-01 17:35:16.890797] nvme_rdma.c:2525:nvme_rdma_poller_create: *NOTICE*: Created SRQ 0x7f6438000e58, device mlx5_0
4: [2021-10-01 17:35:16.890817] nvme_rdma.c: 928:nvme_rdma_register_rsps: *NOTICE*: res->poller->pd: 0x7f6438000e20
0: mlx5dv_reserved_qpn_alloc 1 1
4: [2021-10-01 17:35:16.891178] nvme_rdma.c:1020:nvme_rdma_create_resources: *NOTICE*: Created resources: qp (nil), poller 0x7f6438000b30, num_entries 128
0: [2021-10-01 17:35:16.890998] nvme_rdma.c:1386:_nvme_rdma_ctrlr_connect_qpair: *NOTICE*: Connect rdma qpair: pg 0x7f07ec000a90, srq depth 128
0: mlx5dv_reserved_qpn_alloc 1 1
4: [2021-10-01 17:35:16.891389] nvme_rdma.c:2525:nvme_rdma_poller_create: *NOTICE*: Created SRQ 0x7f641c000e58, device mlx5_0
2: [2021-10-01 17:35:16.891190] nvme_rdma.c:1386:_nvme_rdma_ctrlr_connect_qpair: *NOTICE*: Connect rdma qpair: pg 0x7f0eec000ab0, srq depth 128
4: [2021-10-01 17:35:16.891422] nvme_rdma.c: 928:nvme_rdma_register_rsps: *NOTICE*: res->poller->pd: 0x7f641c000e20
4: [2021-10-01 17:35:16.891558] nvme_rdma.c:1020:nvme_rdma_create_resources: *NOTICE*: Created resources: qp (nil), poller 0x7f641c000b30, num_entries 128
0: mlx5dv_reserved_qpn_alloc 1 1
1: [2021-10-01 17:35:16.891400] nvme_rdma.c:1386:_nvme_rdma_ctrlr_connect_qpair: *NOTICE*: Connect rdma qpair: pg 0x7f3fe4000a90, srq depth 128
0: mlx5dv_reserved_qpn_alloc 1 1
3: [2021-10-01 17:35:16.891623] nvme_rdma.c:1386:_nvme_rdma_ctrlr_connect_qpair: *NOTICE*: Connect rdma qpair: pg 0x7f1d9c000a90, srq depth 128
4: [2021-10-01 17:35:16.892019] nvme_rdma.c:2525:nvme_rdma_poller_create: *NOTICE*: Created SRQ 0x7f6434008c68, device mlx5_1
4: [2021-10-01 17:35:16.892035] nvme_rdma.c:2525:nvme_rdma_poller_create: *NOTICE*: Created SRQ 0x7f642c000e58, device mlx5_0
4: [2021-10-01 17:35:16.892040] nvme_rdma.c: 928:nvme_rdma_register_rsps: *NOTICE*: res->poller->pd: 0x7f6434000fc0
4: [2021-10-01 17:35:16.892256] nvme_rdma.c: 928:nvme_rdma_register_rsps: *NOTICE*: res->poller->pd: 0x7f642c000e20
4: [2021-10-01 17:35:16.892309] nvme_rdma.c:1020:nvme_rdma_create_resources: *NOTICE*: Created resources: qp (nil), poller 0x7f642c000b30, num_entries 128
4: [2021-10-01 17:35:16.892327] nvme_rdma.c:1020:nvme_rdma_create_resources: *NOTICE*: Created resources: qp (nil), poller 0x7f6434008900, num_entries 128
4: [2021-10-01 17:35:16.892507] nvme_rdma.c:2525:nvme_rdma_poller_create: *NOTICE*: Created SRQ 0x7f6424000e58, device mlx5_0
4: [2021-10-01 17:35:16.892528] nvme_rdma.c: 928:nvme_rdma_register_rsps: *NOTICE*: res->poller->pd: 0x7f6424000e20
4: [2021-10-01 17:35:16.892624] nvme_rdma.c:2525:nvme_rdma_poller_create: *NOTICE*: Created SRQ 0x7f6430008bf8, device mlx5_1
4: [2021-10-01 17:35:16.892712] nvme_rdma.c:1020:nvme_rdma_create_resources: *NOTICE*: Created resources: qp (nil), poller 0x7f6424000b30, num_entries 128
4: [2021-10-01 17:35:16.892957] nvme_rdma.c: 928:nvme_rdma_register_rsps: *NOTICE*: res->poller->pd: 0x7f6430000fc0
4: [2021-10-01 17:35:16.893229] nvme_rdma.c:1020:nvme_rdma_create_resources: *NOTICE*: Created resources: qp (nil), poller 0x7f6430008900, num_entries 128
4: [2021-10-01 17:35:16.893452] nvme_rdma.c:2525:nvme_rdma_poller_create: *NOTICE*: Created SRQ 0x7f6420000e58, device mlx5_0
4: [2021-10-01 17:35:16.893516] nvme_rdma.c: 928:nvme_rdma_register_rsps: *NOTICE*: res->poller->pd: 0x7f6420000e20
4: [2021-10-01 17:35:16.893569] nvme_rdma.c:2525:nvme_rdma_poller_create: *NOTICE*: Created SRQ 0x7f6438008bf8, device mlx5_1
4: [2021-10-01 17:35:16.893613] nvme_rdma.c: 928:nvme_rdma_register_rsps: *NOTICE*: res->poller->pd: 0x7f6438000fc0
4: [2021-10-01 17:35:16.893631] nvme_rdma.c:1020:nvme_rdma_create_resources: *NOTICE*: Created resources: qp (nil), poller 0x7f6420000b30, num_entries 128
4: [2021-10-01 17:35:16.893698] nvme_rdma.c:1020:nvme_rdma_create_resources: *NOTICE*: Created resources: qp (nil), poller 0x7f6438008900, num_entries 128
4: [2021-10-01 17:35:16.893802] nvme_rdma.c:2525:nvme_rdma_poller_create: *NOTICE*: Created SRQ 0xe59fa8, device mlx5_0
4: [2021-10-01 17:35:16.893819] nvme_rdma.c: 928:nvme_rdma_register_rsps: *NOTICE*: res->poller->pd: 0xe5ec30
4: [2021-10-01 17:35:16.893877] nvme_rdma.c:1020:nvme_rdma_create_resources: *NOTICE*: Created resources: qp (nil), poller 0xe59cb0, num_entries 128
0: mlx5dv_reserved_qpn_alloc 1 1
1: mlx5dv_reserved_qpn_alloc 1 1
3: mlx5dv_reserved_qpn_alloc 1 1
2: mlx5dv_reserved_qpn_alloc 1 1
4: [2021-10-01 17:35:16.895220] nvme_rdma.c:2525:nvme_rdma_poller_create: *NOTICE*: Created SRQ 0x7f641c008bf8, device mlx5_1
4: [2021-10-01 17:35:16.895244] nvme_rdma.c: 928:nvme_rdma_register_rsps: *NOTICE*: res->poller->pd: 0x7f641c000fc0
4: [2021-10-01 17:35:16.895287] nvme_rdma.c:1020:nvme_rdma_create_resources: *NOTICE*: Created resources: qp (nil), poller 0x7f641c008900, num_entries 128
4: [2021-10-01 17:35:16.895580] nvme_rdma.c:2525:nvme_rdma_poller_create: *NOTICE*: Created SRQ 0x7f6404000e68, device mlx5_0
4: [2021-10-01 17:35:16.895615] nvme_rdma.c: 928:nvme_rdma_register_rsps: *NOTICE*: res->poller->pd: 0x7f6404000e30
4: [2021-10-01 17:35:16.895671] nvme_rdma.c:1020:nvme_rdma_create_resources: *NOTICE*: Created resources: qp (nil), poller 0x7f6404000b40, num_entries 128
4: [2021-10-01 17:35:16.895806] nvme_rdma.c:2525:nvme_rdma_poller_create: *NOTICE*: Created SRQ 0x7f642c008bf8, device mlx5_1
4: [2021-10-01 17:35:16.895857] nvme_rdma.c: 928:nvme_rdma_register_rsps: *NOTICE*: res->poller->pd: 0x7f642c000fc0
4: [2021-10-01 17:35:16.895915] nvme_rdma.c:1020:nvme_rdma_create_resources: *NOTICE*: Created resources: qp (nil), poller 0x7f642c008900, num_entries 128
4: [2021-10-01 17:35:16.896098] nvme_rdma.c:2525:nvme_rdma_poller_create: *NOTICE*: Created SRQ 0x7f6424008bf8, device mlx5_1
4: [2021-10-01 17:35:16.896118] nvme_rdma.c: 928:nvme_rdma_register_rsps: *NOTICE*: res->poller->pd: 0x7f6424000fc0
4: [2021-10-01 17:35:16.896166] nvme_rdma.c:1020:nvme_rdma_create_resources: *NOTICE*: Created resources: qp (nil), poller 0x7f6424008900, num_entries 128
4: [2021-10-01 17:35:16.896241] nvme_rdma.c:2525:nvme_rdma_poller_create: *NOTICE*: Created SRQ 0x7f63fc000ed8, device mlx5_0
4: [2021-10-01 17:35:16.896264] nvme_rdma.c: 928:nvme_rdma_register_rsps: *NOTICE*: res->poller->pd: 0x7f63fc000b00
4: [2021-10-01 17:35:16.896313] nvme_rdma.c:1020:nvme_rdma_create_resources: *NOTICE*: Created resources: qp (nil), poller 0x7f63fc000be0, num_entries 128
4: [2021-10-01 17:35:16.896530] nvme_rdma.c:2525:nvme_rdma_poller_create: *NOTICE*: Created SRQ 0x7f6414000e68, device mlx5_0
4: [2021-10-01 17:35:16.896549] nvme_rdma.c: 928:nvme_rdma_register_rsps: *NOTICE*: res->poller->pd: 0x7f6414000e30
4: [2021-10-01 17:35:16.896576] nvme_rdma.c:2525:nvme_rdma_poller_create: *NOTICE*: Created SRQ 0x1064ca8, device mlx5_1
4: [2021-10-01 17:35:16.896587] nvme_rdma.c:1020:nvme_rdma_create_resources: *NOTICE*: Created resources: qp (nil), poller 0x7f6414000b40, num_entries 128
4: [2021-10-01 17:35:16.896624] nvme_rdma.c: 928:nvme_rdma_register_rsps: *NOTICE*: res->poller->pd: 0x1064c70
4: [2021-10-01 17:35:16.896699] nvme_rdma.c:1020:nvme_rdma_create_resources: *NOTICE*: Created resources: qp (nil), poller 0xe63d60, num_entries 128
4: [2021-10-01 17:35:16.896959] nvme_rdma.c:2525:nvme_rdma_poller_create: *NOTICE*: Created SRQ 0x7f6400000e68, device mlx5_0
4: [2021-10-01 17:35:16.896985] nvme_rdma.c: 928:nvme_rdma_register_rsps: *NOTICE*: res->poller->pd: 0x7f6400000e30
4: [2021-10-01 17:35:16.897021] nvme_rdma.c:1020:nvme_rdma_create_resources: *NOTICE*: Created resources: qp (nil), poller 0x7f6400000b40, num_entries 128
4: [2021-10-01 17:35:16.897207] nvme_rdma.c:2525:nvme_rdma_poller_create: *NOTICE*: Created SRQ 0x7f6420008bf8, device mlx5_1
4: [2021-10-01 17:35:16.897245] nvme_rdma.c: 928:nvme_rdma_register_rsps: *NOTICE*: res->poller->pd: 0x7f6420000fc0
4: [2021-10-01 17:35:16.897291] nvme_rdma.c:2525:nvme_rdma_poller_create: *NOTICE*: Created SRQ 0x7f6418000e68, device mlx5_0
4: [2021-10-01 17:35:16.897294] nvme_rdma.c:1020:nvme_rdma_create_resources: *NOTICE*: Created resources: qp (nil), poller 0x7f6420008900, num_entries 128
4: [2021-10-01 17:35:16.897320] nvme_rdma.c: 928:nvme_rdma_register_rsps: *NOTICE*: res->poller->pd: 0x7f6418000e30
4: [2021-10-01 17:35:16.897432] nvme_rdma.c:1020:nvme_rdma_create_resources: *NOTICE*: Created resources: qp (nil), poller 0x7f6418000b40, num_entries 128
4: [2021-10-01 17:35:16.897648] nvme_rdma.c:2525:nvme_rdma_poller_create: *NOTICE*: Created SRQ 0x7f6404008bf8, device mlx5_1
4: [2021-10-01 17:35:16.897664] nvme_rdma.c: 928:nvme_rdma_register_rsps: *NOTICE*: res->poller->pd: 0x7f6404000fd0
4: [2021-10-01 17:35:16.897703] nvme_rdma.c:1020:nvme_rdma_create_resources: *NOTICE*: Created resources: qp (nil), poller 0x7f6404008900, num_entries 128
4: [2021-10-01 17:35:16.897886] nvme_rdma.c:2525:nvme_rdma_poller_create: *NOTICE*: Created SRQ 0x7f640c000e68, device mlx5_0
4: [2021-10-01 17:35:16.897904] nvme_rdma.c: 928:nvme_rdma_register_rsps: *NOTICE*: res->poller->pd: 0x7f640c000e30
4: [2021-10-01 17:35:16.897943] nvme_rdma.c:1020:nvme_rdma_create_resources: *NOTICE*: Created resources: qp (nil), poller 0x7f640c000b40, num_entries 128
0: [2021-10-01 17:35:16.897862] rdma.c:2990:nvmf_process_cm_event: *NOTICE*: In RDMA_CM_EVENT_CONNECT_REQUEST
0: [2021-10-01 17:35:16.897883] rdma.c:2990:nvmf_process_cm_event: *NOTICE*: In RDMA_CM_EVENT_CONNECT_REQUEST
0: [2021-10-01 17:35:16.897897] rdma.c:2990:nvmf_process_cm_event: *NOTICE*: In RDMA_CM_EVENT_CONNECT_REQUEST
0: [2021-10-01 17:35:16.897919] rdma.c:2990:nvmf_process_cm_event: *NOTICE*: In RDMA_CM_EVENT_CONNECT_REQUEST
4: [2021-10-01 17:35:16.898201] nvme_rdma.c:2525:nvme_rdma_poller_create: *NOTICE*: Created SRQ 0x7f63fc001bf8, device mlx5_1
4: [2021-10-01 17:35:16.898342] nvme_rdma.c: 928:nvme_rdma_register_rsps: *NOTICE*: res->poller->pd: 0x7f63fc000b30
4: [2021-10-01 17:35:16.898409] nvme_rdma.c:1020:nvme_rdma_create_resources: *NOTICE*: Created resources: qp (nil), poller 0x7f63fc001900, num_entries 128
4: [2021-10-01 17:35:16.899849] nvme_rdma.c:2525:nvme_rdma_poller_create: *NOTICE*: Created SRQ 0x7f63f8000e58, device mlx5_0
4: [2021-10-01 17:35:16.899890] nvme_rdma.c: 928:nvme_rdma_register_rsps: *NOTICE*: res->poller->pd: 0x7f63f8000e20
4: [2021-10-01 17:35:16.899942] nvme_rdma.c:1020:nvme_rdma_create_resources: *NOTICE*: Created resources: qp (nil), poller 0x7f63f8000b30, num_entries 128
4: [2021-10-01 17:35:16.900149] nvme_rdma.c:2525:nvme_rdma_poller_create: *NOTICE*: Created SRQ 0x7f6414008bf8, device mlx5_1
4: [2021-10-01 17:35:16.900184] nvme_rdma.c: 928:nvme_rdma_register_rsps: *NOTICE*: res->poller->pd: 0x7f6414000fd0
4: [2021-10-01 17:35:16.900238] nvme_rdma.c:1020:nvme_rdma_create_resources: *NOTICE*: Created resources: qp (nil), poller 0x7f6414008900, num_entries 128
4: [2021-10-01 17:35:16.900523] nvme_rdma.c:2525:nvme_rdma_poller_create: *NOTICE*: Created SRQ 0x7f6400008bf8, device mlx5_1
4: [2021-10-01 17:35:16.900539] nvme_rdma.c: 928:nvme_rdma_register_rsps: *NOTICE*: res->poller->pd: 0x7f6400000fd0
4: [2021-10-01 17:35:16.900582] nvme_rdma.c:1020:nvme_rdma_create_resources: *NOTICE*: Created resources: qp (nil), poller 0x7f6400008900, num_entries 128
0: mlx5dv_reserved_qpn_alloc 1 1
4: [2021-10-01 17:35:16.900934] nvme_rdma.c:2525:nvme_rdma_poller_create: *NOTICE*: Created SRQ 0x7f6418008bf8, device mlx5_1
4: [2021-10-01 17:35:16.900968] nvme_rdma.c: 928:nvme_rdma_register_rsps: *NOTICE*: res->poller->pd: 0x7f6418000fd0
1: [2021-10-01 17:35:16.900738] nvme_rdma.c:1386:_nvme_rdma_ctrlr_connect_qpair: *NOTICE*: Connect rdma qpair: pg 0x7f3fd8000ab0, srq depth 128
4: [2021-10-01 17:35:16.901009] nvme_rdma.c:1020:nvme_rdma_create_resources: *NOTICE*: Created resources: qp (nil), poller 0x7f6418008900, num_entries 128
4: [2021-10-01 17:35:16.901020] nvme_rdma.c:2525:nvme_rdma_poller_create: *NOTICE*: Created SRQ 0x7f63e8000e68, device mlx5_0
0: mlx5dv_reserved_qpn_alloc 1 1
4: [2021-10-01 17:35:16.901060] nvme_rdma.c: 928:nvme_rdma_register_rsps: *NOTICE*: res->poller->pd: 0x7f63e8000e30
4: [2021-10-01 17:35:16.901095] nvme_rdma.c:1020:nvme_rdma_create_resources: *NOTICE*: Created resources: qp (nil), poller 0x7f63e8000b40, num_entries 128
0: [2021-10-01 17:35:16.900964] nvme_rdma.c:1386:_nvme_rdma_ctrlr_connect_qpair: *NOTICE*: Connect rdma qpair: pg 0x7f07e8000a90, srq depth 128
4: [2021-10-01 17:35:16.901305] nvme_rdma.c:2525:nvme_rdma_poller_create: *NOTICE*: Created SRQ 0x7f640c008bf8, device mlx5_1
0: mlx5dv_reserved_qpn_alloc 1 1
4: [2021-10-01 17:35:16.901335] nvme_rdma.c: 928:nvme_rdma_register_rsps: *NOTICE*: res->poller->pd: 0x7f640c000fd0
4: [2021-10-01 17:35:16.901354] nvme_rdma.c:2525:nvme_rdma_poller_create: *NOTICE*: Created SRQ 0x7f6410000e68, device mlx5_0
4: [2021-10-01 17:35:16.901376] nvme_rdma.c:1020:nvme_rdma_create_resources: *NOTICE*: Created resources: qp (nil), poller 0x7f640c008900, num_entries 128
4: [2021-10-01 17:35:16.901378] nvme_rdma.c: 928:nvme_rdma_register_rsps: *NOTICE*: res->poller->pd: 0x7f6410000e30
4: [2021-10-01 17:35:16.901424] nvme_rdma.c:1020:nvme_rdma_create_resources: *NOTICE*: Created resources: qp (nil), poller 0x7f6410000b40, num_entries 128
2: [2021-10-01 17:35:16.901212] nvme_rdma.c:1386:_nvme_rdma_ctrlr_connect_qpair: *NOTICE*: Connect rdma qpair: pg 0x7f0f08000a90, srq depth 128
0: mlx5dv_reserved_qpn_alloc 1 1
3: [2021-10-01 17:35:16.901426] nvme_rdma.c:1386:_nvme_rdma_ctrlr_connect_qpair: *NOTICE*: Connect rdma qpair: pg 0x7f1d98000ab0, srq depth 128
4: [2021-10-01 17:35:16.901798] nvme_rdma.c:2525:nvme_rdma_poller_create: *NOTICE*: Created SRQ 0x7f63d0000e58, device mlx5_0
4: [2021-10-01 17:35:16.901822] nvme_rdma.c: 928:nvme_rdma_register_rsps: *NOTICE*: res->poller->pd: 0x7f63d0000e20
4: [2021-10-01 17:35:16.901899] nvme_rdma.c:1020:nvme_rdma_create_resources: *NOTICE*: Created resources: qp (nil), poller 0x7f63d0000b30, num_entries 128
4: [2021-10-01 17:35:16.901901] nvme_rdma.c:2525:nvme_rdma_poller_create: *NOTICE*: Created SRQ 0x7f63f8008bf8, device mlx5_1
4: [2021-10-01 17:35:16.901924] nvme_rdma.c: 928:nvme_rdma_register_rsps: *NOTICE*: res->poller->pd: 0x7f63f8000fc0
4: [2021-10-01 17:35:16.901966] nvme_rdma.c:1020:nvme_rdma_create_resources: *NOTICE*: Created resources: qp (nil), poller 0x7f63f8008900, num_entries 128
4: [2021-10-01 17:35:16.902302] nvme_rdma.c:2525:nvme_rdma_poller_create: *NOTICE*: Created SRQ 0x7f63c8000e58, device mlx5_0
4: [2021-10-01 17:35:16.902353] nvme_rdma.c: 928:nvme_rdma_register_rsps: *NOTICE*: res->poller->pd: 0x7f63c8000e20
4: [2021-10-01 17:35:16.902412] nvme_rdma.c:1020:nvme_rdma_create_resources: *NOTICE*: Created resources: qp (nil), poller 0x7f63c8000b30, num_entries 128
4: [2021-10-01 17:35:16.902537] nvme_rdma.c:2525:nvme_rdma_poller_create: *NOTICE*: Created SRQ 0x7f63e8008bf8, device mlx5_1
4: [2021-10-01 17:35:16.902573] nvme_rdma.c: 928:nvme_rdma_register_rsps: *NOTICE*: res->poller->pd: 0x7f63e8000fd0
4: [2021-10-01 17:35:16.902644] nvme_rdma.c:1020:nvme_rdma_create_resources: *NOTICE*: Created resources: qp (nil), poller 0x7f63e8008900, num_entries 128
4: [2021-10-01 17:35:16.902699] nvme_rdma.c:2525:nvme_rdma_poller_create: *NOTICE*: Created SRQ 0x7f63c0000e58, device mlx5_0
4: [2021-10-01 17:35:16.902719] nvme_rdma.c: 928:nvme_rdma_register_rsps: *NOTICE*: res->poller->pd: 0x7f63c0000e20
4: [2021-10-01 17:35:16.902925] nvme_rdma.c:1020:nvme_rdma_create_resources: *NOTICE*: Created resources: qp (nil), poller 0x7f63c0000b30, num_entries 128
4: [2021-10-01 17:35:16.902988] nvme_rdma.c:2525:nvme_rdma_poller_create: *NOTICE*: Created SRQ 0x7f6410008bf8, device mlx5_1
4: [2021-10-01 17:35:16.903007] nvme_rdma.c: 928:nvme_rdma_register_rsps: *NOTICE*: res->poller->pd: 0x7f6410000fd0
4: [2021-10-01 17:35:16.903064] nvme_rdma.c:1020:nvme_rdma_create_resources: *NOTICE*: Created resources: qp (nil), poller 0x7f6410008900, num_entries 128
0: mlx5dv_reserved_qpn_alloc 1 1
1: mlx5dv_reserved_qpn_alloc 1 1
2: mlx5dv_reserved_qpn_alloc 1 1
4: [2021-10-01 17:35:16.904646] nvme_rdma.c:2525:nvme_rdma_poller_create: *NOTICE*: Created SRQ 0x7f63b0000e58, device mlx5_0
4: [2021-10-01 17:35:16.904653] nvme_rdma.c:2525:nvme_rdma_poller_create: *NOTICE*: Created SRQ 0x7f63d0008bf8, device mlx5_1
4: [2021-10-01 17:35:16.904676] nvme_rdma.c: 928:nvme_rdma_register_rsps: *NOTICE*: res->poller->pd: 0x7f63b0000e20
4: [2021-10-01 17:35:16.904691] nvme_rdma.c: 928:nvme_rdma_register_rsps: *NOTICE*: res->poller->pd: 0x7f63d0000fc0
4: [2021-10-01 17:35:16.904762] nvme_rdma.c:1020:nvme_rdma_create_resources: *NOTICE*: Created resources: qp (nil), poller 0x7f63b0000b30, num_entries 128
4: [2021-10-01 17:35:16.904765] nvme_rdma.c:1020:nvme_rdma_create_resources: *NOTICE*: Created resources: qp (nil), poller 0x7f63d0008900, num_entries 128
4: [2021-10-01 17:35:16.905062] nvme_rdma.c:2525:nvme_rdma_poller_create: *NOTICE*: Created SRQ 0x7f63d8000e68, device mlx5_0
4: [2021-10-01 17:35:16.905085] nvme_rdma.c: 928:nvme_rdma_register_rsps: *NOTICE*: res->poller->pd: 0x7f63d8000e30
4: [2021-10-01 17:35:16.905129] nvme_rdma.c:1020:nvme_rdma_create_resources: *NOTICE*: Created resources: qp (nil), poller 0x7f63d8000b40, num_entries 128
3: mlx5dv_reserved_qpn_alloc 1 1
4: [2021-10-01 17:35:16.905170] nvme_rdma.c:2525:nvme_rdma_poller_create: *NOTICE*: Created SRQ 0x7f63c8008bf8, device mlx5_1
4: [2021-10-01 17:35:16.905204] nvme_rdma.c: 928:nvme_rdma_register_rsps: *NOTICE*: res->poller->pd: 0x7f63c8000fc0
4: [2021-10-01 17:35:16.905269] nvme_rdma.c:1020:nvme_rdma_create_resources: *NOTICE*: Created resources: qp (nil), poller 0x7f63c8008900, num_entries 128
4: [2021-10-01 17:35:16.905681] nvme_rdma.c:2525:nvme_rdma_poller_create: *NOTICE*: Created SRQ 0x7f63f0000e58, device mlx5_0
4: [2021-10-01 17:35:16.905703] nvme_rdma.c: 928:nvme_rdma_register_rsps: *NOTICE*: res->poller->pd: 0x7f63f0000e20
4: [2021-10-01 17:35:16.905779] nvme_rdma.c:1020:nvme_rdma_create_resources: *NOTICE*: Created resources: qp (nil), poller 0x7f63f0000b30, num_entries 128
4: [2021-10-01 17:35:16.905918] nvme_rdma.c:2525:nvme_rdma_poller_create: *NOTICE*: Created SRQ 0x7f63c0008bf8, device mlx5_1
4: [2021-10-01 17:35:16.905936] nvme_rdma.c: 928:nvme_rdma_register_rsps: *NOTICE*: res->poller->pd: 0x7f63c0000fc0
4: [2021-10-01 17:35:16.905987] nvme_rdma.c:1020:nvme_rdma_create_resources: *NOTICE*: Created resources: qp (nil), poller 0x7f63c0008900, num_entries 128
4: [2021-10-01 17:35:16.906031] nvme_rdma.c:2525:nvme_rdma_poller_create: *NOTICE*: Created SRQ 0x7f63b8000ed8, device mlx5_0
4: [2021-10-01 17:35:16.906069] nvme_rdma.c: 928:nvme_rdma_register_rsps: *NOTICE*: res->poller->pd: 0x7f63b8000b00
4: [2021-10-01 17:35:16.906101] nvme_rdma.c:1020:nvme_rdma_create_resources: *NOTICE*: Created resources: qp (nil), poller 0x7f63b8000be0, num_entries 128
4: [2021-10-01 17:35:16.906286] nvme_rdma.c:2525:nvme_rdma_poller_create: *NOTICE*: Created SRQ 0x7f63b0008bf8, device mlx5_1
4: [2021-10-01 17:35:16.906316] nvme_rdma.c: 928:nvme_rdma_register_rsps: *NOTICE*: res->poller->pd: 0x7f63b0000fc0
4: [2021-10-01 17:35:16.906389] nvme_rdma.c:1020:nvme_rdma_create_resources: *NOTICE*: Created resources: qp (nil), poller 0x7f63b0008900, num_entries 128
4: [2021-10-01 17:35:16.906494] nvme_rdma.c:2525:nvme_rdma_poller_create: *NOTICE*: Created SRQ 0x7f6408000e58, device mlx5_0
4: [2021-10-01 17:35:16.906519] nvme_rdma.c: 928:nvme_rdma_register_rsps: *NOTICE*: res->poller->pd: 0x7f6408000e20
4: [2021-10-01 17:35:16.906584] nvme_rdma.c:1020:nvme_rdma_create_resources: *NOTICE*: Created resources: qp (nil), poller 0x7f6408000b30, num_entries 128
4: [2021-10-01 17:35:16.906904] nvme_rdma.c:2525:nvme_rdma_poller_create: *NOTICE*: Created SRQ 0x7f63e0000e68, device mlx5_0
4: [2021-10-01 17:35:16.906926] nvme_rdma.c: 928:nvme_rdma_register_rsps: *NOTICE*: res->poller->pd: 0x7f63e0000e30
4: [2021-10-01 17:35:16.906976] nvme_rdma.c:1020:nvme_rdma_create_resources: *NOTICE*: Created resources: qp (nil), poller 0x7f63e0000b40, num_entries 128
4: [2021-10-01 17:35:16.907084] nvme_rdma.c:2525:nvme_rdma_poller_create: *NOTICE*: Created SRQ 0x7f63d8008bf8, device mlx5_1
4: [2021-10-01 17:35:16.907114] nvme_rdma.c: 928:nvme_rdma_register_rsps: *NOTICE*: res->poller->pd: 0x7f63d8000fd0
4: [2021-10-01 17:35:16.907158] nvme_rdma.c:1020:nvme_rdma_create_resources: *NOTICE*: Created resources: qp (nil), poller 0x7f63d8008900, num_entries 128
4: [2021-10-01 17:35:16.907340] nvme_rdma.c:2525:nvme_rdma_poller_create: *NOTICE*: Created SRQ 0x7f63a0000e58, device mlx5_0
4: [2021-10-01 17:35:16.907363] nvme_rdma.c: 928:nvme_rdma_register_rsps: *NOTICE*: res->poller->pd: 0x7f63a0000e20
4: [2021-10-01 17:35:16.907429] nvme_rdma.c:1020:nvme_rdma_create_resources: *NOTICE*: Created resources: qp (nil), poller 0x7f63a0000b30, num_entries 128
4: [2021-10-01 17:35:16.907581] nvme_rdma.c:2525:nvme_rdma_poller_create: *NOTICE*: Created SRQ 0x7f63f0008bf8, device mlx5_1
4: [2021-10-01 17:35:16.907614] nvme_rdma.c: 928:nvme_rdma_register_rsps: *NOTICE*: res->poller->pd: 0x7f63f0000fc0
4: [2021-10-01 17:35:16.907659] nvme_rdma.c:1020:nvme_rdma_create_resources: *NOTICE*: Created resources: qp (nil), poller 0x7f63f0008900, num_entries 128
4: [2021-10-01 17:35:16.907733] nvme_rdma.c:2525:nvme_rdma_poller_create: *NOTICE*: Created SRQ 0x7f63a8000e68, device mlx5_0
4: [2021-10-01 17:35:16.907754] nvme_rdma.c: 928:nvme_rdma_register_rsps: *NOTICE*: res->poller->pd: 0x7f63a8000e30
4: [2021-10-01 17:35:16.907787] nvme_rdma.c:1020:nvme_rdma_create_resources: *NOTICE*: Created resources: qp (nil), poller 0x7f63a8000b40, num_entries 128
4: [2021-10-01 17:35:16.907891] nvme_rdma.c:2525:nvme_rdma_poller_create: *NOTICE*: Created SRQ 0x7f63b8001bf8, device mlx5_1
4: [2021-10-01 17:35:16.907922] nvme_rdma.c: 928:nvme_rdma_register_rsps: *NOTICE*: res->poller->pd: 0x7f63b8000b30
4: [2021-10-01 17:35:16.907954] nvme_rdma.c:1020:nvme_rdma_create_resources: *NOTICE*: Created resources: qp (nil), poller 0x7f63b8001900, num_entries 128
0: [2021-10-01 17:35:16.907846] rdma.c:2990:nvmf_process_cm_event: *NOTICE*: In RDMA_CM_EVENT_CONNECT_REQUEST
0: [2021-10-01 17:35:16.907868] rdma.c:2990:nvmf_process_cm_event: *NOTICE*: In RDMA_CM_EVENT_CONNECT_REQUEST
0: [2021-10-01 17:35:16.907881] rdma.c:2990:nvmf_process_cm_event: *NOTICE*: In RDMA_CM_EVENT_CONNECT_REQUEST
0: [2021-10-01 17:35:16.907912] rdma.c:2990:nvmf_process_cm_event: *NOTICE*: In RDMA_CM_EVENT_CONNECT_REQUEST
0: mlx5dv_reserved_qpn_alloc 1 1
0: mlx5dv_reserved_qpn_alloc 1 1
3: [2021-10-01 17:35:16.907940] nvme_rdma.c:1386:_nvme_rdma_ctrlr_connect_qpair: *NOTICE*: Connect rdma qpair: pg 0x7f1db8000ab0, srq depth 128
2: [2021-10-01 17:35:16.907930] nvme_rdma.c:1386:_nvme_rdma_ctrlr_connect_qpair: *NOTICE*: Connect rdma qpair: pg 0x7f0ed0000a90, srq depth 128
4: [2021-10-01 17:35:16.908462] nvme_rdma.c:2525:nvme_rdma_poller_create: *NOTICE*: Created SRQ 0x7f6408008bf8, device mlx5_1
4: [2021-10-01 17:35:16.908482] nvme_rdma.c: 928:nvme_rdma_register_rsps: *NOTICE*: res->poller->pd: 0x7f6408000fc0
4: [2021-10-01 17:35:16.908520] nvme_rdma.c:1020:nvme_rdma_create_resources: *NOTICE*: Created resources: qp (nil), poller 0x7f6408008900, num_entries 128
4: [2021-10-01 17:35:16.908740] nvme_rdma.c:2525:nvme_rdma_poller_create: *NOTICE*: Created SRQ 0x7f63e0008bf8, device mlx5_1
4: [2021-10-01 17:35:16.908770] nvme_rdma.c: 928:nvme_rdma_register_rsps: *NOTICE*: res->poller->pd: 0x7f63e0000fd0
4: [2021-10-01 17:35:16.908806] nvme_rdma.c:1020:nvme_rdma_create_resources: *NOTICE*: Created resources: qp (nil), poller 0x7f63e0008900, num_entries 128
4: [2021-10-01 17:35:16.909026] nvme_rdma.c:2525:nvme_rdma_poller_create: *NOTICE*: Created SRQ 0x7f63a0008bf8, device mlx5_1
4: [2021-10-01 17:35:16.909045] nvme_rdma.c: 928:nvme_rdma_register_rsps: *NOTICE*: res->poller->pd: 0x7f63a0000fc0
4: [2021-10-01 17:35:16.909118] nvme_rdma.c:1020:nvme_rdma_create_resources: *NOTICE*: Created resources: qp (nil), poller 0x7f63a0008900, num_entries 128
4: [2021-10-01 17:35:16.909257] nvme_rdma.c:2525:nvme_rdma_poller_create: *NOTICE*: Created SRQ 0x7f63a8008c18, device mlx5_1
4: [2021-10-01 17:35:16.909276] nvme_rdma.c: 928:nvme_rdma_register_rsps: *NOTICE*: res->poller->pd: 0x7f63a8000fd0
4: [2021-10-01 17:35:16.909307] nvme_rdma.c:1020:nvme_rdma_create_resources: *NOTICE*: Created resources: qp (nil), poller 0x7f63a8008920, num_entries 128
0: mlx5dv_reserved_qpn_alloc 1 1
1: [2021-10-01 17:35:16.910536] nvme_rdma.c:1386:_nvme_rdma_ctrlr_connect_qpair: *NOTICE*: Connect rdma qpair: pg 0x7f3fdc000b60, srq depth 128
0: mlx5dv_reserved_qpn_alloc 1 1
0: [2021-10-01 17:35:16.910764] nvme_rdma.c:1386:_nvme_rdma_ctrlr_connect_qpair: *NOTICE*: Connect rdma qpair: pg 0x1b66f80, srq depth 128
2: mlx5dv_reserved_qpn_alloc 1 1
3: mlx5dv_reserved_qpn_alloc 1 1
1: mlx5dv_reserved_qpn_alloc 1 1
0: mlx5dv_reserved_qpn_alloc 1 1
4: mlx5dv_reserved_qpn_alloc 1 1
0: [2021-10-01 17:35:16.917827] rdma.c:2990:nvmf_process_cm_event: *NOTICE*: In RDMA_CM_EVENT_CONNECT_REQUEST
0: mlx5dv_reserved_qpn_alloc 1 1
0: [2021-10-01 17:35:16.917848] rdma.c:2990:nvmf_process_cm_event: *NOTICE*: In RDMA_CM_EVENT_CONNECT_REQUEST
0: mlx5dv_reserved_qpn_alloc 1 1
0: [2021-10-01 17:35:16.917858] rdma.c:2990:nvmf_process_cm_event: *NOTICE*: In RDMA_CM_EVENT_CONNECT_REQUEST
0: mlx5dv_reserved_qpn_alloc 1 1
0: [2021-10-01 17:35:16.917877] rdma.c:2990:nvmf_process_cm_event: *NOTICE*: In RDMA_CM_EVENT_CONNECT_REQUEST
0: mlx5dv_reserved_qpn_alloc 1 1
0: [2021-10-01 17:35:16.917893] rdma.c:2990:nvmf_process_cm_event: *NOTICE*: In RDMA_CM_EVENT_CONNECT_REQUEST
0: mlx5dv_reserved_qpn_alloc 1 1
2: [2021-10-01 17:35:16.917837] nvme_rdma.c:1386:_nvme_rdma_ctrlr_connect_qpair: *NOTICE*: Connect rdma qpair: pg 0x7f0ee0000b60, srq depth 128
3: [2021-10-01 17:35:16.917871] nvme_rdma.c:1386:_nvme_rdma_ctrlr_connect_qpair: *NOTICE*: Connect rdma qpair: pg 0x7f1da0000b60, srq depth 128
0: [2021-10-01 17:35:16.917883] nvme_rdma.c:1386:_nvme_rdma_ctrlr_connect_qpair: *NOTICE*: Connect rdma qpair: pg 0x7f07cc000ab0, srq depth 128
1: [2021-10-01 17:35:16.917861] nvme_rdma.c:1386:_nvme_rdma_ctrlr_connect_qpair: *NOTICE*: Connect rdma qpair: pg 0x2446f80, srq depth 128
4: [2021-10-01 17:35:16.918263] nvme_rdma.c:1386:_nvme_rdma_ctrlr_connect_qpair: *NOTICE*: Connect rdma qpair: pg 0x7f6434000a90, srq depth 128
1: mlx5dv_reserved_qpn_alloc 1 1
2: mlx5dv_reserved_qpn_alloc 1 1
3: mlx5dv_reserved_qpn_alloc 1 1
0: mlx5dv_reserved_qpn_alloc 1 1
4: mlx5dv_reserved_qpn_alloc 1 1
0: [2021-10-01 17:35:16.927809] rdma.c:2990:nvmf_process_cm_event: *NOTICE*: In RDMA_CM_EVENT_CONNECT_REQUEST
0: mlx5dv_reserved_qpn_alloc 1 1
0: [2021-10-01 17:35:16.927829] rdma.c:2990:nvmf_process_cm_event: *NOTICE*: In RDMA_CM_EVENT_CONNECT_REQUEST
0: mlx5dv_reserved_qpn_alloc 1 1
0: [2021-10-01 17:35:16.927847] rdma.c:2990:nvmf_process_cm_event: *NOTICE*: In RDMA_CM_EVENT_CONNECT_REQUEST
0: mlx5dv_reserved_qpn_alloc 1 1
0: [2021-10-01 17:35:16.927865] rdma.c:2990:nvmf_process_cm_event: *NOTICE*: In RDMA_CM_EVENT_CONNECT_REQUEST
0: mlx5dv_reserved_qpn_alloc 1 1
0: [2021-10-01 17:35:16.927881] rdma.c:2990:nvmf_process_cm_event: *NOTICE*: In RDMA_CM_EVENT_CONNECT_REQUEST
0: mlx5dv_reserved_qpn_alloc 1 1
0: [2021-10-01 17:35:16.927872] nvme_rdma.c:1386:_nvme_rdma_ctrlr_connect_qpair: *NOTICE*: Connect rdma qpair: pg 0x7f07b8000a90, srq depth 128
1: [2021-10-01 17:35:16.927824] nvme_rdma.c:1386:_nvme_rdma_ctrlr_connect_qpair: *NOTICE*: Connect rdma qpair: pg 0x7f3fe0000ab0, srq depth 128
3: [2021-10-01 17:35:16.927887] nvme_rdma.c:1386:_nvme_rdma_ctrlr_connect_qpair: *NOTICE*: Connect rdma qpair: pg 0x25e9f80, srq depth 128
2: [2021-10-01 17:35:16.927851] nvme_rdma.c:1386:_nvme_rdma_ctrlr_connect_qpair: *NOTICE*: Connect rdma qpair: pg 0x7f0ec0000ab0, srq depth 128
4: [2021-10-01 17:35:16.928177] nvme_rdma.c:1386:_nvme_rdma_ctrlr_connect_qpair: *NOTICE*: Connect rdma qpair: pg 0x7f6430000a90, srq depth 128
0: mlx5dv_reserved_qpn_alloc 1 1
1: mlx5dv_reserved_qpn_alloc 1 1
3: mlx5dv_reserved_qpn_alloc 1 1
2: mlx5dv_reserved_qpn_alloc 1 1
4: mlx5dv_reserved_qpn_alloc 1 1
0: [2021-10-01 17:35:16.937793] rdma.c:2990:nvmf_process_cm_event: *NOTICE*: In RDMA_CM_EVENT_CONNECT_REQUEST
0: mlx5dv_reserved_qpn_alloc 1 1
0: [2021-10-01 17:35:16.937815] rdma.c:2990:nvmf_process_cm_event: *NOTICE*: In RDMA_CM_EVENT_CONNECT_REQUEST
0: mlx5dv_reserved_qpn_alloc 1 1
0: [2021-10-01 17:35:16.937830] rdma.c:2990:nvmf_process_cm_event: *NOTICE*: In RDMA_CM_EVENT_CONNECT_REQUEST
0: mlx5dv_reserved_qpn_alloc 1 1
0: [2021-10-01 17:35:16.937847] rdma.c:2990:nvmf_process_cm_event: *NOTICE*: In RDMA_CM_EVENT_CONNECT_REQUEST
0: mlx5dv_reserved_qpn_alloc 1 1
0: [2021-10-01 17:35:16.937862] rdma.c:2990:nvmf_process_cm_event: *NOTICE*: In RDMA_CM_EVENT_CONNECT_REQUEST
0: mlx5dv_reserved_qpn_alloc 1 1
3: [2021-10-01 17:35:16.937836] nvme_rdma.c:1386:_nvme_rdma_ctrlr_connect_qpair: *NOTICE*: Connect rdma qpair: pg 0x7f1d8c000ab0, srq depth 128
1: [2021-10-01 17:35:16.937821] nvme_rdma.c:1386:_nvme_rdma_ctrlr_connect_qpair: *NOTICE*: Connect rdma qpair: pg 0x7f3fe8000ab0, srq depth 128
0: [2021-10-01 17:35:16.937828] nvme_rdma.c:1386:_nvme_rdma_ctrlr_connect_qpair: *NOTICE*: Connect rdma qpair: pg 0x7f07dc000ab0, srq depth 128
2: [2021-10-01 17:35:16.937849] nvme_rdma.c:1386:_nvme_rdma_ctrlr_connect_qpair: *NOTICE*: Connect rdma qpair: pg 0x7f0f18000ab0, srq depth 128
4: [2021-10-01 17:35:16.938147] nvme_rdma.c:1386:_nvme_rdma_ctrlr_connect_qpair: *NOTICE*: Connect rdma qpair: pg 0x7f6438000a90, srq depth 128
1: mlx5dv_reserved_qpn_alloc 1 1
0: mlx5dv_reserved_qpn_alloc 1 1
2: mlx5dv_reserved_qpn_alloc 1 1
3: mlx5dv_reserved_qpn_alloc 1 1
4: mlx5dv_reserved_qpn_alloc 1 1
0: [2021-10-01 17:35:16.947776] rdma.c:2990:nvmf_process_cm_event: *NOTICE*: In RDMA_CM_EVENT_CONNECT_REQUEST
0: mlx5dv_reserved_qpn_alloc 1 1
0: [2021-10-01 17:35:16.947795] rdma.c:2990:nvmf_process_cm_event: *NOTICE*: In RDMA_CM_EVENT_CONNECT_REQUEST
0: mlx5dv_reserved_qpn_alloc 1 1
0: [2021-10-01 17:35:16.947813] rdma.c:2990:nvmf_process_cm_event: *NOTICE*: In RDMA_CM_EVENT_CONNECT_REQUEST
0: mlx5dv_reserved_qpn_alloc 1 1
0: [2021-10-01 17:35:16.947832] rdma.c:2990:nvmf_process_cm_event: *NOTICE*: In RDMA_CM_EVENT_CONNECT_REQUEST
0: mlx5dv_reserved_qpn_alloc 1 1
0: [2021-10-01 17:35:16.947855] rdma.c:2990:nvmf_process_cm_event: *NOTICE*: In RDMA_CM_EVENT_CONNECT_REQUEST
0: mlx5dv_reserved_qpn_alloc 1 1
1: [2021-10-01 17:35:16.947788] nvme_rdma.c:1386:_nvme_rdma_ctrlr_connect_qpair: *NOTICE*: Connect rdma qpair: pg 0x7f3fd0000ab0, srq depth 128
0: [2021-10-01 17:35:16.947814] nvme_rdma.c:1386:_nvme_rdma_ctrlr_connect_qpair: *NOTICE*: Connect rdma qpair: pg 0x7f07d8000a90, srq depth 128
2: [2021-10-01 17:35:16.947822] nvme_rdma.c:1386:_nvme_rdma_ctrlr_connect_qpair: *NOTICE*: Connect rdma qpair: pg 0x136af80, srq depth 128
3: [2021-10-01 17:35:16.947879] nvme_rdma.c:1386:_nvme_rdma_ctrlr_connect_qpair: *NOTICE*: Connect rdma qpair: pg 0x7f1d78000a90, srq depth 128
4: [2021-10-01 17:35:16.948176] nvme_rdma.c:1386:_nvme_rdma_ctrlr_connect_qpair: *NOTICE*: Connect rdma qpair: pg 0x7f63d8000ab0, srq depth 128
3: Initializing NVMe Controllers
3: Attached to NVMe over Fabrics controller at 65.65.65.131:4420: nqn.2016-06.io.spdk:cnode1
3: Controller attach time is 23425.894 us (65358244 ticks)
3: Associating RDMA (addr:65.65.65.131 subnqn:nqn.2016-06.io.spdk:cnode1) NSID 1 with lcore 0
3: Associating RDMA (addr:65.65.65.131 subnqn:nqn.2016-06.io.spdk:cnode1) NSID 1 with lcore 1
3: Associating RDMA (addr:65.65.65.131 subnqn:nqn.2016-06.io.spdk:cnode1) NSID 1 with lcore 2
3: Associating RDMA (addr:65.65.65.131 subnqn:nqn.2016-06.io.spdk:cnode1) NSID 1 with lcore 3
3: Associating RDMA (addr:65.65.65.131 subnqn:nqn.2016-06.io.spdk:cnode1) NSID 1 with lcore 4
3: Associating RDMA (addr:65.65.65.131 subnqn:nqn.2016-06.io.spdk:cnode1) NSID 1 with lcore 5
3: Associating RDMA (addr:65.65.65.131 subnqn:nqn.2016-06.io.spdk:cnode1) NSID 1 with lcore 6
3: Associating RDMA (addr:65.65.65.131 subnqn:nqn.2016-06.io.spdk:cnode1) NSID 1 with lcore 7
3: Associating RDMA (addr:65.65.65.131 subnqn:nqn.2016-06.io.spdk:cnode1) NSID 1 with lcore 8
3: Associating RDMA (addr:65.65.65.131 subnqn:nqn.2016-06.io.spdk:cnode1) NSID 1 with lcore 9
3: Associating RDMA (addr:65.65.65.131 subnqn:nqn.2016-06.io.spdk:cnode1) NSID 1 with lcore 10
3: Associating RDMA (addr:65.65.65.131 subnqn:nqn.2016-06.io.spdk:cnode1) NSID 1 with lcore 11
3: Associating RDMA (addr:65.65.65.131 subnqn:nqn.2016-06.io.spdk:cnode1) NSID 1 with lcore 12
3: Associating RDMA (addr:65.65.65.131 subnqn:nqn.2016-06.io.spdk:cnode1) NSID 1 with lcore 13
3: Associating RDMA (addr:65.65.65.131 subnqn:nqn.2016-06.io.spdk:cnode1) NSID 1 with lcore 14
3: Associating RDMA (addr:65.65.65.131 subnqn:nqn.2016-06.io.spdk:cnode1) NSID 1 with lcore 15
3: Associating RDMA (addr:65.65.65.131 subnqn:nqn.2016-06.io.spdk:cnode1) NSID 1 with lcore 16
3: Associating RDMA (addr:65.65.65.131 subnqn:nqn.2016-06.io.spdk:cnode1) NSID 1 with lcore 17
3: Associating RDMA (addr:65.65.65.131 subnqn:nqn.2016-06.io.spdk:cnode1) NSID 1 with lcore 18
3: Associating RDMA (addr:65.65.65.131 subnqn:nqn.2016-06.io.spdk:cnode1) NSID 1 with lcore 19
3: Associating RDMA (addr:65.65.65.131 subnqn:nqn.2016-06.io.spdk:cnode1) NSID 1 with lcore 20
3: Associating RDMA (addr:65.65.65.131 subnqn:nqn.2016-06.io.spdk:cnode1) NSID 1 with lcore 21
3: Associating RDMA (addr:65.65.65.131 subnqn:nqn.2016-06.io.spdk:cnode1) NSID 1 with lcore 22
3: Associating RDMA (addr:65.65.65.131 subnqn:nqn.2016-06.io.spdk:cnode1) NSID 1 with lcore 23
3: Associating RDMA (addr:65.65.65.131 subnqn:nqn.2016-06.io.spdk:cnode1) NSID 1 with lcore 24
3: Associating RDMA (addr:65.65.65.131 subnqn:nqn.2016-06.io.spdk:cnode1) NSID 1 with lcore 25
3: Associating RDMA (addr:65.65.65.131 subnqn:nqn.2016-06.io.spdk:cnode1) NSID 1 with lcore 26
3: Associating RDMA (addr:65.65.65.131 subnqn:nqn.2016-06.io.spdk:cnode1) NSID 1 with lcore 27
3: Initialization complete. Launching workers.
3: IO qp on core 2 total time 19539.353 us (54514796 ticks), connect time 8373.465 us (23361968 ticks)
3: IO qp on core 3 total time 29522.026 us (82366452 ticks), connect time 17983.557 us (50174124 ticks)
3: IO qp on core 1 total time 43770.754 us (122120404 ticks), connect time 31071.720 us (86690100 ticks)
3: IO qp on core 5 total time 52679.923 us (146976984 ticks), connect time 39867.825 us (111231232 ticks)
3: IO qp on core 6 total time 62579.097 us (174595680 ticks), connect time 48838.162 us (136258472 ticks)
3: IO qp on core 4 total time 72815.646 us (203155652 ticks), connect time 58577.786 us (163432024 ticks)
3: IO qp on core 7 total time 83133.656 us (231942900 ticks), connect time 68464.185 us (191015076 ticks)
3: IO qp on core 26 total time 89000.740 us (248312064 ticks), connect time 78259.458 us (218343888 ticks)
3: IO qp on core 25 total time 95200.984 us (265610744 ticks), connect time 84076.694 us (234573976 ticks)
3: IO qp on core 27 total time 105132.744 us (293320356 ticks), connect time 93688.813 us (261391788 ticks)
3: IO qp on core 0 total time 119057.345 us (332169992 ticks), connect time 103278.321 us (288146516 ticks)
3: IO qp on core 18 total time 125402.586 us (349873216 ticks), connect time 113160.545 us (315717920 ticks)
1: Initializing NVMe Controllers
1: Attached to NVMe over Fabrics controller at 65.65.65.131:4420: nqn.2016-06.io.spdk:cnode1
1: Controller attach time is 20238.480 us (56465360 ticks)
1: Associating RDMA (addr:65.65.65.131 subnqn:nqn.2016-06.io.spdk:cnode1) NSID 1 with lcore 0
1: Associating RDMA (addr:65.65.65.131 subnqn:nqn.2016-06.io.spdk:cnode1) NSID 1 with lcore 1
1: Associating RDMA (addr:65.65.65.131 subnqn:nqn.2016-06.io.spdk:cnode1) NSID 1 with lcore 2
1: Associating RDMA (addr:65.65.65.131 subnqn:nqn.2016-06.io.spdk:cnode1) NSID 1 with lcore 3
1: Associating RDMA (addr:65.65.65.131 subnqn:nqn.2016-06.io.spdk:cnode1) NSID 1 with lcore 4
1: Associating RDMA (addr:65.65.65.131 subnqn:nqn.2016-06.io.spdk:cnode1) NSID 1 with lcore 5
1: Associating RDMA (addr:65.65.65.131 subnqn:nqn.2016-06.io.spdk:cnode1) NSID 1 with lcore 6
1: Associating RDMA (addr:65.65.65.131 subnqn:nqn.2016-06.io.spdk:cnode1) NSID 1 with lcore 7
1: Associating RDMA (addr:65.65.65.131 subnqn:nqn.2016-06.io.spdk:cnode1) NSID 1 with lcore 8
1: Associating RDMA (addr:65.65.65.131 subnqn:nqn.2016-06.io.spdk:cnode1) NSID 1 with lcore 9
1: Associating RDMA (addr:65.65.65.131 subnqn:nqn.2016-06.io.spdk:cnode1) NSID 1 with lcore 10
1: Associating RDMA (addr:65.65.65.131 subnqn:nqn.2016-06.io.spdk:cnode1) NSID 1 with lcore 11
1: Associating RDMA (addr:65.65.65.131 subnqn:nqn.2016-06.io.spdk:cnode1) NSID 1 with lcore 12
1: Associating RDMA (addr:65.65.65.131 subnqn:nqn.2016-06.io.spdk:cnode1) NSID 1 with lcore 13
1: Associating RDMA (addr:65.65.65.131 subnqn:nqn.2016-06.io.spdk:cnode1) NSID 1 with lcore 14
1: Associating RDMA (addr:65.65.65.131 subnqn:nqn.2016-06.io.spdk:cnode1) NSID 1 with lcore 15
1: Associating RDMA (addr:65.65.65.131 subnqn:nqn.2016-06.io.spdk:cnode1) NSID 1 with lcore 16
1: Associating RDMA (addr:65.65.65.131 subnqn:nqn.2016-06.io.spdk:cnode1) NSID 1 with lcore 17
1: Associating RDMA (addr:65.65.65.131 subnqn:nqn.2016-06.io.spdk:cnode1) NSID 1 with lcore 18
1: Associating RDMA (addr:65.65.65.131 subnqn:nqn.2016-06.io.spdk:cnode1) NSID 1 with lcore 19
1: Associating RDMA (addr:65.65.65.131 subnqn:nqn.2016-06.io.spdk:cnode1) NSID 1 with lcore 20
1: Associating RDMA (addr:65.65.65.131 subnqn:nqn.2016-06.io.spdk:cnode1) NSID 1 with lcore 21
1: Associating RDMA (addr:65.65.65.131 subnqn:nqn.2016-06.io.spdk:cnode1) NSID 1 with lcore 22
1: Associating RDMA (addr:65.65.65.131 subnqn:nqn.2016-06.io.spdk:cnode1) NSID 1 with lcore 23
1: Associating RDMA (addr:65.65.65.131 subnqn:nqn.2016-06.io.spdk:cnode1) NSID 1 with lcore 24
1: Associating RDMA (addr:65.65.65.131 subnqn:nqn.2016-06.io.spdk:cnode1) NSID 1 with lcore 25
1: Associating RDMA (addr:65.65.65.131 subnqn:nqn.2016-06.io.spdk:cnode1) NSID 1 with lcore 26
1: Associating RDMA (addr:65.65.65.131 subnqn:nqn.2016-06.io.spdk:cnode1) NSID 1 with lcore 27
1: Initialization complete. Launching workers.
1: IO qp on core 1 total time 29533.868 us (82399492 ticks), connect time 17221.897 us (48049092 ticks)
1: IO qp on core 2 total time 39424.361 us (109993968 ticks), connect time 27133.054 us (75701220 ticks)
1: IO qp on core 3 total time 49410.737 us (137855956 ticks), connect time 36266.634 us (101183908 ticks)
1: IO qp on core 5 total time 62757.203 us (175092596 ticks), connect time 47640.966 us (132918296 ticks)
1: IO qp on core 4 total time 73012.208 us (203704060 ticks), connect time 57149.124 us (159446056 ticks)
1: IO qp on core 6 total time 82512.648 us (230210288 ticks), connect time 66497.180 us (185527132 ticks)
1: IO qp on core 7 total time 92850.348 us (259052472 ticks), connect time 76568.981 us (213627456 ticks)
1: IO qp on core 27 total time 96748.862 us (269929324 ticks), connect time 85968.601 us (239852396 ticks)
1: IO qp on core 25 total time 106490.443 us (297108336 ticks), connect time 95179.467 us (265550712 ticks)
1: IO qp on core 0 total time 118967.283 us (331918720 ticks), connect time 101918.033 us (284351312 ticks)
1: IO qp on core 26 total time 123807.600 us (345423204 ticks), connect time 111806.097 us (311939012 ticks)
1: IO qp on core 24 total time 133823.742 us (373368240 ticks), connect time 121608.065 us (339286500 ticks)
0: mlx5dv_reserved_qpn_alloc 1 1
2: mlx5dv_reserved_qpn_alloc 1 1
3: IO qp on core 14 total time 134811.660 us (376124532 ticks), connect timlx5dv_reserved_qpn_alloc 1 1
1: IO qp on core 22 total time 143868.155 us (401392152 ticks), connemlx5dv_reserved_qpn_alloc 1 1
4: mlx5dv_reserved_qpn_alloc 1 1
0: [2021-10-01 17:35:16.957760] rdma.c:2990:nvmf_process_cm_event: *NOTICE*: In RDMA_CM_EVENT_CONNECT_REQUEST
0: mlx5dv_reserved_qpn_alloc 1 1
0: [2021-10-01 17:35:16.957781] rdma.c:2990:nvmf_process_cm_event: *NOTICE*: In RDMA_CM_EVENT_CONNECT_REQUEST
0: mlx5dv_reserved_qpn_alloc 1 1
0: [2021-10-01 17:35:16.957797] rdma.c:2990:nvmf_process_cm_event: *NOTICE*: In RDMA_CM_EVENT_CONNECT_REQUEST
0: mlx5dv_reserved_qpn_alloc 1 1
0: [2021-10-01 17:35:16.957817] rdma.c:2990:nvmf_process_cm_event: *NOTICE*: In RDMA_CM_EVENT_CONNECT_REQUEST
0: mlx5dv_reserved_qpn_alloc 1 1
0: [2021-10-01 17:35:16.957836] rdma.c:2990:nvmf_process_cm_event: *NOTICE*: In RDMA_CM_EVENT_CONNECT_REQUEST
2: [2021-10-01 17:35:16.957767] nvme_rdma.c:1386:_nvme_rdma_ctrlr_connect_qpair: *NOTICE*: Connect rdma qpair: pg 0x7f0ef8000ab0, srq depth 128
0: mlx5dv_reserved_qpn_alloc 1 1
0: [2021-10-01 17:35:16.957790] nvme_rdma.c:1386:_nvme_rdma_ctrlr_connect_qpair: *NOTICE*: Connect rdma qpair: pg 0x7f07b0000a90, srq depth 128
3: [2021-10-01 17:35:16.957827] nvme_rdma.c:1386:_nvme_rdma_ctrlr_connect_qpair: *NOTICE*: Connect rdma qpair: pg 0x7f1d90000ab0, srq depth 128
1: [2021-10-01 17:35:16.957819] nvme_rdma.c:1386:_nvme_rdma_ctrlr_connect_qpair: *NOTICE*: Connect rdma qpair: pg 0x7f3fc8000ab0, srq depth 128
4: [2021-10-01 17:35:16.958158] nvme_rdma.c:1386:_nvme_rdma_ctrlr_connect_qpair: *NOTICE*: Connect rdma qpair: pg 0x7f63f0000a90, srq depth 128
0: Initializing NVMe Controllers
0: Attached to NVMe over Fabrics controller at 65.65.65.131:4420: nqn.2016-06.io.spdk:cnode1
0: Controller attach time is 23257.974 us (64889748 ticks)
0: Associating RDMA (addr:65.65.65.131 subnqn:nqn.2016-06.io.spdk:cnode1) NSID 1 with lcore 0
0: Associating RDMA (addr:65.65.65.131 subnqn:nqn.2016-06.io.spdk:cnode1) NSID 1 with lcore 1
0: Associating RDMA (addr:65.65.65.131 subnqn:nqn.2016-06.io.spdk:cnode1) NSID 1 with lcore 2
0: Associating RDMA (addr:65.65.65.131 subnqn:nqn.2016-06.io.spdk:cnode1) NSID 1 with lcore 3
0: Associating RDMA (addr:65.65.65.131 subnqn:nqn.2016-06.io.spdk:cnode1) NSID 1 with lcore 4
0: Associating RDMA (addr:65.65.65.131 subnqn:nqn.2016-06.io.spdk:cnode1) NSID 1 with lcore 5
0: Associating RDMA (addr:65.65.65.131 subnqn:nqn.2016-06.io.spdk:cnode1) NSID 1 with lcore 6
0: Associating RDMA (addr:65.65.65.131 subnqn:nqn.2016-06.io.spdk:cnode1) NSID 1 with lcore 7
0: Associating RDMA (addr:65.65.65.131 subnqn:nqn.2016-06.io.spdk:cnode1) NSID 1 with lcore 8
0: Associating RDMA (addr:65.65.65.131 subnqn:nqn.2016-06.io.spdk:cnode1) NSID 1 with lcore 9
0: Associating RDMA (addr:65.65.65.131 subnqn:nqn.2016-06.io.spdk:cnode1) NSID 1 with lcore 10
0: Associating RDMA (addr:65.65.65.131 subnqn:nqn.2016-06.io.spdk:cnode1) NSID 1 with lcore 11
0: Associating RDMA (addr:65.65.65.131 subnqn:nqn.2016-06.io.spdk:cnode1) NSID 1 with lcore 12
0: Associating RDMA (addr:65.65.65.131 subnqn:nqn.2016-06.io.spdk:cnode1) NSID 1 with lcore 13
0: Associating RDMA (addr:65.65.65.131 subnqn:nqn.2016-06.io.spdk:cnode1) NSID 1 with lcore 14
0: Associating RDMA (addr:65.65.65.131 subnqn:nqn.2016-06.io.spdk:cnode1) NSID 1 with lcore 15
0: Associating RDMA (addr:65.65.65.131 subnqn:nqn.2016-06.io.spdk:cnode1) NSID 1 with lcore 16
0: Associating RDMA (addr:65.65.65.131 subnqn:nqn.2016-06.io.spdk:cnode1) NSID 1 with lcore 17
0: Associating RDMA (addr:65.65.65.131 subnqn:nqn.2016-06.io.spdk:cnode1) NSID 1 with lcore 18
0: Associating RDMA (addr:65.65.65.131 subnqn:nqn.2016-06.io.spdk:cnode1) NSID 1 with lcore 19
0: Associating RDMA (addr:65.65.65.131 subnqn:nqn.2016-06.io.spdk:cnode1) NSID 1 with lcore 20
0: Associating RDMA (addr:65.65.65.131 subnqn:nqn.2016-06.io.spdk:cnode1) NSID 1 with lcore 21
0: Associating RDMA (addr:65.65.65.131 subnqn:nqn.2016-06.io.spdk:cnode1) NSID 1 with lcore 22
0: Associating RDMA (addr:65.65.65.131 subnqn:nqn.2016-06.io.spdk:cnode1) NSID 1 with lcore 23
0: Associating RDMA (addr:65.65.65.131 subnqn:nqn.2016-06.io.spdk:cnode1) NSID 1 with lcore 24
0: Associating RDMA (addr:65.65.65.131 subnqn:nqn.2016-06.io.spdk:cnode1) NSID 1 with lcore 25
0: Associating RDMA (addr:65.65.65.131 subnqn:nqn.2016-06.io.spdk:cnode1) NSID 1 with lcore 26
0: Associating RDMA (addr:65.65.65.131 subnqn:nqn.2016-06.io.spdk:cnode1) NSID 1 with lcore 27
0: Initialization complete. Launching workers.
0: IO qp on core 1 total time 29624.432 us (82652164 ticks), connect time 16441.580 us (45872008 ticks)
0: IO qp on core 2 total time 39487.035 us (110168828 ticks), connect time 25892.634 us (72240448 ticks)
2: Initializing NVMe Controllers
2: Attached to NVMe over Fabrics controller at 65.65.65.131:4420: nqn.2016-06.io.spdk:cnode1
2: Controller attach time is 23732.740 us (66214344 ticks)
2: Associating RDMA (addr:65.65.65.131 subnqn:nqn.2016-06.io.spdk:cnode1) NSID 1 with lcore 0
2: Associating RDMA (addr:65.65.65.131 subnqn:nqn.2016-06.io.spdk:cnode1) NSID 1 with lcore 1
2: Associating RDMA (addr:65.65.65.131 subnqn:nqn.2016-06.io.spdk:cnode1) NSID 1 with lcore 2
2: Associating RDMA (addr:65.65.65.131 subnqn:nqn.2016-06.io.spdk:cnode1) NSID 1 with lcore 3
2: Associating RDMA (addr:65.65.65.131 subnqn:nqn.2016-06.io.spdk:cnode1) NSID 1 with lcore 4
2: Associating RDMA (addr:65.65.65.131 subnqn:nqn.2016-06.io.spdk:cnode1) NSID 1 with lcore 5
2: Associating RDMA (addr:65.65.65.131 subnqn:nqn.2016-06.io.spdk:cnode1) NSID 1 with lcore 6
2: Associating RDMA (addr:65.65.65.131 subnqn:nqn.2016-06.io.spdk:cnode1) NSID 1 with lcore 7
2: Associating RDMA (addr:65.65.65.131 subnqn:nqn.2016-06.io.spdk:cnode1) NSID 1 with lcore 8
0: IO qp on core 3 total time 53257.636 us (148588804 ticks), connect time 39240.535 us (109481092 ticks)
0: IO qp on core 4 total time 63262.447 us (176502228 ticks), connect time 47957.075 us (133800240 ticks)
0: IO qp on core 6 total time 72980.013 us (203614236 ticks), connect time 56721.316 us (158252472 ticks)
0: IO qp on core 5 total time 82575.312 us (230385120 ticks), connect time 65333.895 us (182281568 ticks)
0: IO qp on core 7 total time 92514.449 us (258115312 ticks), connect time 74722.797 us (208476604 ticks)
0: IO qp on core 0 total time 101966.115 us (284485460 ticks), connect time 83706.893 us (233542232 ticks)
0: IO qp on core 25 total time 103498.337 us (288760360 ticks), connect time 91008.952 us (253914976 ticks)
0: IO qp on core 13 total time 113114.159 us (315588504 ticks), connect time 100392.545 us (280095200 ticks)
0: IO qp on core 26 total time 123223.133 us (343792540 ticks), connect time 110313.296 us (307774096 ticks)
2: Associating RDMA (addr:65.65.65.131 subnqn:nqn.2016-06.io.spdk:cnode1) NSID 1 with lcore 9
2: Associating RDMA (addr:65.65.65.131 subnqn:nqn.2016-06.io.spdk:cnode1) NSID 1 with lcore 10
2: Associating RDMA (addr:65.65.65.131 subnqn:nqn.2016-06.io.spdk:cnode1) NSID 1 with lcore 11
2: Associating RDMA (addr:65.65.65.131 subnqn:nqn.2016-06.io.spdk:cnode1) NSID 1 with lcore 12
2: Associating RDMA (addr:65.65.65.131 subnqn:nqn.2016-06.io.spdk:cnode1) NSID 1 with lcore 13
2: Associating RDMA (addr:65.65.65.131 subnqn:nqn.2016-06.io.spdk:cnode1) NSID 1 with lcore 14
2: Associating RDMA (addr:65.65.65.131 subnqn:nqn.2016-06.io.spdk:cnode1) NSID 1 with lcore 15
2: Associating RDMA (addr:65.65.65.131 subnqn:nqn.2016-06.io.spdk:cnode1) NSID 1 with lcore 16
2: Associating RDMA (addr:65.65.65.131 subnqn:nqn.2016-06.io.spdk:cnode1) NSID 1 with lcore 17
2: Associating RDMA (addr:65.65.65.131 subnqn:nqn.2016-06.io.spdk:cnode1) NSID 1 with lcore 18
2: Associating RDMA (addr:65.65.65.131 subnqn:nqn.2016-06.io.spdk:cnode1) NSID 1 with lcore 19
0: IO qp on core 10 total time 133108.257 us (371372036 ticks), connect time 119971.630 us (334720848 ticks)
2: Associating RDMA (addr:65.65.65.131 subnqn:nqn.2016-06.io.spdk:cnode1) NSID 1 with lcore 20
2: Associating RDMA (addr:65.65.65.131 subnqn:nqn.2016-06.io.spdk:cnode1) NSID 1 with lcore 21
2: Associating RDMA (addr:65.65.65.131 subnqn:nqn.2016-06.io.spdk:cnode1) NSID 1 with lcore 22
2: Associating RDMA (addr:65.65.65.131 subnqn:nqn.2016-06.io.spdk:cnode1) NSID 1 with lcore 23
2: Associating RDMA (addr:65.65.65.131 subnqn:nqn.2016-06.io.spdk:cnode1) NSID 1 with lcore 24
2: Associating RDMA (addr:65.65.65.131 subnqn:nqn.2016-06.io.spdk:cnode1) NSID 1 with lcore 25
2: Associating RDMA (addr:65.65.65.131 subnqn:nqn.2016-06.io.spdk:cnode1) NSID 1 with lcore 26
2: Associating RDMA (addr:65.65.65.131 subnqn:nqn.2016-06.io.spdk:cnode1) NSID 1 with lcore 27
2: Initialization complete. Launching workers.
2: IO qp on core 2 total time 29702.430 us (82869780 ticks), connect time 14553.507 us (40604284 ticks)
2: IO qp on core 1 total time 43930.585 us (122566332 ticks), connect time 28308.843 us (78981672 ticks)
2: IO qp on core 3 total time 53100.324 us (148149904 ticks), connect time 37535.676 us (104724536 ticks)
2: IO qp on core 6 total time 62845.027 us (175337624 ticks), connect time 46951.303 us (130994136 ticks)
2: IO qp on core 4 total time 72400.072 us (201996200 ticks), connect time 56224.703 us (156866920 ticks)
2: IO qp on core 25 total time 74759.719 us (208579616 ticks), connect time 65130.760 us (181714820 ticks)
2: IO qp on core 5 total time 92818.324 us (258963124 ticks), connect time 74446.862 us (207706744 ticks)
2: IO qp on core 14 total time 91328.443 us (254806356 ticks), connect time 80525.351 us (224665728 ticks)
2: IO qp on core 20 total time 101659.791 us (283630816 ticks), connect time 90507.120 us (252514864 ticks)
2: IO qp on core 18 total time 111715.725 us (311686872 ticks), connect time 99852.596 us (278588744 ticks)
2: IO qp on core 22 total time 121736.945 us (339646076 ticks), connect time 109527.419 us (305581500 ticks)
2: IO qp on core 0 total time 139081.801 us (388038224 ticks), connect time 118383.739 us (330290632 ticks)
0: IO qp on core 14 total time 143088.611 us (399217224 ticks), connmlx5dv_reserved_qpn_alloc 1 1
2: IO qp on core 23 total time 141420.483 us (394563148 ticks), connemlx5dv_reserved_qpn_alloc 1 1
3: mlx5dv_reserved_qpn_alloc 1 1
1: mlx5dv_reserved_qpn_alloc 1 1
4: mlx5dv_reserved_qpn_alloc 1 1
0: [2021-10-01 17:35:16.967743] rdma.c:2990:nvmf_process_cm_event: *NOTICE*: In RDMA_CM_EVENT_CONNECT_REQUEST
0: mlx5dv_reserved_qpn_alloc 1 1
0: [2021-10-01 17:35:16.967764] rdma.c:2990:nvmf_process_cm_event: *NOTICE*: In RDMA_CM_EVENT_CONNECT_REQUEST
0: mlx5dv_reserved_qpn_alloc 1 1
0: [2021-10-01 17:35:16.967783] rdma.c:2990:nvmf_process_cm_event: *NOTICE*: In RDMA_CM_EVENT_CONNECT_REQUEST
0: mlx5dv_reserved_qpn_alloc 1 1
0: [2021-10-01 17:35:16.967800] rdma.c:2990:nvmf_process_cm_event: *NOTICE*: In RDMA_CM_EVENT_CONNECT_REQUEST
0: mlx5dv_reserved_qpn_alloc 1 1
0: [2021-10-01 17:35:16.967818] rdma.c:2990:nvmf_process_cm_event: *NOTICE*: In RDMA_CM_EVENT_CONNECT_REQUEST
0: mlx5dv_reserved_qpn_alloc 1 1
0: [2021-10-01 17:35:16.967765] nvme_rdma.c:1386:_nvme_rdma_ctrlr_connect_qpair: *NOTICE*: Connect rdma qpair: pg 0x7f07c8000b60, srq depth 128
2: [2021-10-01 17:35:16.967789] nvme_rdma.c:1386:_nvme_rdma_ctrlr_connect_qpair: *NOTICE*: Connect rdma qpair: pg 0x7f0ec8000a90, srq depth 128
1: [2021-10-01 17:35:16.967799] nvme_rdma.c:1386:_nvme_rdma_ctrlr_connect_qpair: *NOTICE*: Connect rdma qpair: pg 0x7f3fd4000ab0, srq depth 128
3: [2021-10-01 17:35:16.967819] nvme_rdma.c:1386:_nvme_rdma_ctrlr_connect_qpair: *NOTICE*: Connect rdma qpair: pg 0x7f1d68000ab0, srq depth 128
4: [2021-10-01 17:35:16.968090] nvme_rdma.c:1386:_nvme_rdma_ctrlr_connect_qpair: *NOTICE*: Connect rdma qpair: pg 0x7f63b8000b60, srq depth 128
2: mlx5dv_reserved_qpn_alloc 1 1
0: mlx5dv_reserved_qpn_alloc 1 1
1: mlx5dv_reserved_qpn_alloc 1 1
3: mlx5dv_reserved_qpn_alloc 1 1
4: mlx5dv_reserved_qpn_alloc 1 1
0: [2021-10-01 17:35:16.977728] rdma.c:2990:nvmf_process_cm_event: *NOTICE*: In RDMA_CM_EVENT_CONNECT_REQUEST
0: [2021-10-01 17:35:16.977752] rdma.c:2990:nvmf_process_cm_event: *NOTICE*: In RDMA_CM_EVENT_CONNECT_REQUEST
0: mlx5dv_reserved_qpn_alloc 1 1
0: [2021-10-01 17:35:16.977768] rdma.c:2990:nvmf_process_cm_event: *NOTICE*: In RDMA_CM_EVENT_CONNECT_REQUEST
0: mlx5dv_reserved_qpn_alloc 1 1
0: [2021-10-01 17:35:16.977780] rdma.c:2990:nvmf_process_cm_event: *NOTICE*: In RDMA_CM_EVENT_CONNECT_REQUEST
0: mlx5dv_reserved_qpn_alloc 1 1
0: [2021-10-01 17:35:16.977792] rdma.c:2990:nvmf_process_cm_event: *NOTICE*: In RDMA_CM_EVENT_CONNECT_REQUEST
0: mlx5dv_reserved_qpn_alloc 1 1
0: mlx5dv_reserved_qpn_alloc 1 1
0: [2021-10-01 17:35:16.977768] nvme_rdma.c:1386:_nvme_rdma_ctrlr_connect_qpair: *NOTICE*: Connect rdma qpair: pg 0x7f0798000ab0, srq depth 128
1: [2021-10-01 17:35:16.977772] nvme_rdma.c:1386:_nvme_rdma_ctrlr_connect_qpair: *NOTICE*: Connect rdma qpair: pg 0x7f3fc4000a90, srq depth 128
3: [2021-10-01 17:35:16.977816] nvme_rdma.c:1386:_nvme_rdma_ctrlr_connect_qpair: *NOTICE*: Connect rdma qpair: pg 0x7f1d80000a90, srq depth 128
4: [2021-10-01 17:35:16.978072] nvme_rdma.c:1386:_nvme_rdma_ctrlr_connect_qpair: *NOTICE*: Connect rdma qpair: pg 0x7f6408000a90, srq depth 128
2: [2021-10-01 17:35:16.977825] nvme_rdma.c:1386:_nvme_rdma_ctrlr_connect_qpair: *NOTICE*: Connect rdma qpair: pg 0x7f0ef4000ab0, srq depth 128
3: mlx5dv_reserved_qpn_alloc 1 1
1: mlx5dv_reserved_qpn_alloc 1 1
2: mlx5dv_reserved_qpn_alloc 1 1
0: mlx5dv_reserved_qpn_alloc 1 1
4: mlx5dv_reserved_qpn_alloc 1 1
0: [2021-10-01 17:35:16.987706] rdma.c:2990:nvmf_process_cm_event: *NOTICE*: In RDMA_CM_EVENT_CONNECT_REQUEST
0: mlx5dv_reserved_qpn_alloc 1 1
0: [2021-10-01 17:35:16.987727] rdma.c:2990:nvmf_process_cm_event: *NOTICE*: In RDMA_CM_EVENT_CONNECT_REQUEST
0: mlx5dv_reserved_qpn_alloc 1 1
0: [2021-10-01 17:35:16.987742] rdma.c:2990:nvmf_process_cm_event: *NOTICE*: In RDMA_CM_EVENT_CONNECT_REQUEST
0: mlx5dv_reserved_qpn_alloc 1 1
0: [2021-10-01 17:35:16.987760] rdma.c:2990:nvmf_process_cm_event: *NOTICE*: In RDMA_CM_EVENT_CONNECT_REQUEST
0: mlx5dv_reserved_qpn_alloc 1 1
0: [2021-10-01 17:35:16.987778] rdma.c:2990:nvmf_process_cm_event: *NOTICE*: In RDMA_CM_EVENT_CONNECT_REQUEST
0: mlx5dv_reserved_qpn_alloc 1 1
3: [2021-10-01 17:35:16.987740] nvme_rdma.c:1386:_nvme_rdma_ctrlr_connect_qpair: *NOTICE*: Connect rdma qpair: pg 0x7f1d70000ab0, srq depth 128
1: [2021-10-01 17:35:16.987721] nvme_rdma.c:1386:_nvme_rdma_ctrlr_connect_qpair: *NOTICE*: Connect rdma qpair: pg 0x7f3fcc000a90, srq depth 128
2: [2021-10-01 17:35:16.987752] nvme_rdma.c:1386:_nvme_rdma_ctrlr_connect_qpair: *NOTICE*: Connect rdma qpair: pg 0x7f0e98000a90, srq depth 128
0: [2021-10-01 17:35:16.987791] nvme_rdma.c:1386:_nvme_rdma_ctrlr_connect_qpair: *NOTICE*: Connect rdma qpair: pg 0x7f07c0000a90, srq depth 128
4: [2021-10-01 17:35:16.988044] nvme_rdma.c:1386:_nvme_rdma_ctrlr_connect_qpair: *NOTICE*: Connect rdma qpair: pg 0x7f63e0000ab0, srq depth 128
1: mlx5dv_reserved_qpn_alloc 1 1
0: mlx5dv_reserved_qpn_alloc 1 1
2: mlx5dv_reserved_qpn_alloc 1 1
3: mlx5dv_reserved_qpn_alloc 1 1
4: mlx5dv_reserved_qpn_alloc 1 1
0: [2021-10-01 17:35:16.997692] rdma.c:2990:nvmf_process_cm_event: *NOTICE*: In RDMA_CM_EVENT_CONNECT_REQUEST
0: mlx5dv_reserved_qpn_alloc 1 1
0: [2021-10-01 17:35:16.997711] rdma.c:2990:nvmf_process_cm_event: *NOTICE*: In RDMA_CM_EVENT_CONNECT_REQUEST
0: mlx5dv_reserved_qpn_alloc 1 1
0: [2021-10-01 17:35:16.997728] rdma.c:2990:nvmf_process_cm_event: *NOTICE*: In RDMA_CM_EVENT_CONNECT_REQUEST
0: mlx5dv_reserved_qpn_alloc 1 1
0: [2021-10-01 17:35:16.997751] rdma.c:2990:nvmf_process_cm_event: *NOTICE*: In RDMA_CM_EVENT_CONNECT_REQUEST
0: mlx5dv_reserved_qpn_alloc 1 1
0: [2021-10-01 17:35:16.997766] rdma.c:2990:nvmf_process_cm_event: *NOTICE*: In RDMA_CM_EVENT_CONNECT_REQUEST
0: mlx5dv_reserved_qpn_alloc 1 1
0: [2021-10-01 17:35:16.997724] nvme_rdma.c:1386:_nvme_rdma_ctrlr_connect_qpair: *NOTICE*: Connect rdma qpair: pg 0x7f07c4000a90, srq depth 128
1: [2021-10-01 17:35:16.997695] nvme_rdma.c:1386:_nvme_rdma_ctrlr_connect_qpair: *NOTICE*: Connect rdma qpair: pg 0x7f3fb4000a90, srq depth 128
2: [2021-10-01 17:35:16.997751] nvme_rdma.c:1386:_nvme_rdma_ctrlr_connect_qpair: *NOTICE*: Connect rdma qpair: pg 0x7f0f00000a90, srq depth 128
4: [2021-10-01 17:35:16.998049] nvme_rdma.c:1386:_nvme_rdma_ctrlr_connect_qpair: *NOTICE*: Connect rdma qpair: pg 0x7f63a0000a90, srq depth 128
3: [2021-10-01 17:35:16.997794] nvme_rdma.c:1386:_nvme_rdma_ctrlr_connect_qpair: *NOTICE*: Connect rdma qpair: pg 0x7f1d6c000a90, srq depth 128
0: mlx5dv_reserved_qpn_alloc 1 1
1: mlx5dv_reserved_qpn_alloc 1 1
2: mlx5dv_reserved_qpn_alloc 1 1
3: mlx5dv_reserved_qpn_alloc 1 1
4: mlx5dv_reserved_qpn_alloc 1 1
0: [2021-10-01 17:35:17.007676] rdma.c:2990:nvmf_process_cm_event: *NOTICE*: In RDMA_CM_EVENT_CONNECT_REQUEST
0: mlx5dv_reserved_qpn_alloc 1 1
0: [2021-10-01 17:35:17.007695] rdma.c:2990:nvmf_process_cm_event: *NOTICE*: In RDMA_CM_EVENT_CONNECT_REQUEST
0: mlx5dv_reserved_qpn_alloc 1 1
0: [2021-10-01 17:35:17.007714] rdma.c:2990:nvmf_process_cm_event: *NOTICE*: In RDMA_CM_EVENT_CONNECT_REQUEST
0: mlx5dv_reserved_qpn_alloc 1 1
0: [2021-10-01 17:35:17.007742] rdma.c:2990:nvmf_process_cm_event: *NOTICE*: In RDMA_CM_EVENT_CONNECT_REQUEST
0: mlx5dv_reserved_qpn_alloc 1 1
0: [2021-10-01 17:35:17.007760] rdma.c:2990:nvmf_process_cm_event: *NOTICE*: In RDMA_CM_EVENT_CONNECT_REQUEST
1: [2021-10-01 17:35:17.007671] nvme_rdma.c:1386:_nvme_rdma_ctrlr_connect_qpair: *NOTICE*: Connect rdma qpair: pg 0x7f3fbc000ab0, srq depth 128
0: mlx5dv_reserved_qpn_alloc 1 1
0: [2021-10-01 17:35:17.007729] nvme_rdma.c:1386:_nvme_rdma_ctrlr_connect_qpair: *NOTICE*: Connect rdma qpair: pg 0x7f07e0000ab0, srq depth 128
2: [2021-10-01 17:35:17.007730] nvme_rdma.c:1386:_nvme_rdma_ctrlr_connect_qpair: *NOTICE*: Connect rdma qpair: pg 0x7f0edc000ab0, srq depth 128
3: [2021-10-01 17:35:17.007778] nvme_rdma.c:1386:_nvme_rdma_ctrlr_connect_qpair: *NOTICE*: Connect rdma qpair: pg 0x7f1d88000ab0, srq depth 128
4: [2021-10-01 17:35:17.008050] nvme_rdma.c:1386:_nvme_rdma_ctrlr_connect_qpair: *NOTICE*: Connect rdma qpair: pg 0x7f641c000a90, srq depth 128
0: mlx5dv_reserved_qpn_alloc 1 1
1: mlx5dv_reserved_qpn_alloc 1 1
2: mlx5dv_reserved_qpn_alloc 1 1
3: mlx5dv_reserved_qpn_alloc 1 1
4: mlx5dv_reserved_qpn_alloc 1 1
0: [2021-10-01 17:35:17.017659] rdma.c:2990:nvmf_process_cm_event: *NOTICE*: In RDMA_CM_EVENT_CONNECT_REQUEST
0: mlx5dv_reserved_qpn_alloc 1 1
0: [2021-10-01 17:35:17.017682] rdma.c:2990:nvmf_process_cm_event: *NOTICE*: In RDMA_CM_EVENT_CONNECT_REQUEST
0: mlx5dv_reserved_qpn_alloc 1 1
0: [2021-10-01 17:35:17.017698] rdma.c:2990:nvmf_process_cm_event: *NOTICE*: In RDMA_CM_EVENT_CONNECT_REQUEST
0: mlx5dv_reserved_qpn_alloc 1 1
0: [2021-10-01 17:35:17.017714] rdma.c:2990:nvmf_process_cm_event: *NOTICE*: In RDMA_CM_EVENT_CONNECT_REQUEST
0: mlx5dv_reserved_qpn_alloc 1 1
0: [2021-10-01 17:35:17.017730] rdma.c:2990:nvmf_process_cm_event: *NOTICE*: In RDMA_CM_EVENT_CONNECT_REQUEST
0: mlx5dv_reserved_qpn_alloc 1 1
0: [2021-10-01 17:35:17.017682] nvme_rdma.c:1386:_nvme_rdma_ctrlr_connect_qpair: *NOTICE*: Connect rdma qpair: pg 0x7f07a8000ab0, srq depth 128
2: [2021-10-01 17:35:17.017697] nvme_rdma.c:1386:_nvme_rdma_ctrlr_connect_qpair: *NOTICE*: Connect rdma qpair: pg 0x7f0ea0000b60, srq depth 128
1: [2021-10-01 17:35:17.017684] nvme_rdma.c:1386:_nvme_rdma_ctrlr_connect_qpair: *NOTICE*: Connect rdma qpair: pg 0x7f3f94000a90, srq depth 128
4: [2021-10-01 17:35:17.018014] nvme_rdma.c:1386:_nvme_rdma_ctrlr_connect_qpair: *NOTICE*: Connect rdma qpair: pg 0x7f642c000a90, srq depth 128
3: [2021-10-01 17:35:17.017756] nvme_rdma.c:1386:_nvme_rdma_ctrlr_connect_qpair: *NOTICE*: Connect rdma qpair: pg 0x7f1d7c000a90, srq depth 128
3: mlx5dv_reserved_qpn_alloc 1 1
2: mlx5dv_reserved_qpn_alloc 1 1
1: mlx5dv_reserved_qpn_alloc 1 1
0: mlx5dv_reserved_qpn_alloc 1 1
4: mlx5dv_reserved_qpn_alloc 1 1
0: [2021-10-01 17:35:17.027640] rdma.c:2990:nvmf_process_cm_event: *NOTICE*: In RDMA_CM_EVENT_CONNECT_REQUEST
0: mlx5dv_reserved_qpn_alloc 1 1
0: [2021-10-01 17:35:17.027663] rdma.c:2990:nvmf_process_cm_event: *NOTICE*: In RDMA_CM_EVENT_CONNECT_REQUEST
0: mlx5dv_reserved_qpn_alloc 1 1
0: [2021-10-01 17:35:17.027680] rdma.c:2990:nvmf_process_cm_event: *NOTICE*: In RDMA_CM_EVENT_CONNECT_REQUEST
0: mlx5dv_reserved_qpn_alloc 1 1
0: [2021-10-01 17:35:17.027696] rdma.c:2990:nvmf_process_cm_event: *NOTICE*: In RDMA_CM_EVENT_CONNECT_REQUEST
0: mlx5dv_reserved_qpn_alloc 1 1
0: [2021-10-01 17:35:17.027719] rdma.c:2990:nvmf_process_cm_event: *NOTICE*: In RDMA_CM_EVENT_CONNECT_REQUEST
0: mlx5dv_reserved_qpn_alloc 1 1
3: [2021-10-01 17:35:17.027685] nvme_rdma.c:1386:_nvme_rdma_ctrlr_connect_qpair: *NOTICE*: Connect rdma qpair: pg 0x7f1d58000ab0, srq depth 128
2: [2021-10-01 17:35:17.027684] nvme_rdma.c:1386:_nvme_rdma_ctrlr_connect_qpair: *NOTICE*: Connect rdma qpair: pg 0x7f0ecc000ab0, srq depth 128
1: [2021-10-01 17:35:17.027678] nvme_rdma.c:1386:_nvme_rdma_ctrlr_connect_qpair: *NOTICE*: Connect rdma qpair: pg 0x7f3fac000ab0, srq depth 128
0: [2021-10-01 17:35:17.027720] nvme_rdma.c:1386:_nvme_rdma_ctrlr_connect_qpair: *NOTICE*: Connect rdma qpair: pg 0x7f07bc000ab0, srq depth 128
4: [2021-10-01 17:35:17.028013] nvme_rdma.c:1386:_nvme_rdma_ctrlr_connect_qpair: *NOTICE*: Connect rdma qpair: pg 0x7f6424000a90, srq depth 128
3: mlx5dv_reserved_qpn_alloc 1 1
0: mlx5dv_reserved_qpn_alloc 1 1
2: mlx5dv_reserved_qpn_alloc 1 1
1: mlx5dv_reserved_qpn_alloc 1 1
4: mlx5dv_reserved_qpn_alloc 1 1
0: [2021-10-01 17:35:17.037624] rdma.c:2990:nvmf_process_cm_event: *NOTICE*: In RDMA_CM_EVENT_CONNECT_REQUEST
0: mlx5dv_reserved_qpn_alloc 1 1
0: [2021-10-01 17:35:17.037645] rdma.c:2990:nvmf_process_cm_event: *NOTICE*: In RDMA_CM_EVENT_CONNECT_REQUEST
0: mlx5dv_reserved_qpn_alloc 1 1
0: [2021-10-01 17:35:17.037661] rdma.c:2990:nvmf_process_cm_event: *NOTICE*: In RDMA_CM_EVENT_CONNECT_REQUEST
0: [2021-10-01 17:35:17.037679] rdma.c:2990:nvmf_process_cm_event: *NOTICE*: In RDMA_CM_EVENT_CONNECT_REQUEST
0: mlx5dv_reserved_qpn_alloc 1 1
0: [2021-10-01 17:35:17.037690] rdma.c:2990:nvmf_process_cm_event: *NOTICE*: In RDMA_CM_EVENT_CONNECT_REQUEST
0: mlx5dv_reserved_qpn_alloc 1 1
0: mlx5dv_reserved_qpn_alloc 1 1
0: [2021-10-01 17:35:17.037652] nvme_rdma.c:1386:_nvme_rdma_ctrlr_connect_qpair: *NOTICE*: Connect rdma qpair: pg 0x7f07ac000ab0, srq depth 128
3: [2021-10-01 17:35:17.037665] nvme_rdma.c:1386:_nvme_rdma_ctrlr_connect_qpair: *NOTICE*: Connect rdma qpair: pg 0x7f1d84000ab0, srq depth 128
1: [2021-10-01 17:35:17.037673] nvme_rdma.c:1386:_nvme_rdma_ctrlr_connect_qpair: *NOTICE*: Connect rdma qpair: pg 0x7f3fa4000a90, srq depth 128
4: [2021-10-01 17:35:17.037974] nvme_rdma.c:1386:_nvme_rdma_ctrlr_connect_qpair: *NOTICE*: Connect rdma qpair: pg 0xea5f80, srq depth 128
2: [2021-10-01 17:35:17.037701] nvme_rdma.c:1386:_nvme_rdma_ctrlr_connect_qpair: *NOTICE*: Connect rdma qpair: pg 0x7f0eb0000a90, srq depth 128
4: Initializing NVMe Controllers
4: Attached to NVMe over Fabrics controller at 65.65.65.131:4420: nqn.2016-06.io.spdk:cnode1
4: Controller attach time is 19836.424 us (55343624 ticks)
4: Associating RDMA (addr:65.65.65.131 subnqn:nqn.2016-06.io.spdk:cnode1) NSID 1 with lcore 0
4: Associating RDMA (addr:65.65.65.131 subnqn:nqn.2016-06.io.spdk:cnode1) NSID 1 with lcore 1
4: Associating RDMA (addr:65.65.65.131 subnqn:nqn.2016-06.io.spdk:cnode1) NSID 1 with lcore 2
4: Associating RDMA (addr:65.65.65.131 subnqn:nqn.2016-06.io.spdk:cnode1) NSID 1 with lcore 3
4: Associating RDMA (addr:65.65.65.131 subnqn:nqn.2016-06.io.spdk:cnode1) NSID 1 with lcore 4
4: Associating RDMA (addr:65.65.65.131 subnqn:nqn.2016-06.io.spdk:cnode1) NSID 1 with lcore 5
4: Associating RDMA (addr:65.65.65.131 subnqn:nqn.2016-06.io.spdk:cnode1) NSID 1 with lcore 6
4: Associating RDMA (addr:65.65.65.131 subnqn:nqn.2016-06.io.spdk:cnode1) NSID 1 with lcore 7
4: Associating RDMA (addr:65.65.65.131 subnqn:nqn.2016-06.io.spdk:cnode1) NSID 1 with lcore 8
4: Associating RDMA (addr:65.65.65.131 subnqn:nqn.2016-06.io.spdk:cnode1) NSID 1 with lcore 9
4: Associating RDMA (addr:65.65.65.131 subnqn:nqn.2016-06.io.spdk:cnode1) NSID 1 with lcore 10
4: Associating RDMA (addr:65.65.65.131 subnqn:nqn.2016-06.io.spdk:cnode1) NSID 1 with lcore 11
4: Associating RDMA (addr:65.65.65.131 subnqn:nqn.2016-06.io.spdk:cnode1) NSID 1 with lcore 12
4: Associating RDMA (addr:65.65.65.131 subnqn:nqn.2016-06.io.spdk:cnode1) NSID 1 with lcore 13
4: Associating RDMA (addr:65.65.65.131 subnqn:nqn.2016-06.io.spdk:cnode1) NSID 1 with lcore 14
4: Associating RDMA (addr:65.65.65.131 subnqn:nqn.2016-06.io.spdk:cnode1) NSID 1 with lcore 15
4: Associating RDMA (addr:65.65.65.131 subnqn:nqn.2016-06.io.spdk:cnode1) NSID 1 with lcore 16
4: Associating RDMA (addr:65.65.65.131 subnqn:nqn.2016-06.io.spdk:cnode1) NSID 1 with lcore 17
4: Associating RDMA (addr:65.65.65.131 subnqn:nqn.2016-06.io.spdk:cnode1) NSID 1 with lcore 18
4: Associating RDMA (addr:65.65.65.131 subnqn:nqn.2016-06.io.spdk:cnode1) NSID 1 with lcore 19
4: Associating RDMA (addr:65.65.65.131 subnqn:nqn.2016-06.io.spdk:cnode1) NSID 1 with lcore 20
4: Associating RDMA (addr:65.65.65.131 subnqn:nqn.2016-06.io.spdk:cnode1) NSID 1 with lcore 21
4: Associating RDMA (addr:65.65.65.131 subnqn:nqn.2016-06.io.spdk:cnode1) NSID 1 with lcore 22
4: Associating RDMA (addr:65.65.65.131 subnqn:nqn.2016-06.io.spdk:cnode1) NSID 1 with lcore 23
4: Associating RDMA (addr:65.65.65.131 subnqn:nqn.2016-06.io.spdk:cnode1) NSID 1 with lcore 24
4: Associating RDMA (addr:65.65.65.131 subnqn:nqn.2016-06.io.spdk:cnode1) NSID 1 with lcore 25
4: Associating RDMA (addr:65.65.65.131 subnqn:nqn.2016-06.io.spdk:cnode1) NSID 1 with lcore 26
4: Associating RDMA (addr:65.65.65.131 subnqn:nqn.2016-06.io.spdk:cnode1) NSID 1 with lcore 27
4: Initialization complete. Launching workers.
4: IO qp on core 3 total time 39562.836 us (110380312 ticks), connect time 16657.059 us (46473196 ticks)
4: IO qp on core 2 total time 49632.710 us (138475260 ticks), connect time 24210.757 us (67548012 ticks)
4: IO qp on core 1 total time 59463.259 us (165902492 ticks), connect time 32330.787 us (90202896 ticks)
4: IO qp on core 23 total time 61660.767 us (172033540 ticks), connect time 42072.128 us (117381236 ticks)
4: IO qp on core 12 total time 71273.639 us (198853452 ticks), connect time 51174.556 us (142777012 ticks)
4: IO qp on core 18 total time 81606.823 us (227683036 ticks), connect time 61222.843 us (170811732 ticks)
4: IO qp on core 14 total time 91145.239 us (254295216 ticks), connect time 70192.748 us (195837768 ticks)
4: IO qp on core 17 total time 101251.462 us (282491580 ticks), connect time 80006.247 us (223217428 ticks)
4: IO qp on core 9 total time 111156.989 us (310128000 ticks), connect time 89622.450 us (250046636 ticks)
4: IO qp on core 7 total time 129433.252 us (361118772 ticks), connect time 99491.366 us (277580912 ticks)
4: IO qp on core 4 total time 139399.656 us (388925040 ticks), connect time 109454.790 us (305378864 ticks)
4: IO qp on core 5 total time 149490.153 us (417077528 ticks), connect time 119539.005 us (333513824 ticks)
2: mlx5dv_reserved_qpn_alloc 1 1
1: mlx5dv_reserved_qpn_alloc 1 1
0: mlx5dv_reserved_qpn_alloc 1 1
3: mlx5dv_reserved_qpn_alloc 1 1
4: IO qp on core 0 total time 158964.801 us (443511796 ticks), connemlx5dv_reserved_qpn_alloc 1 1
0: [2021-10-01 17:35:17.047606] rdma.c:2990:nvmf_process_cm_event: *NOTICE*: In RDMA_CM_EVENT_CONNECT_REQUEST
0: mlx5dv_reserved_qpn_alloc 1 1
0: [2021-10-01 17:35:17.047628] rdma.c:2990:nvmf_process_cm_event: *NOTICE*: In RDMA_CM_EVENT_CONNECT_REQUEST
0: mlx5dv_reserved_qpn_alloc 1 1
0: [2021-10-01 17:35:17.047643] rdma.c:2990:nvmf_process_cm_event: *NOTICE*: In RDMA_CM_EVENT_CONNECT_REQUEST
0: mlx5dv_reserved_qpn_alloc 1 1
0: [2021-10-01 17:35:17.047660] rdma.c:2990:nvmf_process_cm_event: *NOTICE*: In RDMA_CM_EVENT_CONNECT_REQUEST
0: mlx5dv_reserved_qpn_alloc 1 1
0: [2021-10-01 17:35:17.047675] rdma.c:2990:nvmf_process_cm_event: *NOTICE*: In RDMA_CM_EVENT_CONNECT_REQUEST
0: mlx5dv_reserved_qpn_alloc 1 1
2: [2021-10-01 17:35:17.047619] nvme_rdma.c:1386:_nvme_rdma_ctrlr_connect_qpair: *NOTICE*: Connect rdma qpair: pg 0x7f0ed8000a90, srq depth 128
1: [2021-10-01 17:35:17.047622] nvme_rdma.c:1386:_nvme_rdma_ctrlr_connect_qpair: *NOTICE*: Connect rdma qpair: pg 0x7f3f84000ab0, srq depth 128
0: [2021-10-01 17:35:17.047661] nvme_rdma.c:1386:_nvme_rdma_ctrlr_connect_qpair: *NOTICE*: Connect rdma qpair: pg 0x7f0790000a90, srq depth 128
3: [2021-10-01 17:35:17.047696] nvme_rdma.c:1386:_nvme_rdma_ctrlr_connect_qpair: *NOTICE*: Connect rdma qpair: pg 0x7f1d50000a90, srq depth 128
4: [2021-10-01 17:35:17.047966] nvme_rdma.c:1386:_nvme_rdma_ctrlr_connect_qpair: *NOTICE*: Connect rdma qpair: pg 0x7f6420000a90, srq depth 128
0: mlx5dv_reserved_qpn_alloc 1 1
2: mlx5dv_reserved_qpn_alloc 1 1
3: mlx5dv_reserved_qpn_alloc 1 1
1: mlx5dv_reserved_qpn_alloc 1 1
4: mlx5dv_reserved_qpn_alloc 1 1
0: [2021-10-01 17:35:17.057591] rdma.c:2990:nvmf_process_cm_event: *NOTICE*: In RDMA_CM_EVENT_CONNECT_REQUEST
0: mlx5dv_reserved_qpn_alloc 1 1
0: [2021-10-01 17:35:17.057610] rdma.c:2990:nvmf_process_cm_event: *NOTICE*: In RDMA_CM_EVENT_CONNECT_REQUEST
0: mlx5dv_reserved_qpn_alloc 1 1
0: [2021-10-01 17:35:17.057626] rdma.c:2990:nvmf_process_cm_event: *NOTICE*: In RDMA_CM_EVENT_CONNECT_REQUEST
0: mlx5dv_reserved_qpn_alloc 1 1
0: [2021-10-01 17:35:17.057645] rdma.c:2990:nvmf_process_cm_event: *NOTICE*: In RDMA_CM_EVENT_CONNECT_REQUEST
0: mlx5dv_reserved_qpn_alloc 1 1
0: [2021-10-01 17:35:17.057664] rdma.c:2990:nvmf_process_cm_event: *NOTICE*: In RDMA_CM_EVENT_CONNECT_REQUEST
0: mlx5dv_reserved_qpn_alloc 1 1
0: [2021-10-01 17:35:17.057610] nvme_rdma.c:1386:_nvme_rdma_ctrlr_connect_qpair: *NOTICE*: Connect rdma qpair: pg 0x7f07d4000b60, srq depth 128
2: [2021-10-01 17:35:17.057624] nvme_rdma.c:1386:_nvme_rdma_ctrlr_connect_qpair: *NOTICE*: Connect rdma qpair: pg 0x7f0eb8000a90, srq depth 128
3: [2021-10-01 17:35:17.057660] nvme_rdma.c:1386:_nvme_rdma_ctrlr_connect_qpair: *NOTICE*: Connect rdma qpair: pg 0x7f1d60000b60, srq depth 128
1: [2021-10-01 17:35:17.057643] nvme_rdma.c:1386:_nvme_rdma_ctrlr_connect_qpair: *NOTICE*: Connect rdma qpair: pg 0x7f3f9c000b60, srq depth 128
4: [2021-10-01 17:35:17.057946] nvme_rdma.c:1386:_nvme_rdma_ctrlr_connect_qpair: *NOTICE*: Connect rdma qpair: pg 0x7f6404000ab0, srq depth 128
2: mlx5dv_reserved_qpn_alloc 1 1
1: mlx5dv_reserved_qpn_alloc 1 1
3: mlx5dv_reserved_qpn_alloc 1 1
0: mlx5dv_reserved_qpn_alloc 1 1
4: mlx5dv_reserved_qpn_alloc 1 1
0: [2021-10-01 17:35:17.067574] rdma.c:2990:nvmf_process_cm_event: *NOTICE*: In RDMA_CM_EVENT_CONNECT_REQUEST
0: mlx5dv_reserved_qpn_alloc 1 1
0: [2021-10-01 17:35:17.067593] rdma.c:2990:nvmf_process_cm_event: *NOTICE*: In RDMA_CM_EVENT_CONNECT_REQUEST
0: mlx5dv_reserved_qpn_alloc 1 1
0: [2021-10-01 17:35:17.067609] rdma.c:2990:nvmf_process_cm_event: *NOTICE*: In RDMA_CM_EVENT_CONNECT_REQUEST
0: mlx5dv_reserved_qpn_alloc 1 1
0: [2021-10-01 17:35:17.067636] rdma.c:2990:nvmf_process_cm_event: *NOTICE*: In RDMA_CM_EVENT_CONNECT_REQUEST
0: mlx5dv_reserved_qpn_alloc 1 1
0: [2021-10-01 17:35:17.067652] rdma.c:2990:nvmf_process_cm_event: *NOTICE*: In RDMA_CM_EVENT_CONNECT_REQUEST
0: mlx5dv_reserved_qpn_alloc 1 1
2: [2021-10-01 17:35:17.067592] nvme_rdma.c:1386:_nvme_rdma_ctrlr_connect_qpair: *NOTICE*: Connect rdma qpair: pg 0x7f0e90000a90, srq depth 128
1: [2021-10-01 17:35:17.067591] nvme_rdma.c:1386:_nvme_rdma_ctrlr_connect_qpair: *NOTICE*: Connect rdma qpair: pg 0x7f3fb8000a90, srq depth 128
3: [2021-10-01 17:35:17.067660] nvme_rdma.c:1386:_nvme_rdma_ctrlr_connect_qpair: *NOTICE*: Connect rdma qpair: pg 0x7f1d64000a90, srq depth 128
0: [2021-10-01 17:35:17.067652] nvme_rdma.c:1386:_nvme_rdma_ctrlr_connect_qpair: *NOTICE*: Connect rdma qpair: pg 0x7f079c000ab0, srq depth 128
4: [2021-10-01 17:35:17.067941] nvme_rdma.c:1386:_nvme_rdma_ctrlr_connect_qpair: *NOTICE*: Connect rdma qpair: pg 0x7f63fc000b60, srq depth 128
2: mlx5dv_reserved_qpn_alloc 1 1
1: mlx5dv_reserved_qpn_alloc 1 1
3: mlx5dv_reserved_qpn_alloc 1 1
0: mlx5dv_reserved_qpn_alloc 1 1
4: mlx5dv_reserved_qpn_alloc 1 1
0: [2021-10-01 17:35:17.077558] rdma.c:2990:nvmf_process_cm_event: *NOTICE*: In RDMA_CM_EVENT_CONNECT_REQUEST
0: mlx5dv_reserved_qpn_alloc 1 1
0: [2021-10-01 17:35:17.077578] rdma.c:2990:nvmf_process_cm_event: *NOTICE*: In RDMA_CM_EVENT_CONNECT_REQUEST
0: mlx5dv_reserved_qpn_alloc 1 1
0: [2021-10-01 17:35:17.077597] rdma.c:2990:nvmf_process_cm_event: *NOTICE*: In RDMA_CM_EVENT_CONNECT_REQUEST
0: mlx5dv_reserved_qpn_alloc 1 1
0: [2021-10-01 17:35:17.077613] rdma.c:2990:nvmf_process_cm_event: *NOTICE*: In RDMA_CM_EVENT_CONNECT_REQUEST
0: mlx5dv_reserved_qpn_alloc 1 1
0: [2021-10-01 17:35:17.077628] rdma.c:2990:nvmf_process_cm_event: *NOTICE*: In RDMA_CM_EVENT_CONNECT_REQUEST
0: mlx5dv_reserved_qpn_alloc 1 1
1: [2021-10-01 17:35:17.077584] nvme_rdma.c:1386:_nvme_rdma_ctrlr_connect_qpair: *NOTICE*: Connect rdma qpair: pg 0x7f3f8c000a90, srq depth 128
3: [2021-10-01 17:35:17.077641] nvme_rdma.c:1386:_nvme_rdma_ctrlr_connect_qpair: *NOTICE*: Connect rdma qpair: pg 0x7f1d48000a90, srq depth 128
2: [2021-10-01 17:35:17.077577] nvme_rdma.c:1386:_nvme_rdma_ctrlr_connect_qpair: *NOTICE*: Connect rdma qpair: pg 0x7f0ea8000ab0, srq depth 128
0: [2021-10-01 17:35:17.077623] nvme_rdma.c:1386:_nvme_rdma_ctrlr_connect_qpair: *NOTICE*: Connect rdma qpair: pg 0x7f07a4000ab0, srq depth 128
4: [2021-10-01 17:35:17.078309] nvme_rdma.c:1386:_nvme_rdma_ctrlr_connect_qpair: *NOTICE*: Connect rdma qpair: pg 0x7f6414000ab0, srq depth 128
3: mlx5dv_reserved_qpn_alloc 1 1
0: mlx5dv_reserved_qpn_alloc 1 1
1: mlx5dv_reserved_qpn_alloc 1 1
2: mlx5dv_reserved_qpn_alloc 1 1
4: mlx5dv_reserved_qpn_alloc 1 1
0: [2021-10-01 17:35:17.087541] rdma.c:2990:nvmf_process_cm_event: *NOTICE*: In RDMA_CM_EVENT_CONNECT_REQUEST
0: mlx5dv_reserved_qpn_alloc 1 1
0: [2021-10-01 17:35:17.087563] rdma.c:2990:nvmf_process_cm_event: *NOTICE*: In RDMA_CM_EVENT_CONNECT_REQUEST
0: mlx5dv_reserved_qpn_alloc 1 1
0: [2021-10-01 17:35:17.087580] rdma.c:2990:nvmf_process_cm_event: *NOTICE*: In RDMA_CM_EVENT_CONNECT_REQUEST
0: mlx5dv_reserved_qpn_alloc 1 1
0: [2021-10-01 17:35:17.087599] rdma.c:2990:nvmf_process_cm_event: *NOTICE*: In RDMA_CM_EVENT_CONNECT_REQUEST
0: mlx5dv_reserved_qpn_alloc 1 1
0: [2021-10-01 17:35:17.087617] rdma.c:2990:nvmf_process_cm_event: *NOTICE*: In RDMA_CM_EVENT_CONNECT_REQUEST
0: mlx5dv_reserved_qpn_alloc 1 1
3: [2021-10-01 17:35:17.087596] nvme_rdma.c:1386:_nvme_rdma_ctrlr_connect_qpair: *NOTICE*: Connect rdma qpair: pg 0x7f1d40000a90, srq depth 128
0: [2021-10-01 17:35:17.087576] nvme_rdma.c:1386:_nvme_rdma_ctrlr_connect_qpair: *NOTICE*: Connect rdma qpair: pg 0x7f07a0000a90, srq depth 128
1: [2021-10-01 17:35:17.087578] nvme_rdma.c:1386:_nvme_rdma_ctrlr_connect_qpair: *NOTICE*: Connect rdma qpair: pg 0x7f3f74000ab0, srq depth 128
2: [2021-10-01 17:35:17.087605] nvme_rdma.c:1386:_nvme_rdma_ctrlr_connect_qpair: *NOTICE*: Connect rdma qpair: pg 0x7f0ee4000ab0, srq depth 128
4: [2021-10-01 17:35:17.087921] nvme_rdma.c:1386:_nvme_rdma_ctrlr_connect_qpair: *NOTICE*: Connect rdma qpair: pg 0x7f6400000ab0, srq depth 128
0: mlx5dv_reserved_qpn_alloc 1 1
3: mlx5dv_reserved_qpn_alloc 1 1
1: mlx5dv_reserved_qpn_alloc 1 1
2: mlx5dv_reserved_qpn_alloc 1 1
4: mlx5dv_reserved_qpn_alloc 1 1
0: [2021-10-01 17:35:17.097526] rdma.c:2990:nvmf_process_cm_event: *NOTICE*: In RDMA_CM_EVENT_CONNECT_REQUEST
0: mlx5dv_reserved_qpn_alloc 1 1
0: [2021-10-01 17:35:17.097545] rdma.c:2990:nvmf_process_cm_event: *NOTICE*: In RDMA_CM_EVENT_CONNECT_REQUEST
0: mlx5dv_reserved_qpn_alloc 1 1
0: [2021-10-01 17:35:17.097562] rdma.c:2990:nvmf_process_cm_event: *NOTICE*: In RDMA_CM_EVENT_CONNECT_REQUEST
0: mlx5dv_reserved_qpn_alloc 1 1
0: [2021-10-01 17:35:17.097580] rdma.c:2990:nvmf_process_cm_event: *NOTICE*: In RDMA_CM_EVENT_CONNECT_REQUEST
0: mlx5dv_reserved_qpn_alloc 1 1
0: [2021-10-01 17:35:17.097599] rdma.c:2990:nvmf_process_cm_event: *NOTICE*: In RDMA_CM_EVENT_CONNECT_REQUEST
0: mlx5dv_reserved_qpn_alloc 1 1
0: [2021-10-01 17:35:17.097540] nvme_rdma.c:1386:_nvme_rdma_ctrlr_connect_qpair: *NOTICE*: Connect rdma qpair: pg 0x7f07b4000ab0, srq depth 128
3: [2021-10-01 17:35:17.097583] nvme_rdma.c:1386:_nvme_rdma_ctrlr_connect_qpair: *NOTICE*: Connect rdma qpair: pg 0x7f1d74000ab0, srq depth 128
1: [2021-10-01 17:35:17.097557] nvme_rdma.c:1386:_nvme_rdma_ctrlr_connect_qpair: *NOTICE*: Connect rdma qpair: pg 0x7f3f7c000ab0, srq depth 128
4: [2021-10-01 17:35:17.097871] nvme_rdma.c:1386:_nvme_rdma_ctrlr_connect_qpair: *NOTICE*: Connect rdma qpair: pg 0x7f6418000ab0, srq depth 128
2: [2021-10-01 17:35:17.097598] nvme_rdma.c:1386:_nvme_rdma_ctrlr_connect_qpair: *NOTICE*: Connect rdma qpair: pg 0x7f0ee8000ab0, srq depth 128
0: mlx5dv_reserved_qpn_alloc 1 1
2: mlx5dv_reserved_qpn_alloc 1 1
4: mlx5dv_reserved_qpn_alloc 1 1
0: [2021-10-01 17:35:17.107506] rdma.c:2990:nvmf_process_cm_event: *NOTICE*: In RDMA_CM_EVENT_CONNECT_REQUEST
0: mlx5dv_reserved_qpn_alloc 1 1
0: [2021-10-01 17:35:17.107524] rdma.c:2990:nvmf_process_cm_event: *NOTICE*: In RDMA_CM_EVENT_CONNECT_REQUEST
0: mlx5dv_reserved_qpn_alloc 1 1
0: [2021-10-01 17:35:17.107535] rdma.c:2990:nvmf_process_cm_event: *NOTICE*: In RDMA_CM_EVENT_CONNECT_REQUEST
0: mlx5dv_reserved_qpn_alloc 1 1
0: [2021-10-01 17:35:17.107522] nvme_rdma.c:1386:_nvme_rdma_ctrlr_connect_qpair: *NOTICE*: Connect rdma qpair: pg 0x7f07d0000ab0, srq depth 128
4: [2021-10-01 17:35:17.107806] nvme_rdma.c:1386:_nvme_rdma_ctrlr_connect_qpair: *NOTICE*: Connect rdma qpair: pg 0x7f640c000ab0, srq depth 128
2: [2021-10-01 17:35:17.107536] nvme_rdma.c:1386:_nvme_rdma_ctrlr_connect_qpair: *NOTICE*: Connect rdma qpair: pg 0x7f0ed4000a90, srq depth 128
4: mlx5dv_reserved_qpn_alloc 1 1
0: [2021-10-01 17:35:17.117485] rdma.c:2990:nvmf_process_cm_event: *NOTICE*: In RDMA_CM_EVENT_CONNECT_REQUEST
0: mlx5dv_reserved_qpn_alloc 1 1
4: [2021-10-01 17:35:17.117761] nvme_rdma.c:1386:_nvme_rdma_ctrlr_connect_qpair: *NOTICE*: Connect rdma qpair: pg 0x7f63a8000ab0, srq depth 128
4: mlx5dv_reserved_qpn_alloc 1 1
0: [2021-10-01 17:35:17.127466] rdma.c:2990:nvmf_process_cm_event: *NOTICE*: In RDMA_CM_EVENT_CONNECT_REQUEST
0: mlx5dv_reserved_qpn_alloc 1 1
4: [2021-10-01 17:35:17.127752] nvme_rdma.c:1386:_nvme_rdma_ctrlr_connect_qpair: *NOTICE*: Connect rdma qpair: pg 0x7f63f8000a90, srq depth 128
4: mlx5dv_reserved_qpn_alloc 1 1
0: [2021-10-01 17:35:17.137448] rdma.c:2990:nvmf_process_cm_event: *NOTICE*: In RDMA_CM_EVENT_CONNECT_REQUEST
0: mlx5dv_reserved_qpn_alloc 1 1
4: [2021-10-01 17:35:17.137737] nvme_rdma.c:1386:_nvme_rdma_ctrlr_connect_qpair: *NOTICE*: Connect rdma qpair: pg 0x7f63e8000ab0, srq depth 128
4: mlx5dv_reserved_qpn_alloc 1 1
0: [2021-10-01 17:35:17.147432] rdma.c:2990:nvmf_process_cm_event: *NOTICE*: In RDMA_CM_EVENT_CONNECT_REQUEST
0: mlx5dv_reserved_qpn_alloc 1 1
4: [2021-10-01 17:35:17.147721] nvme_rdma.c:1386:_nvme_rdma_ctrlr_connect_qpair: *NOTICE*: Connect rdma qpair: pg 0x7f6410000ab0, srq depth 128
4: mlx5dv_reserved_qpn_alloc 1 1
0: [2021-10-01 17:35:17.157416] rdma.c:2990:nvmf_process_cm_event: *NOTICE*: In RDMA_CM_EVENT_CONNECT_REQUEST
0: mlx5dv_reserved_qpn_alloc 1 1
4: [2021-10-01 17:35:17.157717] nvme_rdma.c:1386:_nvme_rdma_ctrlr_connect_qpair: *NOTICE*: Connect rdma qpair: pg 0x7f63d0000a90, srq depth 128
4: mlx5dv_reserved_qpn_alloc 1 1
0: [2021-10-01 17:35:17.167399] rdma.c:2990:nvmf_process_cm_event: *NOTICE*: In RDMA_CM_EVENT_CONNECT_REQUEST
4: [2021-10-01 17:35:17.167717] nvme_rdma.c:1386:_nvme_rdma_ctrlr_connect_qpair: *NOTICE*: Connect rdma qpair: pg 0x7f63c8000a90, srq depth 128
0: mlx5dv_reserved_qpn_alloc 1 1
4: mlx5dv_reserved_qpn_alloc 1 1
0: [2021-10-01 17:35:17.217313] rdma.c:2990:nvmf_process_cm_event: *NOTICE*: In RDMA_CM_EVENT_CONNECT_REQUEST
0: mlx5dv_reserved_qpn_alloc 1 1
4: [2021-10-01 17:35:17.217674] nvme_rdma.c:1386:_nvme_rdma_ctrlr_connect_qpair: *NOTICE*: Connect rdma qpair: pg 0x7f63c0000a90, srq depth 128
4: mlx5dv_reserved_qpn_alloc 1 1
0: [2021-10-01 17:35:17.277212] rdma.c:2990:nvmf_process_cm_event: *NOTICE*: In RDMA_CM_EVENT_CONNECT_REQUEST
0: mlx5dv_reserved_qpn_alloc 1 1
4: [2021-10-01 17:35:17.277546] nvme_rdma.c:1386:_nvme_rdma_ctrlr_connect_qpair: *NOTICE*: Connect rdma qpair: pg 0x7f63b0000a90, srq depth 128
1: [2021-10-01 17:35:27.099266] dc_mlx5_dv.c: 963:spdk_rdma_qp_reset: *NOTICE*: Reset called for qp: 0x7f3ff0008e80
2: [2021-10-01 17:35:27.104311] dc_mlx5_dv.c: 963:spdk_rdma_qp_reset: *NOTICE*: Reset called for qp: 0x7f0f10008e80
3: [2021-10-01 17:35:27.112087] dc_mlx5_dv.c: 963:spdk_rdma_qp_reset: *NOTICE*: Reset called for qp: 0x7f1dac008ef0
2: [2021-10-01 17:35:27.117551] dc_mlx5_dv.c: 963:spdk_rdma_qp_reset: *NOTICE*: Reset called for qp: 0x7f0f04008e80
0: [2021-10-01 17:35:27.119841] dc_mlx5_dv.c: 963:spdk_rdma_qp_reset: *NOTICE*: Reset called for qp: 0x7f07f4008e80
2: [2021-10-01 17:35:27.123286] dc_mlx5_dv.c: 963:spdk_rdma_qp_reset: *NOTICE*: Reset called for qp: 0x7f0ee4008e80
3: [2021-10-01 17:35:27.124639] dc_mlx5_dv.c: 963:spdk_rdma_qp_reset: *NOTICE*: Reset called for qp: 0x7f1d8c008e80
1: [2021-10-01 17:35:27.127006] dc_mlx5_dv.c: 963:spdk_rdma_qp_reset: *NOTICE*: Reset called for qp: 0x7f3fcc008e80
0: [2021-10-01 17:35:27.128864] dc_mlx5_dv.c: 963:spdk_rdma_qp_reset: *NOTICE*: Reset called for qp: 0x7f079c008e80
1: [2021-10-01 17:35:27.133587] dc_mlx5_dv.c: 963:spdk_rdma_qp_reset: *NOTICE*: Reset called for qp: 0x7f3fd0008e80
3: [2021-10-01 17:35:27.133910] dc_mlx5_dv.c: 963:spdk_rdma_qp_reset: *NOTICE*: Reset called for qp: 0x7f1d98008e80
2: [2021-10-01 17:35:27.133905] dc_mlx5_dv.c: 963:spdk_rdma_qp_reset: *NOTICE*: Reset called for qp: 0x7f0eb0008e80
0: [2021-10-01 17:35:27.134219] dc_mlx5_dv.c: 963:spdk_rdma_qp_reset: *NOTICE*: Reset called for qp: 0x7f07d4001e80
3: [2021-10-01 17:35:27.143229] dc_mlx5_dv.c: 963:spdk_rdma_qp_reset: *NOTICE*: Reset called for qp: 0x7f1da0001e80
1: [2021-10-01 17:35:27.143291] dc_mlx5_dv.c: 963:spdk_rdma_qp_reset: *NOTICE*: Reset called for qp: 0x7f3fd8008e80
0: [2021-10-01 17:35:27.145938] dc_mlx5_dv.c: 963:spdk_rdma_qp_reset: *NOTICE*: Reset called for qp: 0x7f07a8008e80
2: [2021-10-01 17:35:27.146478] dc_mlx5_dv.c: 963:spdk_rdma_qp_reset: *NOTICE*: Reset called for qp: 0x7f0ecc008e80
1: [2021-10-01 17:35:27.152007] dc_mlx5_dv.c: 963:spdk_rdma_qp_reset: *NOTICE*: Reset called for qp: 0x7f3f7c008ef0
2: [2021-10-01 17:35:27.153152] dc_mlx5_dv.c: 963:spdk_rdma_qp_reset: *NOTICE*: Reset called for qp: 0x7f0ea0001e80
0: [2021-10-01 17:35:27.153284] dc_mlx5_dv.c: 963:spdk_rdma_qp_reset: *NOTICE*: Reset called for qp: 0x7f07a4008e80
3: [2021-10-01 17:35:27.153416] dc_mlx5_dv.c: 963:spdk_rdma_qp_reset: *NOTICE*: Reset called for qp: 0x7f1d68008e80
0: [2021-10-01 17:35:27.162000] dc_mlx5_dv.c: 963:spdk_rdma_qp_reset: *NOTICE*: Reset called for qp: 0x7f0798008e80
3: [2021-10-01 17:35:27.162126] dc_mlx5_dv.c: 963:spdk_rdma_qp_reset: *NOTICE*: Reset called for qp: 0x7f1d64008e80
1: [2021-10-01 17:35:27.162272] dc_mlx5_dv.c: 963:spdk_rdma_qp_reset: *NOTICE*: Reset called for qp: 0x7f3fb8008e80
2: [2021-10-01 17:35:27.163295] dc_mlx5_dv.c: 963:spdk_rdma_qp_reset: *NOTICE*: Reset called for qp: 0x7f0f18008e80
0: [2021-10-01 17:35:27.171955] dc_mlx5_dv.c: 963:spdk_rdma_qp_reset: *NOTICE*: Reset called for qp: 0x7f07dc008e80
3: [2021-10-01 17:35:27.171981] dc_mlx5_dv.c: 963:spdk_rdma_qp_reset: *NOTICE*: Reset called for qp: 0x7f1d7c008e80
1: [2021-10-01 17:35:27.172029] dc_mlx5_dv.c: 963:spdk_rdma_qp_reset: *NOTICE*: Reset called for qp: 0x7f3fc8008e80
2: [2021-10-01 17:35:27.172623] dc_mlx5_dv.c: 963:spdk_rdma_qp_reset: *NOTICE*: Reset called for qp: 0x7f0ee8008ef0
0: [2021-10-01 17:35:27.181893] dc_mlx5_dv.c: 963:spdk_rdma_qp_reset: *NOTICE*: Reset called for qp: 0x7f07e0008e80
3: [2021-10-01 17:35:27.181972] dc_mlx5_dv.c: 963:spdk_rdma_qp_reset: *NOTICE*: Reset called for qp: 0x7f1d40008f20
1: [2021-10-01 17:35:27.181994] dc_mlx5_dv.c: 963:spdk_rdma_qp_reset: *NOTICE*: Reset called for qp: 0x7f3fe4008e80
2: [2021-10-01 17:35:27.182147] dc_mlx5_dv.c: 963:spdk_rdma_qp_reset: *NOTICE*: Reset called for qp: 0x7f0ed8008e80
0: [2021-10-01 17:35:27.191915] dc_mlx5_dv.c: 963:spdk_rdma_qp_reset: *NOTICE*: Reset called for qp: 0x7f07b4008e80
3: [2021-10-01 17:35:27.191909] dc_mlx5_dv.c: 963:spdk_rdma_qp_reset: *NOTICE*: Reset called for qp: 0x7f1d88008e80
2: [2021-10-01 17:35:27.192421] dc_mlx5_dv.c: 963:spdk_rdma_qp_reset: *NOTICE*: Reset called for qp: 0x7f0ef4008e80
1: [2021-10-01 17:35:27.192939] dc_mlx5_dv.c: 963:spdk_rdma_qp_reset: *NOTICE*: Reset called for qp: 0x7f3ff8008e80
3: [2021-10-01 17:35:27.201998] dc_mlx5_dv.c: 963:spdk_rdma_qp_reset: *NOTICE*: Reset called for qp: 0x7f1d60001e80
2: [2021-10-01 17:35:27.201991] dc_mlx5_dv.c: 963:spdk_rdma_qp_reset: *NOTICE*: Reset called for qp: 0x7f0ef8008e80
0: [2021-10-01 17:35:27.202020] dc_mlx5_dv.c: 963:spdk_rdma_qp_reset: *NOTICE*: Reset called for qp: 0x7f07c0008e80
1: [2021-10-01 17:35:27.201998] dc_mlx5_dv.c: 963:spdk_rdma_qp_reset: *NOTICE*: Reset called for qp: 0x2605f40
3: [2021-10-01 17:35:27.211888] dc_mlx5_dv.c: 963:spdk_rdma_qp_reset: *NOTICE*: Reset called for qp: 0x7f1d74008e80
2: [2021-10-01 17:35:27.211933] dc_mlx5_dv.c: 963:spdk_rdma_qp_reset: *NOTICE*: Reset called for qp: 0x7f0ec8008e80
1: [2021-10-01 17:35:27.211943] dc_mlx5_dv.c: 963:spdk_rdma_qp_reset: *NOTICE*: Reset called for qp: 0x7f3fbc008e80
0: [2021-10-01 17:35:27.212038] dc_mlx5_dv.c: 963:spdk_rdma_qp_reset: *NOTICE*: Reset called for qp: 0x7f07e4008e80
3: [2021-10-01 17:35:27.221854] dc_mlx5_dv.c: 963:spdk_rdma_qp_reset: *NOTICE*: Reset called for qp: 0x7f1d90008e80
1: [2021-10-01 17:35:27.221862] dc_mlx5_dv.c: 963:spdk_rdma_qp_reset: *NOTICE*: Reset called for qp: 0x7f3f74008e80
0: [2021-10-01 17:35:27.221908] dc_mlx5_dv.c: 963:spdk_rdma_qp_reset: *NOTICE*: Reset called for qp: 0x7f07e8008e80
2: [2021-10-01 17:35:27.221902] dc_mlx5_dv.c: 963:spdk_rdma_qp_reset: *NOTICE*: Reset called for qp: 0x7f0f08008e80
3: [2021-10-01 17:35:27.231713] dc_mlx5_dv.c: 963:spdk_rdma_qp_reset: *NOTICE*: Reset called for qp: 0x7f1d48008e80
1: [2021-10-01 17:35:27.231815] dc_mlx5_dv.c: 963:spdk_rdma_qp_reset: *NOTICE*: Reset called for qp: 0x7f3fe8008e80
2: [2021-10-01 17:35:27.231882] dc_mlx5_dv.c: 963:spdk_rdma_qp_reset: *NOTICE*: Reset called for qp: 0x7f0eec008e80
0: [2021-10-01 17:35:27.231911] dc_mlx5_dv.c: 963:spdk_rdma_qp_reset: *NOTICE*: Reset called for qp: 0x7f07ec008e80
1: [2021-10-01 17:35:27.241793] dc_mlx5_dv.c: 963:spdk_rdma_qp_reset: *NOTICE*: Reset called for qp: 0x7f3fdc001e80
3: [2021-10-01 17:35:27.241909] dc_mlx5_dv.c: 963:spdk_rdma_qp_reset: *NOTICE*: Reset called for qp: 0x27a8f40
0: [2021-10-01 17:35:27.241918] dc_mlx5_dv.c: 963:spdk_rdma_qp_reset: *NOTICE*: Reset called for qp: 0x7f07a0008e80
2: [2021-10-01 17:35:27.242101] dc_mlx5_dv.c: 963:spdk_rdma_qp_reset: *NOTICE*: Reset called for qp: 0x7f0f00008e80
1: [2021-10-01 17:35:27.251781] dc_mlx5_dv.c: 963:spdk_rdma_qp_reset: *NOTICE*: Reset called for qp: 0x7f3f84008e80
0: [2021-10-01 17:35:27.251860] dc_mlx5_dv.c: 963:spdk_rdma_qp_reset: *NOTICE*: Reset called for qp: 0x7f07c8001e80
3: [2021-10-01 17:35:27.251923] dc_mlx5_dv.c: 963:spdk_rdma_qp_reset: *NOTICE*: Reset called for qp: 0x7f1da4008e80
2: [2021-10-01 17:35:27.252117] dc_mlx5_dv.c: 963:spdk_rdma_qp_reset: *NOTICE*: Reset called for qp: 0x7f0e90008e80
1: [2021-10-01 17:35:27.261892] dc_mlx5_dv.c: 963:spdk_rdma_qp_reset: *NOTICE*: Reset called for qp: 0x7f3fac008e80
3: [2021-10-01 17:35:27.261953] dc_mlx5_dv.c: 963:spdk_rdma_qp_reset: *NOTICE*: Reset called for qp: 0x7f1d9c008e80
0: [2021-10-01 17:35:27.261962] dc_mlx5_dv.c: 963:spdk_rdma_qp_reset: *NOTICE*: Reset called for qp: 0x7f0800008ef0
2: [2021-10-01 17:35:27.262078] dc_mlx5_dv.c: 963:spdk_rdma_qp_reset: *NOTICE*: Reset called for qp: 0x7f0edc008e80
3: [2021-10-01 17:35:27.271861] dc_mlx5_dv.c: 963:spdk_rdma_qp_reset: *NOTICE*: Reset called for qp: 0x7f1da8008e80
2: [2021-10-01 17:35:27.271828] dc_mlx5_dv.c: 963:spdk_rdma_qp_reset: *NOTICE*: Reset called for qp: 0x7f0ea8008e80
0: [2021-10-01 17:35:27.271874] dc_mlx5_dv.c: 963:spdk_rdma_qp_reset: *NOTICE*: Reset called for qp: 0x7f07fc008e80
1: [2021-10-01 17:35:27.272102] dc_mlx5_dv.c: 963:spdk_rdma_qp_reset: *NOTICE*: Reset called for qp: 0x7f4004008ef0
2: [2021-10-01 17:35:27.281796] dc_mlx5_dv.c: 963:spdk_rdma_qp_reset: *NOTICE*: Reset called for qp: 0x1529f40
3: [2021-10-01 17:35:27.281866] dc_mlx5_dv.c: 963:spdk_rdma_qp_reset: *NOTICE*: Reset called for qp: 0x7f1d78008e80
0: [2021-10-01 17:35:27.281861] dc_mlx5_dv.c: 963:spdk_rdma_qp_reset: *NOTICE*: Reset called for qp: 0x1d25f40
1: [2021-10-01 17:35:27.281858] dc_mlx5_dv.c: 963:spdk_rdma_qp_reset: *NOTICE*: Reset called for qp: 0x7f3fd4008e80
2: [2021-10-01 17:35:27.291733] dc_mlx5_dv.c: 963:spdk_rdma_qp_reset: *NOTICE*: Reset called for qp: 0x7f0efc008e80
3: [2021-10-01 17:35:27.291799] dc_mlx5_dv.c: 963:spdk_rdma_qp_reset: *NOTICE*: Reset called for qp: 0x7f1d70008e80
0: [2021-10-01 17:35:27.291815] dc_mlx5_dv.c: 963:spdk_rdma_qp_reset: *NOTICE*: Reset called for qp: 0x7f07b0008e80
1: [2021-10-01 17:35:27.293116] dc_mlx5_dv.c: 963:spdk_rdma_qp_reset: *NOTICE*: Reset called for qp: 0x7f3f94008e80
2: [2021-10-01 17:35:27.301739] dc_mlx5_dv.c: 963:spdk_rdma_qp_reset: *NOTICE*: Reset called for qp: 0x7f0ed4008e80
0: [2021-10-01 17:35:27.301792] dc_mlx5_dv.c: 963:spdk_rdma_qp_reset: *NOTICE*: Reset called for qp: 0x7f07d8008e80
3: [2021-10-01 17:35:27.302099] dc_mlx5_dv.c: 963:spdk_rdma_qp_reset: *NOTICE*: Reset called for qp: 0x7f1db8008e80
1: [2021-10-01 17:35:27.302290] dc_mlx5_dv.c: 963:spdk_rdma_qp_reset: *NOTICE*: Reset called for qp: 0x7f3fa4008e80
2: [2021-10-01 17:35:27.311741] dc_mlx5_dv.c: 963:spdk_rdma_qp_reset: *NOTICE*: Reset called for qp: 0x7f0ed0008e80
0: [2021-10-01 17:35:27.311788] dc_mlx5_dv.c: 963:spdk_rdma_qp_reset: *NOTICE*: Reset called for qp: 0x7f07ac008e80
3: [2021-10-01 17:35:27.311815] dc_mlx5_dv.c: 963:spdk_rdma_qp_reset: *NOTICE*: Reset called for qp: 0x7f1d58008e80
1: [2021-10-01 17:35:27.312695] dc_mlx5_dv.c: 963:spdk_rdma_qp_reset: *NOTICE*: Reset called for qp: 0x7f3fb4008e80
2: [2021-10-01 17:35:27.321734] dc_mlx5_dv.c: 963:spdk_rdma_qp_reset: *NOTICE*: Reset called for qp: 0x7f0ee0001e80
3: [2021-10-01 17:35:27.321783] dc_mlx5_dv.c: 963:spdk_rdma_qp_reset: *NOTICE*: Reset called for qp: 0x7f1db0008e80
0: [2021-10-01 17:35:27.322106] dc_mlx5_dv.c: 963:spdk_rdma_qp_reset: *NOTICE*: Reset called for qp: 0x7f07d0008ef0
1: [2021-10-01 17:35:27.322134] dc_mlx5_dv.c: 963:spdk_rdma_qp_reset: *NOTICE*: Reset called for qp: 0x7f3f8c008e80
4: [2021-10-01 17:35:27.327963] dc_mlx5_dv.c: 963:spdk_rdma_qp_reset: *NOTICE*: Reset called for qp: 0x7f6404008e80
2: [2021-10-01 17:35:27.331627] dc_mlx5_dv.c: 963:spdk_rdma_qp_reset: *NOTICE*: Reset called for qp: 0x7f0ec0008e80
1: [2021-10-01 17:35:27.331662] dc_mlx5_dv.c: 963:spdk_rdma_qp_reset: *NOTICE*: Reset called for qp: 0x7f4000008e80
0: [2021-10-01 17:35:27.332071] dc_mlx5_dv.c: 963:spdk_rdma_qp_reset: *NOTICE*: Reset called for qp: 0x7f07cc008e80
3: [2021-10-01 17:35:27.332147] dc_mlx5_dv.c: 963:spdk_rdma_qp_reset: *NOTICE*: Reset called for qp: 0x7f1d94008e80
1: [2021-10-01 17:35:27.341631] dc_mlx5_dv.c: 963:spdk_rdma_qp_reset: *NOTICE*: Reset called for qp: 0x7f3ff4008e80
3: [2021-10-01 17:35:27.341775] dc_mlx5_dv.c: 963:spdk_rdma_qp_reset: *NOTICE*: Reset called for qp: 0x7f1d80008e80
0: [2021-10-01 17:35:27.341869] dc_mlx5_dv.c: 963:spdk_rdma_qp_reset: *NOTICE*: Reset called for qp: 0x7f07f0008e80
2: [2021-10-01 17:35:27.342052] dc_mlx5_dv.c: 963:spdk_rdma_qp_reset: *NOTICE*: Reset called for qp: 0x7f0e98008e80
4: [2021-10-01 17:35:27.344758] dc_mlx5_dv.c: 963:spdk_rdma_qp_reset: *NOTICE*: Reset called for qp: 0x7f63fc001e80
2: [2021-10-01 17:35:27.351652] dc_mlx5_dv.c: 963:spdk_rdma_qp_reset: *NOTICE*: Reset called for qp: 0x7f0f1c008e80
3: [2021-10-01 17:35:27.351690] dc_mlx5_dv.c: 963:spdk_rdma_qp_reset: *NOTICE*: Reset called for qp: 0x7f1dbc008e80
0: [2021-10-01 17:35:27.351688] dc_mlx5_dv.c: 963:spdk_rdma_qp_reset: *NOTICE*: Reset called for qp: 0x7f07bc008e80
1: [2021-10-01 17:35:27.352045] dc_mlx5_dv.c: 963:spdk_rdma_qp_reset: *NOTICE*: Reset called for qp: 0x7f3fec008e80
4: [2021-10-01 17:35:27.355514] dc_mlx5_dv.c: 963:spdk_rdma_qp_reset: *NOTICE*: Reset called for qp: 0x7f6414008e80
0: [2021-10-01 17:35:27.361599] dc_mlx5_dv.c: 963:spdk_rdma_qp_reset: *NOTICE*: Reset called for qp: 0x7f0790008e80
2: [2021-10-01 17:35:27.361596] dc_mlx5_dv.c: 963:spdk_rdma_qp_reset: *NOTICE*: Reset called for qp: 0x7f0f0c008ef0
3: [2021-10-01 17:35:27.361686] dc_mlx5_dv.c: 963:spdk_rdma_qp_reset: *NOTICE*: Reset called for qp: 0x7f1d6c008e80
1: [2021-10-01 17:35:27.361727] dc_mlx5_dv.c: 963:spdk_rdma_qp_reset: *NOTICE*: Reset called for qp: 0x7f3f9c001e80
4: [2021-10-01 17:35:27.364029] dc_mlx5_dv.c: 963:spdk_rdma_qp_reset: *NOTICE*: Reset called for qp: 0x7f640c008e80
0: [2021-10-01 17:35:27.371580] dc_mlx5_dv.c: 963:spdk_rdma_qp_reset: *NOTICE*: Reset called for qp: 0x7f07b8008e80
3: [2021-10-01 17:35:27.371623] dc_mlx5_dv.c: 963:spdk_rdma_qp_reset: *NOTICE*: Reset called for qp: 0x7f1d84008e80
1: [2021-10-01 17:35:27.371734] dc_mlx5_dv.c: 963:spdk_rdma_qp_reset: *NOTICE*: Reset called for qp: 0x7f3fc4008e80
2: [2021-10-01 17:35:27.372564] dc_mlx5_dv.c: 963:spdk_rdma_qp_reset: *NOTICE*: Reset called for qp: 0x7f0eb8008e80
4: [2021-10-01 17:35:27.373547] dc_mlx5_dv.c: 963:spdk_rdma_qp_reset: *NOTICE*: Reset called for qp: 0x7f6410008e80
2: ct time 127790.083 us (356534332 ticks)
2: IO qp on core 15 total time 151284.110 us (422082668 ticks), connect time 137251.946 us (382932928 ticks)
2: IO qp on core 27 total time 161766.929 us (451329732 ticks), connect time 147502.525 us (411532044 ticks)
2: IO qp on core 13 total time 171274.655 us (477856288 ticks), connect time 156770.434 us (437389512 ticks)
2: IO qp on core 7 total time 189468.573 us (528617320 ticks), connect time 166577.781 us (464752008 ticks)
2: IO qp on core 16 total time 191733.603 us (534936752 ticks), connect time 176819.227 us (493325644 ticks)
2: IO qp on core 19 total time 201403.237 us (561915032 ticks), connect time 186306.440 us (519794968 ticks)
2: IO qp on core 21 total time 211697.523 us (590636088 ticks), connect time 196378.502 us (547896020 ticks)
2: IO qp on core 9 total time 221319.025 us (617480080 ticks), connect time 205786.793 us (574145152 ticks)
2: IO qp on core 12 total time 231248.036 us (645182020 ticks), connect time 215503.495 us (601254752 ticks)
2: IO qp on core 8 total time 241266.707 us (673134112 ticks), connect time 225335.319 us (628685540 ticks)
2: IO qp on core 11 total time 251236.463 us (700949732 ticks), connect time 235117.285 us (655977224 ticks)
2: IO qp on core 17 total time 261683.604 us (730097256 ticks), connect time 245365.676 us (684570236 ticks)
2: IO qp on core 26 total time 271677.657 us (757980664 ticks), connect time 255203.160 us (712016816 ticks)
2: IO qp on core 24 total time 281393.366 us (785087492 ticks), connect time 264719.186 us (738566528 ticks)
2: IO qp on core 10 total time 291272.981 us (812651616 ticks), connect time 274324.029 us (765364040 ticks)
2: ========================================================
2:                                                                                                                   Latency(us)
2: Device Information                                                            :       IOPS      MiB/s    Average        min        max
2: RDMA (addr:65.65.65.131 subnqn:nqn.2016-06.io.spdk:cnode1) NSID 1 from core  0:    1001.60     125.20   31920.02   18618.36   80227.43
2: RDMA (addr:65.65.65.131 subnqn:nqn.2016-06.io.spdk:cnode1) NSID 1 from core  1:     801.60     100.20   39859.96   12697.56   59827.30
2: RDMA (addr:65.65.65.131 subnqn:nqn.2016-06.io.spdk:cnode1) NSID 1 from core  2:     800.00     100.00   39927.95   11685.59   54821.24
2: RDMA (addr:65.65.65.131 subnqn:nqn.2016-06.io.spdk:cnode1) NSID 1 from core  3:     992.00     124.00   32172.21   25254.53   81718.37
2: RDMA (addr:65.65.65.131 subnqn:nqn.2016-06.io.spdk:cnode1) NSID 1 from core  4:    1001.60     125.20   31870.57   18350.66   63425.61
2: RDMA (addr:65.65.65.131 subnqn:nqn.2016-06.io.spdk:cnode1) NSID 1 from core  5:    1005.20     125.65   31784.64   12190.72   46159.62
2: RDMA (addr:65.65.65.131 subnqn:nqn.2016-06.io.spdk:cnode1) NSID 1 from core  6:    1011.20     126.40   31604.35   11089.32   50615.65
2: RDMA (addr:65.65.65.131 subnqn:nqn.2016-06.io.spdk:cnode1) NSID 1 from core  7:    1004.80     125.60   31809.06   18024.72   61288.97
2: RDMA (addr:65.65.65.131 subnqn:nqn.2016-06.io.spdk:cnode1) NSID 1 from core  8:     806.40     100.80   39790.26   18257.33   79960.28
2: RDMA (addr:65.65.65.131 subnqn:nqn.2016-06.io.spdk:cnode1) NSID 1 from core  9:     793.60      99.20   40259.29   26259.10   55862.39
2: RDMA (addr:65.65.65.131 subnqn:nqn.2016-06.io.spdk:cnode1) NSID 1 from core 10:     797.10      99.64   40080.52   12644.97   53435.33
2: RDMA (addr:65.65.65.131 subnqn:nqn.2016-06.io.spdk:cnode1) NSID 1 from core 11:     997.10     124.64   32061.82   12660.63   48460.05
2: RDMA (addr:65.65.65.131 subnqn:nqn.2016-06.io.spdk:cnode1) NSID 1 from core 12:     796.80      99.60   40114.56   24808.65   73755.45
2: RDMA (addr:65.65.65.131 subnqn:nqn.2016-06.io.spdk:cnode1) NSID 1 from core 13:     806.40     100.80   39780.34   18562.63   73781.72
2: RDMA (addr:65.65.65.131 subnqn:nqn.2016-06.io.spdk:cnode1) NSID 1 from core 14:     791.30      98.91   40397.17   25416.44   82122.05
0: [2021-10-01 17:35:27.381563] dc_mlx5_dv.c: 963:spdk_rdma_qp_reset: *NOTICE*: Reset called for qp: 0x7f07c4008e80
1: [2021-10-01 17:35:27.381609] dc_mlx5_dv.c: 963:spdk_rdma_qp_reset: *NOTICE*: Reset called for qp: 0x7f3fe0008e80
3: [2021-10-01 17:35:27.381665] dc_mlx5_dv.c: 963:spdk_rdma_qp_reset: *NOTICE*: Reset called for qp: 0x7f1d50008e80
2: RDMA (addr:65.65.65.131 subnqn:nqn.2016-06.io.spdk:cnode1) NSID 1 from core 15:    1001.60     125.20   31915.47   12966.74   [2021-10-01 17:35:27.383029] dc_mlx5_dv.c: 963:spdk_rdma_qp_reset: *NOTICE*: Reset called for qp: 0x132dee0
4: [2021-10-01 17:35:27.384281] dc_mlx5_dv.c: 963:spdk_rdma_qp_reset: *NOTICE*: Reset called for qp: 0x7f63d8008e80
2: 50668.80
2: RDMA (addr:65.65.65.131 subnqn:nqn.2016-06.io.spdk:cnode1) NSID 1 from core 16:    1001.60     125.20   31765.18   18631.39   40550.71
2: RDMA (addr:65.65.65.131 subnqn:nqn.2016-06.io.spdk:cnode1) NSID 1 from core 17:     994.90     124.36   31983.79   24511.25   50030.13
2: RDMA (addr:65.65.65.131 subnqn:nqn.2016-06.io.spdk:cnode1) NSID 1 from core 18:     796.80      99.60   40053.17   25440.73   67856.39
2: RDMA (addr:65.65.65.131 subnqn:nqn.2016-06.io.spdk:cnode1) NSID 1 from core 19:     998.40     124.80   31821.58   17943.25   64141.67
2: RDMA (addr:65.65.65.131 subnqn:nqn.2016-06.io.spdk:cnode1) NSID 1 from core 20:     793.60      99.20   40266.06   24876.53  105782.28
2: RDMA (addr:65.65.65.131 subnqn:nqn.2016-06.io.spdk:cnode1) NSID 1 from core 21:     998.40     124.80   31901.17   18345.33   94565.17
2: RDMA (addr:65.65.65.131 subnqn:nqn.2016-06.io.spdk:cnode1) NSID 1 from core 22:     992.20     124.03   32092.92   19870.25   90647.78
2: RDMA (addr:65.65.65.131 subnqn:nqn.2016-06.io.spdk:cnode1) NSID 1 from core 23:    1011.50     126.44   31524.95    9984.12   62650.17
2: RDMA (addr:65.65.65.131 subnqn:nqn.2016-06.io.spdk:cnode1) NSID 1 from core 24:     989.00     123.62   32064.24   18374.04   42692.45
2: RDMA (addr:65.65.65.131 subnqn:nqn.2016-06.io.spdk:cnode1) NSID 1 from core 25:     998.60     124.83   31752.10   18551.35   42116.62
2: RDMA (addr:65.65.65.131 subnqn:nqn.2016-06.io.spdk:cnode1) NSID 1 from core 26:     995.20     124.40   31869.20   18114.54   40939.78
2: RDMA (addr:65.65.65.131 subnqn:nqn.2016-06.io.spdk:cnode1) NSID 1 from core 27:     787.20      98.40   40320.14   25197.23   56311.53
2: ========================================================
2: Total                                                                         :   25765.70    3220.71   34667.51    9984.12  105782.28
2: 
1: ct time 129640.401 us (361696720 ticks)
1: IO qp on core 17 total time 153892.315 us (429359560 ticks), connect time 139401.181 us (388929296 ticks)
1: IO qp on core 18 total time 163591.977 us (456421616 ticks), connect time 148580.043 us (414538320 ticks)
1: IO qp on core 14 total time 173471.882 us (483986552 ticks), connect time 158171.709 us (441299068 ticks)
1: IO qp on core 12 total time 183399.859 us (511685608 ticks), connect time 167637.054 us (467707380 ticks)
1: IO qp on core 11 total time 193406.538 us (539604240 ticks), connect time 177335.943 us (494767280 ticks)
1: IO qp on core 20 total time 203811.328 us (568633604 ticks), connect time 187379.081 us (522787636 ticks)
1: IO qp on core 10 total time 213433.794 us (595480284 ticks), connect time 196620.918 us (548572360 ticks)
1: IO qp on core 16 total time 223841.153 us (624516816 ticks), connect time 206809.305 us (576997960 ticks)
1: IO qp on core 8 total time 233425.984 us (651258496 ticks), connect time 216174.482 us (603126804 ticks)
1: IO qp on core 19 total time 243523.868 us (679431592 ticks), connect time 226017.907 us (630589960 ticks)
1: IO qp on core 9 total time 253428.080 us (707064344 ticks), connect time 235632.625 us (657415024 ticks)
1: IO qp on core 15 total time 263402.794 us (734893796 ticks), connect time 245431.652 us (684754308 ticks)
1: IO qp on core 13 total time 273398.985 us (762783168 ticks), connect time 255219.769 us (712063156 ticks)
1: IO qp on core 23 total time 283752.522 us (791669536 ticks), connect time 265467.067 us (740653116 ticks)
1: IO qp on core 21 total time 293457.603 us (818746712 ticks), connect time 274988.984 us (767219264 ticks)
1: ========================================================
1:                                                                                                                   Latency(us)
1: Device Information                                                            :       IOPS      MiB/s    Average        min        max
1: RDMA (addr:65.65.65.131 subnqn:nqn.2016-06.io.spdk:cnode1) NSID 1 from core  0:     803.20     100.40   39812.97   19174.87   68344.56
1: RDMA (addr:65.65.65.131 subnqn:nqn.2016-06.io.spdk:cnode1) NSID 1 from core  1:     794.40      99.30   40249.84   12664.71   54498.62
1: RDMA (addr:65.65.65.131 subnqn:nqn.2016-06.io.spdk:cnode1) NSID 1 from core  2:     805.90     100.74   39715.72   12393.84   57354.54
1: RDMA (addr:65.65.65.131 subnqn:nqn.2016-06.io.spdk:cnode1) NSID 1 from core  3:     807.40     100.92   39596.77   12413.61   57349.61
1: RDMA (addr:65.65.65.131 subnqn:nqn.2016-06.io.spdk:cnode1) NSID 1 from core  4:    1000.50     125.06   31949.68    6360.84   49867.54
1: RDMA (addr:65.65.65.131 subnqn:nqn.2016-06.io.spdk:cnode1) NSID 1 from core  5:     809.60     101.20   39505.70   17945.51   62337.62
1: RDMA (addr:65.65.65.131 subnqn:nqn.2016-06.io.spdk:cnode1) NSID 1 from core  6:     998.40     124.80   31985.06   24204.37   69906.13
1: RDMA (addr:65.65.65.131 subnqn:nqn.2016-06.io.spdk:cnode1) NSID 1 from core  7:     999.70     124.96   31978.93    7197.18   49857.93
1: RDMA (addr:65.65.65.131 subnqn:nqn.2016-06.io.spdk:cnode1) NSID 1 from core  8:     791.80      98.97   40354.66   26663.99   63808.71
1: RDMA (addr:65.65.65.131 subnqn:nqn.2016-06.io.spdk:cnode1) NSID 1 from core  9:     817.10     102.14   39242.93    2954.26   64757.98
1: RDMA (addr:65.65.65.131 subnqn:nqn.2016-06.io.spdk:cnode1) NSID 1 from core 10:    1009.00     126.12   31638.03   12639.45   51393.13
1: RDMA (addr:65.65.65.131 subnqn:nqn.2016-06.io.spdk:cnode1) NSID 1 from core 11:     814.70     101.84   39268.54    3052.51   58730.10
1: RDMA (addr:65.65.65.131 subnqn:nqn.2016-06.io.spdk:cnode1) NSID 1 from core 12:     806.40     100.80   39560.77   17752.10   68239.40
1: RDMA (addr:65.65.65.131 subnqn:nqn.2016-06.io.spdk:cnode1) NSID 1 from core 13:    1003.70     125.46   31831.90   11630.36   55948.06
1: RDMA (addr:65.65.65.131 subnqn:nqn.2016-06.io.spdk:cnode1) NSID 1 from core 14:     795.70      99.46   40255.89   25137.24   78792.37
3: me 122405.382 us (341511016 ticks)
3: IO qp on core 19 total time 144909.795 us (404298328 ticks), connect time 132086.768 us (368522084 ticks)
3: IO qp on core 24 total time 155182.363 us (432958792 ticks), connect time 142047.904 us (396313652 ticks)
3: IO qp on core 12 total time 164769.824 us (459707808 ticks), connect time 151420.457 us (422463076 ticks)
3: IO qp on core 22 total time 175157.713 us (488690020 ticks), connect time 161606.456 us (450882012 ticks)
3: IO qp on core 8 total time 184792.764 us (515571812 ticks), connect time 171044.714 us (477214752 ticks)
3: IO qp on core 17 total time 195226.999 us (544683328 ticks), connect time 180147.604 us (502611816 ticks)
3: IO qp on core 11 total time 204788.869 us (571360944 ticks), connect time 189478.067 us (528643808 ticks)
3: IO qp on core 16 total time 214881.253 us (599518696 ticks), connect time 199331.910 us (556136028 ticks)
3: IO qp on core 23 total time 225149.024 us (628165776 ticks), connect time 209334.152 us (584042284 ticks)
3: IO qp on core 15 total time 234763.983 us (654991512 ticks), connect time 218689.353 us (610143296 ticks)
3: IO qp on core 20 total time 244911.343 us (683302648 ticks), connect time 228634.492 us (637890232 ticks)
3: IO qp on core 9 total time 254734.376 us (710708908 ticks), connect time 238290.698 us (664831048 ticks)
3: IO qp on core 13 total time 264886.072 us (739032140 ticks), connect time 248194.579 us (692462876 ticks)
3: IO qp on core 10 total time 274728.865 us (766493532 ticks), connect time 257840.489 us (719374964 ticks)
3: IO qp on core 21 total time 284884.003 us (794826368 ticks), connect time 267810.777 us (747192068 ticks)
3: ========================================================
3:                                                                                                                   Latency(us)
3: Device Information                                                            :       IOPS      MiB/s    Average        min        max
0: ect time 129775.835 us (362074580 ticks)
0: IO qp on core 8 total time 153076.793 us (427084252 ticks), connect time 139502.674 us (389212460 ticks)
0: IO qp on core 17 total time 163514.480 us (456205400 ticks), connect time 149705.151 us (417677372 ticks)
0: IO qp on core 12 total time 173175.153 us (483158676 ticks), connect time 159152.261 us (444034808 ticks)
0: IO qp on core 11 total time 183083.118 us (510801900 ticks), connect time 168856.519 us (471109688 ticks)
0: IO qp on core 18 total time 193274.426 us (539235648 ticks), connect time 178786.011 us (498812972 ticks)
0: IO qp on core 16 total time 203227.944 us (567005964 ticks), connect time 188540.258 us (526027320 ticks)
0: IO qp on core 27 total time 213547.961 us (595798812 ticks), connect time 194534.225 us (542750488 ticks)
0: IO qp on core 22 total time 223507.080 us (623584752 ticks), connect time 204194.406 us (569702392 ticks)
0: IO qp on core 15 total time 233098.424 us (650344604 ticks), connect time 213433.382 us (595479136 ticks)
0: IO qp on core 24 total time 243489.626 us (679336056 ticks), connect time 223513.061 us (623601440 ticks)
0: IO qp on core 21 total time 253514.158 us (707304500 ticks), connect time 233198.773 us (650624576 ticks)
0: IO qp on core 23 total time 263275.590 us (734538896 ticks), connect time 242727.123 us (677208672 ticks)
0: IO qp on core 9 total time 273084.622 us (761906096 ticks), connect time 252319.672 us (703971884 ticks)
0: IO qp on core 20 total time 283216.066 us (790172824 ticks), connect time 262267.359 us (731725932 ticks)
0: IO qp on core 19 total time 293488.584 us (818833148 ticks), connect time 272354.324 us (759868564 ticks)
0: ========================================================
0:                                                                                                                   Latency(us)
0: Device Information                                                            :       IOPS      MiB/s    Average        min        max
0: RDMA (addr:65.65.65.131 subnqn:nqn.2016-06.io.spdk:cnode1) NSID 1 from core  0:     989.20     123.65   32332.44   10598.37   56862.91
0: RDMA (addr:65.65.65.131 subnqn:nqn.2016-06.io.spdk:cnode1) NSID 1 from core  1:     793.60      99.20   40279.08   25662.27   78850.16
0: RDMA (addr:65.65.65.131 subnqn:nqn.2016-06.io.spdk:cnode1) NSID 1 from core  2:     806.40     100.80   39644.56   18441.83   74757.52
0: RDMA (addr:65.65.65.131 subnqn:nqn.2016-06.io.spdk:cnode1) NSID 1 from core  3:     806.40     100.80   39717.07   24310.44   64787.86
0: RDMA (addr:65.65.65.131 subnqn:nqn.2016-06.io.spdk:cnode1) NSID 1 from core  4:    1010.40     126.30   31594.91   11273.55   46055.47
0: RDMA (addr:65.65.65.131 subnqn:nqn.2016-06.io.spdk:cnode1) NSID 1 from core  5:    1006.60     125.83   31792.81   11658.20   48522.92
0: RDMA (addr:65.65.65.131 subnqn:nqn.2016-06.io.spdk:cnode1) NSID 1 from core  6:    1009.30     126.16   31658.47   18040.79   58750.33
3: RDMA (addr:65.65.65.131 subnqn:nqn.2016-06.io.spdk:cnode1) NSID 1 from core  0:     803.20     100.40   39781.97   18668.90   81661.24
3: RDMA (addr:65.65.65.131 subnqn:nqn.2016-06.io.spdk:cnode1) NSID 1 from core  1:     806.40     100.80   39770.51   11597.41   77439.43
3: RDMA (addr:65.65.65.131 subnqn:nqn.2016-06.io.spdk:cnode1) NSID 1 from core  2:     793.60      99.20   40244.65   12688.29   54502.26
3: RDMA (addr:65.65.65.131 subnqn:nqn.2016-06.io.spdk:cnode1) NSID 1 from core  3:     797.50      99.69   40109.35   24819.45   69348.50
3: RDMA (addr:65.65.65.131 subnqn:nqn.2016-06.io.spdk:cnode1) NSID 1 from core  4:    1000.50     125.06   31924.84   12458.61   57062.12
3: RDMA (addr:65.65.65.131 subnqn:nqn.2016-06.io.spdk:cnode1) NSID 1 from core  5:    1007.90     125.99   31730.00    9802.00   50998.48
3: RDMA (addr:65.65.65.131 subnqn:nqn.2016-06.io.spdk:cnode1) NSID 1 from core  6:    1005.90     125.74   31825.25   10894.12   66294.92
0: RDMA (addr:65.65.65.131 subnqn:nqn.2016-06.io.spdk:cnode1) NSID 1 from core  7:    1011.70     126.46   31635.30   10569.63   46053.61
0: RDMA (addr:65.65.65.131 subnqn:nqn.2016-06.io.spdk:cnode1) NSID 1 from core  8:    1009.20     126.15   31662.67    9789.34   56325.67
0: RDMA (addr:65.65.65.131 subnqn:nqn.2016-06.io.spdk:cnode1) NSID 1 from core  9:    1001.60     125.20   31893.46   18301.81   63401.76
0: RDMA (addr:65.65.65.131 subnqn:nqn.2016-06.io.spdk:cnode1) NSID 1 from core 10:     998.40     124.80   32010.44   24389.53   68285.14
0: RDMA (addr:65.65.65.131 subnqn:nqn.2016-06.io.spdk:cnode1) NSID 1 from core 11:     809.20     101.15   39606.92   18606.43   76683.30
0: RDMA (addr:65.65.65.131 subnqn:nqn.2016-06.io.spdk:cnode1) NSID 1 from core 12:     800.00     100.00   39962.71   24716.68   66440.84
0: RDMA (addr:65.65.65.131 subnqn:nqn.2016-06.io.spdk:cnode1) NSID 1 from core 13:     805.70     100.71   39786.65   24310.10   78541.54
3: RDMA (addr:65.65.65.131 subnqn:nqn.2016-06.io.spdk:cnode1) NSID 1 from core  7:    1005.80     125.72   31754.15    8962.28   51011.22
3: RDMA (addr:65.65.65.131 subnqn:nqn.2016-06.io.spdk:cnode1) NSID 1 from core  8:     993.80     124.22   32155.62   24662.05   67636.87
3: RDMA (addr:65.65.65.131 subnqn:nqn.2016-06.io.spdk:cnode1) NSID 1 from core  9:     995.20     124.40   32104.61   24560.63   67430.06
3: RDMA (addr:65.65.65.131 subnqn:nqn.2016-06.io.spdk:cnode1) NSID 1 from core 10:     995.20     124.40   32137.72   24396.61   81639.31
3: RDMA (addr:65.65.65.131 subnqn:nqn.2016-06.io.spdk:cnode1) NSID 1 from core 11:     995.60     124.45   32081.37   23543.53   61238.48
3: RDMA (addr:65.65.65.131 subnqn:nqn.2016-06.io.spdk:cnode1) NSID 1 from core 12:     804.10     100.51   39856.74    4928.40   68933.28
3: RDMA (addr:65.65.65.131 subnqn:nqn.2016-06.io.spdk:cnode1) NSID 1 from core 13:    1003.50     125.44   31855.25    3920.25   47660.13
0: RDMA (addr:65.65.65.131 subnqn:nqn.2016-06.io.spdk:cnode1) NSID 1 from core 14:     995.20     124.40   32122.49   24699.22   90012.44
3: RDMA (addr:65.65.65.131 subnqn:nqn.2016-06.io.spdk:cnode1) NSID 1 from core 14:    1001.60     125.20   31953.42   17128.36   53283.94
4: [2021-10-01 17:35:27.391974] dc_mlx5_dv.c: 963:spdk_rdma_qp_reset: *NOTICE*: Reset called for qp: 0x7f63e8008e80
1: RDMA (addr:65.65.65.131 subnqn:nqn.2016-06.io.spdk:cnode1) NSID 1 from core 15:    1001.60     125.20   31898.57   18071.34  [2021-10-01 17:35:27.392536] dc_mlx5_dv.c: 963:spdk_rdma_qp_reset: *NOTICE*: Reset called for qp: 0x2409ee0
0: RDMA (addr:65.65.65.131 subnqn:nqn.2016-06.io.spdk:cnode1) NSID 1 from core 15:     797.80      99.72   40070.98   24695.03 [2021-10-01 17:35:27.392817] dc_mlx5_dv.c: 963:spdk_rdma_qp_reset: *NOTICE*: Reset called for qp: 0x1b29ee0
3: RDMA (addr:65.65.65.131 subnqn:nqn.2016-06.io.spdk:cnode1) NSID 1 from core 15:     828.70     103.59   38604.75     309.52   5278[2021-10-01 17:35:27.392952] dc_mlx5_dv.c: 963:spdk_rdma_qp_reset: *NOTICE*: Reset called for qp: 0x25acee0
0:   65396.91
0: RDMA (addr:65.65.65.131 subnqn:nqn.2016-06.io.spdk:cnode1) NSID 1 from core 16:     995.20     124.40   31947.08   24736.76   56863.12
0: RDMA (addr:65.65.65.131 subnqn:nqn.2016-06.io.spdk:cnode1) NSID 1 from core 17:     787.20      98.40   40392.57   30924.24   59736.47
0: RDMA (addr:65.65.65.131 subnqn:nqn.2016-06.io.spdk:cnode1) NSID 1 from core 18:     998.40     124.80   31837.38   18936.99   49236.72
0: RDMA (addr:65.65.65.131 subnqn:nqn.2016-06.io.spdk:cnode1) NSID 1 from core 19:     784.00      98.00   40487.01   32612.41   93676.66
0: RDMA (addr:65.65.65.131 subnqn:nqn.2016-06.io.spdk:cnode1) NSID 1 from core 20:     989.10     123.64   32033.88   22352.39   41014.05
0: RDMA (addr:65.65.65.131 subnqn:nqn.2016-06.io.spdk:cnode1) NSID 1 from core 21:     995.20     124.40   31827.94   18426.21   44665.58
0: RDMA (addr:65.65.65.131 subnqn:nqn.2016-06.io.spdk:cnode1) NSID 1 from core 22:     987.90     123.49   32115.64   18387.49   44381.80
1:  68327.69
1: RDMA (addr:65.65.65.131 subnqn:nqn.2016-06.io.spdk:cnode1) NSID 1 from core 16:     993.20     124.15   31929.34   18707.62   42465.05
1: RDMA (addr:65.65.65.131 subnqn:nqn.2016-06.io.spdk:cnode1) NSID 1 from core 17:     992.00     124.00   31979.50   24868.52   52515.93
1: RDMA (addr:65.65.65.131 subnqn:nqn.2016-06.io.spdk:cnode1) NSID 1 from core 18:     976.00     122.00   32541.03   22899.52   42905.35
1: RDMA (addr:65.65.65.131 subnqn:nqn.2016-06.io.spdk:cnode1) NSID 1 from core 19:     793.70      99.21   39933.10   19018.14   50828.41
1: RDMA (addr:65.65.65.131 subnqn:nqn.2016-06.io.spdk:cnode1) NSID 1 from core 20:     991.20     123.90   32084.20   24574.38   55637.05
1: RDMA (addr:65.65.65.131 subnqn:nqn.2016-06.io.spdk:cnode1) NSID 1 from core 21:     972.80     121.60   32660.80   25056.70   80424.67
1: RDMA (addr:65.65.65.131 subnqn:nqn.2016-06.io.spdk:cnode1) NSID 1 from core 22:     998.40     124.80   31802.57   18196.37   42099.27
3: 5.58
3: RDMA (addr:65.65.65.131 subnqn:nqn.2016-06.io.spdk:cnode1) NSID 1 from core 16:     995.20     124.40   31937.03   24045.36   45596.15
3: RDMA (addr:65.65.65.131 subnqn:nqn.2016-06.io.spdk:cnode1) NSID 1 from core 17:     995.20     124.40   31965.72   24368.74   45215.68
3: RDMA (addr:65.65.65.131 subnqn:nqn.2016-06.io.spdk:cnode1) NSID 1 from core 18:     998.40     124.80   31821.89   18484.78   42033.92
3: RDMA (addr:65.65.65.131 subnqn:nqn.2016-06.io.spdk:cnode1) NSID 1 from core 19:     998.40     124.80   31863.65   18533.51   42193.68
3: RDMA (addr:65.65.65.131 subnqn:nqn.2016-06.io.spdk:cnode1) NSID 1 from core 20:     800.00     100.00   39690.22   24978.65   53402.61
3: RDMA (addr:65.65.65.131 subnqn:nqn.2016-06.io.spdk:cnode1) NSID 1 from core 21:     992.90     124.11   31952.37   18581.41   41280.04
3: RDMA (addr:65.65.65.131 subnqn:nqn.2016-06.io.spdk:cnode1) NSID 1 from core 22:     792.10      99.01   40076.90   25440.58   52735.69
0: RDMA (addr:65.65.65.131 subnqn:nqn.2016-06.io.spdk:cnode1) NSID 1 from core 23:     998.40     124.80   31733.76   18606.53   51596.70
0: RDMA (addr:65.65.65.131 subnqn:nqn.2016-06.io.spdk:cnode1) NSID 1 from core 24:     796.80      99.60   39981.54   25418.03   88571.05
0: RDMA (addr:65.65.65.131 subnqn:nqn.2016-06.io.spdk:cnode1) NSID 1 from core 25:     796.80      99.60   40066.38   25171.72   91852.40
0: RDMA (addr:65.65.65.131 subnqn:nqn.2016-06.io.spdk:cnode1) NSID 1 from core 26:     992.00     124.00   32149.14   24576.87  100182.86
0: RDMA (addr:65.65.65.131 subnqn:nqn.2016-06.io.spdk:cnode1) NSID 1 from core 27:     988.80     123.60   32217.72   24211.21  141399.56
0: ========================================================
0: Total                                                                         :   25760.50    3220.06   34670.18    9789.34  141399.56
0: 
1: RDMA (addr:65.65.65.131 subnqn:nqn.2016-06.io.spdk:cnode1) NSID 1 from core 23:     994.00     124.25   31982.48   24608.06   48237.42
1: RDMA (addr:65.65.65.131 subnqn:nqn.2016-06.io.spdk:cnode1) NSID 1 from core 24:     999.10     124.89   31915.53   18773.48   90308.34
1: RDMA (addr:65.65.65.131 subnqn:nqn.2016-06.io.spdk:cnode1) NSID 1 from core 25:    1001.50     125.19   31817.70   10290.88   68278.61
1: RDMA (addr:65.65.65.131 subnqn:nqn.2016-06.io.spdk:cnode1) NSID 1 from core 26:     803.20     100.40   39710.20   18470.36   88246.33
1: RDMA (addr:65.65.65.131 subnqn:nqn.2016-06.io.spdk:cnode1) NSID 1 from core 27:     992.00     124.00   32071.75   17805.47  138942.55
1: ========================================================
1: Total                                                                         :   25566.20    3195.78   34929.64    2954.26  138942.55
1: 
3: RDMA (addr:65.65.65.131 subnqn:nqn.2016-06.io.spdk:cnode1) NSID 1 from core 23:     973.00     121.62   32562.12   25145.64   44298.79
3: RDMA (addr:65.65.65.131 subnqn:nqn.2016-06.io.spdk:cnode1) NSID 1 from core 24:     998.40     124.80   31940.17   18044.52   81804.51
3: RDMA (addr:65.65.65.131 subnqn:nqn.2016-06.io.spdk:cnode1) NSID 1 from core 25:     790.40      98.80   40430.48   31415.53   93919.40
3: RDMA (addr:65.65.65.131 subnqn:nqn.2016-06.io.spdk:cnode1) NSID 1 from core 26:     995.20     124.40   31990.25   22736.44   85057.63
3: RDMA (addr:65.65.65.131 subnqn:nqn.2016-06.io.spdk:cnode1) NSID 1 from core 27:     790.40      98.80   40245.24   24856.83  139053.39
3: ========================================================
3: Total                                                                         :   25958.10    3244.76   34410.89     309.52  139053.39
3: 
4: [2021-10-01 17:35:27.401847] dc_mlx5_dv.c: 963:spdk_rdma_qp_reset: *NOTICE*: Reset called for qp: 0x7f63b8001e80
4: [2021-10-01 17:35:27.411794] dc_mlx5_dv.c: 963:spdk_rdma_qp_reset: *NOTICE*: Reset called for qp: 0x7f6400008e80
4: [2021-10-01 17:35:27.421819] dc_mlx5_dv.c: 963:spdk_rdma_qp_reset: *NOTICE*: Reset called for qp: 0x7f63a0008e80
4: [2021-10-01 17:35:27.431764] dc_mlx5_dv.c: 963:spdk_rdma_qp_reset: *NOTICE*: Reset called for qp: 0x7f63c8008e80
4: [2021-10-01 17:35:27.441815] dc_mlx5_dv.c: 963:spdk_rdma_qp_reset: *NOTICE*: Reset called for qp: 0x7f63f0008e80
4: [2021-10-01 17:35:27.451517] dc_mlx5_dv.c: 963:spdk_rdma_qp_reset: *NOTICE*: Reset called for qp: 0x7f63f8008e80
4: [2021-10-01 17:35:27.461750] dc_mlx5_dv.c: 963:spdk_rdma_qp_reset: *NOTICE*: Reset called for qp: 0x7f6408008e80
4: [2021-10-01 17:35:27.471764] dc_mlx5_dv.c: 963:spdk_rdma_qp_reset: *NOTICE*: Reset called for qp: 0x7f63e0008e80
4: [2021-10-01 17:35:27.481750] dc_mlx5_dv.c: 963:spdk_rdma_qp_reset: *NOTICE*: Reset called for qp: 0x7f6438008e80
4: [2021-10-01 17:35:27.491990] dc_mlx5_dv.c: 963:spdk_rdma_qp_reset: *NOTICE*: Reset called for qp: 0x1064f30
4: [2021-10-01 17:35:27.501736] dc_mlx5_dv.c: 963:spdk_rdma_qp_reset: *NOTICE*: Reset called for qp: 0x7f6430008e80
4: [2021-10-01 17:35:27.511625] dc_mlx5_dv.c: 963:spdk_rdma_qp_reset: *NOTICE*: Reset called for qp: 0x7f6424008e80
4: [2021-10-01 17:35:27.521620] dc_mlx5_dv.c: 963:spdk_rdma_qp_reset: *NOTICE*: Reset called for qp: 0x7f641c008e80
4: [2021-10-01 17:35:27.531621] dc_mlx5_dv.c: 963:spdk_rdma_qp_reset: *NOTICE*: Reset called for qp: 0x7f642c008e80
4: [2021-10-01 17:35:27.541883] dc_mlx5_dv.c: 963:spdk_rdma_qp_reset: *NOTICE*: Reset called for qp: 0x7f63b0008e80
4: [2021-10-01 17:35:27.551618] dc_mlx5_dv.c: 963:spdk_rdma_qp_reset: *NOTICE*: Reset called for qp: 0x7f6418008e80
4: [2021-10-01 17:35:27.561941] dc_mlx5_dv.c: 963:spdk_rdma_qp_reset: *NOTICE*: Reset called for qp: 0x7f6434008ef0
4: [2021-10-01 17:35:27.571626] dc_mlx5_dv.c: 963:spdk_rdma_qp_reset: *NOTICE*: Reset called for qp: 0x7f6420008e80
4: [2021-10-01 17:35:27.581556] dc_mlx5_dv.c: 963:spdk_rdma_qp_reset: *NOTICE*: Reset called for qp: 0x7f63a8008ef0
4: [2021-10-01 17:35:27.591495] dc_mlx5_dv.c: 963:spdk_rdma_qp_reset: *NOTICE*: Reset called for qp: 0x7f63c0008e80
4: [2021-10-01 17:35:27.601453] dc_mlx5_dv.c: 963:spdk_rdma_qp_reset: *NOTICE*: Reset called for qp: 0x7f63d0008e80
4: ct time 129432.188 us (361115804 ticks)
4: IO qp on core 6 total time 169460.928 us (472795988 ticks), connect time 139492.969 us (389185384 ticks)
4: IO qp on core 24 total time 171673.781 us (478969848 ticks), connect time 149949.614 us (418359424 ticks)
4: IO qp on core 27 total time 181335.647 us (505926456 ticks), connect time 159610.126 us (445312252 ticks)
4: IO qp on core 25 total time 191686.515 us (534805376 ticks), connect time 169953.236 us (474169528 ticks)
4: IO qp on core 22 total time 201646.918 us (562594900 ticks), connect time 179905.389 us (501936036 ticks)
4: IO qp on core 21 total time 211330.231 us (589611344 ticks), connect time 189582.711 us (528935764 ticks)
4: IO qp on core 26 total time 221545.283 us (618111340 ticks), connect time 199784.616 us (557399080 ticks)
4: IO qp on core 19 total time 231456.460 us (645763524 ticks), connect time 209716.307 us (585108496 ticks)
4: IO qp on core 15 total time 241229.564 us (673030484 ticks), connect time 219469.480 us (612319848 ticks)
4: IO qp on core 16 total time 251268.598 us (701039388 ticks), connect time 229495.587 us (640292688 ticks)
4: IO qp on core 20 total time 261500.199 us (729585556 ticks), connect time 239711.041 us (668793804 ticks)
4: IO qp on core 13 total time 271090.249 us (756341796 ticks), connect time 249302.908 us (695555112 ticks)
4: IO qp on core 11 total time 323073.805 us (901375916 ticks), connect time 301276.718 us (840562044 ticks)
4: IO qp on core 10 total time 383775.778 us (1070734420 ticks), connect time 361975.831 us (1009912568 ticks)
4: IO qp on core 8 total time 418948.384 us (1168865992 ticks), connect time 397157.560 us (1108069592 ticks)
4: ========================================================
4:                                                                                                                   Latency(us)
4: Device Information                                                            :       IOPS      MiB/s    Average        min        max
4: RDMA (addr:65.65.65.131 subnqn:nqn.2016-06.io.spdk:cnode1) NSID 1 from core  0:     797.30      99.66   40133.25   26297.10   68406.28
4: RDMA (addr:65.65.65.131 subnqn:nqn.2016-06.io.spdk:cnode1) NSID 1 from core  1:     998.40     124.80   32026.53   21424.55   81766.80
4: RDMA (addr:65.65.65.131 subnqn:nqn.2016-06.io.spdk:cnode1) NSID 1 from core  2:     794.60      99.33   40276.46   26446.33   88809.39
4: RDMA (addr:65.65.65.131 subnqn:nqn.2016-06.io.spdk:cnode1) NSID 1 from core  3:     796.80      99.60   40373.05   27093.11   99626.97
4: RDMA (addr:65.65.65.131 subnqn:nqn.2016-06.io.spdk:cnode1) NSID 1 from core  4:     999.00     124.88   31977.30   15963.08   77163.47
4: RDMA (addr:65.65.65.131 subnqn:nqn.2016-06.io.spdk:cnode1) NSID 1 from core  5:     995.90     124.49   32077.80   15900.18   81480.45
4: RDMA (addr:65.65.65.131 subnqn:nqn.2016-06.io.spdk:cnode1) NSID 1 from core  6:     790.40      98.80   40649.84   34127.36  106596.17
4: RDMA (addr:65.65.65.131 subnqn:nqn.2016-06.io.spdk:cnode1) NSID 1 from core  7:     998.60     124.83   32002.60   20239.26   78776.88
4: RDMA (addr:65.65.65.131 subnqn:nqn.2016-06.io.spdk:cnode1) NSID 1 from core  8:     793.60      99.20   40459.55   33190.97   94579.53
4: RDMA (addr:65.65.65.131 subnqn:nqn.2016-06.io.spdk:cnode1) NSID 1 from core  9:     999.00     124.88   32008.42   15987.64   81433.65
4: RDMA (addr:65.65.65.131 subnqn:nqn.2016-06.io.spdk:cnode1) NSID 1 from core 10:     803.40     100.42   39790.78   26362.21   91989.83
4: RDMA (addr:65.65.65.131 subnqn:nqn.2016-06.io.spdk:cnode1) NSID 1 from core 11:     788.20      98.53   40574.92   33099.93   92026.64
4: RDMA (addr:65.65.65.131 subnqn:nqn.2016-06.io.spdk:cnode1) NSID 1 from core 12:     997.00     124.62   32083.31   19784.19   76369.35
4: RDMA (addr:65.65.65.131 subnqn:nqn.2016-06.io.spdk:cnode1) NSID 1 from core 13:     800.00     100.00   39980.26   26386.92   71436.46
4: RDMA (addr:65.65.65.131 subnqn:nqn.2016-06.io.spdk:cnode1) NSID 1 from core 14:     788.40      98.55   40609.59   26064.62   91197.49
4: RDMA (addr:65.65.65.131 subnqn:nqn.2016-06.io.spdk:cnode1) NSID 1 from core 15:     798.10      99.76   40074.64   26389.[2021-10-01 17:35:27.613446] dc_mlx5_dv.c: 963:spdk_rdma_qp_reset: *NOTICE*: Reset called for qp: 0xe68ee0
4: 98   71904.05
4: RDMA (addr:65.65.65.131 subnqn:nqn.2016-06.io.spdk:cnode1) NSID 1 from core 16:     790.80      98.85   40259.98   32452.94   82848.77
4: RDMA (addr:65.65.65.131 subnqn:nqn.2016-06.io.spdk:cnode1) NSID 1 from core 17:     787.20      98.40   40577.06   33821.44   76427.42
4: RDMA (addr:65.65.65.131 subnqn:nqn.2016-06.io.spdk:cnode1) NSID 1 from core 18:     987.00     123.38   32245.92   19932.40   54658.08
4: RDMA (addr:65.65.65.131 subnqn:nqn.2016-06.io.spdk:cnode1) NSID 1 from core 19:     783.50      97.94   40710.41   33184.15   87286.84
4: RDMA (addr:65.65.65.131 subnqn:nqn.2016-06.io.spdk:cnode1) NSID 1 from core 20:     784.60      98.08   40534.95   33063.63  138075.02
4: RDMA (addr:65.65.65.131 subnqn:nqn.2016-06.io.spdk:cnode1) NSID 1 from core 21:     788.80      98.60   40316.36   24657.60  136426.87
4: RDMA (addr:65.65.65.131 subnqn:nqn.2016-06.io.spdk:cnode1) NSID 1 from core 22:     991.90     123.99   32079.68   13608.98  130885.11
4: RDMA (addr:65.65.65.131 subnqn:nqn.2016-06.io.spdk:cnode1) NSID 1 from core 23:     994.50     124.31   31950.23   13846.63  163060.53
4: RDMA (addr:65.65.65.131 subnqn:nqn.2016-06.io.spdk:cnode1) NSID 1 from core 24:     992.60     124.08   31907.90   15931.88   45891.61
4: RDMA (addr:65.65.65.131 subnqn:nqn.2016-06.io.spdk:cnode1) NSID 1 from core 25:     990.80     123.85   31957.88   19773.99   51129.24
4: RDMA (addr:65.65.65.131 subnqn:nqn.2016-06.io.spdk:cnode1) NSID 1 from core 26:     791.10      98.89   40031.42   20327.59   63234.44
4: RDMA (addr:65.65.65.131 subnqn:nqn.2016-06.io.spdk:cnode1) NSID 1 from core 27:     991.70     123.96   31914.35   12611.50   60534.61
4: ========================================================
4: Total                                                                         :   24613.20    3076.65   36301.17   12611.50  163060.53
4: 
== Servers stopping... 
srun -l -O --nodes 1 --ntasks 1 --nodelist=swx-ray01 --export=ALL ./stop_tgt.sh
0: == TGT Memory usage ==
0: Huge pages: 2146 MB, HWM: 664.148
0: [2021-10-01 17:35:28.147457] common.c: 279:spdk_rdma_srq_destroy: *ERROR*: SRQ destroy failed with 16
0: [2021-10-01 17:35:28.150211] common.c: 279:spdk_rdma_srq_destroy: *ERROR*: SRQ destroy failed with 16
0: [2021-10-01 17:35:28.153110] common.c: 279:spdk_rdma_srq_destroy: *ERROR*: SRQ destroy failed with 16
0: [2021-10-01 17:35:28.155825] common.c: 279:spdk_rdma_srq_destroy: *ERROR*: SRQ destroy failed with 16
0: [2021-10-01 17:35:28.170697] common.c: 279:spdk_rdma_srq_destroy: *ERROR*: SRQ destroy failed with 16
0: [2021-10-01 17:35:28.173508] common.c: 279:spdk_rdma_srq_destroy: *ERROR*: SRQ destroy failed with 16
0: [2021-10-01 17:35:28.178983] common.c: 279:spdk_rdma_srq_destroy: *ERROR*: SRQ destroy failed with 16
0: [2021-10-01 17:35:28.181714] common.c: 279:spdk_rdma_srq_destroy: *ERROR*: SRQ destroy failed with 16
0: [2021-10-01 17:35:28.193682] common.c: 279:spdk_rdma_srq_destroy: *ERROR*: SRQ destroy failed with 16
0: [2021-10-01 17:35:28.196373] common.c: 279:spdk_rdma_srq_destroy: *ERROR*: SRQ destroy failed with 16
0: [2021-10-01 17:35:28.199122] common.c: 279:spdk_rdma_srq_destroy: *ERROR*: SRQ destroy failed with 16
0: [2021-10-01 17:35:28.201960] common.c: 279:spdk_rdma_srq_destroy: *ERROR*: SRQ destroy failed with 16
0: [2021-10-01 17:35:28.218662] common.c: 279:spdk_rdma_srq_destroy: *ERROR*: SRQ destroy failed with 16
0: [2021-10-01 17:35:28.221429] common.c: 279:spdk_rdma_srq_destroy: *ERROR*: SRQ destroy failed with 16
0: [2021-10-01 17:35:28.224632] common.c: 279:spdk_rdma_srq_destroy: *ERROR*: SRQ destroy failed with 16
0: [2021-10-01 17:35:28.236598] common.c: 279:spdk_rdma_srq_destroy: *ERROR*: SRQ destroy failed with 16
0: [2021-10-01 17:35:28.245142] common.c: 279:spdk_rdma_srq_destroy: *ERROR*: SRQ destroy failed with 16
0: [2021-10-01 17:35:28.249286] common.c: 279:spdk_rdma_srq_destroy: *ERROR*: SRQ destroy failed with 16
0: [2021-10-01 17:35:28.253173] common.c: 279:spdk_rdma_srq_destroy: *ERROR*: SRQ destroy failed with 16
0: [2021-10-01 17:35:28.257047] common.c: 279:spdk_rdma_srq_destroy: *ERROR*: SRQ destroy failed with 16
0: [2021-10-01 17:35:28.279726] common.c: 279:spdk_rdma_srq_destroy: *ERROR*: SRQ destroy failed with 16
0: [2021-10-01 17:35:28.283858] common.c: 279:spdk_rdma_srq_destroy: *ERROR*: SRQ destroy failed with 16
0: [2021-10-01 17:35:28.287861] common.c: 279:spdk_rdma_srq_destroy: *ERROR*: SRQ destroy failed with 16
0: [2021-10-01 17:35:28.291989] common.c: 279:spdk_rdma_srq_destroy: *ERROR*: SRQ destroy failed with 16
0: [2021-10-01 17:35:28.313046] common.c: 279:spdk_rdma_srq_destroy: *ERROR*: SRQ destroy failed with 16
0: [2021-10-01 17:35:28.317009] common.c: 279:spdk_rdma_srq_destroy: *ERROR*: SRQ destroy failed with 16
0: [2021-10-01 17:35:28.320834] common.c: 279:spdk_rdma_srq_destroy: *ERROR*: SRQ destroy failed with 16
0: [2021-10-01 17:35:28.325219] common.c: 279:spdk_rdma_srq_destroy: *ERROR*: SRQ destroy failed with 16
0: [2021-10-01 17:35:28.346517] common.c: 279:spdk_rdma_srq_destroy: *ERROR*: SRQ destroy failed with 16
0: [2021-10-01 17:35:28.350548] common.c: 279:spdk_rdma_srq_destroy: *ERROR*: SRQ destroy failed with 16
0: [2021-10-01 17:35:28.354635] common.c: 279:spdk_rdma_srq_destroy: *ERROR*: SRQ destroy failed with 16
0: [2021-10-01 17:35:28.358700] common.c: 279:spdk_rdma_srq_destroy: *ERROR*: SRQ destroy failed with 16
srun: error: swx-ray01: task 0: Exited with exit code 127
srun: launch/slurm: _step_signal: Terminating StepId=71136.0
swx-ray01: Error while connecting to /var/tmp/spdk.sock
swx-ray01: Is SPDK application running?
swx-ray01: Error details: [Errno -2] Name or service not known
pdsh@swx-ray01: swx-ray01: ssh exited with exit code 1
swx-ray05: Error while connecting to /var/tmp/spdk.sock
swx-ray05: Is SPDK application running?
swx-ray05: Error details: [Errno -2] Name or service not known
swx-ray08: Error while connecting to /var/tmp/spdk.sock
swx-ray08: Is SPDK application running?
swx-ray08: Error details: [Errno -2] Name or service not known
pdsh@swx-ray01: swx-ray05: ssh exited with exit code 1
swx-ray07: Error while connecting to /var/tmp/spdk.sock
swx-ray07: Is SPDK application running?
swx-ray07: Error details: [Errno -2] Name or service not known
swx-ray02: Error while connecting to /var/tmp/spdk.sock
swx-ray02: Is SPDK application running?
swx-ray02: Error details: [Errno -2] Name or service not known
pdsh@swx-ray01: swx-ray08: ssh exited with exit code 1
swx-ray06: Error while connecting to /var/tmp/spdk.sock
swx-ray06: Is SPDK application running?
swx-ray06: Error details: [Errno -2] Name or service not known
pdsh@swx-ray01: swx-ray07: ssh exited with exit code 1
pdsh@swx-ray01: swx-ray02: ssh exited with exit code 1
pdsh@swx-ray01: swx-ray06: ssh exited with exit code 1
