== Starting run at Fri Oct  1 16:27:34 IDT 2021
== Job ID: 71115
== Totally nodes: 
== Node list: swx-ray[01-02,05-08]
== Submit dir. : /hpc/local/work/denisn/dc/spdk/dc
== Servers number: 1
== SPDK_DIR: /labhome/denisn/dc/spdk
== RDMA_CORE_DIR: /labhome/denisn/dc/rdma-core/build/lib
== TGT_MASK: 0xFF
== PERF_MASK: 0xFFFFFFF
== Server nodelist: swx-ray01
== Client nodelist: swx-ray02,swx-ray05,swx-ray06,swx-ray07,swx-ray08
== Servers running...
srun -l -O --nodes 1 --ntasks 1 --nodelist=swx-ray01 --export=ALL ./server_run.sh &
== Clients running... 
srun -l --nodes 5 --ntasks 5 --nodelist=swx-ray02,swx-ray05,swx-ray06,swx-ray07,swx-ray08 --export=ALL ./nvmeperf_run.sh
0: Server's Servers number: 1
3: Initiator's Servers number: 1
2: Initiator's Servers number: 1
0: Initiator's Servers number: 1
4: Initiator's Servers number: 1
1: Initiator's Servers number: 1
0: Server's SPDK_DIR: /labhome/denisn/dc/spdk
0: Server's RDMA_CORE_DIR: /labhome/denisn/dc/rdma-core/build/lib
0: Server's TGT_MASK: 0xFF
0: Server's PERF_MASK: 0xFFFFFFF
0: Server's IFACE: ib0
0: Server's Need IP 1
2: Initiator's SPDK_DIR: /labhome/denisn/dc/spdk
0: Initiator's SPDK_DIR: /labhome/denisn/dc/spdk
3: Initiator's SPDK_DIR: /labhome/denisn/dc/spdk
2: Initiator's RDMA_CORE_DIR: /labhome/denisn/dc/rdma-core/build/lib
0: Initiator's RDMA_CORE_DIR: /labhome/denisn/dc/rdma-core/build/lib
3: Initiator's RDMA_CORE_DIR: /labhome/denisn/dc/rdma-core/build/lib
2: Initiator's TGT_MASK: 0xFF
0: Initiator's TGT_MASK: 0xFF
3: Initiator's TGT_MASK: 0xFF
2: Initiator's PERF_MASK: 0xFFFFFFF
0: Initiator's PERF_MASK: 0xFFFFFFF
3: Initiator's PERF_MASK: 0xFFFFFFF
1: Initiator's SPDK_DIR: /labhome/denisn/dc/spdk
4: Initiator's SPDK_DIR: /labhome/denisn/dc/spdk
1: Initiator's RDMA_CORE_DIR: /labhome/denisn/dc/rdma-core/build/lib
4: Initiator's RDMA_CORE_DIR: /labhome/denisn/dc/rdma-core/build/lib
1: Initiator's TGT_MASK: 0xFF
4: Initiator's TGT_MASK: 0xFF
1: Initiator's PERF_MASK: 0xFFFFFFF
4: Initiator's PERF_MASK: 0xFFFFFFF
2: Resetting IP
3: Resetting IP
3: Non empty ip address on iface 65.65.65.0. Resetting...
2: ip add add 65.65.65.141/24 dev ib0
0: Resetting IP
3: ip addr del 65.65.65.0/24 dev ib0
0: ip add add 65.65.65.133/24 dev ib0
4: Resetting IP
1: Resetting IP
4: ip add add 65.65.65.145/24 dev ib0
1: ip add add 65.65.65.139/24 dev ib0
2: Waiting for 1 servers started... now there are 0 servers
3: ip add add 65.65.65.143/24 dev ib0
0: Waiting for 1 servers started... now there are 0 servers
4: Waiting for 1 servers started... now there are 0 servers
1: Waiting for 1 servers started... now there are 0 servers
3: Waiting for 1 servers started... now there are 0 servers
0: Resetting IP
0: ip add add 65.65.65.131/24 dev ib0
0: sudo env LD_LIBRARY_PATH=/labhome/denisn/dc/rdma-core/build/lib /labhome/denisn/dc/spdk/install/bin/spdk_tgt -m 0xFF 2>&1 | tee -a /hpc/local/work/denisn/dc/spdk/dc/job.71115/spdk_tgt.0.log &
0: Waiting for 3s after spdk_tgt run ...
2: Waiting for 1 servers started... now there are 0 servers
0: Waiting for 1 servers started... now there are 0 servers
4: Waiting for 1 servers started... now there are 0 servers
1: Waiting for 1 servers started... now there are 0 servers
3: Waiting for 1 servers started... now there are 0 servers
0: [2021-10-01 16:27:36.350110] Starting SPDK v21.04 git sha1 e2b1ba5 / DPDK 20.11.0 initialization...
0: [2021-10-01 16:27:36.350192] [ DPDK EAL parameters: [2021-10-01 16:27:36.350201] spdk_tgt [2021-10-01 16:27:36.350209] --no-shconf [2021-10-01 16:27:36.350219] -c 0xFF [2021-10-01 16:27:36.350229] --log-level=lib.eal:6 [2021-10-01 16:27:36.350238] --log-level=lib.cryptodev:5 [2021-10-01 16:27:36.350246] --log-level=user1:6 [2021-10-01 16:27:36.350255] --iova-mode=pa [2021-10-01 16:27:36.350263] --base-virtaddr=0x200000000000 [2021-10-01 16:27:36.350272] --match-allocations [2021-10-01 16:27:36.350281] --file-prefix=spdk_pid19715 [2021-10-01 16:27:36.350290] ]
0: EAL: No available hugepages reported in hugepages-1048576kB
0: EAL: No free hugepages reported in hugepages-2048kB
0: EAL: No legacy callbacks, legacy socket not created
0: [2021-10-01 16:27:36.483641] app.c: 535:spdk_app_start: *NOTICE*: Total cores available: 8
0: [2021-10-01 16:27:36.550800] reactor.c: 929:reactor_run: *NOTICE*: Reactor started on core 1
0: [2021-10-01 16:27:36.550836] reactor.c: 929:reactor_run: *NOTICE*: Reactor started on core 3
0: [2021-10-01 16:27:36.550821] reactor.c: 929:reactor_run: *NOTICE*: Reactor started on core 2
0: [2021-10-01 16:27:36.550857] reactor.c: 929:reactor_run: *NOTICE*: Reactor started on core 4
0: [2021-10-01 16:27:36.550914] reactor.c: 929:reactor_run: *NOTICE*: Reactor started on core 7
0: [2021-10-01 16:27:36.550896] reactor.c: 929:reactor_run: *NOTICE*: Reactor started on core 6
0: [2021-10-01 16:27:36.550873] reactor.c: 929:reactor_run: *NOTICE*: Reactor started on core 5
0: [2021-10-01 16:27:36.550918] reactor.c: 929:reactor_run: *NOTICE*: Reactor started on core 0
0: [2021-10-01 16:27:36.551055] accel_engine.c: 852:spdk_accel_engine_initialize: *NOTICE*: Accel engine initialized to use software engine.
2: Waiting for 1 servers started... now there are 0 servers
0: Waiting for 1 servers started... now there are 0 servers
4: Waiting for 1 servers started... now there are 0 servers
1: Waiting for 1 servers started... now there are 0 servers
3: Waiting for 1 servers started... now there are 0 servers
2: Waiting for 1 servers started... now there are 0 servers
0: Waiting for 1 servers started... now there are 0 servers
4: Waiting for 1 servers started... now there are 0 servers
1: Waiting for 1 servers started... now there are 0 servers
3: Waiting for 1 servers started... now there are 0 servers
0: spdk_tgt pid: 19715
2: Waiting for 1 servers started... now there are 0 servers
0: Waiting for 1 servers started... now there are 0 servers
4: Waiting for 1 servers started... now there are 0 servers
1: Waiting for 1 servers started... now there are 0 servers
3: Waiting for 1 servers started... now there are 0 servers
0: Null0
0: [2021-10-01 16:27:39.615959] rdma.c:2515:nvmf_rdma_create: *NOTICE*: Adjusting the io unit size to fit the device's maximum I/O size. New I/O unit size 12288
0: sudo /labhome/denisn/dc/spdk/scripts/rpc.py  nvmf_subsystem_add_listener -t rdma -a 65.65.65.131 -f ipv4 -s 4420 nqn.2016-06.io.spdk:cnode1 2>&1 | tee -a /hpc/local/work/denisn/dc/spdk/dc/job.71115/spdk_tgt.0.log
0: [2021-10-01 16:27:39.999500] rdma.c:2733:nvmf_rdma_listen: *NOTICE*: *** NVMe/RDMA Target Listening on 65.65.65.131 port 4420 ***
2: Waiting for 1 servers started... now there are 0 servers
0: Waiting for 1 servers started... now there are 0 servers
4: Waiting for 1 servers started... now there are 0 servers
1: Waiting for 1 servers started... now there are 0 servers
3: Waiting for 1 servers started... now there are 0 servers
0: /hpc/local/work/denisn/dc/spdk/dc/./server_run.sh: line 44: wait: pid 19715 is not a child of this shell
2: 
2: Got servers list: 65.65.65.131
2: sudo env LD_LIBRARY_PATH=/labhome/denisn/dc/rdma-core/build/lib /labhome/denisn/dc/spdk/install/bin/spdk_nvme_perf 	 --srq-depth 128 -r "trtype:rdma adrfam:ipv4 traddr:65.65.65.131 trsvcid:4420" 	 -c 0xFFFFFFF -q 32 -o 131072 -w randread -t 10 	  2>&1 | tee -a /hpc/local/work/denisn/dc/spdk/dc/job.71115/perf.2.log
0: 
0: Got servers list: 65.65.65.131
0: sudo env LD_LIBRARY_PATH=/labhome/denisn/dc/rdma-core/build/lib /labhome/denisn/dc/spdk/install/bin/spdk_nvme_perf 	 --srq-depth 128 -r "trtype:rdma adrfam:ipv4 traddr:65.65.65.131 trsvcid:4420" 	 -c 0xFFFFFFF -q 32 -o 131072 -w randread -t 10 	  2>&1 | tee -a /hpc/local/work/denisn/dc/spdk/dc/job.71115/perf.0.log
4: 
4: Got servers list: 65.65.65.131
1: 
4: sudo env LD_LIBRARY_PATH=/labhome/denisn/dc/rdma-core/build/lib /labhome/denisn/dc/spdk/install/bin/spdk_nvme_perf 	 --srq-depth 128 -r "trtype:rdma adrfam:ipv4 traddr:65.65.65.131 trsvcid:4420" 	 -c 0xFFFFFFF -q 32 -o 131072 -w randread -t 10 	  2>&1 | tee -a /hpc/local/work/denisn/dc/spdk/dc/job.71115/perf.4.log
1: Got servers list: 65.65.65.131
1: sudo env LD_LIBRARY_PATH=/labhome/denisn/dc/rdma-core/build/lib /labhome/denisn/dc/spdk/install/bin/spdk_nvme_perf 	 --srq-depth 128 -r "trtype:rdma adrfam:ipv4 traddr:65.65.65.131 trsvcid:4420" 	 -c 0xFFFFFFF -q 32 -o 131072 -w randread -t 10 	  2>&1 | tee -a /hpc/local/work/denisn/dc/spdk/dc/job.71115/perf.1.log
3: 
3: Got servers list: 65.65.65.131
3: sudo env LD_LIBRARY_PATH=/labhome/denisn/dc/rdma-core/build/lib /labhome/denisn/dc/spdk/install/bin/spdk_nvme_perf 	 --srq-depth 128 -r "trtype:rdma adrfam:ipv4 traddr:65.65.65.131 trsvcid:4420" 	 -c 0xFFFFFFF -q 32 -o 131072 -w randread -t 10 	  2>&1 | tee -a /hpc/local/work/denisn/dc/spdk/dc/job.71115/perf.3.log
2: [2021-10-01 16:27:41.437745] Starting SPDK v21.04 git sha1 e2b1ba5 / DPDK 20.11.0 initialization...
2: [2021-10-01 16:27:41.437803] [ DPDK EAL parameters: [2021-10-01 16:27:41.437809] perf [2021-10-01 16:27:41.437817] --no-shconf [2021-10-01 16:27:41.437823] -c 0xFFFFFFF [2021-10-01 16:27:41.437828] --no-pci [2021-10-01 16:27:41.437833] --log-level=lib.eal:6 [2021-10-01 16:27:41.437838] --log-level=lib.cryptodev:5 [2021-10-01 16:27:41.437844] --log-level=user1:6 [2021-10-01 16:27:41.437849] --iova-mode=pa [2021-10-01 16:27:41.437854] --base-virtaddr=0x200000000000 [2021-10-01 16:27:41.437859] --match-allocations [2021-10-01 16:27:41.437864] --file-prefix=spdk_pid19423 [2021-10-01 16:27:41.437869] ]
2: EAL: No available hugepages reported in hugepages-1048576kB
2: EAL: No free hugepages reported in hugepages-2048kB
0: [2021-10-01 16:27:41.466971] Starting SPDK v21.04 git sha1 e2b1ba5 / DPDK 20.11.0 initialization...
0: [2021-10-01 16:27:41.467025] [ DPDK EAL parameters: [2021-10-01 16:27:41.467031] perf [2021-10-01 16:27:41.467037] --no-shconf [2021-10-01 16:27:41.467043] -c 0xFFFFFFF [2021-10-01 16:27:41.467048] --no-pci [2021-10-01 16:27:41.467052] --log-level=lib.eal:6 [2021-10-01 16:27:41.467056] --log-level=lib.cryptodev:5 [2021-10-01 16:27:41.467062] --log-level=user1:6 [2021-10-01 16:27:41.467066] --iova-mode=pa [2021-10-01 16:27:41.467070] --base-virtaddr=0x200000000000 [2021-10-01 16:27:41.467073] --match-allocations [2021-10-01 16:27:41.467078] --file-prefix=spdk_pid19443 [2021-10-01 16:27:41.467084] ]
0: EAL: No available hugepages reported in hugepages-1048576kB
0: EAL: No free hugepages reported in hugepages-2048kB
4: [2021-10-01 16:27:41.478239] Starting SPDK v21.04 git sha1 e2b1ba5 / DPDK 20.11.0 initialization...
4: [2021-10-01 16:27:41.478292] [ DPDK EAL parameters: [2021-10-01 16:27:41.478298] perf [2021-10-01 16:27:41.478302] --no-shconf [2021-10-01 16:27:41.478319] -c 0xFFFFFFF [2021-10-01 16:27:41.478328] --no-pci [2021-10-01 16:27:41.478337] --log-level=lib.eal:6 [2021-10-01 16:27:41.478341] --log-level=lib.cryptodev:5 [2021-10-01 16:27:41.478346] --log-level=user1:6 [2021-10-01 16:27:41.478350] --iova-mode=pa [2021-10-01 16:27:41.478355] --base-virtaddr=0x200000000000 [2021-10-01 16:27:41.478361] --match-allocations [2021-10-01 16:27:41.478366] --file-prefix=spdk_pid19448 [2021-10-01 16:27:41.478371] ]
4: EAL: No available hugepages reported in hugepages-1048576kB
4: EAL: No free hugepages reported in hugepages-2048kB
1: [2021-10-01 16:27:41.498798] Starting SPDK v21.04 git sha1 e2b1ba5 / DPDK 20.11.0 initialization...
1: [2021-10-01 16:27:41.498861] [ DPDK EAL parameters: [2021-10-01 16:27:41.498870] perf [2021-10-01 16:27:41.498877] --no-shconf [2021-10-01 16:27:41.498884] -c 0xFFFFFFF [2021-10-01 16:27:41.498890] --no-pci [2021-10-01 16:27:41.498894] --log-level=lib.eal:6 [2021-10-01 16:27:41.498898] --log-level=lib.cryptodev:5 [2021-10-01 16:27:41.498902] --log-level=user1:6 [2021-10-01 16:27:41.498907] --iova-mode=pa [2021-10-01 16:27:41.498910] --base-virtaddr=0x200000000000 [2021-10-01 16:27:41.498916] --match-allocations [2021-10-01 16:27:41.498920] --file-prefix=spdk_pid19447 [2021-10-01 16:27:41.498924] ]
3: [2021-10-01 16:27:41.498296] Starting SPDK v21.04 git sha1 e2b1ba5 / DPDK 20.11.0 initialization...
3: [2021-10-01 16:27:41.498357] [ DPDK EAL parameters: [2021-10-01 16:27:41.498363] perf [2021-10-01 16:27:41.498369] --no-shconf [2021-10-01 16:27:41.498372] -c 0xFFFFFFF [2021-10-01 16:27:41.498387] --no-pci [2021-10-01 16:27:41.498392] --log-level=lib.eal:6 [2021-10-01 16:27:41.498397] --log-level=lib.cryptodev:5 [2021-10-01 16:27:41.498402] --log-level=user1:6 [2021-10-01 16:27:41.498409] --iova-mode=pa [2021-10-01 16:27:41.498413] --base-virtaddr=0x200000000000 [2021-10-01 16:27:41.498418] --match-allocations [2021-10-01 16:27:41.498423] --file-prefix=spdk_pid19499 [2021-10-01 16:27:41.498429] ]
1: EAL: No available hugepages reported in hugepages-1048576kB
1: EAL: No free hugepages reported in hugepages-2048kB
3: EAL: No available hugepages reported in hugepages-1048576kB
3: EAL: No free hugepages reported in hugepages-2048kB
2: EAL: No legacy callbacks, legacy socket not created
0: EAL: No legacy callbacks, legacy socket not created
4: EAL: No legacy callbacks, legacy socket not created
1: EAL: No legacy callbacks, legacy socket not created
3: EAL: No legacy callbacks, legacy socket not created
2: mlx5dv_reserved_qpn_alloc 1 1
0: [2021-10-01 16:27:41.830249] rdma.c:2990:nvmf_process_cm_event: *NOTICE*: In RDMA_CM_EVENT_CONNECT_REQUEST
0: mlx5dv_reserved_qpn_alloc 1 1
1: mlx5dv_reserved_qpn_alloc 1 1
3: mlx5dv_reserved_qpn_alloc 1 1
4: mlx5dv_reserved_qpn_alloc 1 1
0: mlx5dv_reserved_qpn_alloc 1 1
2: [2021-10-01 16:27:42.075865] nvme_rdma.c:1386:_nvme_rdma_ctrlr_connect_qpair: *NOTICE*: Connect rdma qpair: pg (nil), srq depth 128
2: [2021-10-01 16:27:42.075921] nvme_rdma.c:1020:nvme_rdma_create_resources: *NOTICE*: Created resources: qp 0x24aed10, poller (nil), num_entries 32
0: [2021-10-01 16:27:42.076043] rdma.c:2990:nvmf_process_cm_event: *NOTICE*: In RDMA_CM_EVENT_CONNECT_REQUEST
0: [2021-10-01 16:27:42.076068] rdma.c:2990:nvmf_process_cm_event: *NOTICE*: In RDMA_CM_EVENT_CONNECT_REQUEST
0: [2021-10-01 16:27:42.076081] rdma.c:2990:nvmf_process_cm_event: *NOTICE*: In RDMA_CM_EVENT_CONNECT_REQUEST
0: [2021-10-01 16:27:42.076091] rdma.c:2990:nvmf_process_cm_event: *NOTICE*: In RDMA_CM_EVENT_CONNECT_REQUEST
0: mlx5dv_reserved_qpn_alloc 1 1
0: mlx5dv_reserved_qpn_alloc 1 1
4: [2021-10-01 16:27:42.081727] nvme_rdma.c:1386:_nvme_rdma_ctrlr_connect_qpair: *NOTICE*: Connect rdma qpair: pg (nil), srq depth 128
4: [2021-10-01 16:27:42.081793] nvme_rdma.c:1020:nvme_rdma_create_resources: *NOTICE*: Created resources: qp 0x948d10, poller (nil), num_entries 32
0: [2021-10-01 16:27:42.081896] nvme_rdma.c:1386:_nvme_rdma_ctrlr_connect_qpair: *NOTICE*: Connect rdma qpair: pg (nil), srq depth 128
0: mlx5dv_reserved_qpn_alloc 1 1
1: [2021-10-01 16:27:42.082376] nvme_rdma.c:1386:_nvme_rdma_ctrlr_connect_qpair: *NOTICE*: Connect rdma qpair: pg (nil), srq depth 128
0: mlx5dv_reserved_qpn_alloc 1 1
1: [2021-10-01 16:27:42.082428] nvme_rdma.c:1020:nvme_rdma_create_resources: *NOTICE*: Created resources: qp 0x1626d10, poller (nil), num_entries 32
3: [2021-10-01 16:27:42.079958] nvme_rdma.c:1386:_nvme_rdma_ctrlr_connect_qpair: *NOTICE*: Connect rdma qpair: pg (nil), srq depth 128
0: [2021-10-01 16:27:42.081957] nvme_rdma.c:1020:nvme_rdma_create_resources: *NOTICE*: Created resources: qp 0x185ad10, poller (nil), num_entries 32
3: [2021-10-01 16:27:42.080014] nvme_rdma.c:1020:nvme_rdma_create_resources: *NOTICE*: Created resources: qp 0xb41d10, poller (nil), num_entries 32
2: mlx5dv_reserved_qpn_alloc 1 1
0: [2021-10-01 16:27:42.086026] rdma.c:2990:nvmf_process_cm_event: *NOTICE*: In RDMA_CM_EVENT_CONNECT_REQUEST
0: mlx5dv_reserved_qpn_alloc 1 1
2: [2021-10-01 16:27:42.088918] nvme_rdma.c:1386:_nvme_rdma_ctrlr_connect_qpair: *NOTICE*: Connect rdma qpair: pg (nil), srq depth 128
2: [2021-10-01 16:27:42.088960] nvme_rdma.c:1020:nvme_rdma_create_resources: *NOTICE*: Created resources: qp 0x24b6420, poller (nil), num_entries 32
2: [2021-10-01 16:27:42.089088] dc_mlx5_dv.c: 963:spdk_rdma_qp_reset: *NOTICE*: Reset called for qp: 0x24b3d60
0: mlx5dv_reserved_qpn_alloc 1 1
1: mlx5dv_reserved_qpn_alloc 1 1
3: mlx5dv_reserved_qpn_alloc 1 1
4: mlx5dv_reserved_qpn_alloc 1 1
0: [2021-10-01 16:27:42.096005] rdma.c:2990:nvmf_process_cm_event: *NOTICE*: In RDMA_CM_EVENT_CONNECT_REQUEST
0: [2021-10-01 16:27:42.096023] rdma.c:2990:nvmf_process_cm_event: *NOTICE*: In RDMA_CM_EVENT_CONNECT_REQUEST
0: [2021-10-01 16:27:42.096038] rdma.c:2990:nvmf_process_cm_event: *NOTICE*: In RDMA_CM_EVENT_CONNECT_REQUEST
0: [2021-10-01 16:27:42.096063] rdma.c:2990:nvmf_process_cm_event: *NOTICE*: In RDMA_CM_EVENT_CONNECT_REQUEST
0: mlx5dv_reserved_qpn_alloc 1 1
0: mlx5dv_reserved_qpn_alloc 1 1
3: [2021-10-01 16:27:42.093744] nvme_rdma.c:1386:_nvme_rdma_ctrlr_connect_qpair: *NOTICE*: Connect rdma qpair: pg (nil), srq depth 128
4: [2021-10-01 16:27:42.096180] nvme_rdma.c:1386:_nvme_rdma_ctrlr_connect_qpair: *NOTICE*: Connect rdma qpair: pg (nil), srq depth 128
3: [2021-10-01 16:27:42.093791] nvme_rdma.c:1020:nvme_rdma_create_resources: *NOTICE*: Created resources: qp 0xb49420, poller (nil), num_entries 32
4: [2021-10-01 16:27:42.096224] nvme_rdma.c:1020:nvme_rdma_create_resources: *NOTICE*: Created resources: qp 0x950420, poller (nil), num_entries 32
0: mlx5dv_reserved_qpn_alloc 1 1
1: [2021-10-01 16:27:42.099089] nvme_rdma.c:1386:_nvme_rdma_ctrlr_connect_qpair: *NOTICE*: Connect rdma qpair: pg (nil), srq depth 128
0: mlx5dv_reserved_qpn_alloc 1 1
1: [2021-10-01 16:27:42.099138] nvme_rdma.c:1020:nvme_rdma_create_resources: *NOTICE*: Created resources: qp 0x162e420, poller (nil), num_entries 32
0: [2021-10-01 16:27:42.099001] nvme_rdma.c:1386:_nvme_rdma_ctrlr_connect_qpair: *NOTICE*: Connect rdma qpair: pg (nil), srq depth 128
3: [2021-10-01 16:27:42.097128] dc_mlx5_dv.c: 963:spdk_rdma_qp_reset: *NOTICE*: Reset called for qp: 0xb46d60
4: [2021-10-01 16:27:42.099513] dc_mlx5_dv.c: 963:spdk_rdma_qp_reset: *NOTICE*: Reset called for qp: 0x94dd60
0: [2021-10-01 16:27:42.099046] nvme_rdma.c:1020:nvme_rdma_create_resources: *NOTICE*: Created resources: qp 0x1862420, poller (nil), num_entries 32
0: [2021-10-01 16:27:42.099172] dc_mlx5_dv.c: 963:spdk_rdma_qp_reset: *NOTICE*: Reset called for qp: 0x185fd60
1: [2021-10-01 16:27:42.100339] dc_mlx5_dv.c: 963:spdk_rdma_qp_reset: *NOTICE*: Reset called for qp: 0x162bd60
2: [2021-10-01 16:27:42.104606] nvme_rdma.c:2525:nvme_rdma_poller_create: *NOTICE*: Created SRQ 0x7faad4000e58, device mlx5_0
2: [2021-10-01 16:27:42.104652] nvme_rdma.c: 928:nvme_rdma_register_rsps: *NOTICE*: res->poller->pd: 0x7faad4000e20
2: [2021-10-01 16:27:42.104715] nvme_rdma.c:1020:nvme_rdma_create_resources: *NOTICE*: Created resources: qp (nil), poller 0x7faad4000b30, num_entries 128
2: [2021-10-01 16:27:42.104869] nvme_rdma.c:2525:nvme_rdma_poller_create: *NOTICE*: Created SRQ 0x7faae4000e58, device mlx5_0
2: [2021-10-01 16:27:42.104916] nvme_rdma.c: 928:nvme_rdma_register_rsps: *NOTICE*: res->poller->pd: 0x7faae4000e20
2: [2021-10-01 16:27:42.105007] nvme_rdma.c:1020:nvme_rdma_create_resources: *NOTICE*: Created resources: qp (nil), poller 0x7faae4000b30, num_entries 128
2: [2021-10-01 16:27:42.105083] nvme_rdma.c:2525:nvme_rdma_poller_create: *NOTICE*: Created SRQ 0x7faad8000e58, device mlx5_0
2: [2021-10-01 16:27:42.105441] nvme_rdma.c: 928:nvme_rdma_register_rsps: *NOTICE*: res->poller->pd: 0x7faad8000e20
2: [2021-10-01 16:27:42.105539] nvme_rdma.c:1020:nvme_rdma_create_resources: *NOTICE*: Created resources: qp (nil), poller 0x7faad8000b30, num_entries 128
2: [2021-10-01 16:27:42.105638] nvme_rdma.c:2525:nvme_rdma_poller_create: *NOTICE*: Created SRQ 0x7faacc000e58, device mlx5_0
2: [2021-10-01 16:27:42.105705] nvme_rdma.c: 928:nvme_rdma_register_rsps: *NOTICE*: res->poller->pd: 0x7faacc000e20
2: [2021-10-01 16:27:42.105897] nvme_rdma.c:1020:nvme_rdma_create_resources: *NOTICE*: Created resources: qp (nil), poller 0x7faacc000b30, num_entries 128
2: [2021-10-01 16:27:42.105976] nvme_rdma.c:2525:nvme_rdma_poller_create: *NOTICE*: Created SRQ 0x24a9fa8, device mlx5_0
2: [2021-10-01 16:27:42.105995] nvme_rdma.c: 928:nvme_rdma_register_rsps: *NOTICE*: res->poller->pd: 0x24aec30
2: [2021-10-01 16:27:42.106080] nvme_rdma.c:1020:nvme_rdma_create_resources: *NOTICE*: Created resources: qp (nil), poller 0x24a9cb0, num_entries 128
2: [2021-10-01 16:27:42.106237] nvme_rdma.c:2525:nvme_rdma_poller_create: *NOTICE*: Created SRQ 0x7faabc000e68, device mlx5_0
2: [2021-10-01 16:27:42.106537] nvme_rdma.c: 928:nvme_rdma_register_rsps: *NOTICE*: res->poller->pd: 0x7faabc000e30
2: [2021-10-01 16:27:42.106688] nvme_rdma.c:1020:nvme_rdma_create_resources: *NOTICE*: Created resources: qp (nil), poller 0x7faabc000b40, num_entries 128
2: [2021-10-01 16:27:42.106711] nvme_rdma.c:2525:nvme_rdma_poller_create: *NOTICE*: Created SRQ 0x7faac8000e58, device mlx5_0
2: [2021-10-01 16:27:42.106804] nvme_rdma.c: 928:nvme_rdma_register_rsps: *NOTICE*: res->poller->pd: 0x7faac8000e20
2: [2021-10-01 16:27:42.106964] nvme_rdma.c:2525:nvme_rdma_poller_create: *NOTICE*: Created SRQ 0x7faad0000e58, device mlx5_0
2: [2021-10-01 16:27:42.107172] nvme_rdma.c: 928:nvme_rdma_register_rsps: *NOTICE*: res->poller->pd: 0x7faad0000e20
2: [2021-10-01 16:27:42.107204] nvme_rdma.c:1020:nvme_rdma_create_resources: *NOTICE*: Created resources: qp (nil), poller 0x7faac8000b30, num_entries 128
2: [2021-10-01 16:27:42.107348] nvme_rdma.c:2525:nvme_rdma_poller_create: *NOTICE*: Created SRQ 0x7faac4000e58, device mlx5_0
2: [2021-10-01 16:27:42.107380] nvme_rdma.c: 928:nvme_rdma_register_rsps: *NOTICE*: res->poller->pd: 0x7faac4000e20
2: [2021-10-01 16:27:42.107382] nvme_rdma.c:1020:nvme_rdma_create_resources: *NOTICE*: Created resources: qp (nil), poller 0x7faad0000b30, num_entries 128
2: [2021-10-01 16:27:42.107492] nvme_rdma.c:1020:nvme_rdma_create_resources: *NOTICE*: Created resources: qp (nil), poller 0x7faac4000b30, num_entries 128
2: [2021-10-01 16:27:42.107643] nvme_rdma.c:2525:nvme_rdma_poller_create: *NOTICE*: Created SRQ 0x7faab4000e68, device mlx5_0
2: [2021-10-01 16:27:42.107725] nvme_rdma.c: 928:nvme_rdma_register_rsps: *NOTICE*: res->poller->pd: 0x7faab4000e30
2: [2021-10-01 16:27:42.107903] nvme_rdma.c:1020:nvme_rdma_create_resources: *NOTICE*: Created resources: qp (nil), poller 0x7faab4000b40, num_entries 128
2: [2021-10-01 16:27:42.108002] nvme_rdma.c:2525:nvme_rdma_poller_create: *NOTICE*: Created SRQ 0x7faaac000ed8, device mlx5_0
2: [2021-10-01 16:27:42.108302] nvme_rdma.c: 928:nvme_rdma_register_rsps: *NOTICE*: res->poller->pd: 0x7faaac000b00
2: [2021-10-01 16:27:42.108437] nvme_rdma.c:1020:nvme_rdma_create_resources: *NOTICE*: Created resources: qp (nil), poller 0x7faaac000be0, num_entries 128
2: [2021-10-01 16:27:42.108491] nvme_rdma.c:2525:nvme_rdma_poller_create: *NOTICE*: Created SRQ 0x7faae0000e68, device mlx5_0
2: [2021-10-01 16:27:42.108593] nvme_rdma.c: 928:nvme_rdma_register_rsps: *NOTICE*: res->poller->pd: 0x7faae0000e30
2: [2021-10-01 16:27:42.108625] nvme_rdma.c:2525:nvme_rdma_poller_create: *NOTICE*: Created SRQ 0x7faad4008c68, device mlx5_1
2: [2021-10-01 16:27:42.108722] nvme_rdma.c: 928:nvme_rdma_register_rsps: *NOTICE*: res->poller->pd: 0x7faad4000fc0
2: [2021-10-01 16:27:42.108749] nvme_rdma.c:1020:nvme_rdma_create_resources: *NOTICE*: Created resources: qp (nil), poller 0x7faae0000b40, num_entries 128
2: [2021-10-01 16:27:42.108824] nvme_rdma.c:2525:nvme_rdma_poller_create: *NOTICE*: Created SRQ 0x7faab0000e68, device mlx5_0
2: [2021-10-01 16:27:42.108963] nvme_rdma.c:2525:nvme_rdma_poller_create: *NOTICE*: Created SRQ 0x7faae4008bf8, device mlx5_1
2: [2021-10-01 16:27:42.109108] nvme_rdma.c: 928:nvme_rdma_register_rsps: *NOTICE*: res->poller->pd: 0x7faae4000fc0
2: [2021-10-01 16:27:42.109134] nvme_rdma.c: 928:nvme_rdma_register_rsps: *NOTICE*: res->poller->pd: 0x7faab0000e30
2: [2021-10-01 16:27:42.109160] nvme_rdma.c:1020:nvme_rdma_create_resources: *NOTICE*: Created resources: qp (nil), poller 0x7faad4008900, num_entries 128
2: [2021-10-01 16:27:42.109345] nvme_rdma.c:1020:nvme_rdma_create_resources: *NOTICE*: Created resources: qp (nil), poller 0x7faab0000b40, num_entries 128
2: [2021-10-01 16:27:42.109378] nvme_rdma.c:1020:nvme_rdma_create_resources: *NOTICE*: Created resources: qp (nil), poller 0x7faae4008900, num_entries 128
2: [2021-10-01 16:27:42.109849] nvme_rdma.c:2525:nvme_rdma_poller_create: *NOTICE*: Created SRQ 0x7faab8000e68, device mlx5_0
2: [2021-10-01 16:27:42.110128] nvme_rdma.c:2525:nvme_rdma_poller_create: *NOTICE*: Created SRQ 0x7faad8008bf8, device mlx5_1
2: [2021-10-01 16:27:42.110234] nvme_rdma.c: 928:nvme_rdma_register_rsps: *NOTICE*: res->poller->pd: 0x7faad8000fc0
2: [2021-10-01 16:27:42.110245] nvme_rdma.c: 928:nvme_rdma_register_rsps: *NOTICE*: res->poller->pd: 0x7faab8000e30
2: [2021-10-01 16:27:42.110493] nvme_rdma.c:2525:nvme_rdma_poller_create: *NOTICE*: Created SRQ 0x7faac0000e68, device mlx5_0
2: [2021-10-01 16:27:42.110521] nvme_rdma.c: 928:nvme_rdma_register_rsps: *NOTICE*: res->poller->pd: 0x7faac0000e30
2: [2021-10-01 16:27:42.110549] nvme_rdma.c:1020:nvme_rdma_create_resources: *NOTICE*: Created resources: qp (nil), poller 0x7faad8008900, num_entries 128
2: [2021-10-01 16:27:42.110557] nvme_rdma.c:1020:nvme_rdma_create_resources: *NOTICE*: Created resources: qp (nil), poller 0x7faab8000b40, num_entries 128
2: [2021-10-01 16:27:42.110661] nvme_rdma.c:1020:nvme_rdma_create_resources: *NOTICE*: Created resources: qp (nil), poller 0x7faac0000b40, num_entries 128
2: [2021-10-01 16:27:42.110704] nvme_rdma.c:2525:nvme_rdma_poller_create: *NOTICE*: Created SRQ 0x7faacc008bf8, device mlx5_1
2: [2021-10-01 16:27:42.110798] nvme_rdma.c: 928:nvme_rdma_register_rsps: *NOTICE*: res->poller->pd: 0x7faacc000fc0
2: [2021-10-01 16:27:42.110822] nvme_rdma.c:2525:nvme_rdma_poller_create: *NOTICE*: Created SRQ 0x7faaa4000e68, device mlx5_0
2: [2021-10-01 16:27:42.110963] nvme_rdma.c: 928:nvme_rdma_register_rsps: *NOTICE*: res->poller->pd: 0x7faaa4000e30
2: [2021-10-01 16:27:42.110975] nvme_rdma.c:1020:nvme_rdma_create_resources: *NOTICE*: Created resources: qp (nil), poller 0x7faacc008900, num_entries 128
2: [2021-10-01 16:27:42.110996] nvme_rdma.c:2525:nvme_rdma_poller_create: *NOTICE*: Created SRQ 0x7faac8008bf8, device mlx5_1
2: [2021-10-01 16:27:42.111103] nvme_rdma.c: 928:nvme_rdma_register_rsps: *NOTICE*: res->poller->pd: 0x7faac8000fc0
2: [2021-10-01 16:27:42.111130] nvme_rdma.c:1020:nvme_rdma_create_resources: *NOTICE*: Created resources: qp (nil), poller 0x7faaa4000b40, num_entries 128
2: [2021-10-01 16:27:42.111132] nvme_rdma.c:2525:nvme_rdma_poller_create: *NOTICE*: Created SRQ 0x7faa9c000e68, device mlx5_0
2: [2021-10-01 16:27:42.111457] nvme_rdma.c: 928:nvme_rdma_register_rsps: *NOTICE*: res->poller->pd: 0x7faa9c000e30
2: [2021-10-01 16:27:42.111477] nvme_rdma.c:1020:nvme_rdma_create_resources: *NOTICE*: Created resources: qp (nil), poller 0x7faac8008900, num_entries 128
2: [2021-10-01 16:27:42.111538] nvme_rdma.c:2525:nvme_rdma_poller_create: *NOTICE*: Created SRQ 0x26b4d08, device mlx5_1
2: [2021-10-01 16:27:42.111636] nvme_rdma.c: 928:nvme_rdma_register_rsps: *NOTICE*: res->poller->pd: 0x24b3dc0
2: [2021-10-01 16:27:42.111651] nvme_rdma.c:1020:nvme_rdma_create_resources: *NOTICE*: Created resources: qp (nil), poller 0x7faa9c000b40, num_entries 128
2: [2021-10-01 16:27:42.111792] nvme_rdma.c:1020:nvme_rdma_create_resources: *NOTICE*: Created resources: qp (nil), poller 0x26b4a10, num_entries 128
2: [2021-10-01 16:27:42.111849] nvme_rdma.c:2525:nvme_rdma_poller_create: *NOTICE*: Created SRQ 0x7faa94000e68, device mlx5_0
2: [2021-10-01 16:27:42.111880] nvme_rdma.c:2525:nvme_rdma_poller_create: *NOTICE*: Created SRQ 0x7faabc008bf8, device mlx5_1
2: [2021-10-01 16:27:42.111998] nvme_rdma.c: 928:nvme_rdma_register_rsps: *NOTICE*: res->poller->pd: 0x7faa94000e30
2: [2021-10-01 16:27:42.112005] nvme_rdma.c: 928:nvme_rdma_register_rsps: *NOTICE*: res->poller->pd: 0x7faabc000fd0
2: [2021-10-01 16:27:42.112289] nvme_rdma.c:2525:nvme_rdma_poller_create: *NOTICE*: Created SRQ 0x7faad0008bf8, device mlx5_1
2: [2021-10-01 16:27:42.112317] nvme_rdma.c:1020:nvme_rdma_create_resources: *NOTICE*: Created resources: qp (nil), poller 0x7faa94000b40, num_entries 128
2: [2021-10-01 16:27:42.112322] nvme_rdma.c:1020:nvme_rdma_create_resources: *NOTICE*: Created resources: qp (nil), poller 0x7faabc008900, num_entries 128
2: [2021-10-01 16:27:42.112341] nvme_rdma.c: 928:nvme_rdma_register_rsps: *NOTICE*: res->poller->pd: 0x7faad0000fc0
2: [2021-10-01 16:27:42.112387] nvme_rdma.c:2525:nvme_rdma_poller_create: *NOTICE*: Created SRQ 0x7faaa8000e58, device mlx5_0
2: [2021-10-01 16:27:42.112497] nvme_rdma.c: 928:nvme_rdma_register_rsps: *NOTICE*: res->poller->pd: 0x7faaa8000e20
2: [2021-10-01 16:27:42.112500] nvme_rdma.c:1020:nvme_rdma_create_resources: *NOTICE*: Created resources: qp (nil), poller 0x7faad0008900, num_entries 128
2: [2021-10-01 16:27:42.112588] nvme_rdma.c:1020:nvme_rdma_create_resources: *NOTICE*: Created resources: qp (nil), poller 0x7faaa8000b30, num_entries 128
2: [2021-10-01 16:27:42.112618] nvme_rdma.c:2525:nvme_rdma_poller_create: *NOTICE*: Created SRQ 0x7faac4008bf8, device mlx5_1
2: [2021-10-01 16:27:42.112672] nvme_rdma.c: 928:nvme_rdma_register_rsps: *NOTICE*: res->poller->pd: 0x7faac4000fc0
2: [2021-10-01 16:27:42.112754] nvme_rdma.c:1020:nvme_rdma_create_resources: *NOTICE*: Created resources: qp (nil), poller 0x7faac4008900, num_entries 128
2: [2021-10-01 16:27:42.112796] nvme_rdma.c:2525:nvme_rdma_poller_create: *NOTICE*: Created SRQ 0x7faa84000e58, device mlx5_0
2: [2021-10-01 16:27:42.112873] nvme_rdma.c: 928:nvme_rdma_register_rsps: *NOTICE*: res->poller->pd: 0x7faa84000e20
2: [2021-10-01 16:27:42.112920] nvme_rdma.c:2525:nvme_rdma_poller_create: *NOTICE*: Created SRQ 0x7faab4008bf8, device mlx5_1
2: [2021-10-01 16:27:42.113002] nvme_rdma.c: 928:nvme_rdma_register_rsps: *NOTICE*: res->poller->pd: 0x7faab4000fd0
2: [2021-10-01 16:27:42.113023] nvme_rdma.c:1020:nvme_rdma_create_resources: *NOTICE*: Created resources: qp (nil), poller 0x7faa84000b30, num_entries 128
2: [2021-10-01 16:27:42.113062] nvme_rdma.c:1020:nvme_rdma_create_resources: *NOTICE*: Created resources: qp (nil), poller 0x7faab4008900, num_entries 128
2: [2021-10-01 16:27:42.113796] nvme_rdma.c:2525:nvme_rdma_poller_create: *NOTICE*: Created SRQ 0x7faa74000e58, device mlx5_0
2: [2021-10-01 16:27:42.113819] nvme_rdma.c: 928:nvme_rdma_register_rsps: *NOTICE*: res->poller->pd: 0x7faa74000e20
2: [2021-10-01 16:27:42.113846] nvme_rdma.c:2525:nvme_rdma_poller_create: *NOTICE*: Created SRQ 0x7faaac001bf8, device mlx5_1
2: [2021-10-01 16:27:42.113854] nvme_rdma.c:1020:nvme_rdma_create_resources: *NOTICE*: Created resources: qp (nil), poller 0x7faa74000b30, num_entries 128
2: [2021-10-01 16:27:42.113868] nvme_rdma.c: 928:nvme_rdma_register_rsps: *NOTICE*: res->poller->pd: 0x7faaac000b30
2: [2021-10-01 16:27:42.113908] nvme_rdma.c:1020:nvme_rdma_create_resources: *NOTICE*: Created resources: qp (nil), poller 0x7faaac001900, num_entries 128
2: [2021-10-01 16:27:42.114280] nvme_rdma.c:2525:nvme_rdma_poller_create: *NOTICE*: Created SRQ 0x7faa64000ed8, device mlx5_0
2: [2021-10-01 16:27:42.114302] nvme_rdma.c: 928:nvme_rdma_register_rsps: *NOTICE*: res->poller->pd: 0x7faa64000b00
2: [2021-10-01 16:27:42.114337] nvme_rdma.c:1020:nvme_rdma_create_resources: *NOTICE*: Created resources: qp (nil), poller 0x7faa64000be0, num_entries 128
2: [2021-10-01 16:27:42.114541] nvme_rdma.c:2525:nvme_rdma_poller_create: *NOTICE*: Created SRQ 0x7faa60000e58, device mlx5_0
2: [2021-10-01 16:27:42.114574] nvme_rdma.c: 928:nvme_rdma_register_rsps: *NOTICE*: res->poller->pd: 0x7faa60000e20
2: [2021-10-01 16:27:42.114608] nvme_rdma.c:1020:nvme_rdma_create_resources: *NOTICE*: Created resources: qp (nil), poller 0x7faa60000b30, num_entries 128
2: [2021-10-01 16:27:42.114770] nvme_rdma.c:2525:nvme_rdma_poller_create: *NOTICE*: Created SRQ 0x7faae0008bf8, device mlx5_1
2: [2021-10-01 16:27:42.114808] nvme_rdma.c: 928:nvme_rdma_register_rsps: *NOTICE*: res->poller->pd: 0x7faae0000fd0
2: [2021-10-01 16:27:42.114842] nvme_rdma.c:2525:nvme_rdma_poller_create: *NOTICE*: Created SRQ 0x7faa68000e58, device mlx5_0
2: [2021-10-01 16:27:42.114848] nvme_rdma.c:1020:nvme_rdma_create_resources: *NOTICE*: Created resources: qp (nil), poller 0x7faae0008900, num_entries 128
2: [2021-10-01 16:27:42.114868] nvme_rdma.c: 928:nvme_rdma_register_rsps: *NOTICE*: res->poller->pd: 0x7faa68000e20
2: [2021-10-01 16:27:42.114906] nvme_rdma.c:1020:nvme_rdma_create_resources: *NOTICE*: Created resources: qp (nil), poller 0x7faa68000b30, num_entries 128
2: [2021-10-01 16:27:42.115067] nvme_rdma.c:2525:nvme_rdma_poller_create: *NOTICE*: Created SRQ 0x7faa8c000e68, device mlx5_0
2: [2021-10-01 16:27:42.115093] nvme_rdma.c: 928:nvme_rdma_register_rsps: *NOTICE*: res->poller->pd: 0x7faa8c000e30
2: [2021-10-01 16:27:42.115123] nvme_rdma.c:1020:nvme_rdma_create_resources: *NOTICE*: Created resources: qp (nil), poller 0x7faa8c000b40, num_entries 128
2: [2021-10-01 16:27:42.115306] nvme_rdma.c:2525:nvme_rdma_poller_create: *NOTICE*: Created SRQ 0x7faa6c000e58, device mlx5_0
2: [2021-10-01 16:27:42.115336] nvme_rdma.c: 928:nvme_rdma_register_rsps: *NOTICE*: res->poller->pd: 0x7faa6c000e20
2: [2021-10-01 16:27:42.115345] nvme_rdma.c:2525:nvme_rdma_poller_create: *NOTICE*: Created SRQ 0x7faac0008bf8, device mlx5_1
2: [2021-10-01 16:27:42.115388] nvme_rdma.c: 928:nvme_rdma_register_rsps: *NOTICE*: res->poller->pd: 0x7faac0000fd0
4: [2021-10-01 16:27:42.115053] nvme_rdma.c:2525:nvme_rdma_poller_create: *NOTICE*: Created SRQ 0x7fd0f0000e58, device mlx5_0
2: [2021-10-01 16:27:42.115406] nvme_rdma.c:1020:nvme_rdma_create_resources: *NOTICE*: Created resources: qp (nil), poller 0x7faa6c000b30, num_entries 128
2: [2021-10-01 16:27:42.115420] nvme_rdma.c:1020:nvme_rdma_create_resources: *NOTICE*: Created resources: qp (nil), poller 0x7faac0008900, num_entries 128
4: [2021-10-01 16:27:42.115081] nvme_rdma.c: 928:nvme_rdma_register_rsps: *NOTICE*: res->poller->pd: 0x7fd0f0000e20
2: [2021-10-01 16:27:42.115514] nvme_rdma.c:2525:nvme_rdma_poller_create: *NOTICE*: Created SRQ 0x7faa7c000e58, device mlx5_0
2: [2021-10-01 16:27:42.115549] nvme_rdma.c: 928:nvme_rdma_register_rsps: *NOTICE*: res->poller->pd: 0x7faa7c000e20
2: [2021-10-01 16:27:42.115589] nvme_rdma.c:1020:nvme_rdma_create_resources: *NOTICE*: Created resources: qp (nil), poller 0x7faa7c000b30, num_entries 128
2: [2021-10-01 16:27:42.115721] nvme_rdma.c:2525:nvme_rdma_poller_create: *NOTICE*: Created SRQ 0x7faab8008bf8, device mlx5_1
4: [2021-10-01 16:27:42.115393] nvme_rdma.c:2525:nvme_rdma_poller_create: *NOTICE*: Created SRQ 0x7fd0ec000e58, device mlx5_0
2: [2021-10-01 16:27:42.115755] nvme_rdma.c: 928:nvme_rdma_register_rsps: *NOTICE*: res->poller->pd: 0x7faab8000fd0
2: [2021-10-01 16:27:42.115762] nvme_rdma.c:2525:nvme_rdma_poller_create: *NOTICE*: Created SRQ 0x7faa58000e68, device mlx5_0
2: [2021-10-01 16:27:42.115796] nvme_rdma.c: 928:nvme_rdma_register_rsps: *NOTICE*: res->poller->pd: 0x7faa58000e30
2: [2021-10-01 16:27:42.115810] nvme_rdma.c:1020:nvme_rdma_create_resources: *NOTICE*: Created resources: qp (nil), poller 0x7faab8008900, num_entries 128
4: [2021-10-01 16:27:42.115434] nvme_rdma.c:1020:nvme_rdma_create_resources: *NOTICE*: Created resources: qp (nil), poller 0x7fd0f0000b30, num_entries 128
4: [2021-10-01 16:27:42.115476] nvme_rdma.c: 928:nvme_rdma_register_rsps: *NOTICE*: res->poller->pd: 0x7fd0ec000e20
2: [2021-10-01 16:27:42.115841] nvme_rdma.c:1020:nvme_rdma_create_resources: *NOTICE*: Created resources: qp (nil), poller 0x7faa58000b40, num_entries 128
4: [2021-10-01 16:27:42.115553] nvme_rdma.c:1020:nvme_rdma_create_resources: *NOTICE*: Created resources: qp (nil), poller 0x7fd0ec000b30, num_entries 128
4: [2021-10-01 16:27:42.115614] nvme_rdma.c:2525:nvme_rdma_poller_create: *NOTICE*: Created SRQ 0x7fd0e0000e58, device mlx5_0
1: [2021-10-01 16:27:42.115964] nvme_rdma.c:2525:nvme_rdma_poller_create: *NOTICE*: Created SRQ 0x7f9958000e58, device mlx5_0
4: [2021-10-01 16:27:42.115694] nvme_rdma.c: 928:nvme_rdma_register_rsps: *NOTICE*: res->poller->pd: 0x7fd0e0000e20
1: [2021-10-01 16:27:42.116035] nvme_rdma.c: 928:nvme_rdma_register_rsps: *NOTICE*: res->poller->pd: 0x7f9958000e20
4: [2021-10-01 16:27:42.115805] nvme_rdma.c:1020:nvme_rdma_create_resources: *NOTICE*: Created resources: qp (nil), poller 0x7fd0e0000b30, num_entries 128
1: [2021-10-01 16:27:42.116141] nvme_rdma.c:1020:nvme_rdma_create_resources: *NOTICE*: Created resources: qp (nil), poller 0x7f9958000b30, num_entries 128
4: [2021-10-01 16:27:42.115937] nvme_rdma.c:2525:nvme_rdma_poller_create: *NOTICE*: Created SRQ 0x7fd0e4000e58, device mlx5_0
1: [2021-10-01 16:27:42.116282] nvme_rdma.c:2525:nvme_rdma_poller_create: *NOTICE*: Created SRQ 0x7f9948000e58, device mlx5_0
4: [2021-10-01 16:27:42.115983] nvme_rdma.c: 928:nvme_rdma_register_rsps: *NOTICE*: res->poller->pd: 0x7fd0e4000e20
2: [2021-10-01 16:27:42.116394] nvme_rdma.c:2525:nvme_rdma_poller_create: *NOTICE*: Created SRQ 0x7faa8c008bf8, device mlx5_1
0: [2021-10-01 16:27:42.116040] nvme_rdma.c:2525:nvme_rdma_poller_create: *NOTICE*: Created SRQ 0x7f3a40000e58, device mlx5_0
4: [2021-10-01 16:27:42.116070] nvme_rdma.c:1020:nvme_rdma_create_resources: *NOTICE*: Created resources: qp (nil), poller 0x7fd0e4000b30, num_entries 128
2: [2021-10-01 16:27:42.116412] nvme_rdma.c: 928:nvme_rdma_register_rsps: *NOTICE*: res->poller->pd: 0x7faa8c000fd0
1: [2021-10-01 16:27:42.116326] nvme_rdma.c: 928:nvme_rdma_register_rsps: *NOTICE*: res->poller->pd: 0x7f9948000e20
2: [2021-10-01 16:27:42.116441] nvme_rdma.c:1020:nvme_rdma_create_resources: *NOTICE*: Created resources: qp (nil), poller 0x7faa8c008900, num_entries 128
1: [2021-10-01 16:27:42.116430] nvme_rdma.c:1020:nvme_rdma_create_resources: *NOTICE*: Created resources: qp (nil), poller 0x7f9948000b30, num_entries 128
3: [2021-10-01 16:27:42.113870] nvme_rdma.c:2525:nvme_rdma_poller_create: *NOTICE*: Created SRQ 0x7fc5ac000e58, device mlx5_0
0: [2021-10-01 16:27:42.116089] nvme_rdma.c: 928:nvme_rdma_register_rsps: *NOTICE*: res->poller->pd: 0x7f3a40000e20
0: [2021-10-01 16:27:42.116185] nvme_rdma.c:1020:nvme_rdma_create_resources: *NOTICE*: Created resources: qp (nil), poller 0x7f3a40000b30, num_entries 128
3: [2021-10-01 16:27:42.113928] nvme_rdma.c: 928:nvme_rdma_register_rsps: *NOTICE*: res->poller->pd: 0x7fc5ac000e20
1: [2021-10-01 16:27:42.116595] nvme_rdma.c:2525:nvme_rdma_poller_create: *NOTICE*: Created SRQ 0x7f994c000e58, device mlx5_0
3: [2021-10-01 16:27:42.114029] nvme_rdma.c:1020:nvme_rdma_create_resources: *NOTICE*: Created resources: qp (nil), poller 0x7fc5ac000b30, num_entries 128
1: [2021-10-01 16:27:42.116733] nvme_rdma.c: 928:nvme_rdma_register_rsps: *NOTICE*: res->poller->pd: 0x7f994c000e20
2: [2021-10-01 16:27:42.116937] nvme_rdma.c:2525:nvme_rdma_poller_create: *NOTICE*: Created SRQ 0x7faa9c008bf8, device mlx5_1
0: [2021-10-01 16:27:42.116380] nvme_rdma.c:2525:nvme_rdma_poller_create: *NOTICE*: Created SRQ 0x7f3a44000e58, device mlx5_0
2: [2021-10-01 16:27:42.116956] nvme_rdma.c: 928:nvme_rdma_register_rsps: *NOTICE*: res->poller->pd: 0x7faa9c000fd0
0: [2021-10-01 16:27:42.116646] nvme_rdma.c: 928:nvme_rdma_register_rsps: *NOTICE*: res->poller->pd: 0x7f3a44000e20
1: [2021-10-01 16:27:42.116894] nvme_rdma.c:1020:nvme_rdma_create_resources: *NOTICE*: Created resources: qp (nil), poller 0x7f994c000b30, num_entries 128
2: [2021-10-01 16:27:42.116997] nvme_rdma.c:1020:nvme_rdma_create_resources: *NOTICE*: Created resources: qp (nil), poller 0x7faa9c008900, num_entries 128
3: [2021-10-01 16:27:42.114160] nvme_rdma.c:2525:nvme_rdma_poller_create: *NOTICE*: Created SRQ 0x7fc5b0000e58, device mlx5_0
2: [2021-10-01 16:27:42.117158] nvme_rdma.c:2525:nvme_rdma_poller_create: *NOTICE*: Created SRQ 0x7faab0008bf8, device mlx5_1
0: [2021-10-01 16:27:42.116754] nvme_rdma.c:2525:nvme_rdma_poller_create: *NOTICE*: Created SRQ 0x7f3a48000e58, device mlx5_0
1: [2021-10-01 16:27:42.116960] nvme_rdma.c:2525:nvme_rdma_poller_create: *NOTICE*: Created SRQ 0x7f9954000e58, device mlx5_0
1: [2021-10-01 16:27:42.117012] nvme_rdma.c: 928:nvme_rdma_register_rsps: *NOTICE*: res->poller->pd: 0x7f9954000e20
3: [2021-10-01 16:27:42.114466] nvme_rdma.c: 928:nvme_rdma_register_rsps: *NOTICE*: res->poller->pd: 0x7fc5b0000e20
2: [2021-10-01 16:27:42.117178] nvme_rdma.c: 928:nvme_rdma_register_rsps: *NOTICE*: res->poller->pd: 0x7faab0000fd0
0: [2021-10-01 16:27:42.116787] nvme_rdma.c:1020:nvme_rdma_create_resources: *NOTICE*: Created resources: qp (nil), poller 0x7f3a44000b30, num_entries 128
2: [2021-10-01 16:27:42.117220] nvme_rdma.c:1020:nvme_rdma_create_resources: *NOTICE*: Created resources: qp (nil), poller 0x7faab0008900, num_entries 128
0: [2021-10-01 16:27:42.116815] nvme_rdma.c: 928:nvme_rdma_register_rsps: *NOTICE*: res->poller->pd: 0x7f3a48000e20
3: [2021-10-01 16:27:42.114563] nvme_rdma.c:2525:nvme_rdma_poller_create: *NOTICE*: Created SRQ 0x7fc5a4000e58, device mlx5_0
1: [2021-10-01 16:27:42.117167] nvme_rdma.c:2525:nvme_rdma_poller_create: *NOTICE*: Created SRQ 0x7f9944000e58, device mlx5_0
1: [2021-10-01 16:27:42.117176] nvme_rdma.c:1020:nvme_rdma_create_resources: *NOTICE*: Created resources: qp (nil), poller 0x7f9954000b30, num_entries 128
0: [2021-10-01 16:27:42.117028] nvme_rdma.c:1020:nvme_rdma_create_resources: *NOTICE*: Created resources: qp (nil), poller 0x7f3a48000b30, num_entries 128
3: [2021-10-01 16:27:42.114592] nvme_rdma.c:1020:nvme_rdma_create_resources: *NOTICE*: Created resources: qp (nil), poller 0x7fc5b0000b30, num_entries 128
3: [2021-10-01 16:27:42.114609] nvme_rdma.c: 928:nvme_rdma_register_rsps: *NOTICE*: res->poller->pd: 0x7fc5a4000e20
1: [2021-10-01 16:27:42.117267] nvme_rdma.c: 928:nvme_rdma_register_rsps: *NOTICE*: res->poller->pd: 0x7f9944000e20
2: [2021-10-01 16:27:42.117436] nvme_rdma.c:2525:nvme_rdma_poller_create: *NOTICE*: Created SRQ 0x7faaa4008bf8, device mlx5_1
0: [2021-10-01 16:27:42.117049] nvme_rdma.c:2525:nvme_rdma_poller_create: *NOTICE*: Created SRQ 0x7f3a3c000e58, device mlx5_0
3: [2021-10-01 16:27:42.114684] nvme_rdma.c:1020:nvme_rdma_create_resources: *NOTICE*: Created resources: qp (nil), poller 0x7fc5a4000b30, num_entries 128
2: [2021-10-01 16:27:42.117460] nvme_rdma.c: 928:nvme_rdma_register_rsps: *NOTICE*: res->poller->pd: 0x7faaa4000fd0
2: [2021-10-01 16:27:42.117495] nvme_rdma.c:1020:nvme_rdma_create_resources: *NOTICE*: Created resources: qp (nil), poller 0x7faaa4008900, num_entries 128
0: [2021-10-01 16:27:42.117166] nvme_rdma.c: 928:nvme_rdma_register_rsps: *NOTICE*: res->poller->pd: 0x7f3a3c000e20
2: [2021-10-01 16:27:42.117653] nvme_rdma.c:2525:nvme_rdma_poller_create: *NOTICE*: Created SRQ 0x7faaa8008bf8, device mlx5_1
3: [2021-10-01 16:27:42.114892] nvme_rdma.c:2525:nvme_rdma_poller_create: *NOTICE*: Created SRQ 0x7fc5a8000e58, device mlx5_0
0: [2021-10-01 16:27:42.117275] nvme_rdma.c:2525:nvme_rdma_poller_create: *NOTICE*: Created SRQ 0x7f3a28000e58, device mlx5_0
1: [2021-10-01 16:27:42.117476] nvme_rdma.c:2525:nvme_rdma_poller_create: *NOTICE*: Created SRQ 0x7f9940000e58, device mlx5_0
2: [2021-10-01 16:27:42.117670] nvme_rdma.c: 928:nvme_rdma_register_rsps: *NOTICE*: res->poller->pd: 0x7faaa8000fc0
2: [2021-10-01 16:27:42.117710] nvme_rdma.c:1020:nvme_rdma_create_resources: *NOTICE*: Created resources: qp (nil), poller 0x7faaa8008900, num_entries 128
4: [2021-10-01 16:27:42.117385] nvme_rdma.c:2525:nvme_rdma_poller_create: *NOTICE*: Created SRQ 0x7fd0b4000e68, device mlx5_0
3: [2021-10-01 16:27:42.114970] nvme_rdma.c: 928:nvme_rdma_register_rsps: *NOTICE*: res->poller->pd: 0x7fc5a8000e20
0: [2021-10-01 16:27:42.117352] nvme_rdma.c:1020:nvme_rdma_create_resources: *NOTICE*: Created resources: qp (nil), poller 0x7f3a3c000b30, num_entries 128
1: [2021-10-01 16:27:42.117618] nvme_rdma.c:1020:nvme_rdma_create_resources: *NOTICE*: Created resources: qp (nil), poller 0x7f9944000b30, num_entries 128
1: [2021-10-01 16:27:42.117663] nvme_rdma.c: 928:nvme_rdma_register_rsps: *NOTICE*: res->poller->pd: 0x7f9940000e20
2: mlx5dv_reserved_qpn_alloc 1 1
0: [2021-10-01 16:27:42.117461] nvme_rdma.c: 928:nvme_rdma_register_rsps: *NOTICE*: res->poller->pd: 0x7f3a28000e20
2: [2021-10-01 16:27:42.117859] nvme_rdma.c:2525:nvme_rdma_poller_create: *NOTICE*: Created SRQ 0x7faa84008bf8, device mlx5_1
2: [2021-10-01 16:27:42.117876] nvme_rdma.c: 928:nvme_rdma_register_rsps: *NOTICE*: res->poller->pd: 0x7faa84000fc0
0: [2021-10-01 16:27:42.117546] nvme_rdma.c:1020:nvme_rdma_create_resources: *NOTICE*: Created resources: qp (nil), poller 0x7f3a28000b30, num_entries 128
2: [2021-10-01 16:27:42.117913] nvme_rdma.c:1020:nvme_rdma_create_resources: *NOTICE*: Created resources: qp (nil), poller 0x7faa84008900, num_entries 128
4: [2021-10-01 16:27:42.117686] nvme_rdma.c: 928:nvme_rdma_register_rsps: *NOTICE*: res->poller->pd: 0x7fd0b4000e30
0: [2021-10-01 16:27:42.117582] nvme_rdma.c:2525:nvme_rdma_poller_create: *NOTICE*: Created SRQ 0x7f3a38000e58, device mlx5_0
2: [2021-10-01 16:27:42.118056] nvme_rdma.c:2525:nvme_rdma_poller_create: *NOTICE*: Created SRQ 0x7faa74008bf8, device mlx5_1
2: [2021-10-01 16:27:42.118071] nvme_rdma.c: 928:nvme_rdma_register_rsps: *NOTICE*: res->poller->pd: 0x7faa74000fc0
3: [2021-10-01 16:27:42.115192] nvme_rdma.c:2525:nvme_rdma_poller_create: *NOTICE*: Created SRQ 0x7fc5a0000e58, device mlx5_0
0: [2021-10-01 16:27:42.117718] nvme_rdma.c: 928:nvme_rdma_register_rsps: *NOTICE*: res->poller->pd: 0x7f3a38000e20
2: [2021-10-01 16:27:42.118106] nvme_rdma.c:1020:nvme_rdma_create_resources: *NOTICE*: Created resources: qp (nil), poller 0x7faa74008900, num_entries 128
3: [2021-10-01 16:27:42.115368] nvme_rdma.c: 928:nvme_rdma_register_rsps: *NOTICE*: res->poller->pd: 0x7fc5a0000e20
3: [2021-10-01 16:27:42.115397] nvme_rdma.c:1020:nvme_rdma_create_resources: *NOTICE*: Created resources: qp (nil), poller 0x7fc5a8000b30, num_entries 128
4: [2021-10-01 16:27:42.117832] nvme_rdma.c:2525:nvme_rdma_poller_create: *NOTICE*: Created SRQ 0x7fd0e0008bf8, device mlx5_1
0: [2021-10-01 16:27:42.117833] nvme_rdma.c:1020:nvme_rdma_create_resources: *NOTICE*: Created resources: qp (nil), poller 0x7f3a38000b30, num_entries 128
1: [2021-10-01 16:27:42.117809] nvme_rdma.c:2525:nvme_rdma_poller_create: *NOTICE*: Created SRQ 0x7f9938000e58, device mlx5_0
2: [2021-10-01 16:27:42.118261] nvme_rdma.c:2525:nvme_rdma_poller_create: *NOTICE*: Created SRQ 0x7faa64001bf8, device mlx5_1
3: [2021-10-01 16:27:42.115530] nvme_rdma.c:1020:nvme_rdma_create_resources: *NOTICE*: Created resources: qp (nil), poller 0x7fc5a0000b30, num_entries 128
1: [2021-10-01 16:27:42.118127] nvme_rdma.c:1020:nvme_rdma_create_resources: *NOTICE*: Created resources: qp (nil), poller 0x7f9940000b30, num_entries 128
4: [2021-10-01 16:27:42.117871] nvme_rdma.c: 928:nvme_rdma_register_rsps: *NOTICE*: res->poller->pd: 0x7fd0e0000fc0
4: [2021-10-01 16:27:42.117892] nvme_rdma.c:2525:nvme_rdma_poller_create: *NOTICE*: Created SRQ 0x7fd0d8000e58, device mlx5_0
4: [2021-10-01 16:27:42.117892] nvme_rdma.c:1020:nvme_rdma_create_resources: *NOTICE*: Created resources: qp (nil), poller 0x7fd0b4000b40, num_entries 128
2: [2021-10-01 16:27:42.118277] nvme_rdma.c: 928:nvme_rdma_register_rsps: *NOTICE*: res->poller->pd: 0x7faa64000b30
2: [2021-10-01 16:27:42.118310] nvme_rdma.c:1020:nvme_rdma_create_resources: *NOTICE*: Created resources: qp (nil), poller 0x7faa64001900, num_entries 128
3: [2021-10-01 16:27:42.115545] nvme_rdma.c:2525:nvme_rdma_poller_create: *NOTICE*: Created SRQ 0x7fc598000e58, device mlx5_0
1: [2021-10-01 16:27:42.118200] nvme_rdma.c: 928:nvme_rdma_register_rsps: *NOTICE*: res->poller->pd: 0x7f9938000e20
3: [2021-10-01 16:27:42.115623] nvme_rdma.c: 928:nvme_rdma_register_rsps: *NOTICE*: res->poller->pd: 0x7fc598000e20
4: [2021-10-01 16:27:42.117937] nvme_rdma.c:1020:nvme_rdma_create_resources: *NOTICE*: Created resources: qp (nil), poller 0x7fd0e0008900, num_entries 128
4: [2021-10-01 16:27:42.117974] nvme_rdma.c: 928:nvme_rdma_register_rsps: *NOTICE*: res->poller->pd: 0x7fd0d8000e20
2: [2021-10-01 16:27:42.118461] nvme_rdma.c:2525:nvme_rdma_poller_create: *NOTICE*: Created SRQ 0x7faa60008bf8, device mlx5_1
3: [2021-10-01 16:27:42.115721] nvme_rdma.c:1020:nvme_rdma_create_resources: *NOTICE*: Created resources: qp (nil), poller 0x7fc598000b30, num_entries 128
1: [2021-10-01 16:27:42.118319] nvme_rdma.c:1020:nvme_rdma_create_resources: *NOTICE*: Created resources: qp (nil), poller 0x7f9938000b30, num_entries 128
4: [2021-10-01 16:27:42.118043] nvme_rdma.c:1020:nvme_rdma_create_resources: *NOTICE*: Created resources: qp (nil), poller 0x7fd0d8000b30, num_entries 128
2: [2021-10-01 16:27:42.118476] nvme_rdma.c: 928:nvme_rdma_register_rsps: *NOTICE*: res->poller->pd: 0x7faa60000fc0
0: [2021-10-01 16:27:42.117913] nvme_rdma.c:2525:nvme_rdma_poller_create: *NOTICE*: Created SRQ 0x7f3a2c000e58, device mlx5_0
1: [2021-10-01 16:27:42.118353] nvme_rdma.c:2525:nvme_rdma_poller_create: *NOTICE*: Created SRQ 0x7f992c000e68, device mlx5_0
4: [2021-10-01 16:27:42.118094] nvme_rdma.c:2525:nvme_rdma_poller_create: *NOTICE*: Created SRQ 0x7fd0f0008c68, device mlx5_1
2: [2021-10-01 16:27:42.118510] nvme_rdma.c:1020:nvme_rdma_create_resources: *NOTICE*: Created resources: qp (nil), poller 0x7faa60008900, num_entries 128
3: [2021-10-01 16:27:42.115823] nvme_rdma.c:2525:nvme_rdma_poller_create: *NOTICE*: Created SRQ 0x7fc594000e68, device mlx5_0
1: [2021-10-01 16:27:42.118420] nvme_rdma.c: 928:nvme_rdma_register_rsps: *NOTICE*: res->poller->pd: 0x7f992c000e30
4: [2021-10-01 16:27:42.118189] nvme_rdma.c: 928:nvme_rdma_register_rsps: *NOTICE*: res->poller->pd: 0x7fd0f0000fc0
0: [2021-10-01 16:27:42.118202] nvme_rdma.c: 928:nvme_rdma_register_rsps: *NOTICE*: res->poller->pd: 0x7f3a2c000e20
4: [2021-10-01 16:27:42.118247] nvme_rdma.c:1020:nvme_rdma_create_resources: *NOTICE*: Created resources: qp (nil), poller 0x7fd0f0008900, num_entries 128
2: [2021-10-01 16:27:42.118658] nvme_rdma.c:2525:nvme_rdma_poller_create: *NOTICE*: Created SRQ 0x7faa68008bf8, device mlx5_1
2: [2021-10-01 16:27:42.118672] nvme_rdma.c: 928:nvme_rdma_register_rsps: *NOTICE*: res->poller->pd: 0x7faa68000fc0
0: [2021-10-01 16:27:42.118369] nvme_rdma.c:1020:nvme_rdma_create_resources: *NOTICE*: Created resources: qp (nil), poller 0x7f3a2c000b30, num_entries 128
2: [2021-10-01 16:27:42.118707] nvme_rdma.c:1020:nvme_rdma_create_resources: *NOTICE*: Created resources: qp (nil), poller 0x7faa68008900, num_entries 128
1: [2021-10-01 16:27:42.118610] nvme_rdma.c:1020:nvme_rdma_create_resources: *NOTICE*: Created resources: qp (nil), poller 0x7f992c000b40, num_entries 128
1: [2021-10-01 16:27:42.118647] nvme_rdma.c:2525:nvme_rdma_poller_create: *NOTICE*: Created SRQ 0x1621fa8, device mlx5_0
1: [2021-10-01 16:27:42.118669] nvme_rdma.c: 928:nvme_rdma_register_rsps: *NOTICE*: res->poller->pd: 0x1626c30
0: [2021-10-01 16:27:42.118445] nvme_rdma.c:2525:nvme_rdma_poller_create: *NOTICE*: Created SRQ 0x1855fa8, device mlx5_0
2: [2021-10-01 16:27:42.118893] nvme_rdma.c:2525:nvme_rdma_poller_create: *NOTICE*: Created SRQ 0x7faa94008bf8, device mlx5_1
3: [2021-10-01 16:27:42.116170] nvme_rdma.c: 928:nvme_rdma_register_rsps: *NOTICE*: res->poller->pd: 0x7fc594000e30
0: [2021-10-01 16:27:42.118465] nvme_rdma.c: 928:nvme_rdma_register_rsps: *NOTICE*: res->poller->pd: 0x185ac30
2: [2021-10-01 16:27:42.118916] nvme_rdma.c: 928:nvme_rdma_register_rsps: *NOTICE*: res->poller->pd: 0x7faa94000fd0
2: [2021-10-01 16:27:42.118949] nvme_rdma.c:1020:nvme_rdma_create_resources: *NOTICE*: Created resources: qp (nil), poller 0x7faa94008900, num_entries 128
2: [2021-10-01 16:27:42.119095] nvme_rdma.c:2525:nvme_rdma_poller_create: *NOTICE*: Created SRQ 0x7faa6c008bf8, device mlx5_1
3: [2021-10-01 16:27:42.116371] nvme_rdma.c:1020:nvme_rdma_create_resources: *NOTICE*: Created resources: qp (nil), poller 0x7fc594000b40, num_entries 128
2: [2021-10-01 16:27:42.119111] nvme_rdma.c: 928:nvme_rdma_register_rsps: *NOTICE*: res->poller->pd: 0x7faa6c000fc0
2: [2021-10-01 16:27:42.119144] nvme_rdma.c:1020:nvme_rdma_create_resources: *NOTICE*: Created resources: qp (nil), poller 0x7faa6c008900, num_entries 128
3: [2021-10-01 16:27:42.116424] nvme_rdma.c:2525:nvme_rdma_poller_create: *NOTICE*: Created SRQ 0x7fc590000e58, device mlx5_0
1: [2021-10-01 16:27:42.119138] nvme_rdma.c:1020:nvme_rdma_create_resources: *NOTICE*: Created resources: qp (nil), poller 0x1621cb0, num_entries 128
2: [2021-10-01 16:27:42.119288] nvme_rdma.c:2525:nvme_rdma_poller_create: *NOTICE*: Created SRQ 0x7faa7c008bf8, device mlx5_1
0: [2021-10-01 16:27:42.118766] nvme_rdma.c:2525:nvme_rdma_poller_create: *NOTICE*: Created SRQ 0x7f3a20000e58, device mlx5_0
3: [2021-10-01 16:27:42.116566] nvme_rdma.c: 928:nvme_rdma_register_rsps: *NOTICE*: res->poller->pd: 0x7fc590000e20
1: [2021-10-01 16:27:42.119235] nvme_rdma.c:2525:nvme_rdma_poller_create: *NOTICE*: Created SRQ 0x7f9924000e68, device mlx5_0
2: [2021-10-01 16:27:42.119302] nvme_rdma.c: 928:nvme_rdma_register_rsps: *NOTICE*: res->poller->pd: 0x7faa7c000fc0
0: [2021-10-01 16:27:42.118939] nvme_rdma.c: 928:nvme_rdma_register_rsps: *NOTICE*: res->poller->pd: 0x7f3a20000e20
2: [2021-10-01 16:27:42.119334] nvme_rdma.c:1020:nvme_rdma_create_resources: *NOTICE*: Created resources: qp (nil), poller 0x7faa7c008900, num_entries 128
0: [2021-10-01 16:27:42.118980] nvme_rdma.c:1020:nvme_rdma_create_resources: *NOTICE*: Created resources: qp (nil), poller 0x1855cb0, num_entries 128
3: [2021-10-01 16:27:42.116712] nvme_rdma.c:1020:nvme_rdma_create_resources: *NOTICE*: Created resources: qp (nil), poller 0x7fc590000b30, num_entries 128
1: [2021-10-01 16:27:42.119321] nvme_rdma.c: 928:nvme_rdma_register_rsps: *NOTICE*: res->poller->pd: 0x7f9924000e30
2: [2021-10-01 16:27:42.119486] nvme_rdma.c:2525:nvme_rdma_poller_create: *NOTICE*: Created SRQ 0x7faa58008c18, device mlx5_1
3: [2021-10-01 16:27:42.116792] nvme_rdma.c:2525:nvme_rdma_poller_create: *NOTICE*: Created SRQ 0xb3cfa8, device mlx5_0
2: [2021-10-01 16:27:42.119504] nvme_rdma.c: 928:nvme_rdma_register_rsps: *NOTICE*: res->poller->pd: 0x7faa58000fd0
2: [2021-10-01 16:27:42.119535] nvme_rdma.c:1020:nvme_rdma_create_resources: *NOTICE*: Created resources: qp (nil), poller 0x7faa58008920, num_entries 128
4: [2021-10-01 16:27:42.119153] nvme_rdma.c:2525:nvme_rdma_poller_create: *NOTICE*: Created SRQ 0x7fd0cc000e58, device mlx5_0
0: [2021-10-01 16:27:42.119214] nvme_rdma.c:2525:nvme_rdma_poller_create: *NOTICE*: Created SRQ 0x7f3a34000e68, device mlx5_0
3: [2021-10-01 16:27:42.116812] nvme_rdma.c: 928:nvme_rdma_register_rsps: *NOTICE*: res->poller->pd: 0xb41c30
1: [2021-10-01 16:27:42.119522] nvme_rdma.c:2525:nvme_rdma_poller_create: *NOTICE*: Created SRQ 0x7f9928000ed8, device mlx5_0
0: [2021-10-01 16:27:42.119236] nvme_rdma.c:1020:nvme_rdma_create_resources: *NOTICE*: Created resources: qp (nil), poller 0x7f3a20000b30, num_entries 128
4: [2021-10-01 16:27:42.119342] nvme_rdma.c: 928:nvme_rdma_register_rsps: *NOTICE*: res->poller->pd: 0x7fd0cc000e20
3: [2021-10-01 16:27:42.116949] nvme_rdma.c:1020:nvme_rdma_create_resources: *NOTICE*: Created resources: qp (nil), poller 0xb3ccb0, num_entries 128
0: [2021-10-01 16:27:42.119343] nvme_rdma.c: 928:nvme_rdma_register_rsps: *NOTICE*: res->poller->pd: 0x7f3a34000e30
4: [2021-10-01 16:27:42.119385] nvme_rdma.c:1020:nvme_rdma_create_resources: *NOTICE*: Created resources: qp (nil), poller 0x7fd0cc000b30, num_entries 128
3: [2021-10-01 16:27:42.117062] nvme_rdma.c:2525:nvme_rdma_poller_create: *NOTICE*: Created SRQ 0x7fc59c000ed8, device mlx5_0
1: [2021-10-01 16:27:42.119733] nvme_rdma.c: 928:nvme_rdma_register_rsps: *NOTICE*: res->poller->pd: 0x7f9928000b00
4: [2021-10-01 16:27:42.119463] nvme_rdma.c:2525:nvme_rdma_poller_create: *NOTICE*: Created SRQ 0x7fd0ec008bf8, device mlx5_1
0: [2021-10-01 16:27:42.119487] nvme_rdma.c:2525:nvme_rdma_poller_create: *NOTICE*: Created SRQ 0x7f3a18000ed8, device mlx5_0
1: [2021-10-01 16:27:42.119743] nvme_rdma.c:1020:nvme_rdma_create_resources: *NOTICE*: Created resources: qp (nil), poller 0x7f9924000b40, num_entries 128
4: [2021-10-01 16:27:42.119505] nvme_rdma.c: 928:nvme_rdma_register_rsps: *NOTICE*: res->poller->pd: 0x7fd0ec000fc0
4: [2021-10-01 16:27:42.119589] nvme_rdma.c:1020:nvme_rdma_create_resources: *NOTICE*: Created resources: qp (nil), poller 0x7fd0ec008900, num_entries 128
1: [2021-10-01 16:27:42.119981] nvme_rdma.c:1020:nvme_rdma_create_resources: *NOTICE*: Created resources: qp (nil), poller 0x7f9928000be0, num_entries 128
0: [2021-10-01 16:27:42.119791] nvme_rdma.c: 928:nvme_rdma_register_rsps: *NOTICE*: res->poller->pd: 0x7f3a18000b00
3: [2021-10-01 16:27:42.117432] nvme_rdma.c: 928:nvme_rdma_register_rsps: *NOTICE*: res->poller->pd: 0x7fc59c000b00
1: [2021-10-01 16:27:42.119983] nvme_rdma.c:2525:nvme_rdma_poller_create: *NOTICE*: Created SRQ 0x7f9920000e58, device mlx5_0
0: [2021-10-01 16:27:42.119826] nvme_rdma.c:1020:nvme_rdma_create_resources: *NOTICE*: Created resources: qp (nil), poller 0x7f3a34000b40, num_entries 128
3: [2021-10-01 16:27:42.117483] nvme_rdma.c:2525:nvme_rdma_poller_create: *NOTICE*: Created SRQ 0x7fc5ac008c68, device mlx5_1
1: [2021-10-01 16:27:42.120156] nvme_rdma.c: 928:nvme_rdma_register_rsps: *NOTICE*: res->poller->pd: 0x7f9920000e20
4: [2021-10-01 16:27:42.119947] nvme_rdma.c:2525:nvme_rdma_poller_create: *NOTICE*: Created SRQ 0x7fd0e4008bf8, device mlx5_1
0: [2021-10-01 16:27:42.119916] nvme_rdma.c:1020:nvme_rdma_create_resources: *NOTICE*: Created resources: qp (nil), poller 0x7f3a18000be0, num_entries 128
3: [2021-10-01 16:27:42.117635] nvme_rdma.c: 928:nvme_rdma_register_rsps: *NOTICE*: res->poller->pd: 0x7fc5ac000fc0
4: [2021-10-01 16:27:42.119980] nvme_rdma.c: 928:nvme_rdma_register_rsps: *NOTICE*: res->poller->pd: 0x7fd0e4000fc0
1: [2021-10-01 16:27:42.120301] nvme_rdma.c:1020:nvme_rdma_create_resources: *NOTICE*: Created resources: qp (nil), poller 0x7f9920000b30, num_entries 128
4: [2021-10-01 16:27:42.120021] nvme_rdma.c:1020:nvme_rdma_create_resources: *NOTICE*: Created resources: qp (nil), poller 0x7fd0e4008900, num_entries 128
3: [2021-10-01 16:27:42.117654] nvme_rdma.c:2525:nvme_rdma_poller_create: *NOTICE*: Created SRQ 0x7fc588000e68, device mlx5_0
3: [2021-10-01 16:27:42.117661] nvme_rdma.c:1020:nvme_rdma_create_resources: *NOTICE*: Created resources: qp (nil), poller 0x7fc59c000be0, num_entries 128
4: [2021-10-01 16:27:42.120108] nvme_rdma.c:2525:nvme_rdma_poller_create: *NOTICE*: Created SRQ 0x943fa8, device mlx5_0
4: [2021-10-01 16:27:42.120127] nvme_rdma.c: 928:nvme_rdma_register_rsps: *NOTICE*: res->poller->pd: 0x948c30
1: [2021-10-01 16:27:42.120311] nvme_rdma.c:2525:nvme_rdma_poller_create: *NOTICE*: Created SRQ 0x7f9908000e58, device mlx5_0
3: [2021-10-01 16:27:42.117752] nvme_rdma.c:2525:nvme_rdma_poller_create: *NOTICE*: Created SRQ 0x7fc5b0008bf8, device mlx5_1
3: [2021-10-01 16:27:42.117778] nvme_rdma.c: 928:nvme_rdma_register_rsps: *NOTICE*: res->poller->pd: 0x7fc588000e30
1: [2021-10-01 16:27:42.120389] nvme_rdma.c: 928:nvme_rdma_register_rsps: *NOTICE*: res->poller->pd: 0x7f9908000e20
4: [2021-10-01 16:27:42.120166] nvme_rdma.c:1020:nvme_rdma_create_resources: *NOTICE*: Created resources: qp (nil), poller 0x943cb0, num_entries 128
3: [2021-10-01 16:27:42.117810] nvme_rdma.c:1020:nvme_rdma_create_resources: *NOTICE*: Created resources: qp (nil), poller 0x7fc5ac008900, num_entries 128
3: [2021-10-01 16:27:42.117860] nvme_rdma.c: 928:nvme_rdma_register_rsps: *NOTICE*: res->poller->pd: 0x7fc5b0000fc0
1: [2021-10-01 16:27:42.120584] nvme_rdma.c:1020:nvme_rdma_create_resources: *NOTICE*: Created resources: qp (nil), poller 0x7f9908000b30, num_entries 128
3: [2021-10-01 16:27:42.118016] nvme_rdma.c:2525:nvme_rdma_poller_create: *NOTICE*: Created SRQ 0x7fc580000e68, device mlx5_0
1: [2021-10-01 16:27:42.120667] nvme_rdma.c:2525:nvme_rdma_poller_create: *NOTICE*: Created SRQ 0x7f9958008c68, device mlx5_1
3: [2021-10-01 16:27:42.118098] nvme_rdma.c:2525:nvme_rdma_poller_create: *NOTICE*: Created SRQ 0x7fc5a4008bf8, device mlx5_1
4: [2021-10-01 16:27:42.120611] nvme_rdma.c:2525:nvme_rdma_poller_create: *NOTICE*: Created SRQ 0x7fd0b4008bf8, device mlx5_1
3: [2021-10-01 16:27:42.118294] nvme_rdma.c: 928:nvme_rdma_register_rsps: *NOTICE*: res->poller->pd: 0x7fc580000e30
4: [2021-10-01 16:27:42.120625] nvme_rdma.c:2525:nvme_rdma_poller_create: *NOTICE*: Created SRQ 0x7fd0d0000e68, device mlx5_0
4: [2021-10-01 16:27:42.120629] nvme_rdma.c: 928:nvme_rdma_register_rsps: *NOTICE*: res->poller->pd: 0x7fd0b4000fd0
4: [2021-10-01 16:27:42.120656] nvme_rdma.c: 928:nvme_rdma_register_rsps: *NOTICE*: res->poller->pd: 0x7fd0d0000e30
4: [2021-10-01 16:27:42.120683] nvme_rdma.c:1020:nvme_rdma_create_resources: *NOTICE*: Created resources: qp (nil), poller 0x7fd0b4008900, num_entries 128
1: [2021-10-01 16:27:42.120726] nvme_rdma.c:2525:nvme_rdma_poller_create: *NOTICE*: Created SRQ 0x7f9930000e58, device mlx5_0
3: [2021-10-01 16:27:42.118305] nvme_rdma.c: 928:nvme_rdma_register_rsps: *NOTICE*: res->poller->pd: 0x7fc5a4000fc0
3: [2021-10-01 16:27:42.118307] nvme_rdma.c:1020:nvme_rdma_create_resources: *NOTICE*: Created resources: qp (nil), poller 0x7fc588000b40, num_entries 128
4: [2021-10-01 16:27:42.120692] nvme_rdma.c:1020:nvme_rdma_create_resources: *NOTICE*: Created resources: qp (nil), poller 0x7fd0d0000b40, num_entries 128
3: [2021-10-01 16:27:42.118344] nvme_rdma.c:1020:nvme_rdma_create_resources: *NOTICE*: Created resources: qp (nil), poller 0x7fc5b0008900, num_entries 128
1: [2021-10-01 16:27:42.121020] nvme_rdma.c: 928:nvme_rdma_register_rsps: *NOTICE*: res->poller->pd: 0x7f9930000e20
1: [2021-10-01 16:27:42.121056] nvme_rdma.c: 928:nvme_rdma_register_rsps: *NOTICE*: res->poller->pd: 0x7f9958000fc0
3: [2021-10-01 16:27:42.118431] nvme_rdma.c:1020:nvme_rdma_create_resources: *NOTICE*: Created resources: qp (nil), poller 0x7fc580000b40, num_entries 128
3: [2021-10-01 16:27:42.118447] nvme_rdma.c:1020:nvme_rdma_create_resources: *NOTICE*: Created resources: qp (nil), poller 0x7fc5a4008900, num_entries 128
3: [2021-10-01 16:27:42.118538] nvme_rdma.c:2525:nvme_rdma_poller_create: *NOTICE*: Created SRQ 0x7fc578000e68, device mlx5_0
4: [2021-10-01 16:27:42.120959] nvme_rdma.c:2525:nvme_rdma_poller_create: *NOTICE*: Created SRQ 0x7fd0d8008bf8, device mlx5_1
1: [2021-10-01 16:27:42.121219] nvme_rdma.c:2525:nvme_rdma_poller_create: *NOTICE*: Created SRQ 0x7f9948008bf8, device mlx5_1
3: [2021-10-01 16:27:42.118623] nvme_rdma.c: 928:nvme_rdma_register_rsps: *NOTICE*: res->poller->pd: 0x7fc578000e30
4: [2021-10-01 16:27:42.120979] nvme_rdma.c: 928:nvme_rdma_register_rsps: *NOTICE*: res->poller->pd: 0x7fd0d8000fc0
4: [2021-10-01 16:27:42.121000] nvme_rdma.c:2525:nvme_rdma_poller_create: *NOTICE*: Created SRQ 0x7fd0c4000e68, device mlx5_0
1: [2021-10-01 16:27:42.121285] nvme_rdma.c: 928:nvme_rdma_register_rsps: *NOTICE*: res->poller->pd: 0x7f9948000fc0
4: [2021-10-01 16:27:42.121016] nvme_rdma.c:1020:nvme_rdma_create_resources: *NOTICE*: Created resources: qp (nil), poller 0x7fd0d8008900, num_entries 128
4: [2021-10-01 16:27:42.121021] nvme_rdma.c: 928:nvme_rdma_register_rsps: *NOTICE*: res->poller->pd: 0x7fd0c4000e30
4: [2021-10-01 16:27:42.121060] nvme_rdma.c:1020:nvme_rdma_create_resources: *NOTICE*: Created resources: qp (nil), poller 0x7fd0c4000b40, num_entries 128
3: [2021-10-01 16:27:42.118710] nvme_rdma.c:1020:nvme_rdma_create_resources: *NOTICE*: Created resources: qp (nil), poller 0x7fc578000b40, num_entries 128
1: [2021-10-01 16:27:42.121310] nvme_rdma.c:1020:nvme_rdma_create_resources: *NOTICE*: Created resources: qp (nil), poller 0x7f9930000b30, num_entries 128
1: [2021-10-01 16:27:42.121402] nvme_rdma.c:1020:nvme_rdma_create_resources: *NOTICE*: Created resources: qp (nil), poller 0x7f9958008900, num_entries 128
1: [2021-10-01 16:27:42.121424] nvme_rdma.c:2525:nvme_rdma_poller_create: *NOTICE*: Created SRQ 0x7f9910000e68, device mlx5_0
4: [2021-10-01 16:27:42.121306] nvme_rdma.c:2525:nvme_rdma_poller_create: *NOTICE*: Created SRQ 0x7fd0cc008bf8, device mlx5_1
0: [2021-10-01 16:27:42.121276] nvme_rdma.c:2525:nvme_rdma_poller_create: *NOTICE*: Created SRQ 0x7f3a1c000e68, device mlx5_0
1: [2021-10-01 16:27:42.121535] nvme_rdma.c: 928:nvme_rdma_register_rsps: *NOTICE*: res->poller->pd: 0x7f9910000e30
3: [2021-10-01 16:27:42.118762] nvme_rdma.c:2525:nvme_rdma_poller_create: *NOTICE*: Created SRQ 0x7fc5a8008bf8, device mlx5_1
3: [2021-10-01 16:27:42.118786] nvme_rdma.c: 928:nvme_rdma_register_rsps: *NOTICE*: res->poller->pd: 0x7fc5a8000fc0
4: [2021-10-01 16:27:42.121328] nvme_rdma.c: 928:nvme_rdma_register_rsps: *NOTICE*: res->poller->pd: 0x7fd0cc000fc0
4: [2021-10-01 16:27:42.121363] nvme_rdma.c:1020:nvme_rdma_create_resources: *NOTICE*: Created resources: qp (nil), poller 0x7fd0cc008900, num_entries 128
1: [2021-10-01 16:27:42.121568] nvme_rdma.c:1020:nvme_rdma_create_resources: *NOTICE*: Created resources: qp (nil), poller 0x7f9948008900, num_entries 128
4: [2021-10-01 16:27:42.121463] nvme_rdma.c:2525:nvme_rdma_poller_create: *NOTICE*: Created SRQ 0x7fd0dc000ed8, device mlx5_0
1: [2021-10-01 16:27:42.121723] nvme_rdma.c:2525:nvme_rdma_poller_create: *NOTICE*: Created SRQ 0x7f994c008bf8, device mlx5_1
3: [2021-10-01 16:27:42.119153] nvme_rdma.c:1020:nvme_rdma_create_resources: *NOTICE*: Created resources: qp (nil), poller 0x7fc5a8008900, num_entries 128
4: [2021-10-01 16:27:42.121484] nvme_rdma.c: 928:nvme_rdma_register_rsps: *NOTICE*: res->poller->pd: 0x7fd0dc000b00
1: [2021-10-01 16:27:42.121743] nvme_rdma.c:2525:nvme_rdma_poller_create: *NOTICE*: Created SRQ 0x7f9918000e58, device mlx5_0
4: [2021-10-01 16:27:42.121517] nvme_rdma.c:1020:nvme_rdma_create_resources: *NOTICE*: Created resources: qp (nil), poller 0x7fd0dc000be0, num_entries 128
0: [2021-10-01 16:27:42.121573] nvme_rdma.c: 928:nvme_rdma_register_rsps: *NOTICE*: res->poller->pd: 0x7f3a1c000e30
3: [2021-10-01 16:27:42.119156] nvme_rdma.c:2525:nvme_rdma_poller_create: *NOTICE*: Created SRQ 0x7fc574000e68, device mlx5_0
3: [2021-10-01 16:27:42.119191] nvme_rdma.c: 928:nvme_rdma_register_rsps: *NOTICE*: res->poller->pd: 0x7fc574000e30
1: [2021-10-01 16:27:42.121860] nvme_rdma.c: 928:nvme_rdma_register_rsps: *NOTICE*: res->poller->pd: 0x7f994c000fc0
3: [2021-10-01 16:27:42.119334] nvme_rdma.c:1020:nvme_rdma_create_resources: *NOTICE*: Created resources: qp (nil), poller 0x7fc574000b40, num_entries 128
4: [2021-10-01 16:27:42.121738] nvme_rdma.c:2525:nvme_rdma_poller_create: *NOTICE*: Created SRQ 0xb4eca8, device mlx5_1
1: [2021-10-01 16:27:42.121929] nvme_rdma.c: 928:nvme_rdma_register_rsps: *NOTICE*: res->poller->pd: 0x7f9918000e20
1: [2021-10-01 16:27:42.121947] nvme_rdma.c:1020:nvme_rdma_create_resources: *NOTICE*: Created resources: qp (nil), poller 0x7f9910000b40, num_entries 128
0: [2021-10-01 16:27:42.121793] nvme_rdma.c:2525:nvme_rdma_poller_create: *NOTICE*: Created SRQ 0x7f3a40008c68, device mlx5_1
4: [2021-10-01 16:27:42.121771] nvme_rdma.c: 928:nvme_rdma_register_rsps: *NOTICE*: res->poller->pd: 0xb4ec70
4: [2021-10-01 16:27:42.121819] nvme_rdma.c:1020:nvme_rdma_create_resources: *NOTICE*: Created resources: qp (nil), poller 0x94dd60, num_entries 128
1: [2021-10-01 16:27:42.122107] nvme_rdma.c:1020:nvme_rdma_create_resources: *NOTICE*: Created resources: qp (nil), poller 0x7f994c008900, num_entries 128
0: [2021-10-01 16:27:42.121815] nvme_rdma.c:1020:nvme_rdma_create_resources: *NOTICE*: Created resources: qp (nil), poller 0x7f3a1c000b40, num_entries 128
0: [2021-10-01 16:27:42.121818] nvme_rdma.c: 928:nvme_rdma_register_rsps: *NOTICE*: res->poller->pd: 0x7f3a40000fc0
3: [2021-10-01 16:27:42.119541] nvme_rdma.c:2525:nvme_rdma_poller_create: *NOTICE*: Created SRQ 0x7fc5a0008bf8, device mlx5_1
4: [2021-10-01 16:27:42.121866] nvme_rdma.c:2525:nvme_rdma_poller_create: *NOTICE*: Created SRQ 0x7fd0bc000e68, device mlx5_0
4: [2021-10-01 16:27:42.121888] nvme_rdma.c: 928:nvme_rdma_register_rsps: *NOTICE*: res->poller->pd: 0x7fd0bc000e30
1: [2021-10-01 16:27:42.122185] nvme_rdma.c:1020:nvme_rdma_create_resources: *NOTICE*: Created resources: qp (nil), poller 0x7f9918000b30, num_entries 128
4: [2021-10-01 16:27:42.121921] nvme_rdma.c:1020:nvme_rdma_create_resources: *NOTICE*: Created resources: qp (nil), poller 0x7fd0bc000b40, num_entries 128
0: [2021-10-01 16:27:42.121904] nvme_rdma.c:2525:nvme_rdma_poller_create: *NOTICE*: Created SRQ 0x7f39f0000e68, device mlx5_0
3: [2021-10-01 16:27:42.119631] nvme_rdma.c: 928:nvme_rdma_register_rsps: *NOTICE*: res->poller->pd: 0x7fc5a0000fc0
4: [2021-10-01 16:27:42.122050] nvme_rdma.c:2525:nvme_rdma_poller_create: *NOTICE*: Created SRQ 0x7fd0d0008bf8, device mlx5_1
0: [2021-10-01 16:27:42.121976] nvme_rdma.c: 928:nvme_rdma_register_rsps: *NOTICE*: res->poller->pd: 0x7f39f0000e30
0: [2021-10-01 16:27:42.122010] nvme_rdma.c:1020:nvme_rdma_create_resources: *NOTICE*: Created resources: qp (nil), poller 0x7f3a40008900, num_entries 128
3: [2021-10-01 16:27:42.119738] nvme_rdma.c:1020:nvme_rdma_create_resources: *NOTICE*: Created resources: qp (nil), poller 0x7fc5a0008900, num_entries 128
4: [2021-10-01 16:27:42.122063] nvme_rdma.c: 928:nvme_rdma_register_rsps: *NOTICE*: res->poller->pd: 0x7fd0d0000fd0
4: [2021-10-01 16:27:42.122097] nvme_rdma.c:1020:nvme_rdma_create_resources: *NOTICE*: Created resources: qp (nil), poller 0x7fd0d0008900, num_entries 128
0: [2021-10-01 16:27:42.122129] nvme_rdma.c:1020:nvme_rdma_create_resources: *NOTICE*: Created resources: qp (nil), poller 0x7f39f0000b40, num_entries 128
1: [2021-10-01 16:27:42.122200] nvme_rdma.c:2525:nvme_rdma_poller_create: *NOTICE*: Created SRQ 0x7f98e0000e68, device mlx5_0
0: [2021-10-01 16:27:42.122178] nvme_rdma.c:2525:nvme_rdma_poller_create: *NOTICE*: Created SRQ 0x7f3a44008bf8, device mlx5_1
3: [2021-10-01 16:27:42.119882] nvme_rdma.c:2525:nvme_rdma_poller_create: *NOTICE*: Created SRQ 0x7fc598008bf8, device mlx5_1
1: [2021-10-01 16:27:42.122478] nvme_rdma.c: 928:nvme_rdma_register_rsps: *NOTICE*: res->poller->pd: 0x7f98e0000e30
0: [2021-10-01 16:27:42.122220] nvme_rdma.c:2525:nvme_rdma_poller_create: *NOTICE*: Created SRQ 0x7f3a14000e68, device mlx5_0
3: [2021-10-01 16:27:42.119941] nvme_rdma.c: 928:nvme_rdma_register_rsps: *NOTICE*: res->poller->pd: 0x7fc598000fc0
3: [2021-10-01 16:27:42.120025] nvme_rdma.c:1020:nvme_rdma_create_resources: *NOTICE*: Created resources: qp (nil), poller 0x7fc598008900, num_entries 128
0: [2021-10-01 16:27:42.122488] nvme_rdma.c: 928:nvme_rdma_register_rsps: *NOTICE*: res->poller->pd: 0x7f3a14000e30
1: [2021-10-01 16:27:42.122730] nvme_rdma.c:1020:nvme_rdma_create_resources: *NOTICE*: Created resources: qp (nil), poller 0x7f98e0000b40, num_entries 128
3: [2021-10-01 16:27:42.120107] nvme_rdma.c:2525:nvme_rdma_poller_create: *NOTICE*: Created SRQ 0x7fc584000e68, device mlx5_0
3: [2021-10-01 16:27:42.120130] nvme_rdma.c: 928:nvme_rdma_register_rsps: *NOTICE*: res->poller->pd: 0x7fc584000e30
0: [2021-10-01 16:27:42.122509] nvme_rdma.c: 928:nvme_rdma_register_rsps: *NOTICE*: res->poller->pd: 0x7f3a44000fc0
1: [2021-10-01 16:27:42.122754] nvme_rdma.c:2525:nvme_rdma_poller_create: *NOTICE*: Created SRQ 0x7f9944008bf8, device mlx5_1
3: [2021-10-01 16:27:42.120188] nvme_rdma.c:1020:nvme_rdma_create_resources: *NOTICE*: Created resources: qp (nil), poller 0x7fc584000b40, num_entries 128
1: [2021-10-01 16:27:42.122851] nvme_rdma.c: 928:nvme_rdma_register_rsps: *NOTICE*: res->poller->pd: 0x7f9944000fc0
4: [2021-10-01 16:27:42.122680] nvme_rdma.c:2525:nvme_rdma_poller_create: *NOTICE*: Created SRQ 0x7fd0c4008bf8, device mlx5_1
1: [2021-10-01 16:27:42.122862] nvme_rdma.c:2525:nvme_rdma_poller_create: *NOTICE*: Created SRQ 0x7f98e8000e68, device mlx5_0
1: [2021-10-01 16:27:42.122993] nvme_rdma.c:1020:nvme_rdma_create_resources: *NOTICE*: Created resources: qp (nil), poller 0x7f9944008900, num_entries 128
4: [2021-10-01 16:27:42.122696] nvme_rdma.c: 928:nvme_rdma_register_rsps: *NOTICE*: res->poller->pd: 0x7fd0c4000fd0
4: [2021-10-01 16:27:42.122729] nvme_rdma.c:1020:nvme_rdma_create_resources: *NOTICE*: Created resources: qp (nil), poller 0x7fd0c4008900, num_entries 128
0: [2021-10-01 16:27:42.122811] nvme_rdma.c:1020:nvme_rdma_create_resources: *NOTICE*: Created resources: qp (nil), poller 0x7f3a14000b40, num_entries 128
3: [2021-10-01 16:27:42.120444] nvme_rdma.c:2525:nvme_rdma_poller_create: *NOTICE*: Created SRQ 0x7fc594008bf8, device mlx5_1
0: [2021-10-01 16:27:42.122863] nvme_rdma.c:1020:nvme_rdma_create_resources: *NOTICE*: Created resources: qp (nil), poller 0x7f3a44008900, num_entries 128
3: [2021-10-01 16:27:42.120468] nvme_rdma.c: 928:nvme_rdma_register_rsps: *NOTICE*: res->poller->pd: 0x7fc594000fd0
1: [2021-10-01 16:27:42.123151] nvme_rdma.c: 928:nvme_rdma_register_rsps: *NOTICE*: res->poller->pd: 0x7f98e8000e30
3: [2021-10-01 16:27:42.120509] nvme_rdma.c:1020:nvme_rdma_create_resources: *NOTICE*: Created resources: qp (nil), poller 0x7fc594008900, num_entries 128
3: [2021-10-01 16:27:42.120623] nvme_rdma.c:2525:nvme_rdma_poller_create: *NOTICE*: Created SRQ 0x7fc57c000e68, device mlx5_0
1: [2021-10-01 16:27:42.123170] nvme_rdma.c:2525:nvme_rdma_poller_create: *NOTICE*: Created SRQ 0x7f9954008bf8, device mlx5_1
4: [2021-10-01 16:27:42.123048] nvme_rdma.c:2525:nvme_rdma_poller_create: *NOTICE*: Created SRQ 0x7fd0dc001bf8, device mlx5_1
3: [2021-10-01 16:27:42.120653] nvme_rdma.c: 928:nvme_rdma_register_rsps: *NOTICE*: res->poller->pd: 0x7fc57c000e30
1: [2021-10-01 16:27:42.123193] nvme_rdma.c:2525:nvme_rdma_poller_create: *NOTICE*: Created SRQ 0x7f9900000e58, device mlx5_0
3: [2021-10-01 16:27:42.120688] nvme_rdma.c:1020:nvme_rdma_create_resources: *NOTICE*: Created resources: qp (nil), poller 0x7fc57c000b40, num_entries 128
1: [2021-10-01 16:27:42.123314] nvme_rdma.c: 928:nvme_rdma_register_rsps: *NOTICE*: res->poller->pd: 0x7f9954000fc0
4: [2021-10-01 16:27:42.123062] nvme_rdma.c: 928:nvme_rdma_register_rsps: *NOTICE*: res->poller->pd: 0x7fd0dc000b30
4: [2021-10-01 16:27:42.123094] nvme_rdma.c:1020:nvme_rdma_create_resources: *NOTICE*: Created resources: qp (nil), poller 0x7fd0dc001900, num_entries 128
1: [2021-10-01 16:27:42.123366] nvme_rdma.c: 928:nvme_rdma_register_rsps: *NOTICE*: res->poller->pd: 0x7f9900000e20
1: [2021-10-01 16:27:42.123414] nvme_rdma.c:1020:nvme_rdma_create_resources: *NOTICE*: Created resources: qp (nil), poller 0x7f98e8000b40, num_entries 128
0: [2021-10-01 16:27:42.123183] nvme_rdma.c:2525:nvme_rdma_poller_create: *NOTICE*: Created SRQ 0x7f3a48008bf8, device mlx5_1
4: [2021-10-01 16:27:42.123167] nvme_rdma.c:2525:nvme_rdma_poller_create: *NOTICE*: Created SRQ 0x7fd0d4000e58, device mlx5_0
4: [2021-10-01 16:27:42.123194] nvme_rdma.c: 928:nvme_rdma_register_rsps: *NOTICE*: res->poller->pd: 0x7fd0d4000e20
1: [2021-10-01 16:27:42.123495] nvme_rdma.c:1020:nvme_rdma_create_resources: *NOTICE*: Created resources: qp (nil), poller 0x7f9954008900, num_entries 128
0: [2021-10-01 16:27:42.123206] nvme_rdma.c: 928:nvme_rdma_register_rsps: *NOTICE*: res->poller->pd: 0x7f3a48000fc0
4: [2021-10-01 16:27:42.123244] nvme_rdma.c:1020:nvme_rdma_create_resources: *NOTICE*: Created resources: qp (nil), poller 0x7fd0d4000b30, num_entries 128
0: [2021-10-01 16:27:42.123345] nvme_rdma.c:1020:nvme_rdma_create_resources: *NOTICE*: Created resources: qp (nil), poller 0x7f3a48008900, num_entries 128
3: [2021-10-01 16:27:42.120970] nvme_rdma.c:2525:nvme_rdma_poller_create: *NOTICE*: Created SRQ 0x7fc548000e58, device mlx5_0
3: [2021-10-01 16:27:42.120987] nvme_rdma.c:2525:nvme_rdma_poller_create: *NOTICE*: Created SRQ 0xd47d08, device mlx5_1
1: [2021-10-01 16:27:42.123551] nvme_rdma.c:1020:nvme_rdma_create_resources: *NOTICE*: Created resources: qp (nil), poller 0x7f9900000b30, num_entries 128
4: [2021-10-01 16:27:42.123334] nvme_rdma.c:2525:nvme_rdma_poller_create: *NOTICE*: Created SRQ 0x7fd0bc008bf8, device mlx5_1
4: [2021-10-01 16:27:42.123353] nvme_rdma.c: 928:nvme_rdma_register_rsps: *NOTICE*: res->poller->pd: 0x7fd0bc000fd0
3: [2021-10-01 16:27:42.121011] nvme_rdma.c: 928:nvme_rdma_register_rsps: *NOTICE*: res->poller->pd: 0x7fc548000e20
4: [2021-10-01 16:27:42.123418] nvme_rdma.c:1020:nvme_rdma_create_resources: *NOTICE*: Created resources: qp (nil), poller 0x7fd0bc008900, num_entries 128
3: [2021-10-01 16:27:42.121021] nvme_rdma.c: 928:nvme_rdma_register_rsps: *NOTICE*: res->poller->pd: 0xb46dc0
3: [2021-10-01 16:27:42.121067] nvme_rdma.c:1020:nvme_rdma_create_resources: *NOTICE*: Created resources: qp (nil), poller 0xd47a10, num_entries 128
3: [2021-10-01 16:27:42.121067] nvme_rdma.c:1020:nvme_rdma_create_resources: *NOTICE*: Created resources: qp (nil), poller 0x7fc548000b30, num_entries 128
3: [2021-10-01 16:27:42.121180] nvme_rdma.c:2525:nvme_rdma_poller_create: *NOTICE*: Created SRQ 0x7fc558000e58, device mlx5_0
3: [2021-10-01 16:27:42.121201] nvme_rdma.c: 928:nvme_rdma_register_rsps: *NOTICE*: res->poller->pd: 0x7fc558000e20
3: [2021-10-01 16:27:42.121235] nvme_rdma.c:1020:nvme_rdma_create_resources: *NOTICE*: Created resources: qp (nil), poller 0x7fc558000b30, num_entries 128
4: [2021-10-01 16:27:42.123659] nvme_rdma.c:2525:nvme_rdma_poller_create: *NOTICE*: Created SRQ 0x7fd0a8000e58, device mlx5_0
0: [2021-10-01 16:27:42.123631] nvme_rdma.c:2525:nvme_rdma_poller_create: *NOTICE*: Created SRQ 0x7f39f4000e58, device mlx5_0
3: [2021-10-01 16:27:42.121329] nvme_rdma.c:2525:nvme_rdma_poller_create: *NOTICE*: Created SRQ 0x7fc590008bf8, device mlx5_1
3: [2021-10-01 16:27:42.121356] nvme_rdma.c: 928:nvme_rdma_register_rsps: *NOTICE*: res->poller->pd: 0x7fc590000fc0
4: [2021-10-01 16:27:42.123696] nvme_rdma.c: 928:nvme_rdma_register_rsps: *NOTICE*: res->poller->pd: 0x7fd0a8000e20
4: [2021-10-01 16:27:42.123736] nvme_rdma.c:1020:nvme_rdma_create_resources: *NOTICE*: Created resources: qp (nil), poller 0x7fd0a8000b30, num_entries 128
0: [2021-10-01 16:27:42.123722] nvme_rdma.c: 928:nvme_rdma_register_rsps: *NOTICE*: res->poller->pd: 0x7f39f4000e20
3: [2021-10-01 16:27:42.121412] nvme_rdma.c:1020:nvme_rdma_create_resources: *NOTICE*: Created resources: qp (nil), poller 0x7fc590008900, num_entries 128
1: [2021-10-01 16:27:42.124067] nvme_rdma.c:2525:nvme_rdma_poller_create: *NOTICE*: Created SRQ 0x7f98d8000e68, device mlx5_0
0: [2021-10-01 16:27:42.123795] nvme_rdma.c:1020:nvme_rdma_create_resources: *NOTICE*: Created resources: qp (nil), poller 0x7f39f4000b30, num_entries 128
3: [2021-10-01 16:27:42.121446] nvme_rdma.c:2525:nvme_rdma_poller_create: *NOTICE*: Created SRQ 0x7fc550000e58, device mlx5_0
3: [2021-10-01 16:27:42.121469] nvme_rdma.c: 928:nvme_rdma_register_rsps: *NOTICE*: res->poller->pd: 0x7fc550000e20
3: [2021-10-01 16:27:42.121521] nvme_rdma.c:1020:nvme_rdma_create_resources: *NOTICE*: Created resources: qp (nil), poller 0x7fc550000b30, num_entries 128
1: [2021-10-01 16:27:42.124247] nvme_rdma.c:2525:nvme_rdma_poller_create: *NOTICE*: Created SRQ 0x7f9940008bf8, device mlx5_1
0: [2021-10-01 16:27:42.124006] nvme_rdma.c:2525:nvme_rdma_poller_create: *NOTICE*: Created SRQ 0x7f3a3c008bf8, device mlx5_1
3: [2021-10-01 16:27:42.121680] nvme_rdma.c:2525:nvme_rdma_poller_create: *NOTICE*: Created SRQ 0x7fc540000e68, device mlx5_0
1: [2021-10-01 16:27:42.124312] nvme_rdma.c: 928:nvme_rdma_register_rsps: *NOTICE*: res->poller->pd: 0x7f98d8000e30
0: [2021-10-01 16:27:42.124027] nvme_rdma.c: 928:nvme_rdma_register_rsps: *NOTICE*: res->poller->pd: 0x7f3a3c000fc0
0: [2021-10-01 16:27:42.124082] nvme_rdma.c:1020:nvme_rdma_create_resources: *NOTICE*: Created resources: qp (nil), poller 0x7f3a3c008900, num_entries 128
3: [2021-10-01 16:27:42.121708] nvme_rdma.c: 928:nvme_rdma_register_rsps: *NOTICE*: res->poller->pd: 0x7fc540000e30
1: [2021-10-01 16:27:42.124360] nvme_rdma.c: 928:nvme_rdma_register_rsps: *NOTICE*: res->poller->pd: 0x7f9940000fc0
3: [2021-10-01 16:27:42.121742] nvme_rdma.c:1020:nvme_rdma_create_resources: *NOTICE*: Created resources: qp (nil), poller 0x7fc540000b40, num_entries 128
3: [2021-10-01 16:27:42.121760] nvme_rdma.c:2525:nvme_rdma_poller_create: *NOTICE*: Created SRQ 0x7fc584008bf8, device mlx5_1
4: [2021-10-01 16:27:42.124203] nvme_rdma.c:2525:nvme_rdma_poller_create: *NOTICE*: Created SRQ 0x7fd0a4000e58, device mlx5_0
3: [2021-10-01 16:27:42.121783] nvme_rdma.c: 928:nvme_rdma_register_rsps: *NOTICE*: res->poller->pd: 0x7fc584000fd0
3: [2021-10-01 16:27:42.121824] nvme_rdma.c:1020:nvme_rdma_create_resources: *NOTICE*: Created resources: qp (nil), poller 0x7fc584008900, num_entries 128
4: [2021-10-01 16:27:42.124225] nvme_rdma.c: 928:nvme_rdma_register_rsps: *NOTICE*: res->poller->pd: 0x7fd0a4000e20
4: [2021-10-01 16:27:42.124275] nvme_rdma.c:1020:nvme_rdma_create_resources: *NOTICE*: Created resources: qp (nil), poller 0x7fd0a4000b30, num_entries 128
1: [2021-10-01 16:27:42.124534] nvme_rdma.c:2525:nvme_rdma_poller_create: *NOTICE*: Created SRQ 0x7f993c000e68, device mlx5_0
3: [2021-10-01 16:27:42.121924] nvme_rdma.c:2525:nvme_rdma_poller_create: *NOTICE*: Created SRQ 0x7fc538000e68, device mlx5_0
3: [2021-10-01 16:27:42.121945] nvme_rdma.c: 928:nvme_rdma_register_rsps: *NOTICE*: res->poller->pd: 0x7fc538000e30
0: [2021-10-01 16:27:42.124355] nvme_rdma.c:2525:nvme_rdma_poller_create: *NOTICE*: Created SRQ 0x7f39e0000e68, device mlx5_0
1: [2021-10-01 16:27:42.124540] nvme_rdma.c:1020:nvme_rdma_create_resources: *NOTICE*: Created resources: qp (nil), poller 0x7f9940008900, num_entries 128
1: [2021-10-01 16:27:42.124602] nvme_rdma.c: 928:nvme_rdma_register_rsps: *NOTICE*: res->poller->pd: 0x7f993c000e30
1: [2021-10-01 16:27:42.124613] nvme_rdma.c:1020:nvme_rdma_create_resources: *NOTICE*: Created resources: qp (nil), poller 0x7f98d8000b40, num_entries 128
3: [2021-10-01 16:27:42.121983] nvme_rdma.c:1020:nvme_rdma_create_resources: *NOTICE*: Created resources: qp (nil), poller 0x7fc538000b40, num_entries 128
0: [2021-10-01 16:27:42.124377] nvme_rdma.c: 928:nvme_rdma_register_rsps: *NOTICE*: res->poller->pd: 0x7f39e0000e30
0: [2021-10-01 16:27:42.124408] nvme_rdma.c:1020:nvme_rdma_create_resources: *NOTICE*: Created resources: qp (nil), poller 0x7f39e0000b40, num_entries 128
3: [2021-10-01 16:27:42.122131] nvme_rdma.c:2525:nvme_rdma_poller_create: *NOTICE*: Created SRQ 0x7fc530000e68, device mlx5_0
1: [2021-10-01 16:27:42.124774] nvme_rdma.c:2525:nvme_rdma_poller_create: *NOTICE*: Created SRQ 0x7f9938008bf8, device mlx5_1
4: [2021-10-01 16:27:42.124564] nvme_rdma.c:2525:nvme_rdma_poller_create: *NOTICE*: Created SRQ 0x7fd0d4008bf8, device mlx5_1
3: [2021-10-01 16:27:42.122151] nvme_rdma.c: 928:nvme_rdma_register_rsps: *NOTICE*: res->poller->pd: 0x7fc530000e30
1: [2021-10-01 16:27:42.124842] nvme_rdma.c:2525:nvme_rdma_poller_create: *NOTICE*: Created SRQ 0x7f9934000ed8, device mlx5_0
3: [2021-10-01 16:27:42.122185] nvme_rdma.c:1020:nvme_rdma_create_resources: *NOTICE*: Created resources: qp (nil), poller 0x7fc530000b40, num_entries 128
4: [2021-10-01 16:27:42.124601] nvme_rdma.c: 928:nvme_rdma_register_rsps: *NOTICE*: res->poller->pd: 0x7fd0d4000fc0
4: [2021-10-01 16:27:42.124642] nvme_rdma.c:1020:nvme_rdma_create_resources: *NOTICE*: Created resources: qp (nil), poller 0x7fd0d4008900, num_entries 128
0: [2021-10-01 16:27:42.124669] nvme_rdma.c:2525:nvme_rdma_poller_create: *NOTICE*: Created SRQ 0x7f3a10000e68, device mlx5_0
1: [2021-10-01 16:27:42.124900] nvme_rdma.c:1020:nvme_rdma_create_resources: *NOTICE*: Created resources: qp (nil), poller 0x7f993c000b40, num_entries 128
1: [2021-10-01 16:27:42.124908] nvme_rdma.c: 928:nvme_rdma_register_rsps: *NOTICE*: res->poller->pd: 0x7f9934000b00
1: [2021-10-01 16:27:42.124912] nvme_rdma.c: 928:nvme_rdma_register_rsps: *NOTICE*: res->poller->pd: 0x7f9938000fc0
3: [2021-10-01 16:27:42.122377] nvme_rdma.c:2525:nvme_rdma_poller_create: *NOTICE*: Created SRQ 0x7fc520000ed8, device mlx5_0
0: [2021-10-01 16:27:42.124691] nvme_rdma.c: 928:nvme_rdma_register_rsps: *NOTICE*: res->poller->pd: 0x7f3a10000e30
0: [2021-10-01 16:27:42.124731] nvme_rdma.c:1020:nvme_rdma_create_resources: *NOTICE*: Created resources: qp (nil), poller 0x7f3a10000b40, num_entries 128
0: [2021-10-01 16:27:42.124733] nvme_rdma.c:2525:nvme_rdma_poller_create: *NOTICE*: Created SRQ 0x1a60d08, device mlx5_1
1: [2021-10-01 16:27:42.124993] nvme_rdma.c:1020:nvme_rdma_create_resources: *NOTICE*: Created resources: qp (nil), poller 0x7f9934000be0, num_entries 128
1: [2021-10-01 16:27:42.125001] nvme_rdma.c:1020:nvme_rdma_create_resources: *NOTICE*: Created resources: qp (nil), poller 0x7f9938008900, num_entries 128
0: [2021-10-01 16:27:42.124764] nvme_rdma.c: 928:nvme_rdma_register_rsps: *NOTICE*: res->poller->pd: 0x185fdc0
3: [2021-10-01 16:27:42.122412] nvme_rdma.c: 928:nvme_rdma_register_rsps: *NOTICE*: res->poller->pd: 0x7fc520000b00
0: [2021-10-01 16:27:42.124806] nvme_rdma.c:1020:nvme_rdma_create_resources: *NOTICE*: Created resources: qp (nil), poller 0x1a60a10, num_entries 128
3: [2021-10-01 16:27:42.122448] nvme_rdma.c:1020:nvme_rdma_create_resources: *NOTICE*: Created resources: qp (nil), poller 0x7fc520000be0, num_entries 128
3: [2021-10-01 16:27:42.122478] nvme_rdma.c:2525:nvme_rdma_poller_create: *NOTICE*: Created SRQ 0x7fc578008bf8, device mlx5_1
1: [2021-10-01 16:27:42.125202] nvme_rdma.c:2525:nvme_rdma_poller_create: *NOTICE*: Created SRQ 0x7f992c008bf8, device mlx5_1
4: [2021-10-01 16:27:42.124954] nvme_rdma.c:2525:nvme_rdma_poller_create: *NOTICE*: Created SRQ 0x7fd0a8008bf8, device mlx5_1
3: [2021-10-01 16:27:42.122513] nvme_rdma.c: 928:nvme_rdma_register_rsps: *NOTICE*: res->poller->pd: 0x7fc578000fd0
3: [2021-10-01 16:27:42.122558] nvme_rdma.c:1020:nvme_rdma_create_resources: *NOTICE*: Created resources: qp (nil), poller 0x7fc578008900, num_entries 128
0: [2021-10-01 16:27:42.124985] nvme_rdma.c:2525:nvme_rdma_poller_create: *NOTICE*: Created SRQ 0x7f3a0c000e58, device mlx5_0
4: [2021-10-01 16:27:42.124971] nvme_rdma.c: 928:nvme_rdma_register_rsps: *NOTICE*: res->poller->pd: 0x7fd0a8000fc0
4: [2021-10-01 16:27:42.125007] nvme_rdma.c:1020:nvme_rdma_create_resources: *NOTICE*: Created resources: qp (nil), poller 0x7fd0a8008900, num_entries 128
1: [2021-10-01 16:27:42.125234] nvme_rdma.c:2525:nvme_rdma_poller_create: *NOTICE*: Created SRQ 0x7f98d0000e68, device mlx5_0
1: [2021-10-01 16:27:42.125258] nvme_rdma.c: 928:nvme_rdma_register_rsps: *NOTICE*: res->poller->pd: 0x7f992c000fd0
1: [2021-10-01 16:27:42.125277] nvme_rdma.c: 928:nvme_rdma_register_rsps: *NOTICE*: res->poller->pd: 0x7f98d0000e30
0: [2021-10-01 16:27:42.125012] nvme_rdma.c: 928:nvme_rdma_register_rsps: *NOTICE*: res->poller->pd: 0x7f3a0c000e20
0: [2021-10-01 16:27:42.125049] nvme_rdma.c:1020:nvme_rdma_create_resources: *NOTICE*: Created resources: qp (nil), poller 0x7f3a0c000b30, num_entries 128
1: [2021-10-01 16:27:42.125323] nvme_rdma.c:1020:nvme_rdma_create_resources: *NOTICE*: Created resources: qp (nil), poller 0x7f992c008900, num_entries 128
1: [2021-10-01 16:27:42.125347] nvme_rdma.c:1020:nvme_rdma_create_resources: *NOTICE*: Created resources: qp (nil), poller 0x7f98d0000b40, num_entries 128
0: [2021-10-01 16:27:42.125186] nvme_rdma.c:2525:nvme_rdma_poller_create: *NOTICE*: Created SRQ 0x7f3a38008bf8, device mlx5_1
4: [2021-10-01 16:27:42.125105] nvme_rdma.c:2525:nvme_rdma_poller_create: *NOTICE*: Created SRQ 0x7fd0b0000e58, device mlx5_0
4: [2021-10-01 16:27:42.125126] nvme_rdma.c: 928:nvme_rdma_register_rsps: *NOTICE*: res->poller->pd: 0x7fd0b0000e20
4: [2021-10-01 16:27:42.125163] nvme_rdma.c:1020:nvme_rdma_create_resources: *NOTICE*: Created resources: qp (nil), poller 0x7fd0b0000b30, num_entries 128
1: [2021-10-01 16:27:42.125523] nvme_rdma.c:2525:nvme_rdma_poller_create: *NOTICE*: Created SRQ 0x7f98f0000e58, device mlx5_0
0: [2021-10-01 16:27:42.125205] nvme_rdma.c: 928:nvme_rdma_register_rsps: *NOTICE*: res->poller->pd: 0x7f3a38000fc0
0: [2021-10-01 16:27:42.125255] nvme_rdma.c:1020:nvme_rdma_create_resources: *NOTICE*: Created resources: qp (nil), poller 0x7f3a38008900, num_entries 128
1: [2021-10-01 16:27:42.125558] nvme_rdma.c:2525:nvme_rdma_poller_create: *NOTICE*: Created SRQ 0x182cd08, device mlx5_1
1: [2021-10-01 16:27:42.125579] nvme_rdma.c: 928:nvme_rdma_register_rsps: *NOTICE*: res->poller->pd: 0x7f98f0000e20
0: [2021-10-01 16:27:42.125301] nvme_rdma.c:2525:nvme_rdma_poller_create: *NOTICE*: Created SRQ 0x7f3a04000e58, device mlx5_0
4: [2021-10-01 16:27:42.125398] nvme_rdma.c:2525:nvme_rdma_poller_create: *NOTICE*: Created SRQ 0x7fd0a4008bf8, device mlx5_1
0: [2021-10-01 16:27:42.125324] nvme_rdma.c: 928:nvme_rdma_register_rsps: *NOTICE*: res->poller->pd: 0x7f3a04000e20
0: [2021-10-01 16:27:42.125360] nvme_rdma.c:1020:nvme_rdma_create_resources: *NOTICE*: Created resources: qp (nil), poller 0x7f3a04000b30, num_entries 128
3: [2021-10-01 16:27:42.123026] nvme_rdma.c:2525:nvme_rdma_poller_create: *NOTICE*: Created SRQ 0x7fc580008bf8, device mlx5_1
1: [2021-10-01 16:27:42.125614] nvme_rdma.c: 928:nvme_rdma_register_rsps: *NOTICE*: res->poller->pd: 0x162bdc0
1: [2021-10-01 16:27:42.125653] nvme_rdma.c:1020:nvme_rdma_create_resources: *NOTICE*: Created resources: qp (nil), poller 0x7f98f0000b30, num_entries 128
1: [2021-10-01 16:27:42.125680] nvme_rdma.c:1020:nvme_rdma_create_resources: *NOTICE*: Created resources: qp (nil), poller 0x182ca10, num_entries 128
3: [2021-10-01 16:27:42.123043] nvme_rdma.c: 928:nvme_rdma_register_rsps: *NOTICE*: res->poller->pd: 0x7fc580000fd0
3: [2021-10-01 16:27:42.123076] nvme_rdma.c:1020:nvme_rdma_create_resources: *NOTICE*: Created resources: qp (nil), poller 0x7fc580008900, num_entries 128
0: [2021-10-01 16:27:42.125500] nvme_rdma.c:2525:nvme_rdma_poller_create: *NOTICE*: Created SRQ 0x7f3a28008bf8, device mlx5_1
1: [2021-10-01 16:27:42.125801] nvme_rdma.c:2525:nvme_rdma_poller_create: *NOTICE*: Created SRQ 0x7f991c000e68, device mlx5_0
0: [2021-10-01 16:27:42.125519] nvme_rdma.c: 928:nvme_rdma_register_rsps: *NOTICE*: res->poller->pd: 0x7f3a28000fc0
3: [2021-10-01 16:27:42.123235] nvme_rdma.c:2525:nvme_rdma_poller_create: *NOTICE*: Created SRQ 0x7fc588008bf8, device mlx5_1
0: [2021-10-01 16:27:42.125569] nvme_rdma.c:2525:nvme_rdma_poller_create: *NOTICE*: Created SRQ 0x7f3a24000e68, device mlx5_0
0: [2021-10-01 16:27:42.125570] nvme_rdma.c:1020:nvme_rdma_create_resources: *NOTICE*: Created resources: qp (nil), poller 0x7f3a28008900, num_entries 128
1: [2021-10-01 16:27:42.125824] nvme_rdma.c: 928:nvme_rdma_register_rsps: *NOTICE*: res->poller->pd: 0x7f991c000e30
1: [2021-10-01 16:27:42.125870] nvme_rdma.c:1020:nvme_rdma_create_resources: *NOTICE*: Created resources: qp (nil), poller 0x7f991c000b40, num_entries 128
0: [2021-10-01 16:27:42.125596] nvme_rdma.c: 928:nvme_rdma_register_rsps: *NOTICE*: res->poller->pd: 0x7f3a24000e30
0: [2021-10-01 16:27:42.125632] nvme_rdma.c:1020:nvme_rdma_create_resources: *NOTICE*: Created resources: qp (nil), poller 0x7f3a24000b40, num_entries 128
3: [2021-10-01 16:27:42.123252] nvme_rdma.c: 928:nvme_rdma_register_rsps: *NOTICE*: res->poller->pd: 0x7fc588000fd0
3: [2021-10-01 16:27:42.123284] nvme_rdma.c:1020:nvme_rdma_create_resources: *NOTICE*: Created resources: qp (nil), poller 0x7fc588008900, num_entries 128
4: [2021-10-01 16:27:42.125413] nvme_rdma.c: 928:nvme_rdma_register_rsps: *NOTICE*: res->poller->pd: 0x7fd0a4000fc0
4: [2021-10-01 16:27:42.125490] nvme_rdma.c:1020:nvme_rdma_create_resources: *NOTICE*: Created resources: qp (nil), poller 0x7fd0a4008900, num_entries 128
4: [2021-10-01 16:27:42.125527] nvme_rdma.c:2525:nvme_rdma_poller_create: *NOTICE*: Created SRQ 0x7fd0b8000e58, device mlx5_0
4: [2021-10-01 16:27:42.125550] nvme_rdma.c: 928:nvme_rdma_register_rsps: *NOTICE*: res->poller->pd: 0x7fd0b8000e20
4: [2021-10-01 16:27:42.125597] nvme_rdma.c:1020:nvme_rdma_create_resources: *NOTICE*: Created resources: qp (nil), poller 0x7fd0b8000b30, num_entries 128
3: [2021-10-01 16:27:42.123444] nvme_rdma.c:2525:nvme_rdma_poller_create: *NOTICE*: Created SRQ 0x7fc59c001bf8, device mlx5_1
1: [2021-10-01 16:27:42.126051] nvme_rdma.c:2525:nvme_rdma_poller_create: *NOTICE*: Created SRQ 0x7f98f8000e58, device mlx5_0
0: [2021-10-01 16:27:42.125815] nvme_rdma.c:2525:nvme_rdma_poller_create: *NOTICE*: Created SRQ 0x7f39dc000e58, device mlx5_0
0: [2021-10-01 16:27:42.125954] rdma.c:2990:nvmf_process_cm_event: *NOTICE*: In RDMA_CM_EVENT_CONNECT_REQUEST
0: mlx5dv_reserved_qpn_alloc 1 1
0: [2021-10-01 16:27:42.125853] nvme_rdma.c: 928:nvme_rdma_register_rsps: *NOTICE*: res->poller->pd: 0x7f39dc000e20
3: [2021-10-01 16:27:42.123466] nvme_rdma.c: 928:nvme_rdma_register_rsps: *NOTICE*: res->poller->pd: 0x7fc59c000b30
1: [2021-10-01 16:27:42.126074] nvme_rdma.c: 928:nvme_rdma_register_rsps: *NOTICE*: res->poller->pd: 0x7f98f8000e20
0: [2021-10-01 16:27:42.125891] nvme_rdma.c:1020:nvme_rdma_create_resources: *NOTICE*: Created resources: qp (nil), poller 0x7f39dc000b30, num_entries 128
3: [2021-10-01 16:27:42.123502] nvme_rdma.c:1020:nvme_rdma_create_resources: *NOTICE*: Created resources: qp (nil), poller 0x7fc59c001900, num_entries 128
1: [2021-10-01 16:27:42.126115] nvme_rdma.c:1020:nvme_rdma_create_resources: *NOTICE*: Created resources: qp (nil), poller 0x7f98f8000b30, num_entries 128
1: [2021-10-01 16:27:42.126261] nvme_rdma.c:2525:nvme_rdma_poller_create: *NOTICE*: Created SRQ 0x7f98c0000e68, device mlx5_0
2: [2021-10-01 16:27:42.126394] nvme_rdma.c:1386:_nvme_rdma_ctrlr_connect_qpair: *NOTICE*: Connect rdma qpair: pg 0x7faad4000a90, srq depth 128
1: [2021-10-01 16:27:42.126293] nvme_rdma.c: 928:nvme_rdma_register_rsps: *NOTICE*: res->poller->pd: 0x7f98c0000e30
1: [2021-10-01 16:27:42.126326] nvme_rdma.c:1020:nvme_rdma_create_resources: *NOTICE*: Created resources: qp (nil), poller 0x7f98c0000b40, num_entries 128
1: [2021-10-01 16:27:42.126469] nvme_rdma.c:2525:nvme_rdma_poller_create: *NOTICE*: Created SRQ 0x7f98c8000e58, device mlx5_0
0: [2021-10-01 16:27:42.126206] nvme_rdma.c:2525:nvme_rdma_poller_create: *NOTICE*: Created SRQ 0x7f3a00000e68, device mlx5_0
1: [2021-10-01 16:27:42.126493] nvme_rdma.c: 928:nvme_rdma_register_rsps: *NOTICE*: res->poller->pd: 0x7f98c8000e20
0: [2021-10-01 16:27:42.126232] nvme_rdma.c: 928:nvme_rdma_register_rsps: *NOTICE*: res->poller->pd: 0x7f3a00000e30
1: [2021-10-01 16:27:42.126530] nvme_rdma.c:1020:nvme_rdma_create_resources: *NOTICE*: Created resources: qp (nil), poller 0x7f98c8000b30, num_entries 128
0: [2021-10-01 16:27:42.126275] nvme_rdma.c:1020:nvme_rdma_create_resources: *NOTICE*: Created resources: qp (nil), poller 0x7f3a00000b40, num_entries 128
4: [2021-10-01 16:27:42.126347] nvme_rdma.c:2525:nvme_rdma_poller_create: *NOTICE*: Created SRQ 0x7fd0b0008bf8, device mlx5_1
0: [2021-10-01 16:27:42.126322] nvme_rdma.c:2525:nvme_rdma_poller_create: *NOTICE*: Created SRQ 0x7f3a18001bf8, device mlx5_1
0: [2021-10-01 16:27:42.126341] nvme_rdma.c: 928:nvme_rdma_register_rsps: *NOTICE*: res->poller->pd: 0x7f3a18000b30
4: [2021-10-01 16:27:42.126362] nvme_rdma.c: 928:nvme_rdma_register_rsps: *NOTICE*: res->poller->pd: 0x7fd0b0000fc0
4: [2021-10-01 16:27:42.126408] nvme_rdma.c:1020:nvme_rdma_create_resources: *NOTICE*: Created resources: qp (nil), poller 0x7fd0b0008900, num_entries 128
0: [2021-10-01 16:27:42.126387] nvme_rdma.c:1020:nvme_rdma_create_resources: *NOTICE*: Created resources: qp (nil), poller 0x7f3a18001900, num_entries 128
0: [2021-10-01 16:27:42.126422] nvme_rdma.c:2525:nvme_rdma_poller_create: *NOTICE*: Created SRQ 0x7f3a08000e58, device mlx5_0
0: [2021-10-01 16:27:42.126446] nvme_rdma.c: 928:nvme_rdma_register_rsps: *NOTICE*: res->poller->pd: 0x7f3a08000e20
4: [2021-10-01 16:27:42.126440] nvme_rdma.c:2525:nvme_rdma_poller_create: *NOTICE*: Created SRQ 0x7fd098000e68, device mlx5_0
4: [2021-10-01 16:27:42.126473] nvme_rdma.c: 928:nvme_rdma_register_rsps: *NOTICE*: res->poller->pd: 0x7fd098000e30
4: [2021-10-01 16:27:42.126508] nvme_rdma.c:1020:nvme_rdma_create_resources: *NOTICE*: Created resources: qp (nil), poller 0x7fd098000b40, num_entries 128
0: [2021-10-01 16:27:42.126484] nvme_rdma.c:1020:nvme_rdma_create_resources: *NOTICE*: Created resources: qp (nil), poller 0x7f3a08000b30, num_entries 128
0: [2021-10-01 16:27:42.126652] nvme_rdma.c:2525:nvme_rdma_poller_create: *NOTICE*: Created SRQ 0x7f39e4000e58, device mlx5_0
4: [2021-10-01 16:27:42.126677] nvme_rdma.c:2525:nvme_rdma_poller_create: *NOTICE*: Created SRQ 0x7fd0b8008bf8, device mlx5_1
4: [2021-10-01 16:27:42.126697] nvme_rdma.c: 928:nvme_rdma_register_rsps: *NOTICE*: res->poller->pd: 0x7fd0b8000fc0
4: [2021-10-01 16:27:42.126742] nvme_rdma.c:1020:nvme_rdma_create_resources: *NOTICE*: Created resources: qp (nil), poller 0x7fd0b8008900, num_entries 128
0: [2021-10-01 16:27:42.126665] nvme_rdma.c:2525:nvme_rdma_poller_create: *NOTICE*: Created SRQ 0x7f3a2c008bf8, device mlx5_1
0: [2021-10-01 16:27:42.126681] nvme_rdma.c: 928:nvme_rdma_register_rsps: *NOTICE*: res->poller->pd: 0x7f39e4000e20
0: [2021-10-01 16:27:42.126703] nvme_rdma.c: 928:nvme_rdma_register_rsps: *NOTICE*: res->poller->pd: 0x7f3a2c000fc0
0: [2021-10-01 16:27:42.126723] nvme_rdma.c:1020:nvme_rdma_create_resources: *NOTICE*: Created resources: qp (nil), poller 0x7f39e4000b30, num_entries 128
3: mlx5dv_reserved_qpn_alloc 1 1
4: [2021-10-01 16:27:42.126757] nvme_rdma.c:2525:nvme_rdma_poller_create: *NOTICE*: Created SRQ 0x7fd090000e68, device mlx5_0
0: [2021-10-01 16:27:42.126748] nvme_rdma.c:1020:nvme_rdma_create_resources: *NOTICE*: Created resources: qp (nil), poller 0x7f3a2c008900, num_entries 128
4: [2021-10-01 16:27:42.126777] nvme_rdma.c: 928:nvme_rdma_register_rsps: *NOTICE*: res->poller->pd: 0x7fd090000e30
4: [2021-10-01 16:27:42.126814] nvme_rdma.c:1020:nvme_rdma_create_resources: *NOTICE*: Created resources: qp (nil), poller 0x7fd090000b40, num_entries 128
3: [2021-10-01 16:27:42.124497] nvme_rdma.c:2525:nvme_rdma_poller_create: *NOTICE*: Created SRQ 0x7fc574008bf8, device mlx5_1
3: [2021-10-01 16:27:42.124516] nvme_rdma.c: 928:nvme_rdma_register_rsps: *NOTICE*: res->poller->pd: 0x7fc574000fd0
0: [2021-10-01 16:27:42.126879] nvme_rdma.c:2525:nvme_rdma_poller_create: *NOTICE*: Created SRQ 0x7f39d8000ed8, device mlx5_0
0: [2021-10-01 16:27:42.126901] nvme_rdma.c: 928:nvme_rdma_register_rsps: *NOTICE*: res->poller->pd: 0x7f39d8000b00
3: [2021-10-01 16:27:42.124551] nvme_rdma.c:1020:nvme_rdma_create_resources: *NOTICE*: Created resources: qp (nil), poller 0x7fc574008900, num_entries 128
0: [2021-10-01 16:27:42.126946] nvme_rdma.c:1020:nvme_rdma_create_resources: *NOTICE*: Created resources: qp (nil), poller 0x7f39d8000be0, num_entries 128
3: [2021-10-01 16:27:42.124713] nvme_rdma.c:2525:nvme_rdma_poller_create: *NOTICE*: Created SRQ 0x7fc548008bf8, device mlx5_1
0: [2021-10-01 16:27:42.127044] nvme_rdma.c:2525:nvme_rdma_poller_create: *NOTICE*: Created SRQ 0x7f3a14008bf8, device mlx5_1
0: [2021-10-01 16:27:42.127071] nvme_rdma.c: 928:nvme_rdma_register_rsps: *NOTICE*: res->poller->pd: 0x7f3a14000fd0
3: [2021-10-01 16:27:42.124734] nvme_rdma.c: 928:nvme_rdma_register_rsps: *NOTICE*: res->poller->pd: 0x7fc548000fc0
3: [2021-10-01 16:27:42.124775] nvme_rdma.c:1020:nvme_rdma_create_resources: *NOTICE*: Created resources: qp (nil), poller 0x7fc548008900, num_entries 128
0: [2021-10-01 16:27:42.127118] nvme_rdma.c:2525:nvme_rdma_poller_create: *NOTICE*: Created SRQ 0x7f39fc000e68, device mlx5_0
0: [2021-10-01 16:27:42.127135] nvme_rdma.c:1020:nvme_rdma_create_resources: *NOTICE*: Created resources: qp (nil), poller 0x7f3a14008900, num_entries 128
0: [2021-10-01 16:27:42.127140] nvme_rdma.c: 928:nvme_rdma_register_rsps: *NOTICE*: res->poller->pd: 0x7f39fc000e30
0: [2021-10-01 16:27:42.127195] nvme_rdma.c:1020:nvme_rdma_create_resources: *NOTICE*: Created resources: qp (nil), poller 0x7f39fc000b40, num_entries 128
3: [2021-10-01 16:27:42.124906] nvme_rdma.c:2525:nvme_rdma_poller_create: *NOTICE*: Created SRQ 0x7fc558008bf8, device mlx5_1
0: [2021-10-01 16:27:42.127323] nvme_rdma.c:2525:nvme_rdma_poller_create: *NOTICE*: Created SRQ 0x7f39f8000e68, device mlx5_0
3: [2021-10-01 16:27:42.124921] nvme_rdma.c: 928:nvme_rdma_register_rsps: *NOTICE*: res->poller->pd: 0x7fc558000fc0
3: [2021-10-01 16:27:42.124961] nvme_rdma.c:1020:nvme_rdma_create_resources: *NOTICE*: Created resources: qp (nil), poller 0x7fc558008900, num_entries 128
0: [2021-10-01 16:27:42.127358] nvme_rdma.c: 928:nvme_rdma_register_rsps: *NOTICE*: res->poller->pd: 0x7f39f8000e30
0: [2021-10-01 16:27:42.127412] nvme_rdma.c:1020:nvme_rdma_create_resources: *NOTICE*: Created resources: qp (nil), poller 0x7f39f8000b40, num_entries 128
3: [2021-10-01 16:27:42.125107] nvme_rdma.c:2525:nvme_rdma_poller_create: *NOTICE*: Created SRQ 0x7fc550008bf8, device mlx5_1
0: [2021-10-01 16:27:42.127451] nvme_rdma.c:2525:nvme_rdma_poller_create: *NOTICE*: Created SRQ 0x7f3a20008bf8, device mlx5_1
0: [2021-10-01 16:27:42.127473] nvme_rdma.c: 928:nvme_rdma_register_rsps: *NOTICE*: res->poller->pd: 0x7f3a20000fc0
3: [2021-10-01 16:27:42.125134] nvme_rdma.c: 928:nvme_rdma_register_rsps: *NOTICE*: res->poller->pd: 0x7fc550000fc0
3: [2021-10-01 16:27:42.125169] nvme_rdma.c:1020:nvme_rdma_create_resources: *NOTICE*: Created resources: qp (nil), poller 0x7fc550008900, num_entries 128
0: [2021-10-01 16:27:42.127540] nvme_rdma.c:1020:nvme_rdma_create_resources: *NOTICE*: Created resources: qp (nil), poller 0x7f3a20008900, num_entries 128
0: [2021-10-01 16:27:42.127566] nvme_rdma.c:2525:nvme_rdma_poller_create: *NOTICE*: Created SRQ 0x7f39e8000e68, device mlx5_0
0: [2021-10-01 16:27:42.127588] nvme_rdma.c: 928:nvme_rdma_register_rsps: *NOTICE*: res->poller->pd: 0x7f39e8000e30
4: [2021-10-01 16:27:42.127686] nvme_rdma.c:2525:nvme_rdma_poller_create: *NOTICE*: Created SRQ 0x7fd098008bf8, device mlx5_1
3: [2021-10-01 16:27:42.125311] nvme_rdma.c:2525:nvme_rdma_poller_create: *NOTICE*: Created SRQ 0x7fc57c008bf8, device mlx5_1
0: [2021-10-01 16:27:42.127628] nvme_rdma.c:1020:nvme_rdma_create_resources: *NOTICE*: Created resources: qp (nil), poller 0x7f39e8000b40, num_entries 128
4: [2021-10-01 16:27:42.127701] nvme_rdma.c: 928:nvme_rdma_register_rsps: *NOTICE*: res->poller->pd: 0x7fd098000fd0
3: [2021-10-01 16:27:42.125329] nvme_rdma.c: 928:nvme_rdma_register_rsps: *NOTICE*: res->poller->pd: 0x7fc57c000fd0
4: [2021-10-01 16:27:42.127742] nvme_rdma.c:1020:nvme_rdma_create_resources: *NOTICE*: Created resources: qp (nil), poller 0x7fd098008900, num_entries 128
3: [2021-10-01 16:27:42.125377] nvme_rdma.c:1020:nvme_rdma_create_resources: *NOTICE*: Created resources: qp (nil), poller 0x7fc57c008900, num_entries 128
0: [2021-10-01 16:27:42.127793] nvme_rdma.c:2525:nvme_rdma_poller_create: *NOTICE*: Created SRQ 0x7f39f4008bf8, device mlx5_1
4: [2021-10-01 16:27:42.127848] nvme_rdma.c:2525:nvme_rdma_poller_create: *NOTICE*: Created SRQ 0x7fd0ac000e58, device mlx5_0
0: [2021-10-01 16:27:42.127828] nvme_rdma.c: 928:nvme_rdma_register_rsps: *NOTICE*: res->poller->pd: 0x7f39f4000fc0
3: [2021-10-01 16:27:42.125506] nvme_rdma.c:2525:nvme_rdma_poller_create: *NOTICE*: Created SRQ 0x7fc540008bf8, device mlx5_1
0: [2021-10-01 16:27:42.127868] nvme_rdma.c:1020:nvme_rdma_create_resources: *NOTICE*: Created resources: qp (nil), poller 0x7f39f4008900, num_entries 128
4: [2021-10-01 16:27:42.127883] nvme_rdma.c: 928:nvme_rdma_register_rsps: *NOTICE*: res->poller->pd: 0x7fd0ac000e20
4: [2021-10-01 16:27:42.127919] nvme_rdma.c:1020:nvme_rdma_create_resources: *NOTICE*: Created resources: qp (nil), poller 0x7fd0ac000b30, num_entries 128
0: mlx5dv_reserved_qpn_alloc 1 1
3: [2021-10-01 16:27:42.125522] nvme_rdma.c: 928:nvme_rdma_register_rsps: *NOTICE*: res->poller->pd: 0x7fc540000fd0
3: [2021-10-01 16:27:42.125548] nvme_rdma.c:1020:nvme_rdma_create_resources: *NOTICE*: Created resources: qp (nil), poller 0x7fc540008900, num_entries 128
4: [2021-10-01 16:27:42.128026] nvme_rdma.c:2525:nvme_rdma_poller_create: *NOTICE*: Created SRQ 0x7fd090008bf8, device mlx5_1
3: [2021-10-01 16:27:42.125689] nvme_rdma.c:2525:nvme_rdma_poller_create: *NOTICE*: Created SRQ 0x7fc538008bf8, device mlx5_1
4: [2021-10-01 16:27:42.128043] nvme_rdma.c: 928:nvme_rdma_register_rsps: *NOTICE*: res->poller->pd: 0x7fd090000fd0
4: [2021-10-01 16:27:42.128075] nvme_rdma.c:1020:nvme_rdma_create_resources: *NOTICE*: Created resources: qp (nil), poller 0x7fd090008900, num_entries 128
3: [2021-10-01 16:27:42.125706] nvme_rdma.c: 928:nvme_rdma_register_rsps: *NOTICE*: res->poller->pd: 0x7fc538000fd0
3: [2021-10-01 16:27:42.125734] nvme_rdma.c:1020:nvme_rdma_create_resources: *NOTICE*: Created resources: qp (nil), poller 0x7fc538008900, num_entries 128
1: [2021-10-01 16:27:42.128428] nvme_rdma.c:2525:nvme_rdma_poller_create: *NOTICE*: Created SRQ 0x7f9924008bf8, device mlx5_1
4: [2021-10-01 16:27:42.128209] nvme_rdma.c:2525:nvme_rdma_poller_create: *NOTICE*: Created SRQ 0x7fd08c000e58, device mlx5_0
0: [2021-10-01 16:27:42.128211] nvme_rdma.c:2525:nvme_rdma_poller_create: *NOTICE*: Created SRQ 0x7f39f0008bf8, device mlx5_1
1: [2021-10-01 16:27:42.128455] nvme_rdma.c: 928:nvme_rdma_register_rsps: *NOTICE*: res->poller->pd: 0x7f9924000fd0
1: [2021-10-01 16:27:42.128497] nvme_rdma.c:1020:nvme_rdma_create_resources: *NOTICE*: Created resources: qp (nil), poller 0x7f9924008900, num_entries 128
4: [2021-10-01 16:27:42.128232] nvme_rdma.c: 928:nvme_rdma_register_rsps: *NOTICE*: res->poller->pd: 0x7fd08c000e20
4: [2021-10-01 16:27:42.128270] nvme_rdma.c:1020:nvme_rdma_create_resources: *NOTICE*: Created resources: qp (nil), poller 0x7fd08c000b30, num_entries 128
3: [2021-10-01 16:27:42.125926] nvme_rdma.c:2525:nvme_rdma_poller_create: *NOTICE*: Created SRQ 0x7fc530008bf8, device mlx5_1
0: [2021-10-01 16:27:42.128229] nvme_rdma.c: 928:nvme_rdma_register_rsps: *NOTICE*: res->poller->pd: 0x7f39f0000fd0
0: [2021-10-01 16:27:42.128262] nvme_rdma.c:1020:nvme_rdma_create_resources: *NOTICE*: Created resources: qp (nil), poller 0x7f39f0008900, num_entries 128
3: [2021-10-01 16:27:42.125949] nvme_rdma.c: 928:nvme_rdma_register_rsps: *NOTICE*: res->poller->pd: 0x7fc530000fd0
3: [2021-10-01 16:27:42.125986] nvme_rdma.c:1020:nvme_rdma_create_resources: *NOTICE*: Created resources: qp (nil), poller 0x7fc530008900, num_entries 128
3: [2021-10-01 16:27:42.126143] nvme_rdma.c:2525:nvme_rdma_poller_create: *NOTICE*: Created SRQ 0x7fc520001c18, device mlx5_1
3: [2021-10-01 16:27:42.126161] nvme_rdma.c: 928:nvme_rdma_register_rsps: *NOTICE*: res->poller->pd: 0x7fc520000b30
3: [2021-10-01 16:27:42.126198] nvme_rdma.c:1020:nvme_rdma_create_resources: *NOTICE*: Created resources: qp (nil), poller 0x7fc520001920, num_entries 128
4: [2021-10-01 16:27:42.128697] nvme_rdma.c:2525:nvme_rdma_poller_create: *NOTICE*: Created SRQ 0x7fd0a0000e58, device mlx5_0
1: [2021-10-01 16:27:42.128982] nvme_rdma.c:2525:nvme_rdma_poller_create: *NOTICE*: Created SRQ 0x7f9900008bf8, device mlx5_1
4: [2021-10-01 16:27:42.128718] nvme_rdma.c: 928:nvme_rdma_register_rsps: *NOTICE*: res->poller->pd: 0x7fd0a0000e20
4: [2021-10-01 16:27:42.128754] nvme_rdma.c:1020:nvme_rdma_create_resources: *NOTICE*: Created resources: qp (nil), poller 0x7fd0a0000b30, num_entries 128
1: [2021-10-01 16:27:42.129015] nvme_rdma.c: 928:nvme_rdma_register_rsps: *NOTICE*: res->poller->pd: 0x7f9900000fc0
1: [2021-10-01 16:27:42.129053] nvme_rdma.c:1020:nvme_rdma_create_resources: *NOTICE*: Created resources: qp (nil), poller 0x7f9900008900, num_entries 128
0: [2021-10-01 16:27:42.128965] nvme_rdma.c:2525:nvme_rdma_poller_create: *NOTICE*: Created SRQ 0x7f39e0008bf8, device mlx5_1
2: mlx5dv_reserved_qpn_alloc 1 1
4: [2021-10-01 16:27:42.129009] nvme_rdma.c:2525:nvme_rdma_poller_create: *NOTICE*: Created SRQ 0x7fd0ac008bf8, device mlx5_1
0: [2021-10-01 16:27:42.128983] nvme_rdma.c: 928:nvme_rdma_register_rsps: *NOTICE*: res->poller->pd: 0x7f39e0000fd0
0: [2021-10-01 16:27:42.129012] nvme_rdma.c:1020:nvme_rdma_create_resources: *NOTICE*: Created resources: qp (nil), poller 0x7f39e0008900, num_entries 128
4: [2021-10-01 16:27:42.129023] nvme_rdma.c: 928:nvme_rdma_register_rsps: *NOTICE*: res->poller->pd: 0x7fd0ac000fc0
4: [2021-10-01 16:27:42.129073] nvme_rdma.c:1020:nvme_rdma_create_resources: *NOTICE*: Created resources: qp (nil), poller 0x7fd0ac008900, num_entries 128
4: [2021-10-01 16:27:42.129155] nvme_rdma.c:2525:nvme_rdma_poller_create: *NOTICE*: Created SRQ 0x7fd0c0000ed8, device mlx5_0
4: [2021-10-01 16:27:42.129173] nvme_rdma.c: 928:nvme_rdma_register_rsps: *NOTICE*: res->poller->pd: 0x7fd0c0000b00
0: [2021-10-01 16:27:42.129168] nvme_rdma.c:2525:nvme_rdma_poller_create: *NOTICE*: Created SRQ 0x7f3a1c008bf8, device mlx5_1
4: [2021-10-01 16:27:42.129207] nvme_rdma.c:1020:nvme_rdma_create_resources: *NOTICE*: Created resources: qp (nil), poller 0x7fd0c0000be0, num_entries 128
0: [2021-10-01 16:27:42.129186] nvme_rdma.c: 928:nvme_rdma_register_rsps: *NOTICE*: res->poller->pd: 0x7f3a1c000fd0
0: [2021-10-01 16:27:42.129218] nvme_rdma.c:1020:nvme_rdma_create_resources: *NOTICE*: Created resources: qp (nil), poller 0x7f3a1c008900, num_entries 128
4: [2021-10-01 16:27:42.129374] nvme_rdma.c:2525:nvme_rdma_poller_create: *NOTICE*: Created SRQ 0x7fd08c008bf8, device mlx5_1
0: [2021-10-01 16:27:42.129368] nvme_rdma.c:2525:nvme_rdma_poller_create: *NOTICE*: Created SRQ 0x7f3a34008bf8, device mlx5_1
4: [2021-10-01 16:27:42.129387] nvme_rdma.c: 928:nvme_rdma_register_rsps: *NOTICE*: res->poller->pd: 0x7fd08c000fc0
0: [2021-10-01 16:27:42.129396] nvme_rdma.c: 928:nvme_rdma_register_rsps: *NOTICE*: res->poller->pd: 0x7f3a34000fd0
4: [2021-10-01 16:27:42.129420] nvme_rdma.c:1020:nvme_rdma_create_resources: *NOTICE*: Created resources: qp (nil), poller 0x7fd08c008900, num_entries 128
0: [2021-10-01 16:27:42.129430] nvme_rdma.c:1020:nvme_rdma_create_resources: *NOTICE*: Created resources: qp (nil), poller 0x7f3a34008900, num_entries 128
0: [2021-10-01 16:27:42.129569] nvme_rdma.c:2525:nvme_rdma_poller_create: *NOTICE*: Created SRQ 0x7f3a10008bf8, device mlx5_1
0: [2021-10-01 16:27:42.129586] nvme_rdma.c: 928:nvme_rdma_register_rsps: *NOTICE*: res->poller->pd: 0x7f3a10000fd0
0: [2021-10-01 16:27:42.129621] nvme_rdma.c:1020:nvme_rdma_create_resources: *NOTICE*: Created resources: qp (nil), poller 0x7f3a10008900, num_entries 128
0: [2021-10-01 16:27:42.129767] nvme_rdma.c:2525:nvme_rdma_poller_create: *NOTICE*: Created SRQ 0x7f3a24008bf8, device mlx5_1
0: [2021-10-01 16:27:42.129800] nvme_rdma.c: 928:nvme_rdma_register_rsps: *NOTICE*: res->poller->pd: 0x7f3a24000fd0
0: [2021-10-01 16:27:42.129833] nvme_rdma.c:1020:nvme_rdma_create_resources: *NOTICE*: Created resources: qp (nil), poller 0x7f3a24008900, num_entries 128
0: [2021-10-01 16:27:42.129985] nvme_rdma.c:2525:nvme_rdma_poller_create: *NOTICE*: Created SRQ 0x7f3a04008bf8, device mlx5_1
1: [2021-10-01 16:27:42.130274] nvme_rdma.c:2525:nvme_rdma_poller_create: *NOTICE*: Created SRQ 0x7f9908008bf8, device mlx5_1
0: [2021-10-01 16:27:42.130003] nvme_rdma.c: 928:nvme_rdma_register_rsps: *NOTICE*: res->poller->pd: 0x7f3a04000fc0
0: [2021-10-01 16:27:42.130038] nvme_rdma.c:1020:nvme_rdma_create_resources: *NOTICE*: Created resources: qp (nil), poller 0x7f3a04008900, num_entries 128
1: [2021-10-01 16:27:42.130315] nvme_rdma.c: 928:nvme_rdma_register_rsps: *NOTICE*: res->poller->pd: 0x7f9908000fc0
1: [2021-10-01 16:27:42.130355] nvme_rdma.c:1020:nvme_rdma_create_resources: *NOTICE*: Created resources: qp (nil), poller 0x7f9908008900, num_entries 128
0: [2021-10-01 16:27:42.130185] nvme_rdma.c:2525:nvme_rdma_poller_create: *NOTICE*: Created SRQ 0x7f3a0c008bf8, device mlx5_1
1: [2021-10-01 16:27:42.130505] nvme_rdma.c:2525:nvme_rdma_poller_create: *NOTICE*: Created SRQ 0x7f9928001bf8, device mlx5_1
0: [2021-10-01 16:27:42.130202] nvme_rdma.c: 928:nvme_rdma_register_rsps: *NOTICE*: res->poller->pd: 0x7f3a0c000fc0
0: [2021-10-01 16:27:42.130237] nvme_rdma.c:1020:nvme_rdma_create_resources: *NOTICE*: Created resources: qp (nil), poller 0x7f3a0c008900, num_entries 128
1: [2021-10-01 16:27:42.130541] nvme_rdma.c: 928:nvme_rdma_register_rsps: *NOTICE*: res->poller->pd: 0x7f9928000b30
1: [2021-10-01 16:27:42.130584] nvme_rdma.c:1020:nvme_rdma_create_resources: *NOTICE*: Created resources: qp (nil), poller 0x7f9928001900, num_entries 128
0: [2021-10-01 16:27:42.130386] nvme_rdma.c:2525:nvme_rdma_poller_create: *NOTICE*: Created SRQ 0x7f39dc008bf8, device mlx5_1
4: [2021-10-01 16:27:42.129847] nvme_rdma.c:2525:nvme_rdma_poller_create: *NOTICE*: Created SRQ 0x7fd0a0008bf8, device mlx5_1
4: [2021-10-01 16:27:42.129861] nvme_rdma.c: 928:nvme_rdma_register_rsps: *NOTICE*: res->poller->pd: 0x7fd0a0000fc0
4: [2021-10-01 16:27:42.129893] nvme_rdma.c:1020:nvme_rdma_create_resources: *NOTICE*: Created resources: qp (nil), poller 0x7fd0a0008900, num_entries 128
4: [2021-10-01 16:27:42.129964] nvme_rdma.c:2525:nvme_rdma_poller_create: *NOTICE*: Created SRQ 0x7fd09c000e68, device mlx5_0
4: [2021-10-01 16:27:42.129983] nvme_rdma.c: 928:nvme_rdma_register_rsps: *NOTICE*: res->poller->pd: 0x7fd09c000e30
4: [2021-10-01 16:27:42.130015] nvme_rdma.c:1020:nvme_rdma_create_resources: *NOTICE*: Created resources: qp (nil), poller 0x7fd09c000b40, num_entries 128
4: [2021-10-01 16:27:42.130246] nvme_rdma.c:2525:nvme_rdma_poller_create: *NOTICE*: Created SRQ 0x7fd0c0001bf8, device mlx5_1
4: [2021-10-01 16:27:42.130262] nvme_rdma.c: 928:nvme_rdma_register_rsps: *NOTICE*: res->poller->pd: 0x7fd0c0000b30
0: [2021-10-01 16:27:42.130403] nvme_rdma.c: 928:nvme_rdma_register_rsps: *NOTICE*: res->poller->pd: 0x7f39dc000fc0
1: [2021-10-01 16:27:42.130738] nvme_rdma.c:2525:nvme_rdma_poller_create: *NOTICE*: Created SRQ 0x7f98d8008bf8, device mlx5_1
0: [2021-10-01 16:27:42.130437] nvme_rdma.c:1020:nvme_rdma_create_resources: *NOTICE*: Created resources: qp (nil), poller 0x7f39dc008900, num_entries 128
4: [2021-10-01 16:27:42.130297] nvme_rdma.c:1020:nvme_rdma_create_resources: *NOTICE*: Created resources: qp (nil), poller 0x7fd0c0001900, num_entries 128
4: [2021-10-01 16:27:42.130437] nvme_rdma.c:2525:nvme_rdma_poller_create: *NOTICE*: Created SRQ 0x7fd084000e68, device mlx5_0
4: [2021-10-01 16:27:42.130465] nvme_rdma.c: 928:nvme_rdma_register_rsps: *NOTICE*: res->poller->pd: 0x7fd084000e30
1: [2021-10-01 16:27:42.130760] nvme_rdma.c: 928:nvme_rdma_register_rsps: *NOTICE*: res->poller->pd: 0x7f98d8000fd0
1: [2021-10-01 16:27:42.130798] nvme_rdma.c:1020:nvme_rdma_create_resources: *NOTICE*: Created resources: qp (nil), poller 0x7f98d8008900, num_entries 128
4: [2021-10-01 16:27:42.130571] nvme_rdma.c:1020:nvme_rdma_create_resources: *NOTICE*: Created resources: qp (nil), poller 0x7fd084000b40, num_entries 128
1: mlx5dv_reserved_qpn_alloc 1 1
0: [2021-10-01 16:27:42.130631] nvme_rdma.c:2525:nvme_rdma_poller_create: *NOTICE*: Created SRQ 0x7f3a00008bf8, device mlx5_1
0: [2021-10-01 16:27:42.130653] nvme_rdma.c: 928:nvme_rdma_register_rsps: *NOTICE*: res->poller->pd: 0x7f3a00000fd0
0: [2021-10-01 16:27:42.130697] nvme_rdma.c:1020:nvme_rdma_create_resources: *NOTICE*: Created resources: qp (nil), poller 0x7f3a00008900, num_entries 128
1: [2021-10-01 16:27:42.131001] nvme_rdma.c:2525:nvme_rdma_poller_create: *NOTICE*: Created SRQ 0x7f9918008bf8, device mlx5_1
1: [2021-10-01 16:27:42.131019] nvme_rdma.c: 928:nvme_rdma_register_rsps: *NOTICE*: res->poller->pd: 0x7f9918000fc0
1: [2021-10-01 16:27:42.131056] nvme_rdma.c:1020:nvme_rdma_create_resources: *NOTICE*: Created resources: qp (nil), poller 0x7f9918008900, num_entries 128
0: [2021-10-01 16:27:42.130837] nvme_rdma.c:2525:nvme_rdma_poller_create: *NOTICE*: Created SRQ 0x7f3a08008bf8, device mlx5_1
0: [2021-10-01 16:27:42.130853] nvme_rdma.c: 928:nvme_rdma_register_rsps: *NOTICE*: res->poller->pd: 0x7f3a08000fc0
1: [2021-10-01 16:27:42.131196] nvme_rdma.c:2525:nvme_rdma_poller_create: *NOTICE*: Created SRQ 0x7f98e8008bf8, device mlx5_1
0: [2021-10-01 16:27:42.130886] nvme_rdma.c:1020:nvme_rdma_create_resources: *NOTICE*: Created resources: qp (nil), poller 0x7f3a08008900, num_entries 128
1: [2021-10-01 16:27:42.131213] nvme_rdma.c: 928:nvme_rdma_register_rsps: *NOTICE*: res->poller->pd: 0x7f98e8000fd0
1: [2021-10-01 16:27:42.131238] nvme_rdma.c:1020:nvme_rdma_create_resources: *NOTICE*: Created resources: qp (nil), poller 0x7f98e8008900, num_entries 128
0: [2021-10-01 16:27:42.131029] nvme_rdma.c:2525:nvme_rdma_poller_create: *NOTICE*: Created SRQ 0x7f39e4008bf8, device mlx5_1
1: [2021-10-01 16:27:42.131378] nvme_rdma.c:2525:nvme_rdma_poller_create: *NOTICE*: Created SRQ 0x7f98e0008bf8, device mlx5_1
4: [2021-10-01 16:27:42.131125] nvme_rdma.c:2525:nvme_rdma_poller_create: *NOTICE*: Created SRQ 0x7fd09c008bf8, device mlx5_1
0: [2021-10-01 16:27:42.131062] nvme_rdma.c: 928:nvme_rdma_register_rsps: *NOTICE*: res->poller->pd: 0x7f39e4000fc0
0: [2021-10-01 16:27:42.131097] nvme_rdma.c:1020:nvme_rdma_create_resources: *NOTICE*: Created resources: qp (nil), poller 0x7f39e4008900, num_entries 128
1: [2021-10-01 16:27:42.131402] nvme_rdma.c: 928:nvme_rdma_register_rsps: *NOTICE*: res->poller->pd: 0x7f98e0000fd0
4: [2021-10-01 16:27:42.131139] nvme_rdma.c: 928:nvme_rdma_register_rsps: *NOTICE*: res->poller->pd: 0x7fd09c000fd0
1: [2021-10-01 16:27:42.131429] nvme_rdma.c:1020:nvme_rdma_create_resources: *NOTICE*: Created resources: qp (nil), poller 0x7f98e0008900, num_entries 128
4: [2021-10-01 16:27:42.131163] nvme_rdma.c:2525:nvme_rdma_poller_create: *NOTICE*: Created SRQ 0x7fd088000e68, device mlx5_0
4: [2021-10-01 16:27:42.131168] nvme_rdma.c:1020:nvme_rdma_create_resources: *NOTICE*: Created resources: qp (nil), poller 0x7fd09c008900, num_entries 128
4: [2021-10-01 16:27:42.131195] nvme_rdma.c: 928:nvme_rdma_register_rsps: *NOTICE*: res->poller->pd: 0x7fd088000e30
0: [2021-10-01 16:27:42.131246] nvme_rdma.c:2525:nvme_rdma_poller_create: *NOTICE*: Created SRQ 0x7f39d8001bf8, device mlx5_1
4: [2021-10-01 16:27:42.131228] nvme_rdma.c:1020:nvme_rdma_create_resources: *NOTICE*: Created resources: qp (nil), poller 0x7fd088000b40, num_entries 128
0: [2021-10-01 16:27:42.131290] nvme_rdma.c: 928:nvme_rdma_register_rsps: *NOTICE*: res->poller->pd: 0x7f39d8000b30
1: [2021-10-01 16:27:42.131586] nvme_rdma.c:2525:nvme_rdma_poller_create: *NOTICE*: Created SRQ 0x7f9920008bf8, device mlx5_1
1: [2021-10-01 16:27:42.131605] nvme_rdma.c: 928:nvme_rdma_register_rsps: *NOTICE*: res->poller->pd: 0x7f9920000fc0
0: [2021-10-01 16:27:42.131331] nvme_rdma.c:1020:nvme_rdma_create_resources: *NOTICE*: Created resources: qp (nil), poller 0x7f39d8001900, num_entries 128
1: [2021-10-01 16:27:42.131646] nvme_rdma.c:1020:nvme_rdma_create_resources: *NOTICE*: Created resources: qp (nil), poller 0x7f9920008900, num_entries 128
4: [2021-10-01 16:27:42.131456] nvme_rdma.c:2525:nvme_rdma_poller_create: *NOTICE*: Created SRQ 0x7fd084008bf8, device mlx5_1
0: [2021-10-01 16:27:42.131469] nvme_rdma.c:2525:nvme_rdma_poller_create: *NOTICE*: Created SRQ 0x7f39fc008bf8, device mlx5_1
1: [2021-10-01 16:27:42.131783] nvme_rdma.c:2525:nvme_rdma_poller_create: *NOTICE*: Created SRQ 0x7f9930008bf8, device mlx5_1
0: [2021-10-01 16:27:42.131486] nvme_rdma.c: 928:nvme_rdma_register_rsps: *NOTICE*: res->poller->pd: 0x7f39fc000fd0
4: [2021-10-01 16:27:42.131471] nvme_rdma.c: 928:nvme_rdma_register_rsps: *NOTICE*: res->poller->pd: 0x7fd084000fd0
4: [2021-10-01 16:27:42.131518] nvme_rdma.c:1020:nvme_rdma_create_resources: *NOTICE*: Created resources: qp (nil), poller 0x7fd084008900, num_entries 128
0: [2021-10-01 16:27:42.131523] nvme_rdma.c:1020:nvme_rdma_create_resources: *NOTICE*: Created resources: qp (nil), poller 0x7f39fc008900, num_entries 128
1: [2021-10-01 16:27:42.131799] nvme_rdma.c: 928:nvme_rdma_register_rsps: *NOTICE*: res->poller->pd: 0x7f9930000fc0
1: [2021-10-01 16:27:42.131834] nvme_rdma.c:1020:nvme_rdma_create_resources: *NOTICE*: Created resources: qp (nil), poller 0x7f9930008900, num_entries 128
1: [2021-10-01 16:27:42.131984] nvme_rdma.c:2525:nvme_rdma_poller_create: *NOTICE*: Created SRQ 0x7f9934001bf8, device mlx5_1
0: [2021-10-01 16:27:42.131719] nvme_rdma.c:2525:nvme_rdma_poller_create: *NOTICE*: Created SRQ 0x7f39f8008bf8, device mlx5_1
4: [2021-10-01 16:27:42.131795] nvme_rdma.c:2525:nvme_rdma_poller_create: *NOTICE*: Created SRQ 0x7fd094000e68, device mlx5_0
0: [2021-10-01 16:27:42.131737] nvme_rdma.c: 928:nvme_rdma_register_rsps: *NOTICE*: res->poller->pd: 0x7f39f8000fd0
1: [2021-10-01 16:27:42.132013] nvme_rdma.c: 928:nvme_rdma_register_rsps: *NOTICE*: res->poller->pd: 0x7f9934000b30
0: [2021-10-01 16:27:42.131768] nvme_rdma.c:1020:nvme_rdma_create_resources: *NOTICE*: Created resources: qp (nil), poller 0x7f39f8008900, num_entries 128
1: [2021-10-01 16:27:42.132049] nvme_rdma.c:1020:nvme_rdma_create_resources: *NOTICE*: Created resources: qp (nil), poller 0x7f9934001900, num_entries 128
4: [2021-10-01 16:27:42.131815] nvme_rdma.c: 928:nvme_rdma_register_rsps: *NOTICE*: res->poller->pd: 0x7fd094000e30
4: [2021-10-01 16:27:42.131855] nvme_rdma.c:1020:nvme_rdma_create_resources: *NOTICE*: Created resources: qp (nil), poller 0x7fd094000b40, num_entries 128
0: [2021-10-01 16:27:42.131928] nvme_rdma.c:2525:nvme_rdma_poller_create: *NOTICE*: Created SRQ 0x7f39e8008c18, device mlx5_1
1: [2021-10-01 16:27:42.132196] nvme_rdma.c:2525:nvme_rdma_poller_create: *NOTICE*: Created SRQ 0x7f98f8008bf8, device mlx5_1
1: [2021-10-01 16:27:42.132214] nvme_rdma.c: 928:nvme_rdma_register_rsps: *NOTICE*: res->poller->pd: 0x7f98f8000fc0
0: [2021-10-01 16:27:42.131944] nvme_rdma.c: 928:nvme_rdma_register_rsps: *NOTICE*: res->poller->pd: 0x7f39e8000fd0
1: [2021-10-01 16:27:42.132253] nvme_rdma.c:1020:nvme_rdma_create_resources: *NOTICE*: Created resources: qp (nil), poller 0x7f98f8008900, num_entries 128
0: [2021-10-01 16:27:42.131978] nvme_rdma.c:1020:nvme_rdma_create_resources: *NOTICE*: Created resources: qp (nil), poller 0x7f39e8008920, num_entries 128
4: [2021-10-01 16:27:42.132141] nvme_rdma.c:2525:nvme_rdma_poller_create: *NOTICE*: Created SRQ 0x7fd088008bf8, device mlx5_1
1: [2021-10-01 16:27:42.132394] nvme_rdma.c:2525:nvme_rdma_poller_create: *NOTICE*: Created SRQ 0x7f993c008bf8, device mlx5_1
4: [2021-10-01 16:27:42.132160] nvme_rdma.c: 928:nvme_rdma_register_rsps: *NOTICE*: res->poller->pd: 0x7fd088000fd0
1: [2021-10-01 16:27:42.132410] nvme_rdma.c: 928:nvme_rdma_register_rsps: *NOTICE*: res->poller->pd: 0x7f993c000fd0
4: [2021-10-01 16:27:42.132214] nvme_rdma.c:1020:nvme_rdma_create_resources: *NOTICE*: Created resources: qp (nil), poller 0x7fd088008900, num_entries 128
1: [2021-10-01 16:27:42.132444] nvme_rdma.c:1020:nvme_rdma_create_resources: *NOTICE*: Created resources: qp (nil), poller 0x7f993c008900, num_entries 128
1: [2021-10-01 16:27:42.132590] nvme_rdma.c:2525:nvme_rdma_poller_create: *NOTICE*: Created SRQ 0x7f9910008bf8, device mlx5_1
1: [2021-10-01 16:27:42.132616] nvme_rdma.c: 928:nvme_rdma_register_rsps: *NOTICE*: res->poller->pd: 0x7f9910000fd0
4: [2021-10-01 16:27:42.132436] nvme_rdma.c:2525:nvme_rdma_poller_create: *NOTICE*: Created SRQ 0x7fd0c8000e68, device mlx5_0
1: [2021-10-01 16:27:42.132649] nvme_rdma.c:1020:nvme_rdma_create_resources: *NOTICE*: Created resources: qp (nil), poller 0x7f9910008900, num_entries 128
4: [2021-10-01 16:27:42.132460] nvme_rdma.c: 928:nvme_rdma_register_rsps: *NOTICE*: res->poller->pd: 0x7fd0c8000e30
4: [2021-10-01 16:27:42.132490] nvme_rdma.c:1020:nvme_rdma_create_resources: *NOTICE*: Created resources: qp (nil), poller 0x7fd0c8000b40, num_entries 128
1: [2021-10-01 16:27:42.132792] nvme_rdma.c:2525:nvme_rdma_poller_create: *NOTICE*: Created SRQ 0x7f98f0008bf8, device mlx5_1
1: [2021-10-01 16:27:42.132809] nvme_rdma.c: 928:nvme_rdma_register_rsps: *NOTICE*: res->poller->pd: 0x7f98f0000fc0
1: [2021-10-01 16:27:42.132849] nvme_rdma.c:1020:nvme_rdma_create_resources: *NOTICE*: Created resources: qp (nil), poller 0x7f98f0008900, num_entries 128
1: [2021-10-01 16:27:42.132986] nvme_rdma.c:2525:nvme_rdma_poller_create: *NOTICE*: Created SRQ 0x7f98c8008c28, device mlx5_1
4: [2021-10-01 16:27:42.132764] nvme_rdma.c:2525:nvme_rdma_poller_create: *NOTICE*: Created SRQ 0x7fd094008bf8, device mlx5_1
1: [2021-10-01 16:27:42.133009] nvme_rdma.c: 928:nvme_rdma_register_rsps: *NOTICE*: res->poller->pd: 0x7f98c8008bf0
1: [2021-10-01 16:27:42.133044] nvme_rdma.c:1020:nvme_rdma_create_resources: *NOTICE*: Created resources: qp (nil), poller 0x7f98c8008900, num_entries 128
4: [2021-10-01 16:27:42.132779] nvme_rdma.c: 928:nvme_rdma_register_rsps: *NOTICE*: res->poller->pd: 0x7fd094000fd0
4: [2021-10-01 16:27:42.132828] nvme_rdma.c:1020:nvme_rdma_create_resources: *NOTICE*: Created resources: qp (nil), poller 0x7fd094008900, num_entries 128
1: [2021-10-01 16:27:42.133187] nvme_rdma.c:2525:nvme_rdma_poller_create: *NOTICE*: Created SRQ 0x7f991c008bf8, device mlx5_1
1: [2021-10-01 16:27:42.133204] nvme_rdma.c: 928:nvme_rdma_register_rsps: *NOTICE*: res->poller->pd: 0x7f991c000fd0
1: [2021-10-01 16:27:42.133237] nvme_rdma.c:1020:nvme_rdma_create_resources: *NOTICE*: Created resources: qp (nil), poller 0x7f991c008900, num_entries 128
1: [2021-10-01 16:27:42.133376] nvme_rdma.c:2525:nvme_rdma_poller_create: *NOTICE*: Created SRQ 0x7f98c0008bf8, device mlx5_1
1: [2021-10-01 16:27:42.133390] nvme_rdma.c: 928:nvme_rdma_register_rsps: *NOTICE*: res->poller->pd: 0x7f98c0000fd0
1: [2021-10-01 16:27:42.133421] nvme_rdma.c:1020:nvme_rdma_create_resources: *NOTICE*: Created resources: qp (nil), poller 0x7f98c0008900, num_entries 128
4: [2021-10-01 16:27:42.133327] nvme_rdma.c:2525:nvme_rdma_poller_create: *NOTICE*: Created SRQ 0x7fd0c8008c18, device mlx5_1
1: [2021-10-01 16:27:42.133611] nvme_rdma.c:2525:nvme_rdma_poller_create: *NOTICE*: Created SRQ 0x7f98d0008bf8, device mlx5_1
4: [2021-10-01 16:27:42.133342] nvme_rdma.c: 928:nvme_rdma_register_rsps: *NOTICE*: res->poller->pd: 0x7fd0c8000fd0
4: [2021-10-01 16:27:42.133379] nvme_rdma.c:1020:nvme_rdma_create_resources: *NOTICE*: Created resources: qp (nil), poller 0x7fd0c8008920, num_entries 128
1: [2021-10-01 16:27:42.133636] nvme_rdma.c: 928:nvme_rdma_register_rsps: *NOTICE*: res->poller->pd: 0x7f98d0000fd0
1: [2021-10-01 16:27:42.133668] nvme_rdma.c:1020:nvme_rdma_create_resources: *NOTICE*: Created resources: qp (nil), poller 0x7f98d0008900, num_entries 128
0: [2021-10-01 16:27:42.135937] rdma.c:2990:nvmf_process_cm_event: *NOTICE*: In RDMA_CM_EVENT_CONNECT_REQUEST
0: mlx5dv_reserved_qpn_alloc 1 1
0: [2021-10-01 16:27:42.135955] rdma.c:2990:nvmf_process_cm_event: *NOTICE*: In RDMA_CM_EVENT_CONNECT_REQUEST
0: mlx5dv_reserved_qpn_alloc 1 1
0: [2021-10-01 16:27:42.135967] rdma.c:2990:nvmf_process_cm_event: *NOTICE*: In RDMA_CM_EVENT_CONNECT_REQUEST
0: mlx5dv_reserved_qpn_alloc 1 1
0: [2021-10-01 16:27:42.135992] rdma.c:2990:nvmf_process_cm_event: *NOTICE*: In RDMA_CM_EVENT_CONNECT_REQUEST
0: mlx5dv_reserved_qpn_alloc 1 1
3: [2021-10-01 16:27:42.133626] nvme_rdma.c:1386:_nvme_rdma_ctrlr_connect_qpair: *NOTICE*: Connect rdma qpair: pg 0x7fc5a4000a90, srq depth 128
2: [2021-10-01 16:27:42.136390] nvme_rdma.c:1386:_nvme_rdma_ctrlr_connect_qpair: *NOTICE*: Connect rdma qpair: pg 0x7faae4000a90, srq depth 128
0: [2021-10-01 16:27:42.136017] nvme_rdma.c:1386:_nvme_rdma_ctrlr_connect_qpair: *NOTICE*: Connect rdma qpair: pg 0x7f3a40000a90, srq depth 128
1: [2021-10-01 16:27:42.136300] nvme_rdma.c:1386:_nvme_rdma_ctrlr_connect_qpair: *NOTICE*: Connect rdma qpair: pg 0x7f9948000a90, srq depth 128
4: mlx5dv_reserved_qpn_alloc 1 1
3: [2021-10-01 16:27:42.135589] nvme_rdma.c:2525:nvme_rdma_poller_create: *NOTICE*: Created SRQ 0x7fc58c000e68, device mlx5_0
3: [2021-10-01 16:27:42.135612] nvme_rdma.c: 928:nvme_rdma_register_rsps: *NOTICE*: res->poller->pd: 0x7fc58c000e30
3: [2021-10-01 16:27:42.135650] nvme_rdma.c:1020:nvme_rdma_create_resources: *NOTICE*: Created resources: qp (nil), poller 0x7fc58c000b40, num_entries 128
3: [2021-10-01 16:27:42.135814] nvme_rdma.c:2525:nvme_rdma_poller_create: *NOTICE*: Created SRQ 0x7fc570000e58, device mlx5_0
3: [2021-10-01 16:27:42.135838] nvme_rdma.c: 928:nvme_rdma_register_rsps: *NOTICE*: res->poller->pd: 0x7fc570000e20
3: [2021-10-01 16:27:42.135888] nvme_rdma.c:1020:nvme_rdma_create_resources: *NOTICE*: Created resources: qp (nil), poller 0x7fc570000b30, num_entries 128
3: [2021-10-01 16:27:42.136059] nvme_rdma.c:2525:nvme_rdma_poller_create: *NOTICE*: Created SRQ 0x7fc568000e58, device mlx5_0
3: [2021-10-01 16:27:42.136084] nvme_rdma.c: 928:nvme_rdma_register_rsps: *NOTICE*: res->poller->pd: 0x7fc568000e20
3: [2021-10-01 16:27:42.136119] nvme_rdma.c:1020:nvme_rdma_create_resources: *NOTICE*: Created resources: qp (nil), poller 0x7fc568000b30, num_entries 128
3: [2021-10-01 16:27:42.136256] nvme_rdma.c:2525:nvme_rdma_poller_create: *NOTICE*: Created SRQ 0x7fc560000e58, device mlx5_0
3: [2021-10-01 16:27:42.136280] nvme_rdma.c: 928:nvme_rdma_register_rsps: *NOTICE*: res->poller->pd: 0x7fc560000e20
3: [2021-10-01 16:27:42.136322] nvme_rdma.c:1020:nvme_rdma_create_resources: *NOTICE*: Created resources: qp (nil), poller 0x7fc560000b30, num_entries 128
3: [2021-10-01 16:27:42.136419] nvme_rdma.c:2525:nvme_rdma_poller_create: *NOTICE*: Created SRQ 0x7fc58c008bf8, device mlx5_1
3: [2021-10-01 16:27:42.136436] nvme_rdma.c: 928:nvme_rdma_register_rsps: *NOTICE*: res->poller->pd: 0x7fc58c000fd0
3: [2021-10-01 16:27:42.136474] nvme_rdma.c:1020:nvme_rdma_create_resources: *NOTICE*: Created resources: qp (nil), poller 0x7fc58c008900, num_entries 128
1: mlx5dv_reserved_qpn_alloc 1 1
0: mlx5dv_reserved_qpn_alloc 1 1
3: [2021-10-01 16:27:42.136870] nvme_rdma.c:2525:nvme_rdma_poller_create: *NOTICE*: Created SRQ 0x7fc570008bf8, device mlx5_1
3: [2021-10-01 16:27:42.136887] nvme_rdma.c: 928:nvme_rdma_register_rsps: *NOTICE*: res->poller->pd: 0x7fc570000fc0
3: [2021-10-01 16:27:42.136922] nvme_rdma.c:1020:nvme_rdma_create_resources: *NOTICE*: Created resources: qp (nil), poller 0x7fc570008900, num_entries 128
3: [2021-10-01 16:27:42.137082] nvme_rdma.c:2525:nvme_rdma_poller_create: *NOTICE*: Created SRQ 0x7fc568008bf8, device mlx5_1
3: [2021-10-01 16:27:42.137098] nvme_rdma.c: 928:nvme_rdma_register_rsps: *NOTICE*: res->poller->pd: 0x7fc568000fc0
3: [2021-10-01 16:27:42.137133] nvme_rdma.c:1020:nvme_rdma_create_resources: *NOTICE*: Created resources: qp (nil), poller 0x7fc568008900, num_entries 128
3: [2021-10-01 16:27:42.137297] nvme_rdma.c:2525:nvme_rdma_poller_create: *NOTICE*: Created SRQ 0x7fc560008c28, device mlx5_1
3: [2021-10-01 16:27:42.137313] nvme_rdma.c: 928:nvme_rdma_register_rsps: *NOTICE*: res->poller->pd: 0x7fc560008bf0
3: [2021-10-01 16:27:42.137346] nvme_rdma.c:1020:nvme_rdma_create_resources: *NOTICE*: Created resources: qp (nil), poller 0x7fc560008900, num_entries 128
2: mlx5dv_reserved_qpn_alloc 1 1
3: mlx5dv_reserved_qpn_alloc 1 1
0: [2021-10-01 16:27:42.145926] rdma.c:2990:nvmf_process_cm_event: *NOTICE*: In RDMA_CM_EVENT_CONNECT_REQUEST
0: mlx5dv_reserved_qpn_alloc 1 1
0: [2021-10-01 16:27:42.145944] rdma.c:2990:nvmf_process_cm_event: *NOTICE*: In RDMA_CM_EVENT_CONNECT_REQUEST
0: mlx5dv_reserved_qpn_alloc 1 1
0: [2021-10-01 16:27:42.145960] rdma.c:2990:nvmf_process_cm_event: *NOTICE*: In RDMA_CM_EVENT_CONNECT_REQUEST
0: mlx5dv_reserved_qpn_alloc 1 1
0: [2021-10-01 16:27:42.145973] rdma.c:2990:nvmf_process_cm_event: *NOTICE*: In RDMA_CM_EVENT_CONNECT_REQUEST
0: [2021-10-01 16:27:42.145984] rdma.c:2990:nvmf_process_cm_event: *NOTICE*: In RDMA_CM_EVENT_CONNECT_REQUEST
0: mlx5dv_reserved_qpn_alloc 1 1
0: mlx5dv_reserved_qpn_alloc 1 1
4: [2021-10-01 16:27:42.146001] nvme_rdma.c:1386:_nvme_rdma_ctrlr_connect_qpair: *NOTICE*: Connect rdma qpair: pg 0x7fd0e0000a90, srq depth 128
0: [2021-10-01 16:27:42.145989] nvme_rdma.c:1386:_nvme_rdma_ctrlr_connect_qpair: *NOTICE*: Connect rdma qpair: pg 0x7f3a44000a90, srq depth 128
1: [2021-10-01 16:27:42.146268] nvme_rdma.c:1386:_nvme_rdma_ctrlr_connect_qpair: *NOTICE*: Connect rdma qpair: pg 0x7f9958000a90, srq depth 128
2: [2021-10-01 16:27:42.146404] nvme_rdma.c:1386:_nvme_rdma_ctrlr_connect_qpair: *NOTICE*: Connect rdma qpair: pg 0x7faad8000a90, srq depth 128
3: [2021-10-01 16:27:42.143663] nvme_rdma.c:1386:_nvme_rdma_ctrlr_connect_qpair: *NOTICE*: Connect rdma qpair: pg 0x7fc5ac000a90, srq depth 128
0: mlx5dv_reserved_qpn_alloc 1 1
3: mlx5dv_reserved_qpn_alloc 1 1
1: mlx5dv_reserved_qpn_alloc 1 1
2: mlx5dv_reserved_qpn_alloc 1 1
4: mlx5dv_reserved_qpn_alloc 1 1
0: [2021-10-01 16:27:42.155909] rdma.c:2990:nvmf_process_cm_event: *NOTICE*: In RDMA_CM_EVENT_CONNECT_REQUEST
0: mlx5dv_reserved_qpn_alloc 1 1
0: [2021-10-01 16:27:42.155926] rdma.c:2990:nvmf_process_cm_event: *NOTICE*: In RDMA_CM_EVENT_CONNECT_REQUEST
0: mlx5dv_reserved_qpn_alloc 1 1
0: [2021-10-01 16:27:42.155936] rdma.c:2990:nvmf_process_cm_event: *NOTICE*: In RDMA_CM_EVENT_CONNECT_REQUEST
0: mlx5dv_reserved_qpn_alloc 1 1
0: [2021-10-01 16:27:42.155945] rdma.c:2990:nvmf_process_cm_event: *NOTICE*: In RDMA_CM_EVENT_CONNECT_REQUEST
0: mlx5dv_reserved_qpn_alloc 1 1
0: [2021-10-01 16:27:42.155968] rdma.c:2990:nvmf_process_cm_event: *NOTICE*: In RDMA_CM_EVENT_CONNECT_REQUEST
0: mlx5dv_reserved_qpn_alloc 1 1
0: [2021-10-01 16:27:42.155948] nvme_rdma.c:1386:_nvme_rdma_ctrlr_connect_qpair: *NOTICE*: Connect rdma qpair: pg 0x7f3a48000a90, srq depth 128
3: [2021-10-01 16:27:42.153591] nvme_rdma.c:1386:_nvme_rdma_ctrlr_connect_qpair: *NOTICE*: Connect rdma qpair: pg 0x7fc5b0000a90, srq depth 128
2: [2021-10-01 16:27:42.156372] nvme_rdma.c:1386:_nvme_rdma_ctrlr_connect_qpair: *NOTICE*: Connect rdma qpair: pg 0x7faacc000a90, srq depth 128
1: [2021-10-01 16:27:42.156240] nvme_rdma.c:1386:_nvme_rdma_ctrlr_connect_qpair: *NOTICE*: Connect rdma qpair: pg 0x7f994c000a90, srq depth 128
4: [2021-10-01 16:27:42.156022] nvme_rdma.c:1386:_nvme_rdma_ctrlr_connect_qpair: *NOTICE*: Connect rdma qpair: pg 0x7fd0f0000a90, srq depth 128
3: [2021-10-01 16:27:42.154997] nvme_rdma.c:2525:nvme_rdma_poller_create: *NOTICE*: Created SRQ 0x7fc528000e58, device mlx5_0
3: [2021-10-01 16:27:42.155024] nvme_rdma.c: 928:nvme_rdma_register_rsps: *NOTICE*: res->poller->pd: 0x7fc528000e20
3: [2021-10-01 16:27:42.155059] nvme_rdma.c:1020:nvme_rdma_create_resources: *NOTICE*: Created resources: qp (nil), poller 0x7fc528000b30, num_entries 128
3: [2021-10-01 16:27:42.155735] nvme_rdma.c:2525:nvme_rdma_poller_create: *NOTICE*: Created SRQ 0x7fc528006c78, device mlx5_1
3: [2021-10-01 16:27:42.155751] nvme_rdma.c: 928:nvme_rdma_register_rsps: *NOTICE*: res->poller->pd: 0x7fc528006c40
3: [2021-10-01 16:27:42.155791] nvme_rdma.c:1020:nvme_rdma_create_resources: *NOTICE*: Created resources: qp (nil), poller 0x7fc528006950, num_entries 128
2: mlx5dv_reserved_qpn_alloc 1 1
0: mlx5dv_reserved_qpn_alloc 1 1
1: mlx5dv_reserved_qpn_alloc 1 1
3: mlx5dv_reserved_qpn_alloc 1 1
4: mlx5dv_reserved_qpn_alloc 1 1
0: [2021-10-01 16:27:42.165893] rdma.c:2990:nvmf_process_cm_event: *NOTICE*: In RDMA_CM_EVENT_CONNECT_REQUEST
0: mlx5dv_reserved_qpn_alloc 1 1
0: [2021-10-01 16:27:42.165911] rdma.c:2990:nvmf_process_cm_event: *NOTICE*: In RDMA_CM_EVENT_CONNECT_REQUEST
0: [2021-10-01 16:27:42.165922] rdma.c:2990:nvmf_process_cm_event: *NOTICE*: In RDMA_CM_EVENT_CONNECT_REQUEST
0: mlx5dv_reserved_qpn_alloc 1 1
0: [2021-10-01 16:27:42.165935] rdma.c:2990:nvmf_process_cm_event: *NOTICE*: In RDMA_CM_EVENT_CONNECT_REQUEST
0: mlx5dv_reserved_qpn_alloc 1 1
0: [2021-10-01 16:27:42.165946] rdma.c:2990:nvmf_process_cm_event: *NOTICE*: In RDMA_CM_EVENT_CONNECT_REQUEST
0: mlx5dv_reserved_qpn_alloc 1 1
0: mlx5dv_reserved_qpn_alloc 1 1
2: [2021-10-01 16:27:42.166300] nvme_rdma.c:1386:_nvme_rdma_ctrlr_connect_qpair: *NOTICE*: Connect rdma qpair: pg 0x7faac8000a90, srq depth 128
1: [2021-10-01 16:27:42.166217] nvme_rdma.c:1386:_nvme_rdma_ctrlr_connect_qpair: *NOTICE*: Connect rdma qpair: pg 0x7f9944000a90, srq depth 128
3: [2021-10-01 16:27:42.163613] nvme_rdma.c:1386:_nvme_rdma_ctrlr_connect_qpair: *NOTICE*: Connect rdma qpair: pg 0x7fc5a8000a90, srq depth 128
4: [2021-10-01 16:27:42.165999] nvme_rdma.c:1386:_nvme_rdma_ctrlr_connect_qpair: *NOTICE*: Connect rdma qpair: pg 0x7fd0ec000a90, srq depth 128
0: [2021-10-01 16:27:42.165980] nvme_rdma.c:1386:_nvme_rdma_ctrlr_connect_qpair: *NOTICE*: Connect rdma qpair: pg 0x7f3a3c000a90, srq depth 128
1: mlx5dv_reserved_qpn_alloc 1 1
2: mlx5dv_reserved_qpn_alloc 1 1
0: mlx5dv_reserved_qpn_alloc 1 1
3: mlx5dv_reserved_qpn_alloc 1 1
4: mlx5dv_reserved_qpn_alloc 1 1
0: [2021-10-01 16:27:42.175875] rdma.c:2990:nvmf_process_cm_event: *NOTICE*: In RDMA_CM_EVENT_CONNECT_REQUEST
0: mlx5dv_reserved_qpn_alloc 1 1
0: [2021-10-01 16:27:42.175893] rdma.c:2990:nvmf_process_cm_event: *NOTICE*: In RDMA_CM_EVENT_CONNECT_REQUEST
0: mlx5dv_reserved_qpn_alloc 1 1
0: [2021-10-01 16:27:42.175908] rdma.c:2990:nvmf_process_cm_event: *NOTICE*: In RDMA_CM_EVENT_CONNECT_REQUEST
0: mlx5dv_reserved_qpn_alloc 1 1
0: [2021-10-01 16:27:42.175921] rdma.c:2990:nvmf_process_cm_event: *NOTICE*: In RDMA_CM_EVENT_CONNECT_REQUEST
0: mlx5dv_reserved_qpn_alloc 1 1
0: [2021-10-01 16:27:42.175950] rdma.c:2990:nvmf_process_cm_event: *NOTICE*: In RDMA_CM_EVENT_CONNECT_REQUEST
0: mlx5dv_reserved_qpn_alloc 1 1
1: [2021-10-01 16:27:42.176179] nvme_rdma.c:1386:_nvme_rdma_ctrlr_connect_qpair: *NOTICE*: Connect rdma qpair: pg 0x7f9954000a90, srq depth 128
0: [2021-10-01 16:27:42.175925] nvme_rdma.c:1386:_nvme_rdma_ctrlr_connect_qpair: *NOTICE*: Connect rdma qpair: pg 0x18a1f80, srq depth 128
3: [2021-10-01 16:27:42.173563] nvme_rdma.c:1386:_nvme_rdma_ctrlr_connect_qpair: *NOTICE*: Connect rdma qpair: pg 0x7fc5a0000a90, srq depth 128
2: [2021-10-01 16:27:42.176345] nvme_rdma.c:1386:_nvme_rdma_ctrlr_connect_qpair: *NOTICE*: Connect rdma qpair: pg 0x24f5f80, srq depth 128
4: [2021-10-01 16:27:42.175997] nvme_rdma.c:1386:_nvme_rdma_ctrlr_connect_qpair: *NOTICE*: Connect rdma qpair: pg 0x7fd0e4000a90, srq depth 128
1: mlx5dv_reserved_qpn_alloc 1 1
0: mlx5dv_reserved_qpn_alloc 1 1
3: mlx5dv_reserved_qpn_alloc 1 1
2: mlx5dv_reserved_qpn_alloc 1 1
4: mlx5dv_reserved_qpn_alloc 1 1
0: [2021-10-01 16:27:42.185860] rdma.c:2990:nvmf_process_cm_event: *NOTICE*: In RDMA_CM_EVENT_CONNECT_REQUEST
0: mlx5dv_reserved_qpn_alloc 1 1
0: [2021-10-01 16:27:42.185878] rdma.c:2990:nvmf_process_cm_event: *NOTICE*: In RDMA_CM_EVENT_CONNECT_REQUEST
0: mlx5dv_reserved_qpn_alloc 1 1
0: [2021-10-01 16:27:42.185891] rdma.c:2990:nvmf_process_cm_event: *NOTICE*: In RDMA_CM_EVENT_CONNECT_REQUEST
0: mlx5dv_reserved_qpn_alloc 1 1
0: [2021-10-01 16:27:42.185901] rdma.c:2990:nvmf_process_cm_event: *NOTICE*: In RDMA_CM_EVENT_CONNECT_REQUEST
0: mlx5dv_reserved_qpn_alloc 1 1
0: [2021-10-01 16:27:42.185916] rdma.c:2990:nvmf_process_cm_event: *NOTICE*: In RDMA_CM_EVENT_CONNECT_REQUEST
0: mlx5dv_reserved_qpn_alloc 1 1
1: [2021-10-01 16:27:42.186165] nvme_rdma.c:1386:_nvme_rdma_ctrlr_connect_qpair: *NOTICE*: Connect rdma qpair: pg 0x7f9940000a90, srq depth 128
2: [2021-10-01 16:27:42.186308] nvme_rdma.c:1386:_nvme_rdma_ctrlr_connect_qpair: *NOTICE*: Connect rdma qpair: pg 0x7faabc000ab0, srq depth 128
0: [2021-10-01 16:27:42.185910] nvme_rdma.c:1386:_nvme_rdma_ctrlr_connect_qpair: *NOTICE*: Connect rdma qpair: pg 0x7f3a38000a90, srq depth 128
3: [2021-10-01 16:27:42.183551] nvme_rdma.c:1386:_nvme_rdma_ctrlr_connect_qpair: *NOTICE*: Connect rdma qpair: pg 0x7fc598000a90, srq depth 128
4: [2021-10-01 16:27:42.185982] nvme_rdma.c:1386:_nvme_rdma_ctrlr_connect_qpair: *NOTICE*: Connect rdma qpair: pg 0x7fd0b4000ab0, srq depth 128
0: mlx5dv_reserved_qpn_alloc 1 1
3: mlx5dv_reserved_qpn_alloc 1 1
1: mlx5dv_reserved_qpn_alloc 1 1
2: mlx5dv_reserved_qpn_alloc 1 1
4: mlx5dv_reserved_qpn_alloc 1 1
0: [2021-10-01 16:27:42.195842] rdma.c:2990:nvmf_process_cm_event: *NOTICE*: In RDMA_CM_EVENT_CONNECT_REQUEST
0: mlx5dv_reserved_qpn_alloc 1 1
0: [2021-10-01 16:27:42.195859] rdma.c:2990:nvmf_process_cm_event: *NOTICE*: In RDMA_CM_EVENT_CONNECT_REQUEST
0: mlx5dv_reserved_qpn_alloc 1 1
0: [2021-10-01 16:27:42.195871] rdma.c:2990:nvmf_process_cm_event: *NOTICE*: In RDMA_CM_EVENT_CONNECT_REQUEST
0: [2021-10-01 16:27:42.195884] rdma.c:2990:nvmf_process_cm_event: *NOTICE*: In RDMA_CM_EVENT_CONNECT_REQUEST
0: mlx5dv_reserved_qpn_alloc 1 1
0: [2021-10-01 16:27:42.195896] rdma.c:2990:nvmf_process_cm_event: *NOTICE*: In RDMA_CM_EVENT_CONNECT_REQUEST
0: mlx5dv_reserved_qpn_alloc 1 1
0: mlx5dv_reserved_qpn_alloc 1 1
0: [2021-10-01 16:27:42.195869] nvme_rdma.c:1386:_nvme_rdma_ctrlr_connect_qpair: *NOTICE*: Connect rdma qpair: pg 0x7f3a28000a90, srq depth 128
2: [2021-10-01 16:27:42.196291] nvme_rdma.c:1386:_nvme_rdma_ctrlr_connect_qpair: *NOTICE*: Connect rdma qpair: pg 0x7faad0000a90, srq depth 128
1: [2021-10-01 16:27:42.196184] nvme_rdma.c:1386:_nvme_rdma_ctrlr_connect_qpair: *NOTICE*: Connect rdma qpair: pg 0x7f9938000a90, srq depth 128
3: [2021-10-01 16:27:42.193546] nvme_rdma.c:1386:_nvme_rdma_ctrlr_connect_qpair: *NOTICE*: Connect rdma qpair: pg 0x7fc594000ab0, srq depth 128
4: [2021-10-01 16:27:42.195954] nvme_rdma.c:1386:_nvme_rdma_ctrlr_connect_qpair: *NOTICE*: Connect rdma qpair: pg 0x7fd0d8000a90, srq depth 128
2: mlx5dv_reserved_qpn_alloc 1 1
1: mlx5dv_reserved_qpn_alloc 1 1
0: mlx5dv_reserved_qpn_alloc 1 1
3: mlx5dv_reserved_qpn_alloc 1 1
4: mlx5dv_reserved_qpn_alloc 1 1
0: [2021-10-01 16:27:42.205825] rdma.c:2990:nvmf_process_cm_event: *NOTICE*: In RDMA_CM_EVENT_CONNECT_REQUEST
0: mlx5dv_reserved_qpn_alloc 1 1
0: [2021-10-01 16:27:42.205841] rdma.c:2990:nvmf_process_cm_event: *NOTICE*: In RDMA_CM_EVENT_CONNECT_REQUEST
0: mlx5dv_reserved_qpn_alloc 1 1
0: [2021-10-01 16:27:42.205851] rdma.c:2990:nvmf_process_cm_event: *NOTICE*: In RDMA_CM_EVENT_CONNECT_REQUEST
0: mlx5dv_reserved_qpn_alloc 1 1
0: [2021-10-01 16:27:42.205865] rdma.c:2990:nvmf_process_cm_event: *NOTICE*: In RDMA_CM_EVENT_CONNECT_REQUEST
0: mlx5dv_reserved_qpn_alloc 1 1
0: [2021-10-01 16:27:42.205878] rdma.c:2990:nvmf_process_cm_event: *NOTICE*: In RDMA_CM_EVENT_CONNECT_REQUEST
0: mlx5dv_reserved_qpn_alloc 1 1
2: [2021-10-01 16:27:42.206239] nvme_rdma.c:1386:_nvme_rdma_ctrlr_connect_qpair: *NOTICE*: Connect rdma qpair: pg 0x7faac4000a90, srq depth 128
1: [2021-10-01 16:27:42.206137] nvme_rdma.c:1386:_nvme_rdma_ctrlr_connect_qpair: *NOTICE*: Connect rdma qpair: pg 0x7f992c000ab0, srq depth 128
0: [2021-10-01 16:27:42.205878] nvme_rdma.c:1386:_nvme_rdma_ctrlr_connect_qpair: *NOTICE*: Connect rdma qpair: pg 0x7f3a18000b60, srq depth 128
3: [2021-10-01 16:27:42.203543] nvme_rdma.c:1386:_nvme_rdma_ctrlr_connect_qpair: *NOTICE*: Connect rdma qpair: pg 0xb88f80, srq depth 128
4: [2021-10-01 16:27:42.205948] nvme_rdma.c:1386:_nvme_rdma_ctrlr_connect_qpair: *NOTICE*: Connect rdma qpair: pg 0x7fd0cc000a90, srq depth 128
2: mlx5dv_reserved_qpn_alloc 1 1
3: mlx5dv_reserved_qpn_alloc 1 1
0: mlx5dv_reserved_qpn_alloc 1 1
1: mlx5dv_reserved_qpn_alloc 1 1
4: mlx5dv_reserved_qpn_alloc 1 1
0: [2021-10-01 16:27:42.215809] rdma.c:2990:nvmf_process_cm_event: *NOTICE*: In RDMA_CM_EVENT_CONNECT_REQUEST
0: [2021-10-01 16:27:42.215824] rdma.c:2990:nvmf_process_cm_event: *NOTICE*: In RDMA_CM_EVENT_CONNECT_REQUEST
0: mlx5dv_reserved_qpn_alloc 1 1
0: [2021-10-01 16:27:42.215835] rdma.c:2990:nvmf_process_cm_event: *NOTICE*: In RDMA_CM_EVENT_CONNECT_REQUEST
0: mlx5dv_reserved_qpn_alloc 1 1
0: [2021-10-01 16:27:42.215845] rdma.c:2990:nvmf_process_cm_event: *NOTICE*: In RDMA_CM_EVENT_CONNECT_REQUEST
0: mlx5dv_reserved_qpn_alloc 1 1
0: [2021-10-01 16:27:42.215860] rdma.c:2990:nvmf_process_cm_event: *NOTICE*: In RDMA_CM_EVENT_CONNECT_REQUEST
0: mlx5dv_reserved_qpn_alloc 1 1
0: mlx5dv_reserved_qpn_alloc 1 1
3: [2021-10-01 16:27:42.213495] nvme_rdma.c:1386:_nvme_rdma_ctrlr_connect_qpair: *NOTICE*: Connect rdma qpair: pg 0x7fc590000a90, srq depth 128
1: [2021-10-01 16:27:42.216147] nvme_rdma.c:1386:_nvme_rdma_ctrlr_connect_qpair: *NOTICE*: Connect rdma qpair: pg 0x166df80, srq depth 128
0: [2021-10-01 16:27:42.215879] nvme_rdma.c:1386:_nvme_rdma_ctrlr_connect_qpair: *NOTICE*: Connect rdma qpair: pg 0x7f3a2c000a90, srq depth 128
4: [2021-10-01 16:27:42.215925] nvme_rdma.c:1386:_nvme_rdma_ctrlr_connect_qpair: *NOTICE*: Connect rdma qpair: pg 0x98ff80, srq depth 128
2: [2021-10-01 16:27:42.216277] nvme_rdma.c:1386:_nvme_rdma_ctrlr_connect_qpair: *NOTICE*: Connect rdma qpair: pg 0x7faab4000ab0, srq depth 128
3: mlx5dv_reserved_qpn_alloc 1 1
1: mlx5dv_reserved_qpn_alloc 1 1
0: mlx5dv_reserved_qpn_alloc 1 1
2: mlx5dv_reserved_qpn_alloc 1 1
4: mlx5dv_reserved_qpn_alloc 1 1
0: [2021-10-01 16:27:42.225791] rdma.c:2990:nvmf_process_cm_event: *NOTICE*: In RDMA_CM_EVENT_CONNECT_REQUEST
0: mlx5dv_reserved_qpn_alloc 1 1
0: [2021-10-01 16:27:42.225811] rdma.c:2990:nvmf_process_cm_event: *NOTICE*: In RDMA_CM_EVENT_CONNECT_REQUEST
0: mlx5dv_reserved_qpn_alloc 1 1
0: [2021-10-01 16:27:42.225826] rdma.c:2990:nvmf_process_cm_event: *NOTICE*: In RDMA_CM_EVENT_CONNECT_REQUEST
0: mlx5dv_reserved_qpn_alloc 1 1
0: [2021-10-01 16:27:42.225841] rdma.c:2990:nvmf_process_cm_event: *NOTICE*: In RDMA_CM_EVENT_CONNECT_REQUEST
0: [2021-10-01 16:27:42.225854] rdma.c:2990:nvmf_process_cm_event: *NOTICE*: In RDMA_CM_EVENT_CONNECT_REQUEST
0: mlx5dv_reserved_qpn_alloc 1 1
0: mlx5dv_reserved_qpn_alloc 1 1
1: [2021-10-01 16:27:42.226091] nvme_rdma.c:1386:_nvme_rdma_ctrlr_connect_qpair: *NOTICE*: Connect rdma qpair: pg 0x7f9924000ab0, srq depth 128
3: [2021-10-01 16:27:42.223461] nvme_rdma.c:1386:_nvme_rdma_ctrlr_connect_qpair: *NOTICE*: Connect rdma qpair: pg 0x7fc584000ab0, srq depth 128
0: [2021-10-01 16:27:42.225859] nvme_rdma.c:1386:_nvme_rdma_ctrlr_connect_qpair: *NOTICE*: Connect rdma qpair: pg 0x7f3a14000ab0, srq depth 128
2: [2021-10-01 16:27:42.226292] nvme_rdma.c:1386:_nvme_rdma_ctrlr_connect_qpair: *NOTICE*: Connect rdma qpair: pg 0x7faaac000b60, srq depth 128
4: [2021-10-01 16:27:42.225935] nvme_rdma.c:1386:_nvme_rdma_ctrlr_connect_qpair: *NOTICE*: Connect rdma qpair: pg 0x7fd084000ab0, srq depth 128
2: mlx5dv_reserved_qpn_alloc 1 1
1: mlx5dv_reserved_qpn_alloc 1 1
3: mlx5dv_reserved_qpn_alloc 1 1
0: mlx5dv_reserved_qpn_alloc 1 1
4: mlx5dv_reserved_qpn_alloc 1 1
0: [2021-10-01 16:27:42.235773] rdma.c:2990:nvmf_process_cm_event: *NOTICE*: In RDMA_CM_EVENT_CONNECT_REQUEST
0: mlx5dv_reserved_qpn_alloc 1 1
0: [2021-10-01 16:27:42.235789] rdma.c:2990:nvmf_process_cm_event: *NOTICE*: In RDMA_CM_EVENT_CONNECT_REQUEST
0: mlx5dv_reserved_qpn_alloc 1 1
0: [2021-10-01 16:27:42.235800] rdma.c:2990:nvmf_process_cm_event: *NOTICE*: In RDMA_CM_EVENT_CONNECT_REQUEST
0: mlx5dv_reserved_qpn_alloc 1 1
0: [2021-10-01 16:27:42.235810] rdma.c:2990:nvmf_process_cm_event: *NOTICE*: In RDMA_CM_EVENT_CONNECT_REQUEST
0: mlx5dv_reserved_qpn_alloc 1 1
0: [2021-10-01 16:27:42.235828] rdma.c:2990:nvmf_process_cm_event: *NOTICE*: In RDMA_CM_EVENT_CONNECT_REQUEST
0: mlx5dv_reserved_qpn_alloc 1 1
2: [2021-10-01 16:27:42.236200] nvme_rdma.c:1386:_nvme_rdma_ctrlr_connect_qpair: *NOTICE*: Connect rdma qpair: pg 0x7faae0000ab0, srq depth 128
1: [2021-10-01 16:27:42.236083] nvme_rdma.c:1386:_nvme_rdma_ctrlr_connect_qpair: *NOTICE*: Connect rdma qpair: pg 0x7f9900000a90, srq depth 128
3: [2021-10-01 16:27:42.233461] nvme_rdma.c:1386:_nvme_rdma_ctrlr_connect_qpair: *NOTICE*: Connect rdma qpair: pg 0x7fc578000ab0, srq depth 128
0: [2021-10-01 16:27:42.235857] nvme_rdma.c:1386:_nvme_rdma_ctrlr_connect_qpair: *NOTICE*: Connect rdma qpair: pg 0x7f3a20000a90, srq depth 128
4: [2021-10-01 16:27:42.235905] nvme_rdma.c:1386:_nvme_rdma_ctrlr_connect_qpair: *NOTICE*: Connect rdma qpair: pg 0x7fd088000ab0, srq depth 128
3: mlx5dv_reserved_qpn_alloc 1 1
0: mlx5dv_reserved_qpn_alloc 1 1
1: mlx5dv_reserved_qpn_alloc 1 1
2: mlx5dv_reserved_qpn_alloc 1 1
4: mlx5dv_reserved_qpn_alloc 1 1
0: [2021-10-01 16:27:42.245758] rdma.c:2990:nvmf_process_cm_event: *NOTICE*: In RDMA_CM_EVENT_CONNECT_REQUEST
0: mlx5dv_reserved_qpn_alloc 1 1
0: [2021-10-01 16:27:42.245774] rdma.c:2990:nvmf_process_cm_event: *NOTICE*: In RDMA_CM_EVENT_CONNECT_REQUEST
0: [2021-10-01 16:27:42.245786] rdma.c:2990:nvmf_process_cm_event: *NOTICE*: In RDMA_CM_EVENT_CONNECT_REQUEST
0: mlx5dv_reserved_qpn_alloc 1 1
0: [2021-10-01 16:27:42.245800] rdma.c:2990:nvmf_process_cm_event: *NOTICE*: In RDMA_CM_EVENT_CONNECT_REQUEST
0: mlx5dv_reserved_qpn_alloc 1 1
0: [2021-10-01 16:27:42.245811] rdma.c:2990:nvmf_process_cm_event: *NOTICE*: In RDMA_CM_EVENT_CONNECT_REQUEST
0: mlx5dv_reserved_qpn_alloc 1 1
0: mlx5dv_reserved_qpn_alloc 1 1
3: [2021-10-01 16:27:42.243421] nvme_rdma.c:1386:_nvme_rdma_ctrlr_connect_qpair: *NOTICE*: Connect rdma qpair: pg 0x7fc580000ab0, srq depth 128
1: [2021-10-01 16:27:42.246089] nvme_rdma.c:1386:_nvme_rdma_ctrlr_connect_qpair: *NOTICE*: Connect rdma qpair: pg 0x7f9908000a90, srq depth 128
2: [2021-10-01 16:27:42.246207] nvme_rdma.c:1386:_nvme_rdma_ctrlr_connect_qpair: *NOTICE*: Connect rdma qpair: pg 0x7faac0000ab0, srq depth 128
0: [2021-10-01 16:27:42.245845] nvme_rdma.c:1386:_nvme_rdma_ctrlr_connect_qpair: *NOTICE*: Connect rdma qpair: pg 0x7f39f4000a90, srq depth 128
4: [2021-10-01 16:27:42.245928] nvme_rdma.c:1386:_nvme_rdma_ctrlr_connect_qpair: *NOTICE*: Connect rdma qpair: pg 0x7fd0d0000ab0, srq depth 128
2: Initializing NVMe Controllers
2: Attached to NVMe over Fabrics controller at 65.65.65.131:4420: nqn.2016-06.io.spdk:cnode1
2: Controller attach time is 20457.904 us (57077552 ticks)
2: Associating RDMA (addr:65.65.65.131 subnqn:nqn.2016-06.io.spdk:cnode1) NSID 1 with lcore 0
2: Associating RDMA (addr:65.65.65.131 subnqn:nqn.2016-06.io.spdk:cnode1) NSID 1 with lcore 1
2: Associating RDMA (addr:65.65.65.131 subnqn:nqn.2016-06.io.spdk:cnode1) NSID 1 with lcore 2
2: Associating RDMA (addr:65.65.65.131 subnqn:nqn.2016-06.io.spdk:cnode1) NSID 1 with lcore 3
2: Associating RDMA (addr:65.65.65.131 subnqn:nqn.2016-06.io.spdk:cnode1) NSID 1 with lcore 4
2: Associating RDMA (addr:65.65.65.131 subnqn:nqn.2016-06.io.spdk:cnode1) NSID 1 with lcore 5
2: Associating RDMA (addr:65.65.65.131 subnqn:nqn.2016-06.io.spdk:cnode1) NSID 1 with lcore 6
2: Associating RDMA (addr:65.65.65.131 subnqn:nqn.2016-06.io.spdk:cnode1) NSID 1 with lcore 7
2: Associating RDMA (addr:65.65.65.131 subnqn:nqn.2016-06.io.spdk:cnode1) NSID 1 with lcore 8
2: Associating RDMA (addr:65.65.65.131 subnqn:nqn.2016-06.io.spdk:cnode1) NSID 1 with lcore 9
2: Associating RDMA (addr:65.65.65.131 subnqn:nqn.2016-06.io.spdk:cnode1) NSID 1 with lcore 10
2: Associating RDMA (addr:65.65.65.131 subnqn:nqn.2016-06.io.spdk:cnode1) NSID 1 with lcore 11
2: Associating RDMA (addr:65.65.65.131 subnqn:nqn.2016-06.io.spdk:cnode1) NSID 1 with lcore 12
2: Associating RDMA (addr:65.65.65.131 subnqn:nqn.2016-06.io.spdk:cnode1) NSID 1 with lcore 13
2: Associating RDMA (addr:65.65.65.131 subnqn:nqn.2016-06.io.spdk:cnode1) NSID 1 with lcore 14
2: Associating RDMA (addr:65.65.65.131 subnqn:nqn.2016-06.io.spdk:cnode1) NSID 1 with lcore 15
2: Associating RDMA (addr:65.65.65.131 subnqn:nqn.2016-06.io.spdk:cnode1) NSID 1 with lcore 16
2: Associating RDMA (addr:65.65.65.131 subnqn:nqn.2016-06.io.spdk:cnode1) NSID 1 with lcore 17
2: Associating RDMA (addr:65.65.65.131 subnqn:nqn.2016-06.io.spdk:cnode1) NSID 1 with lcore 18
2: Associating RDMA (addr:65.65.65.131 subnqn:nqn.2016-06.io.spdk:cnode1) NSID 1 with lcore 19
2: Associating RDMA (addr:65.65.65.131 subnqn:nqn.2016-06.io.spdk:cnode1) NSID 1 with lcore 20
2: Associating RDMA (addr:65.65.65.131 subnqn:nqn.2016-06.io.spdk:cnode1) NSID 1 with lcore 21
2: Associating RDMA (addr:65.65.65.131 subnqn:nqn.2016-06.io.spdk:cnode1) NSID 1 with lcore 22
2: Associating RDMA (addr:65.65.65.131 subnqn:nqn.2016-06.io.spdk:cnode1) NSID 1 with lcore 23
2: Associating RDMA (addr:65.65.65.131 subnqn:nqn.2016-06.io.spdk:cnode1) NSID 1 with lcore 24
2: Associating RDMA (addr:65.65.65.131 subnqn:nqn.2016-06.io.spdk:cnode1) NSID 1 with lcore 25
2: Associating RDMA (addr:65.65.65.131 subnqn:nqn.2016-06.io.spdk:cnode1) NSID 1 with lcore 26
2: Associating RDMA (addr:65.65.65.131 subnqn:nqn.2016-06.io.spdk:cnode1) NSID 1 with lcore 27
2: Initialization complete. Launching workers.
2: IO qp on core 2 total time 29301.839 us (81752132 ticks), connect time 17388.823 us (48514816 ticks)
2: IO qp on core 1 total time 39362.019 us (109820032 ticks), connect time 27367.802 us (76356168 ticks)
2: IO qp on core 3 total time 49307.438 us (137567752 ticks), connect time 36093.335 us (100700404 ticks)
2: IO qp on core 4 total time 59271.394 us (165367188 ticks), connect time 45950.639 us (128202284 ticks)
2: IO qp on core 7 total time 69294.019 us (193330312 ticks), connect time 55514.777 us (154886228 ticks)
2: IO qp on core 0 total time 78820.221 us (219908416 ticks), connect time 65125.682 us (181700652 ticks)
2: IO qp on core 26 total time 84507.834 us (235776856 ticks), connect time 74822.473 us (208754700 ticks)
2: IO qp on core 5 total time 99265.118 us (276949680 ticks), connect time 84420.973 us (235534516 ticks)
2: IO qp on core 6 total time 109195.765 us (304656184 ticks), connect time 94115.517 us (262582292 ticks)
2: IO qp on core 24 total time 114450.010 us (319315528 ticks), connect time 104034.181 us (290255364 ticks)
2: IO qp on core 27 total time 124454.731 us (347228700 ticks), connect time 113197.065 us (315819812 ticks)
2: IO qp on core 23 total time 134689.895 us (375784808 ticks), connect time 122476.887 us (341710516 ticks)
1: mlx5dv_reserved_qpn_alloc 1 1
0: mlx5dv_reserved_qpn_alloc 1 1
3: mlx5dv_reserved_qpn_alloc 1 1
2: IO qp on core 18 total time 144697.286 us (403705428 ticks), connemlx5dv_reserved_qpn_alloc 1 1
4: mlx5dv_reserved_qpn_alloc 1 1
0: [2021-10-01 16:27:42.255740] rdma.c:2990:nvmf_process_cm_event: *NOTICE*: In RDMA_CM_EVENT_CONNECT_REQUEST
0: mlx5dv_reserved_qpn_alloc 1 1
0: [2021-10-01 16:27:42.255758] rdma.c:2990:nvmf_process_cm_event: *NOTICE*: In RDMA_CM_EVENT_CONNECT_REQUEST
0: mlx5dv_reserved_qpn_alloc 1 1
0: [2021-10-01 16:27:42.255772] rdma.c:2990:nvmf_process_cm_event: *NOTICE*: In RDMA_CM_EVENT_CONNECT_REQUEST
0: mlx5dv_reserved_qpn_alloc 1 1
0: [2021-10-01 16:27:42.255786] rdma.c:2990:nvmf_process_cm_event: *NOTICE*: In RDMA_CM_EVENT_CONNECT_REQUEST
0: mlx5dv_reserved_qpn_alloc 1 1
0: [2021-10-01 16:27:42.255802] rdma.c:2990:nvmf_process_cm_event: *NOTICE*: In RDMA_CM_EVENT_CONNECT_REQUEST
0: mlx5dv_reserved_qpn_alloc 1 1
1: [2021-10-01 16:27:42.256034] nvme_rdma.c:1386:_nvme_rdma_ctrlr_connect_qpair: *NOTICE*: Connect rdma qpair: pg 0x7f9928000b60, srq depth 128
2: [2021-10-01 16:27:42.256186] nvme_rdma.c:1386:_nvme_rdma_ctrlr_connect_qpair: *NOTICE*: Connect rdma qpair: pg 0x7faab8000ab0, srq depth 128
0: [2021-10-01 16:27:42.255785] nvme_rdma.c:1386:_nvme_rdma_ctrlr_connect_qpair: *NOTICE*: Connect rdma qpair: pg 0x7f39f0000ab0, srq depth 128
3: [2021-10-01 16:27:42.253430] nvme_rdma.c:1386:_nvme_rdma_ctrlr_connect_qpair: *NOTICE*: Connect rdma qpair: pg 0x7fc588000ab0, srq depth 128
4: [2021-10-01 16:27:42.255869] nvme_rdma.c:1386:_nvme_rdma_ctrlr_connect_qpair: *NOTICE*: Connect rdma qpair: pg 0x7fd0c4000ab0, srq depth 128
1: Initializing NVMe Controllers
1: Attached to NVMe over Fabrics controller at 65.65.65.131:4420: nqn.2016-06.io.spdk:cnode1
1: Controller attach time is 23773.576 us (66328276 ticks)
1: Associating RDMA (addr:65.65.65.131 subnqn:nqn.2016-06.io.spdk:cnode1) NSID 1 with lcore 0
1: Associating RDMA (addr:65.65.65.131 subnqn:nqn.2016-06.io.spdk:cnode1) NSID 1 with lcore 1
1: Associating RDMA (addr:65.65.65.131 subnqn:nqn.2016-06.io.spdk:cnode1) NSID 1 with lcore 2
1: Associating RDMA (addr:65.65.65.131 subnqn:nqn.2016-06.io.spdk:cnode1) NSID 1 with lcore 3
1: Associating RDMA (addr:65.65.65.131 subnqn:nqn.2016-06.io.spdk:cnode1) NSID 1 with lcore 4
1: Associating RDMA (addr:65.65.65.131 subnqn:nqn.2016-06.io.spdk:cnode1) NSID 1 with lcore 5
1: Associating RDMA (addr:65.65.65.131 subnqn:nqn.2016-06.io.spdk:cnode1) NSID 1 with lcore 6
1: Associating RDMA (addr:65.65.65.131 subnqn:nqn.2016-06.io.spdk:cnode1) NSID 1 with lcore 7
1: Associating RDMA (addr:65.65.65.131 subnqn:nqn.2016-06.io.spdk:cnode1) NSID 1 with lcore 8
1: Associating RDMA (addr:65.65.65.131 subnqn:nqn.2016-06.io.spdk:cnode1) NSID 1 with lcore 9
1: Associating RDMA (addr:65.65.65.131 subnqn:nqn.2016-06.io.spdk:cnode1) NSID 1 with lcore 10
1: Associating RDMA (addr:65.65.65.131 subnqn:nqn.2016-06.io.spdk:cnode1) NSID 1 with lcore 11
1: Associating RDMA (addr:65.65.65.131 subnqn:nqn.2016-06.io.spdk:cnode1) NSID 1 with lcore 12
1: Associating RDMA (addr:65.65.65.131 subnqn:nqn.2016-06.io.spdk:cnode1) NSID 1 with lcore 13
1: Associating RDMA (addr:65.65.65.131 subnqn:nqn.2016-06.io.spdk:cnode1) NSID 1 with lcore 14
1: Associating RDMA (addr:65.65.65.131 subnqn:nqn.2016-06.io.spdk:cnode1) NSID 1 with lcore 15
1: Associating RDMA (addr:65.65.65.131 subnqn:nqn.2016-06.io.spdk:cnode1) NSID 1 with lcore 16
1: Associating RDMA (addr:65.65.65.131 subnqn:nqn.2016-06.io.spdk:cnode1) NSID 1 with lcore 17
1: Associating RDMA (addr:65.65.65.131 subnqn:nqn.2016-06.io.spdk:cnode1) NSID 1 with lcore 18
1: Associating RDMA (addr:65.65.65.131 subnqn:nqn.2016-06.io.spdk:cnode1) NSID 1 with lcore 19
1: Associating RDMA (addr:65.65.65.131 subnqn:nqn.2016-06.io.spdk:cnode1) NSID 1 with lcore 20
1: Associating RDMA (addr:65.65.65.131 subnqn:nqn.2016-06.io.spdk:cnode1) NSID 1 with lcore 21
1: Associating RDMA (addr:65.65.65.131 subnqn:nqn.2016-06.io.spdk:cnode1) NSID 1 with lcore 22
1: Associating RDMA (addr:65.65.65.131 subnqn:nqn.2016-06.io.spdk:cnode1) NSID 1 with lcore 23
1: Associating RDMA (addr:65.65.65.131 subnqn:nqn.2016-06.io.spdk:cnode1) NSID 1 with lcore 24
1: Associating RDMA (addr:65.65.65.131 subnqn:nqn.2016-06.io.spdk:cnode1) NSID 1 with lcore 25
1: Associating RDMA (addr:65.65.65.131 subnqn:nqn.2016-06.io.spdk:cnode1) NSID 1 with lcore 26
1: Associating RDMA (addr:65.65.65.131 subnqn:nqn.2016-06.io.spdk:cnode1) NSID 1 with lcore 27
1: Initialization complete. Launching workers.
1: IO qp on core 2 total time 29500.559 us (82306560 ticks), connect time 15255.022 us (42561512 ticks)
1: IO qp on core 1 total time 39579.004 us (110425420 ticks), connect time 25245.703 us (70435512 ticks)
1: IO qp on core 3 total time 49437.994 us (137932004 ticks), connect time 34034.361 us (94955868 ticks)
1: IO qp on core 5 total time 59382.470 us (165677092 ticks), connect time 43784.473 us (122158680 ticks)
1: IO qp on core 6 total time 69351.444 us (193490528 ticks), connect time 53249.898 us (148567216 ticks)
1: IO qp on core 4 total time 79382.539 us (221477284 ticks), connect time 62203.796 us (173548592 ticks)
1: IO qp on core 7 total time 89386.126 us (249387292 ticks), connect time 71791.037 us (200296992 ticks)
1: IO qp on core 22 total time 93284.941 us (260264984 ticks), connect time 81881.805 us (228450236 ticks)
1: IO qp on core 0 total time 108986.206 us (304071516 ticks), connect time 91120.480 us (254226140 ticks)
1: IO qp on core 21 total time 112978.675 us (315210504 ticks), connect time 98398.172 us (274530900 ticks)
1: IO qp on core 10 total time 122834.444 us (342708100 ticks), connect time 107713.812 us (300521536 ticks)
1: IO qp on core 15 total time 132862.659 us (370686820 ticks), connect time 116430.784 us (324841888 ticks)
0: Initializing NVMe Controllers
0: Attached to NVMe over Fabrics controller at 65.65.65.131:4420: nqn.2016-06.io.spdk:cnode1
0: Controller attach time is 23941.355 us (66796380 ticks)
0: Associating RDMA (addr:65.65.65.131 subnqn:nqn.2016-06.io.spdk:cnode1) NSID 1 with lcore 0
0: Associating RDMA (addr:65.65.65.131 subnqn:nqn.2016-06.io.spdk:cnode1) NSID 1 with lcore 1
0: Associating RDMA (addr:65.65.65.131 subnqn:nqn.2016-06.io.spdk:cnode1) NSID 1 with lcore 2
0: Associating RDMA (addr:65.65.65.131 subnqn:nqn.2016-06.io.spdk:cnode1) NSID 1 with lcore 3
0: Associating RDMA (addr:65.65.65.131 subnqn:nqn.2016-06.io.spdk:cnode1) NSID 1 with lcore 4
0: Associating RDMA (addr:65.65.65.131 subnqn:nqn.2016-06.io.spdk:cnode1) NSID 1 with lcore 5
0: Associating RDMA (addr:65.65.65.131 subnqn:nqn.2016-06.io.spdk:cnode1) NSID 1 with lcore 6
0: Associating RDMA (addr:65.65.65.131 subnqn:nqn.2016-06.io.spdk:cnode1) NSID 1 with lcore 7
0: Associating RDMA (addr:65.65.65.131 subnqn:nqn.2016-06.io.spdk:cnode1) NSID 1 with lcore 8
0: Associating RDMA (addr:65.65.65.131 subnqn:nqn.2016-06.io.spdk:cnode1) NSID 1 with lcore 9
0: Associating RDMA (addr:65.65.65.131 subnqn:nqn.2016-06.io.spdk:cnode1) NSID 1 with lcore 10
0: Associating RDMA (addr:65.65.65.131 subnqn:nqn.2016-06.io.spdk:cnode1) NSID 1 with lcore 11
0: Associating RDMA (addr:65.65.65.131 subnqn:nqn.2016-06.io.spdk:cnode1) NSID 1 with lcore 12
0: Associating RDMA (addr:65.65.65.131 subnqn:nqn.2016-06.io.spdk:cnode1) NSID 1 with lcore 13
0: Associating RDMA (addr:65.65.65.131 subnqn:nqn.2016-06.io.spdk:cnode1) NSID 1 with lcore 14
0: Associating RDMA (addr:65.65.65.131 subnqn:nqn.2016-06.io.spdk:cnode1) NSID 1 with lcore 15
0: Associating RDMA (addr:65.65.65.131 subnqn:nqn.2016-06.io.spdk:cnode1) NSID 1 with lcore 16
0: Associating RDMA (addr:65.65.65.131 subnqn:nqn.2016-06.io.spdk:cnode1) NSID 1 with lcore 17
0: Associating RDMA (addr:65.65.65.131 subnqn:nqn.2016-06.io.spdk:cnode1) NSID 1 with lcore 18
0: Associating RDMA (addr:65.65.65.131 subnqn:nqn.2016-06.io.spdk:cnode1) NSID 1 with lcore 19
3: Initializing NVMe Controllers
3: Attached to NVMe over Fabrics controller at 65.65.65.131:4420: nqn.2016-06.io.spdk:cnode1
3: Controller attach time is 23560.204 us (65732968 ticks)
3: Associating RDMA (addr:65.65.65.131 subnqn:nqn.2016-06.io.spdk:cnode1) NSID 1 with lcore 0
3: Associating RDMA (addr:65.65.65.131 subnqn:nqn.2016-06.io.spdk:cnode1) NSID 1 with lcore 1
3: Associating RDMA (addr:65.65.65.131 subnqn:nqn.2016-06.io.spdk:cnode1) NSID 1 with lcore 2
3: Associating RDMA (addr:65.65.65.131 subnqn:nqn.2016-06.io.spdk:cnode1) NSID 1 with lcore 3
3: Associating RDMA (addr:65.65.65.131 subnqn:nqn.2016-06.io.spdk:cnode1) NSID 1 with lcore 4
3: Associating RDMA (addr:65.65.65.131 subnqn:nqn.2016-06.io.spdk:cnode1) NSID 1 with lcore 5
3: Associating RDMA (addr:65.65.65.131 subnqn:nqn.2016-06.io.spdk:cnode1) NSID 1 with lcore 6
3: Associating RDMA (addr:65.65.65.131 subnqn:nqn.2016-06.io.spdk:cnode1) NSID 1 with lcore 7
3: Associating RDMA (addr:65.65.65.131 subnqn:nqn.2016-06.io.spdk:cnode1) NSID 1 with lcore 8
3: Associating RDMA (addr:65.65.65.131 subnqn:nqn.2016-06.io.spdk:cnode1) NSID 1 with lcore 9
3: Associating RDMA (addr:65.65.65.131 subnqn:nqn.2016-06.io.spdk:cnode1) NSID 1 with lcore 10
3: Associating RDMA (addr:65.65.65.131 subnqn:nqn.2016-06.io.spdk:cnode1) NSID 1 with lcore 11
3: Associating RDMA (addr:65.65.65.131 subnqn:nqn.2016-06.io.spdk:cnode1) NSID 1 with lcore 12
3: Associating RDMA (addr:65.65.65.131 subnqn:nqn.2016-06.io.spdk:cnode1) NSID 1 with lcore 13
3: Associating RDMA (addr:65.65.65.131 subnqn:nqn.2016-06.io.spdk:cnode1) NSID 1 with lcore 14
3: Associating RDMA (addr:65.65.65.131 subnqn:nqn.2016-06.io.spdk:cnode1) NSID 1 with lcore 15
3: Associating RDMA (addr:65.65.65.131 subnqn:nqn.2016-06.io.spdk:cnode1) NSID 1 with lcore 16
3: Associating RDMA (addr:65.65.65.131 subnqn:nqn.2016-06.io.spdk:cnode1) NSID 1 with lcore 17
3: Associating RDMA (addr:65.65.65.131 subnqn:nqn.2016-06.io.spdk:cnode1) NSID 1 with lcore 18
3: Associating RDMA (addr:65.65.65.131 subnqn:nqn.2016-06.io.spdk:cnode1) NSID 1 with lcore 19
0: Associating RDMA (addr:65.65.65.131 subnqn:nqn.2016-06.io.spdk:cnode1) NSID 1 with lcore 20
0: Associating RDMA (addr:65.65.65.131 subnqn:nqn.2016-06.io.spdk:cnode1) NSID 1 with lcore 21
0: Associating RDMA (addr:65.65.65.131 subnqn:nqn.2016-06.io.spdk:cnode1) NSID 1 with lcore 22
0: Associating RDMA (addr:65.65.65.131 subnqn:nqn.2016-06.io.spdk:cnode1) NSID 1 with lcore 23
0: Associating RDMA (addr:65.65.65.131 subnqn:nqn.2016-06.io.spdk:cnode1) NSID 1 with lcore 24
0: Associating RDMA (addr:65.65.65.131 subnqn:nqn.2016-06.io.spdk:cnode1) NSID 1 with lcore 25
0: Associating RDMA (addr:65.65.65.131 subnqn:nqn.2016-06.io.spdk:cnode1) NSID 1 with lcore 26
0: Associating RDMA (addr:65.65.65.131 subnqn:nqn.2016-06.io.spdk:cnode1) NSID 1 with lcore 27
0: Initialization complete. Launching workers.
0: IO qp on core 2 total time 29536.939 us (82408060 ticks), connect time 14482.001 us (40404784 ticks)
0: IO qp on core 3 total time 39487.697 us (110170676 ticks), connect time 23537.894 us (65670724 ticks)
0: IO qp on core 1 total time 49470.651 us (138023116 ticks), connect time 33128.085 us (92427356 ticks)
0: IO qp on core 5 total time 59549.728 us (166143740 ticks), connect time 42473.822 us (118501964 ticks)
0: IO qp on core 0 total time 69102.655 us (192796408 ticks), connect time 51727.812 us (144320596 ticks)
0: IO qp on core 4 total time 79502.497 us (221811968 ticks), connect time 61254.376 us (170899708 ticks)
0: IO qp on core 6 total time 89443.190 us (249546500 ticks), connect time 70862.249 us (197705676 ticks)
0: IO qp on core 26 total time 92677.943 us (258571460 ticks), connect time 80537.835 us (224700560 ticks)
0: IO qp on core 7 total time 109511.723 us (305537708 ticks), connect time 89774.232 us (250470108 ticks)
0: IO qp on core 19 total time 112692.052 us (314410824 ticks), connect time 99807.425 us (278462716 ticks)
0: IO qp on core 9 total time 122583.619 us (342008296 ticks), connect time 109018.141 us (304160612 ticks)
0: IO qp on core 15 total time 132294.169 us (369100732 ticks), connect time 118685.667 us (331133012 ticks)
3: Associating RDMA (addr:65.65.65.131 subnqn:nqn.2016-06.io.spdk:cnode1) NSID 1 with lcore 20
3: Associating RDMA (addr:65.65.65.131 subnqn:nqn.2016-06.io.spdk:cnode1) NSID 1 with lcore 21
3: Associating RDMA (addr:65.65.65.131 subnqn:nqn.2016-06.io.spdk:cnode1) NSID 1 with lcore 22
3: Associating RDMA (addr:65.65.65.131 subnqn:nqn.2016-06.io.spdk:cnode1) NSID 1 with lcore 23
3: Associating RDMA (addr:65.65.65.131 subnqn:nqn.2016-06.io.spdk:cnode1) NSID 1 with lcore 24
3: Associating RDMA (addr:65.65.65.131 subnqn:nqn.2016-06.io.spdk:cnode1) NSID 1 with lcore 25
3: Associating RDMA (addr:65.65.65.131 subnqn:nqn.2016-06.io.spdk:cnode1) NSID 1 with lcore 26
3: Associating RDMA (addr:65.65.65.131 subnqn:nqn.2016-06.io.spdk:cnode1) NSID 1 with lcore 27
3: Initialization complete. Launching workers.
3: IO qp on core 3 total time 29509.913 us (82332656 ticks), connect time 15703.313 us (43812244 ticks)
3: IO qp on core 1 total time 39616.839 us (110530980 ticks), connect time 26373.973 us (73583384 ticks)
3: IO qp on core 2 total time 49549.372 us (138242748 ticks), connect time 35773.834 us (99808996 ticks)
3: IO qp on core 4 total time 59498.173 us (165999904 ticks), connect time 45016.995 us (125597416 ticks)
3: IO qp on core 5 total time 69466.033 us (193810232 ticks), connect time 54432.271 us (151866036 ticks)
3: IO qp on core 6 total time 79365.177 us (221428844 ticks), connect time 64105.217 us (178853556 ticks)
3: IO qp on core 27 total time 82752.424 us (230879264 ticks), connect time 73841.098 us (206016664 ticks)
3: IO qp on core 0 total time 99081.804 us (276438232 ticks), connect time 83104.381 us (231861224 ticks)
3: IO qp on core 7 total time 109432.541 us (305316788 ticks), connect time 92780.108 us (258856500 ticks)
3: IO qp on core 21 total time 112705.961 us (314449632 ticks), connect time 102760.873 us (286702836 ticks)
3: IO qp on core 23 total time 122413.802 us (341534508 ticks), connect time 111732.776 us (311734444 ticks)
3: IO qp on core 20 total time 132508.996 us (369700100 ticks), connect time 121309.177 us (338452604 ticks)
1: IO qp on core 20 total time 142976.370 us (398904072 ticks), connectmlx5dv_reserved_qpn_alloc 1 1
3: IO qp on core 25 total time 142977.123 us (398906172 ticks), connecmlx5dv_reserved_qpn_alloc 1 1
2: mlx5dv_reserved_qpn_alloc 1 1
0: IO qp on core 22 total time 142671.029 us (398052172 ticks), connect mlx5dv_reserved_qpn_alloc 1 1
4: mlx5dv_reserved_qpn_alloc 1 1
0: [2021-10-01 16:27:42.265725] rdma.c:2990:nvmf_process_cm_event: *NOTICE*: In RDMA_CM_EVENT_CONNECT_REQUEST
0: mlx5dv_reserved_qpn_alloc 1 1
0: [2021-10-01 16:27:42.265744] rdma.c:2990:nvmf_process_cm_event: *NOTICE*: In RDMA_CM_EVENT_CONNECT_REQUEST
0: mlx5dv_reserved_qpn_alloc 1 1
0: [2021-10-01 16:27:42.265753] rdma.c:2990:nvmf_process_cm_event: *NOTICE*: In RDMA_CM_EVENT_CONNECT_REQUEST
0: mlx5dv_reserved_qpn_alloc 1 1
0: [2021-10-01 16:27:42.265770] rdma.c:2990:nvmf_process_cm_event: *NOTICE*: In RDMA_CM_EVENT_CONNECT_REQUEST
0: mlx5dv_reserved_qpn_alloc 1 1
0: [2021-10-01 16:27:42.265783] rdma.c:2990:nvmf_process_cm_event: *NOTICE*: In RDMA_CM_EVENT_CONNECT_REQUEST
0: mlx5dv_reserved_qpn_alloc 1 1
1: [2021-10-01 16:27:42.266011] nvme_rdma.c:1386:_nvme_rdma_ctrlr_connect_qpair: *NOTICE*: Connect rdma qpair: pg 0x7f98d8000ab0, srq depth 128
3: [2021-10-01 16:27:42.263413] nvme_rdma.c:1386:_nvme_rdma_ctrlr_connect_qpair: *NOTICE*: Connect rdma qpair: pg 0x7fc59c000b60, srq depth 128
2: [2021-10-01 16:27:42.266167] nvme_rdma.c:1386:_nvme_rdma_ctrlr_connect_qpair: *NOTICE*: Connect rdma qpair: pg 0x7faa8c000ab0, srq depth 128
0: [2021-10-01 16:27:42.265796] nvme_rdma.c:1386:_nvme_rdma_ctrlr_connect_qpair: *NOTICE*: Connect rdma qpair: pg 0x7f39e0000ab0, srq depth 128
4: [2021-10-01 16:27:42.265841] nvme_rdma.c:1386:_nvme_rdma_ctrlr_connect_qpair: *NOTICE*: Connect rdma qpair: pg 0x7fd0dc000b60, srq depth 128
4: Initializing NVMe Controllers
4: Attached to NVMe over Fabrics controller at 65.65.65.131:4420: nqn.2016-06.io.spdk:cnode1
4: Controller attach time is 24154.847 us (67392024 ticks)
4: Associating RDMA (addr:65.65.65.131 subnqn:nqn.2016-06.io.spdk:cnode1) NSID 1 with lcore 0
4: Associating RDMA (addr:65.65.65.131 subnqn:nqn.2016-06.io.spdk:cnode1) NSID 1 with lcore 1
4: Associating RDMA (addr:65.65.65.131 subnqn:nqn.2016-06.io.spdk:cnode1) NSID 1 with lcore 2
4: Associating RDMA (addr:65.65.65.131 subnqn:nqn.2016-06.io.spdk:cnode1) NSID 1 with lcore 3
4: Associating RDMA (addr:65.65.65.131 subnqn:nqn.2016-06.io.spdk:cnode1) NSID 1 with lcore 4
4: Associating RDMA (addr:65.65.65.131 subnqn:nqn.2016-06.io.spdk:cnode1) NSID 1 with lcore 5
4: Associating RDMA (addr:65.65.65.131 subnqn:nqn.2016-06.io.spdk:cnode1) NSID 1 with lcore 6
4: Associating RDMA (addr:65.65.65.131 subnqn:nqn.2016-06.io.spdk:cnode1) NSID 1 with lcore 7
4: Associating RDMA (addr:65.65.65.131 subnqn:nqn.2016-06.io.spdk:cnode1) NSID 1 with lcore 8
4: Associating RDMA (addr:65.65.65.131 subnqn:nqn.2016-06.io.spdk:cnode1) NSID 1 with lcore 9
4: Associating RDMA (addr:65.65.65.131 subnqn:nqn.2016-06.io.spdk:cnode1) NSID 1 with lcore 10
4: Associating RDMA (addr:65.65.65.131 subnqn:nqn.2016-06.io.spdk:cnode1) NSID 1 with lcore 11
4: Associating RDMA (addr:65.65.65.131 subnqn:nqn.2016-06.io.spdk:cnode1) NSID 1 with lcore 12
4: Associating RDMA (addr:65.65.65.131 subnqn:nqn.2016-06.io.spdk:cnode1) NSID 1 with lcore 13
4: Associating RDMA (addr:65.65.65.131 subnqn:nqn.2016-06.io.spdk:cnode1) NSID 1 with lcore 14
4: Associating RDMA (addr:65.65.65.131 subnqn:nqn.2016-06.io.spdk:cnode1) NSID 1 with lcore 15
4: Associating RDMA (addr:65.65.65.131 subnqn:nqn.2016-06.io.spdk:cnode1) NSID 1 with lcore 16
4: Associating RDMA (addr:65.65.65.131 subnqn:nqn.2016-06.io.spdk:cnode1) NSID 1 with lcore 17
4: Associating RDMA (addr:65.65.65.131 subnqn:nqn.2016-06.io.spdk:cnode1) NSID 1 with lcore 18
4: Associating RDMA (addr:65.65.65.131 subnqn:nqn.2016-06.io.spdk:cnode1) NSID 1 with lcore 19
4: Associating RDMA (addr:65.65.65.131 subnqn:nqn.2016-06.io.spdk:cnode1) NSID 1 with lcore 20
4: Associating RDMA (addr:65.65.65.131 subnqn:nqn.2016-06.io.spdk:cnode1) NSID 1 with lcore 21
4: Associating RDMA (addr:65.65.65.131 subnqn:nqn.2016-06.io.spdk:cnode1) NSID 1 with lcore 22
4: Associating RDMA (addr:65.65.65.131 subnqn:nqn.2016-06.io.spdk:cnode1) NSID 1 with lcore 23
4: Associating RDMA (addr:65.65.65.131 subnqn:nqn.2016-06.io.spdk:cnode1) NSID 1 with lcore 24
4: Associating RDMA (addr:65.65.65.131 subnqn:nqn.2016-06.io.spdk:cnode1) NSID 1 with lcore 25
4: Associating RDMA (addr:65.65.65.131 subnqn:nqn.2016-06.io.spdk:cnode1) NSID 1 with lcore 26
4: Associating RDMA (addr:65.65.65.131 subnqn:nqn.2016-06.io.spdk:cnode1) NSID 1 with lcore 27
4: Initialization complete. Launching workers.
4: IO qp on core 3 total time 39483.001 us (110157572 ticks), connect time 17086.644 us (47671736 ticks)
4: IO qp on core 1 total time 49597.012 us (138375664 ticks), connect time 26347.016 us (73508176 ticks)
4: IO qp on core 2 total time 59644.356 us (166407752 ticks), connect time 35252.331 us (98354004 ticks)
4: IO qp on core 4 total time 69525.204 us (193975320 ticks), connect time 45174.708 us (126037436 ticks)
4: IO qp on core 23 total time 74058.334 us (206622752 ticks), connect time 55380.497 us (154511588 ticks)
4: IO qp on core 5 total time 89416.695 us (249472580 ticks), connect time 65096.056 us (181617996 ticks)
4: IO qp on core 7 total time 99377.901 us (277264344 ticks), connect time 75087.741 us (209494796 ticks)
4: IO qp on core 0 total time 108992.830 us (304089996 ticks), connect time 85073.012 us (237353704 ticks)
4: IO qp on core 22 total time 113912.922 us (317817052 ticks), connect time 95212.394 us (265642580 ticks)
4: IO qp on core 21 total time 123942.943 us (345800812 ticks), connect time 104512.800 us (291590712 ticks)
4: IO qp on core 26 total time 134509.361 us (375281116 ticks), connect time 114252.515 us (318764516 ticks)
4: IO qp on core 27 total time 143982.734 us (401711828 ticks), connect time 123941.348 us (345796360 ticks)
2: mlx5dv_reserved_qpn_alloc 1 1
3: mlx5dv_reserved_qpn_alloc 1 1
1: mlx5dv_reserved_qpn_alloc 1 1
0: mlx5dv_reserved_qpn_alloc 1 1
4: IO qp on core 24 total time 153966.189 us (429565668 ticks), conmlx5dv_reserved_qpn_alloc 1 1
0: [2021-10-01 16:27:42.275706] rdma.c:2990:nvmf_process_cm_event: *NOTICE*: In RDMA_CM_EVENT_CONNECT_REQUEST
0: mlx5dv_reserved_qpn_alloc 1 1
0: [2021-10-01 16:27:42.275722] rdma.c:2990:nvmf_process_cm_event: *NOTICE*: In RDMA_CM_EVENT_CONNECT_REQUEST
0: mlx5dv_reserved_qpn_alloc 1 1
0: [2021-10-01 16:27:42.275735] rdma.c:2990:nvmf_process_cm_event: *NOTICE*: In RDMA_CM_EVENT_CONNECT_REQUEST
0: [2021-10-01 16:27:42.275748] rdma.c:2990:nvmf_process_cm_event: *NOTICE*: In RDMA_CM_EVENT_CONNECT_REQUEST
0: mlx5dv_reserved_qpn_alloc 1 1
0: [2021-10-01 16:27:42.275759] rdma.c:2990:nvmf_process_cm_event: *NOTICE*: In RDMA_CM_EVENT_CONNECT_REQUEST
0: mlx5dv_reserved_qpn_alloc 1 1
0: mlx5dv_reserved_qpn_alloc 1 1
2: [2021-10-01 16:27:42.276119] nvme_rdma.c:1386:_nvme_rdma_ctrlr_connect_qpair: *NOTICE*: Connect rdma qpair: pg 0x7faa9c000ab0, srq depth 128
3: [2021-10-01 16:27:42.273366] nvme_rdma.c:1386:_nvme_rdma_ctrlr_connect_qpair: *NOTICE*: Connect rdma qpair: pg 0x7fc574000ab0, srq depth 128
1: [2021-10-01 16:27:42.276048] nvme_rdma.c:1386:_nvme_rdma_ctrlr_connect_qpair: *NOTICE*: Connect rdma qpair: pg 0x7f9918000a90, srq depth 128
0: [2021-10-01 16:27:42.275783] nvme_rdma.c:1386:_nvme_rdma_ctrlr_connect_qpair: *NOTICE*: Connect rdma qpair: pg 0x7f3a1c000ab0, srq depth 128
4: [2021-10-01 16:27:42.275844] nvme_rdma.c:1386:_nvme_rdma_ctrlr_connect_qpair: *NOTICE*: Connect rdma qpair: pg 0x7fd0bc000ab0, srq depth 128
1: mlx5dv_reserved_qpn_alloc 1 1
2: mlx5dv_reserved_qpn_alloc 1 1
0: mlx5dv_reserved_qpn_alloc 1 1
3: mlx5dv_reserved_qpn_alloc 1 1
4: mlx5dv_reserved_qpn_alloc 1 1
0: [2021-10-01 16:27:42.285690] rdma.c:2990:nvmf_process_cm_event: *NOTICE*: In RDMA_CM_EVENT_CONNECT_REQUEST
0: mlx5dv_reserved_qpn_alloc 1 1
0: [2021-10-01 16:27:42.285706] rdma.c:2990:nvmf_process_cm_event: *NOTICE*: In RDMA_CM_EVENT_CONNECT_REQUEST
0: mlx5dv_reserved_qpn_alloc 1 1
0: [2021-10-01 16:27:42.285718] rdma.c:2990:nvmf_process_cm_event: *NOTICE*: In RDMA_CM_EVENT_CONNECT_REQUEST
0: mlx5dv_reserved_qpn_alloc 1 1
0: [2021-10-01 16:27:42.285730] rdma.c:2990:nvmf_process_cm_event: *NOTICE*: In RDMA_CM_EVENT_CONNECT_REQUEST
0: mlx5dv_reserved_qpn_alloc 1 1
0: [2021-10-01 16:27:42.285743] rdma.c:2990:nvmf_process_cm_event: *NOTICE*: In RDMA_CM_EVENT_CONNECT_REQUEST
0: mlx5dv_reserved_qpn_alloc 1 1
1: [2021-10-01 16:27:42.285977] nvme_rdma.c:1386:_nvme_rdma_ctrlr_connect_qpair: *NOTICE*: Connect rdma qpair: pg 0x7f98e8000ab0, srq depth 128
2: [2021-10-01 16:27:42.286127] nvme_rdma.c:1386:_nvme_rdma_ctrlr_connect_qpair: *NOTICE*: Connect rdma qpair: pg 0x7faab0000ab0, srq depth 128
0: [2021-10-01 16:27:42.285746] nvme_rdma.c:1386:_nvme_rdma_ctrlr_connect_qpair: *NOTICE*: Connect rdma qpair: pg 0x7f3a34000ab0, srq depth 128
3: [2021-10-01 16:27:42.283409] nvme_rdma.c:1386:_nvme_rdma_ctrlr_connect_qpair: *NOTICE*: Connect rdma qpair: pg 0x7fc548000a90, srq depth 128
4: [2021-10-01 16:27:42.285811] nvme_rdma.c:1386:_nvme_rdma_ctrlr_connect_qpair: *NOTICE*: Connect rdma qpair: pg 0x7fd0d4000a90, srq depth 128
1: mlx5dv_reserved_qpn_alloc 1 1
3: mlx5dv_reserved_qpn_alloc 1 1
2: mlx5dv_reserved_qpn_alloc 1 1
0: mlx5dv_reserved_qpn_alloc 1 1
4: mlx5dv_reserved_qpn_alloc 1 1
0: [2021-10-01 16:27:42.295673] rdma.c:2990:nvmf_process_cm_event: *NOTICE*: In RDMA_CM_EVENT_CONNECT_REQUEST
0: [2021-10-01 16:27:42.295689] rdma.c:2990:nvmf_process_cm_event: *NOTICE*: In RDMA_CM_EVENT_CONNECT_REQUEST
0: mlx5dv_reserved_qpn_alloc 1 1
0: [2021-10-01 16:27:42.295701] rdma.c:2990:nvmf_process_cm_event: *NOTICE*: In RDMA_CM_EVENT_CONNECT_REQUEST
0: mlx5dv_reserved_qpn_alloc 1 1
0: [2021-10-01 16:27:42.295712] rdma.c:2990:nvmf_process_cm_event: *NOTICE*: In RDMA_CM_EVENT_CONNECT_REQUEST
0: mlx5dv_reserved_qpn_alloc 1 1
0: [2021-10-01 16:27:42.295721] rdma.c:2990:nvmf_process_cm_event: *NOTICE*: In RDMA_CM_EVENT_CONNECT_REQUEST
0: mlx5dv_reserved_qpn_alloc 1 1
0: mlx5dv_reserved_qpn_alloc 1 1
0: [2021-10-01 16:27:42.295715] nvme_rdma.c:1386:_nvme_rdma_ctrlr_connect_qpair: *NOTICE*: Connect rdma qpair: pg 0x7f3a10000ab0, srq depth 128
3: [2021-10-01 16:27:42.293345] nvme_rdma.c:1386:_nvme_rdma_ctrlr_connect_qpair: *NOTICE*: Connect rdma qpair: pg 0x7fc558000a90, srq depth 128
1: [2021-10-01 16:27:42.296002] nvme_rdma.c:1386:_nvme_rdma_ctrlr_connect_qpair: *NOTICE*: Connect rdma qpair: pg 0x7f98e0000ab0, srq depth 128
2: [2021-10-01 16:27:42.296124] nvme_rdma.c:1386:_nvme_rdma_ctrlr_connect_qpair: *NOTICE*: Connect rdma qpair: pg 0x7faaa4000ab0, srq depth 128
4: [2021-10-01 16:27:42.295790] nvme_rdma.c:1386:_nvme_rdma_ctrlr_connect_qpair: *NOTICE*: Connect rdma qpair: pg 0x7fd0a8000a90, srq depth 128
3: mlx5dv_reserved_qpn_alloc 1 1
1: mlx5dv_reserved_qpn_alloc 1 1
0: mlx5dv_reserved_qpn_alloc 1 1
2: mlx5dv_reserved_qpn_alloc 1 1
4: mlx5dv_reserved_qpn_alloc 1 1
0: [2021-10-01 16:27:42.305656] rdma.c:2990:nvmf_process_cm_event: *NOTICE*: In RDMA_CM_EVENT_CONNECT_REQUEST
0: mlx5dv_reserved_qpn_alloc 1 1
0: [2021-10-01 16:27:42.305676] rdma.c:2990:nvmf_process_cm_event: *NOTICE*: In RDMA_CM_EVENT_CONNECT_REQUEST
0: mlx5dv_reserved_qpn_alloc 1 1
0: [2021-10-01 16:27:42.305689] rdma.c:2990:nvmf_process_cm_event: *NOTICE*: In RDMA_CM_EVENT_CONNECT_REQUEST
0: mlx5dv_reserved_qpn_alloc 1 1
0: [2021-10-01 16:27:42.305704] rdma.c:2990:nvmf_process_cm_event: *NOTICE*: In RDMA_CM_EVENT_CONNECT_REQUEST
0: [2021-10-01 16:27:42.305720] rdma.c:2990:nvmf_process_cm_event: *NOTICE*: In RDMA_CM_EVENT_CONNECT_REQUEST
0: mlx5dv_reserved_qpn_alloc 1 1
0: mlx5dv_reserved_qpn_alloc 1 1
3: [2021-10-01 16:27:42.303315] nvme_rdma.c:1386:_nvme_rdma_ctrlr_connect_qpair: *NOTICE*: Connect rdma qpair: pg 0x7fc550000a90, srq depth 128
1: [2021-10-01 16:27:42.305971] nvme_rdma.c:1386:_nvme_rdma_ctrlr_connect_qpair: *NOTICE*: Connect rdma qpair: pg 0x7f9920000a90, srq depth 128
0: [2021-10-01 16:27:42.305713] nvme_rdma.c:1386:_nvme_rdma_ctrlr_connect_qpair: *NOTICE*: Connect rdma qpair: pg 0x7f3a24000ab0, srq depth 128
4: [2021-10-01 16:27:42.305794] nvme_rdma.c:1386:_nvme_rdma_ctrlr_connect_qpair: *NOTICE*: Connect rdma qpair: pg 0x7fd094000ab0, srq depth 128
2: [2021-10-01 16:27:42.306149] nvme_rdma.c:1386:_nvme_rdma_ctrlr_connect_qpair: *NOTICE*: Connect rdma qpair: pg 0x7faaa8000a90, srq depth 128
1: mlx5dv_reserved_qpn_alloc 1 1
3: mlx5dv_reserved_qpn_alloc 1 1
2: mlx5dv_reserved_qpn_alloc 1 1
0: mlx5dv_reserved_qpn_alloc 1 1
4: mlx5dv_reserved_qpn_alloc 1 1
0: [2021-10-01 16:27:42.315639] rdma.c:2990:nvmf_process_cm_event: *NOTICE*: In RDMA_CM_EVENT_CONNECT_REQUEST
0: mlx5dv_reserved_qpn_alloc 1 1
0: [2021-10-01 16:27:42.315655] rdma.c:2990:nvmf_process_cm_event: *NOTICE*: In RDMA_CM_EVENT_CONNECT_REQUEST
0: mlx5dv_reserved_qpn_alloc 1 1
0: [2021-10-01 16:27:42.315664] rdma.c:2990:nvmf_process_cm_event: *NOTICE*: In RDMA_CM_EVENT_CONNECT_REQUEST
0: mlx5dv_reserved_qpn_alloc 1 1
0: [2021-10-01 16:27:42.315678] rdma.c:2990:nvmf_process_cm_event: *NOTICE*: In RDMA_CM_EVENT_CONNECT_REQUEST
0: mlx5dv_reserved_qpn_alloc 1 1
0: [2021-10-01 16:27:42.315691] rdma.c:2990:nvmf_process_cm_event: *NOTICE*: In RDMA_CM_EVENT_CONNECT_REQUEST
0: mlx5dv_reserved_qpn_alloc 1 1
3: [2021-10-01 16:27:42.313296] nvme_rdma.c:1386:_nvme_rdma_ctrlr_connect_qpair: *NOTICE*: Connect rdma qpair: pg 0x7fc57c000ab0, srq depth 128
1: [2021-10-01 16:27:42.315937] nvme_rdma.c:1386:_nvme_rdma_ctrlr_connect_qpair: *NOTICE*: Connect rdma qpair: pg 0x7f9930000a90, srq depth 128
2: [2021-10-01 16:27:42.316081] nvme_rdma.c:1386:_nvme_rdma_ctrlr_connect_qpair: *NOTICE*: Connect rdma qpair: pg 0x7faa84000a90, srq depth 128
0: [2021-10-01 16:27:42.315707] nvme_rdma.c:1386:_nvme_rdma_ctrlr_connect_qpair: *NOTICE*: Connect rdma qpair: pg 0x7f3a04000a90, srq depth 128
4: [2021-10-01 16:27:42.315746] nvme_rdma.c:1386:_nvme_rdma_ctrlr_connect_qpair: *NOTICE*: Connect rdma qpair: pg 0x7fd0a4000a90, srq depth 128
3: mlx5dv_reserved_qpn_alloc 1 1
1: mlx5dv_reserved_qpn_alloc 1 1
0: mlx5dv_reserved_qpn_alloc 1 1
2: mlx5dv_reserved_qpn_alloc 1 1
4: mlx5dv_reserved_qpn_alloc 1 1
0: [2021-10-01 16:27:42.325621] rdma.c:2990:nvmf_process_cm_event: *NOTICE*: In RDMA_CM_EVENT_CONNECT_REQUEST
0: mlx5dv_reserved_qpn_alloc 1 1
0: [2021-10-01 16:27:42.325642] rdma.c:2990:nvmf_process_cm_event: *NOTICE*: In RDMA_CM_EVENT_CONNECT_REQUEST
0: [2021-10-01 16:27:42.325656] rdma.c:2990:nvmf_process_cm_event: *NOTICE*: In RDMA_CM_EVENT_CONNECT_REQUEST
0: mlx5dv_reserved_qpn_alloc 1 1
0: [2021-10-01 16:27:42.325668] rdma.c:2990:nvmf_process_cm_event: *NOTICE*: In RDMA_CM_EVENT_CONNECT_REQUEST
0: mlx5dv_reserved_qpn_alloc 1 1
0: [2021-10-01 16:27:42.325679] rdma.c:2990:nvmf_process_cm_event: *NOTICE*: In RDMA_CM_EVENT_CONNECT_REQUEST
0: mlx5dv_reserved_qpn_alloc 1 1
0: mlx5dv_reserved_qpn_alloc 1 1
3: [2021-10-01 16:27:42.323278] nvme_rdma.c:1386:_nvme_rdma_ctrlr_connect_qpair: *NOTICE*: Connect rdma qpair: pg 0x7fc540000ab0, srq depth 128
2: [2021-10-01 16:27:42.326081] nvme_rdma.c:1386:_nvme_rdma_ctrlr_connect_qpair: *NOTICE*: Connect rdma qpair: pg 0x7faa74000a90, srq depth 128
0: [2021-10-01 16:27:42.325679] nvme_rdma.c:1386:_nvme_rdma_ctrlr_connect_qpair: *NOTICE*: Connect rdma qpair: pg 0x7f3a0c000a90, srq depth 128
1: [2021-10-01 16:27:42.325986] nvme_rdma.c:1386:_nvme_rdma_ctrlr_connect_qpair: *NOTICE*: Connect rdma qpair: pg 0x7f9934000b60, srq depth 128
4: [2021-10-01 16:27:42.325745] nvme_rdma.c:1386:_nvme_rdma_ctrlr_connect_qpair: *NOTICE*: Connect rdma qpair: pg 0x7fd0b0000a90, srq depth 128
3: mlx5dv_reserved_qpn_alloc 1 1
2: mlx5dv_reserved_qpn_alloc 1 1
0: mlx5dv_reserved_qpn_alloc 1 1
1: mlx5dv_reserved_qpn_alloc 1 1
4: mlx5dv_reserved_qpn_alloc 1 1
0: [2021-10-01 16:27:42.335605] rdma.c:2990:nvmf_process_cm_event: *NOTICE*: In RDMA_CM_EVENT_CONNECT_REQUEST
0: mlx5dv_reserved_qpn_alloc 1 1
0: [2021-10-01 16:27:42.335623] rdma.c:2990:nvmf_process_cm_event: *NOTICE*: In RDMA_CM_EVENT_CONNECT_REQUEST
0: mlx5dv_reserved_qpn_alloc 1 1
0: [2021-10-01 16:27:42.335639] rdma.c:2990:nvmf_process_cm_event: *NOTICE*: In RDMA_CM_EVENT_CONNECT_REQUEST
0: mlx5dv_reserved_qpn_alloc 1 1
0: [2021-10-01 16:27:42.335652] rdma.c:2990:nvmf_process_cm_event: *NOTICE*: In RDMA_CM_EVENT_CONNECT_REQUEST
0: mlx5dv_reserved_qpn_alloc 1 1
0: [2021-10-01 16:27:42.335668] rdma.c:2990:nvmf_process_cm_event: *NOTICE*: In RDMA_CM_EVENT_CONNECT_REQUEST
0: mlx5dv_reserved_qpn_alloc 1 1
3: [2021-10-01 16:27:42.333256] nvme_rdma.c:1386:_nvme_rdma_ctrlr_connect_qpair: *NOTICE*: Connect rdma qpair: pg 0x7fc538000ab0, srq depth 128
0: [2021-10-01 16:27:42.335649] nvme_rdma.c:1386:_nvme_rdma_ctrlr_connect_qpair: *NOTICE*: Connect rdma qpair: pg 0x7f39dc000a90, srq depth 128
2: [2021-10-01 16:27:42.336051] nvme_rdma.c:1386:_nvme_rdma_ctrlr_connect_qpair: *NOTICE*: Connect rdma qpair: pg 0x7faa64000b60, srq depth 128
1: [2021-10-01 16:27:42.335947] nvme_rdma.c:1386:_nvme_rdma_ctrlr_connect_qpair: *NOTICE*: Connect rdma qpair: pg 0x7f98f8000a90, srq depth 128
4: [2021-10-01 16:27:42.335741] nvme_rdma.c:1386:_nvme_rdma_ctrlr_connect_qpair: *NOTICE*: Connect rdma qpair: pg 0x7fd0b8000a90, srq depth 128
1: mlx5dv_reserved_qpn_alloc 1 1
0: mlx5dv_reserved_qpn_alloc 1 1
3: mlx5dv_reserved_qpn_alloc 1 1
2: mlx5dv_reserved_qpn_alloc 1 1
4: mlx5dv_reserved_qpn_alloc 1 1
0: [2021-10-01 16:27:42.345587] rdma.c:2990:nvmf_process_cm_event: *NOTICE*: In RDMA_CM_EVENT_CONNECT_REQUEST
0: mlx5dv_reserved_qpn_alloc 1 1
0: [2021-10-01 16:27:42.345604] rdma.c:2990:nvmf_process_cm_event: *NOTICE*: In RDMA_CM_EVENT_CONNECT_REQUEST
0: mlx5dv_reserved_qpn_alloc 1 1
0: [2021-10-01 16:27:42.345613] rdma.c:2990:nvmf_process_cm_event: *NOTICE*: In RDMA_CM_EVENT_CONNECT_REQUEST
0: mlx5dv_reserved_qpn_alloc 1 1
0: [2021-10-01 16:27:42.345622] rdma.c:2990:nvmf_process_cm_event: *NOTICE*: In RDMA_CM_EVENT_CONNECT_REQUEST
0: mlx5dv_reserved_qpn_alloc 1 1
0: [2021-10-01 16:27:42.345637] rdma.c:2990:nvmf_process_cm_event: *NOTICE*: In RDMA_CM_EVENT_CONNECT_REQUEST
0: mlx5dv_reserved_qpn_alloc 1 1
0: [2021-10-01 16:27:42.345631] nvme_rdma.c:1386:_nvme_rdma_ctrlr_connect_qpair: *NOTICE*: Connect rdma qpair: pg 0x7f3a00000ab0, srq depth 128
1: [2021-10-01 16:27:42.345878] nvme_rdma.c:1386:_nvme_rdma_ctrlr_connect_qpair: *NOTICE*: Connect rdma qpair: pg 0x7f993c000ab0, srq depth 128
2: [2021-10-01 16:27:42.346036] nvme_rdma.c:1386:_nvme_rdma_ctrlr_connect_qpair: *NOTICE*: Connect rdma qpair: pg 0x7faa60000a90, srq depth 128
3: [2021-10-01 16:27:42.343256] nvme_rdma.c:1386:_nvme_rdma_ctrlr_connect_qpair: *NOTICE*: Connect rdma qpair: pg 0x7fc530000ab0, srq depth 128
4: [2021-10-01 16:27:42.345709] nvme_rdma.c:1386:_nvme_rdma_ctrlr_connect_qpair: *NOTICE*: Connect rdma qpair: pg 0x7fd098000ab0, srq depth 128
1: mlx5dv_reserved_qpn_alloc 1 1
2: mlx5dv_reserved_qpn_alloc 1 1
0: mlx5dv_reserved_qpn_alloc 1 1
3: mlx5dv_reserved_qpn_alloc 1 1
4: mlx5dv_reserved_qpn_alloc 1 1
0: [2021-10-01 16:27:42.355571] rdma.c:2990:nvmf_process_cm_event: *NOTICE*: In RDMA_CM_EVENT_CONNECT_REQUEST
0: mlx5dv_reserved_qpn_alloc 1 1
0: [2021-10-01 16:27:42.355589] rdma.c:2990:nvmf_process_cm_event: *NOTICE*: In RDMA_CM_EVENT_CONNECT_REQUEST
0: mlx5dv_reserved_qpn_alloc 1 1
0: [2021-10-01 16:27:42.355606] rdma.c:2990:nvmf_process_cm_event: *NOTICE*: In RDMA_CM_EVENT_CONNECT_REQUEST
0: [2021-10-01 16:27:42.355620] rdma.c:2990:nvmf_process_cm_event: *NOTICE*: In RDMA_CM_EVENT_CONNECT_REQUEST
0: mlx5dv_reserved_qpn_alloc 1 1
0: [2021-10-01 16:27:42.355632] rdma.c:2990:nvmf_process_cm_event: *NOTICE*: In RDMA_CM_EVENT_CONNECT_REQUEST
0: mlx5dv_reserved_qpn_alloc 1 1
0: mlx5dv_reserved_qpn_alloc 1 1
1: [2021-10-01 16:27:42.355864] nvme_rdma.c:1386:_nvme_rdma_ctrlr_connect_qpair: *NOTICE*: Connect rdma qpair: pg 0x7f9910000ab0, srq depth 128
2: [2021-10-01 16:27:42.355996] nvme_rdma.c:1386:_nvme_rdma_ctrlr_connect_qpair: *NOTICE*: Connect rdma qpair: pg 0x7faa68000a90, srq depth 128
3: [2021-10-01 16:27:42.353276] nvme_rdma.c:1386:_nvme_rdma_ctrlr_connect_qpair: *NOTICE*: Connect rdma qpair: pg 0x7fc520000b60, srq depth 128
4: [2021-10-01 16:27:42.355699] nvme_rdma.c:1386:_nvme_rdma_ctrlr_connect_qpair: *NOTICE*: Connect rdma qpair: pg 0x7fd090000ab0, srq depth 128
0: [2021-10-01 16:27:42.355682] nvme_rdma.c:1386:_nvme_rdma_ctrlr_connect_qpair: *NOTICE*: Connect rdma qpair: pg 0x7f3a08000a90, srq depth 128
2: mlx5dv_reserved_qpn_alloc 1 1
0: mlx5dv_reserved_qpn_alloc 1 1
3: mlx5dv_reserved_qpn_alloc 1 1
1: mlx5dv_reserved_qpn_alloc 1 1
4: mlx5dv_reserved_qpn_alloc 1 1
0: [2021-10-01 16:27:42.365553] rdma.c:2990:nvmf_process_cm_event: *NOTICE*: In RDMA_CM_EVENT_CONNECT_REQUEST
0: mlx5dv_reserved_qpn_alloc 1 1
0: [2021-10-01 16:27:42.365571] rdma.c:2990:nvmf_process_cm_event: *NOTICE*: In RDMA_CM_EVENT_CONNECT_REQUEST
0: mlx5dv_reserved_qpn_alloc 1 1
0: [2021-10-01 16:27:42.365581] rdma.c:2990:nvmf_process_cm_event: *NOTICE*: In RDMA_CM_EVENT_CONNECT_REQUEST
0: mlx5dv_reserved_qpn_alloc 1 1
0: [2021-10-01 16:27:42.365595] rdma.c:2990:nvmf_process_cm_event: *NOTICE*: In RDMA_CM_EVENT_CONNECT_REQUEST
0: mlx5dv_reserved_qpn_alloc 1 1
0: [2021-10-01 16:27:42.365608] rdma.c:2990:nvmf_process_cm_event: *NOTICE*: In RDMA_CM_EVENT_CONNECT_REQUEST
0: mlx5dv_reserved_qpn_alloc 1 1
2: [2021-10-01 16:27:42.365960] nvme_rdma.c:1386:_nvme_rdma_ctrlr_connect_qpair: *NOTICE*: Connect rdma qpair: pg 0x7faa94000ab0, srq depth 128
3: [2021-10-01 16:27:42.363218] nvme_rdma.c:1386:_nvme_rdma_ctrlr_connect_qpair: *NOTICE*: Connect rdma qpair: pg 0x7fc58c000ab0, srq depth 128
0: [2021-10-01 16:27:42.365600] nvme_rdma.c:1386:_nvme_rdma_ctrlr_connect_qpair: *NOTICE*: Connect rdma qpair: pg 0x7f39e4000a90, srq depth 128
1: [2021-10-01 16:27:42.366323] nvme_rdma.c:1386:_nvme_rdma_ctrlr_connect_qpair: *NOTICE*: Connect rdma qpair: pg 0x7f98f0000a90, srq depth 128
4: [2021-10-01 16:27:42.366085] nvme_rdma.c:1386:_nvme_rdma_ctrlr_connect_qpair: *NOTICE*: Connect rdma qpair: pg 0x7fd0ac000a90, srq depth 128
0: mlx5dv_reserved_qpn_alloc 1 1
2: mlx5dv_reserved_qpn_alloc 1 1
1: mlx5dv_reserved_qpn_alloc 1 1
3: mlx5dv_reserved_qpn_alloc 1 1
4: mlx5dv_reserved_qpn_alloc 1 1
0: [2021-10-01 16:27:42.375538] rdma.c:2990:nvmf_process_cm_event: *NOTICE*: In RDMA_CM_EVENT_CONNECT_REQUEST
0: [2021-10-01 16:27:42.375554] rdma.c:2990:nvmf_process_cm_event: *NOTICE*: In RDMA_CM_EVENT_CONNECT_REQUEST
0: mlx5dv_reserved_qpn_alloc 1 1
0: [2021-10-01 16:27:42.375564] rdma.c:2990:nvmf_process_cm_event: *NOTICE*: In RDMA_CM_EVENT_CONNECT_REQUEST
0: mlx5dv_reserved_qpn_alloc 1 1
0: [2021-10-01 16:27:42.375575] rdma.c:2990:nvmf_process_cm_event: *NOTICE*: In RDMA_CM_EVENT_CONNECT_REQUEST
0: mlx5dv_reserved_qpn_alloc 1 1
0: [2021-10-01 16:27:42.375587] rdma.c:2990:nvmf_process_cm_event: *NOTICE*: In RDMA_CM_EVENT_CONNECT_REQUEST
0: mlx5dv_reserved_qpn_alloc 1 1
0: mlx5dv_reserved_qpn_alloc 1 1
2: [2021-10-01 16:27:42.375962] nvme_rdma.c:1386:_nvme_rdma_ctrlr_connect_qpair: *NOTICE*: Connect rdma qpair: pg 0x7faa6c000a90, srq depth 128
1: [2021-10-01 16:27:42.375871] nvme_rdma.c:1386:_nvme_rdma_ctrlr_connect_qpair: *NOTICE*: Connect rdma qpair: pg 0x7f98c8000a90, srq depth 128
4: [2021-10-01 16:27:42.375644] nvme_rdma.c:1386:_nvme_rdma_ctrlr_connect_qpair: *NOTICE*: Connect rdma qpair: pg 0x7fd08c000a90, srq depth 128
0: [2021-10-01 16:27:42.375629] nvme_rdma.c:1386:_nvme_rdma_ctrlr_connect_qpair: *NOTICE*: Connect rdma qpair: pg 0x7f39d8000b60, srq depth 128
3: [2021-10-01 16:27:42.373240] nvme_rdma.c:1386:_nvme_rdma_ctrlr_connect_qpair: *NOTICE*: Connect rdma qpair: pg 0x7fc570000a90, srq depth 128
1: mlx5dv_reserved_qpn_alloc 1 1
2: mlx5dv_reserved_qpn_alloc 1 1
0: mlx5dv_reserved_qpn_alloc 1 1
3: mlx5dv_reserved_qpn_alloc 1 1
4: mlx5dv_reserved_qpn_alloc 1 1
0: [2021-10-01 16:27:42.385520] rdma.c:2990:nvmf_process_cm_event: *NOTICE*: In RDMA_CM_EVENT_CONNECT_REQUEST
0: mlx5dv_reserved_qpn_alloc 1 1
0: [2021-10-01 16:27:42.385538] rdma.c:2990:nvmf_process_cm_event: *NOTICE*: In RDMA_CM_EVENT_CONNECT_REQUEST
0: mlx5dv_reserved_qpn_alloc 1 1
0: [2021-10-01 16:27:42.385550] rdma.c:2990:nvmf_process_cm_event: *NOTICE*: In RDMA_CM_EVENT_CONNECT_REQUEST
0: mlx5dv_reserved_qpn_alloc 1 1
0: [2021-10-01 16:27:42.385564] rdma.c:2990:nvmf_process_cm_event: *NOTICE*: In RDMA_CM_EVENT_CONNECT_REQUEST
0: [2021-10-01 16:27:42.385575] rdma.c:2990:nvmf_process_cm_event: *NOTICE*: In RDMA_CM_EVENT_CONNECT_REQUEST
0: mlx5dv_reserved_qpn_alloc 1 1
0: mlx5dv_reserved_qpn_alloc 1 1
1: [2021-10-01 16:27:42.385816] nvme_rdma.c:1386:_nvme_rdma_ctrlr_connect_qpair: *NOTICE*: Connect rdma qpair: pg 0x7f991c000ab0, srq depth 128
2: [2021-10-01 16:27:42.385956] nvme_rdma.c:1386:_nvme_rdma_ctrlr_connect_qpair: *NOTICE*: Connect rdma qpair: pg 0x7faa7c000a90, srq depth 128
0: [2021-10-01 16:27:42.385566] nvme_rdma.c:1386:_nvme_rdma_ctrlr_connect_qpair: *NOTICE*: Connect rdma qpair: pg 0x7f39fc000ab0, srq depth 128
3: [2021-10-01 16:27:42.383225] nvme_rdma.c:1386:_nvme_rdma_ctrlr_connect_qpair: *NOTICE*: Connect rdma qpair: pg 0x7fc568000a90, srq depth 128
4: [2021-10-01 16:27:42.385631] nvme_rdma.c:1386:_nvme_rdma_ctrlr_connect_qpair: *NOTICE*: Connect rdma qpair: pg 0x7fd0a0000a90, srq depth 128
2: mlx5dv_reserved_qpn_alloc 1 1
3: mlx5dv_reserved_qpn_alloc 1 1
1: mlx5dv_reserved_qpn_alloc 1 1
0: mlx5dv_reserved_qpn_alloc 1 1
4: mlx5dv_reserved_qpn_alloc 1 1
0: [2021-10-01 16:27:42.395504] rdma.c:2990:nvmf_process_cm_event: *NOTICE*: In RDMA_CM_EVENT_CONNECT_REQUEST
0: mlx5dv_reserved_qpn_alloc 1 1
0: [2021-10-01 16:27:42.395520] rdma.c:2990:nvmf_process_cm_event: *NOTICE*: In RDMA_CM_EVENT_CONNECT_REQUEST
0: mlx5dv_reserved_qpn_alloc 1 1
0: [2021-10-01 16:27:42.395531] rdma.c:2990:nvmf_process_cm_event: *NOTICE*: In RDMA_CM_EVENT_CONNECT_REQUEST
0: mlx5dv_reserved_qpn_alloc 1 1
0: [2021-10-01 16:27:42.395545] rdma.c:2990:nvmf_process_cm_event: *NOTICE*: In RDMA_CM_EVENT_CONNECT_REQUEST
0: mlx5dv_reserved_qpn_alloc 1 1
0: [2021-10-01 16:27:42.395557] rdma.c:2990:nvmf_process_cm_event: *NOTICE*: In RDMA_CM_EVENT_CONNECT_REQUEST
0: mlx5dv_reserved_qpn_alloc 1 1
2: [2021-10-01 16:27:42.395914] nvme_rdma.c:1386:_nvme_rdma_ctrlr_connect_qpair: *NOTICE*: Connect rdma qpair: pg 0x7faa58000ab0, srq depth 128
3: [2021-10-01 16:27:42.393164] nvme_rdma.c:1386:_nvme_rdma_ctrlr_connect_qpair: *NOTICE*: Connect rdma qpair: pg 0x7fc560000a90, srq depth 128
1: [2021-10-01 16:27:42.395820] nvme_rdma.c:1386:_nvme_rdma_ctrlr_connect_qpair: *NOTICE*: Connect rdma qpair: pg 0x7f98c0000ab0, srq depth 128
0: [2021-10-01 16:27:42.395566] nvme_rdma.c:1386:_nvme_rdma_ctrlr_connect_qpair: *NOTICE*: Connect rdma qpair: pg 0x7f39f8000ab0, srq depth 128
4: [2021-10-01 16:27:42.395624] nvme_rdma.c:1386:_nvme_rdma_ctrlr_connect_qpair: *NOTICE*: Connect rdma qpair: pg 0x7fd0c0000b60, srq depth 128
3: mlx5dv_reserved_qpn_alloc 1 1
1: mlx5dv_reserved_qpn_alloc 1 1
0: mlx5dv_reserved_qpn_alloc 1 1
4: mlx5dv_reserved_qpn_alloc 1 1
0: [2021-10-01 16:27:42.405487] rdma.c:2990:nvmf_process_cm_event: *NOTICE*: In RDMA_CM_EVENT_CONNECT_REQUEST
0: mlx5dv_reserved_qpn_alloc 1 1
0: [2021-10-01 16:27:42.405505] rdma.c:2990:nvmf_process_cm_event: *NOTICE*: In RDMA_CM_EVENT_CONNECT_REQUEST
0: [2021-10-01 16:27:42.405516] rdma.c:2990:nvmf_process_cm_event: *NOTICE*: In RDMA_CM_EVENT_CONNECT_REQUEST
0: mlx5dv_reserved_qpn_alloc 1 1
0: [2021-10-01 16:27:42.405528] rdma.c:2990:nvmf_process_cm_event: *NOTICE*: In RDMA_CM_EVENT_CONNECT_REQUEST
0: mlx5dv_reserved_qpn_alloc 1 1
0: mlx5dv_reserved_qpn_alloc 1 1
0: [2021-10-01 16:27:42.405529] nvme_rdma.c:1386:_nvme_rdma_ctrlr_connect_qpair: *NOTICE*: Connect rdma qpair: pg 0x7f39e8000ab0, srq depth 128
3: [2021-10-01 16:27:42.403142] nvme_rdma.c:1386:_nvme_rdma_ctrlr_connect_qpair: *NOTICE*: Connect rdma qpair: pg 0x7fc528000a90, srq depth 128
1: [2021-10-01 16:27:42.405807] nvme_rdma.c:1386:_nvme_rdma_ctrlr_connect_qpair: *NOTICE*: Connect rdma qpair: pg 0x7f98d0000ab0, srq depth 128
4: [2021-10-01 16:27:42.405574] nvme_rdma.c:1386:_nvme_rdma_ctrlr_connect_qpair: *NOTICE*: Connect rdma qpair: pg 0x7fd09c000ab0, srq depth 128
4: mlx5dv_reserved_qpn_alloc 1 1
0: [2021-10-01 16:27:42.415468] rdma.c:2990:nvmf_process_cm_event: *NOTICE*: In RDMA_CM_EVENT_CONNECT_REQUEST
0: mlx5dv_reserved_qpn_alloc 1 1
4: [2021-10-01 16:27:42.415539] nvme_rdma.c:1386:_nvme_rdma_ctrlr_connect_qpair: *NOTICE*: Connect rdma qpair: pg 0x7fd0c8000ab0, srq depth 128
2: [2021-10-01 16:27:52.393928] dc_mlx5_dv.c: 963:spdk_rdma_qp_reset: *NOTICE*: Reset called for qp: 0x7faa64001e80
1: [2021-10-01 16:27:52.399801] dc_mlx5_dv.c: 963:spdk_rdma_qp_reset: *NOTICE*: Reset called for qp: 0x7f9930008e80
2: [2021-10-01 16:27:52.401703] dc_mlx5_dv.c: 963:spdk_rdma_qp_reset: *NOTICE*: Reset called for qp: 0x7faa94008e80
0: [2021-10-01 16:27:52.402378] dc_mlx5_dv.c: 963:spdk_rdma_qp_reset: *NOTICE*: Reset called for qp: 0x7f3a10008e80
3: [2021-10-01 16:27:52.399816] dc_mlx5_dv.c: 963:spdk_rdma_qp_reset: *NOTICE*: Reset called for qp: 0x7fc520001ea0
1: [2021-10-01 16:27:52.411877] dc_mlx5_dv.c: 963:spdk_rdma_qp_reset: *NOTICE*: Reset called for qp: 0x7f9958008ef0
0: [2021-10-01 16:27:52.411638] dc_mlx5_dv.c: 963:spdk_rdma_qp_reset: *NOTICE*: Reset called for qp: 0x7f39f0008e80
2: [2021-10-01 16:27:52.412251] dc_mlx5_dv.c: 963:spdk_rdma_qp_reset: *NOTICE*: Reset called for qp: 0x7faab8008e80
4: [2021-10-01 16:27:52.412220] dc_mlx5_dv.c: 963:spdk_rdma_qp_reset: *NOTICE*: Reset called for qp: 0x7fd0a0008e80
3: [2021-10-01 16:27:52.411117] dc_mlx5_dv.c: 963:spdk_rdma_qp_reset: *NOTICE*: Reset called for qp: 0x7fc530008e80
4: [2021-10-01 16:27:52.421935] dc_mlx5_dv.c: 963:spdk_rdma_qp_reset: *NOTICE*: Reset called for qp: 0x7fd0bc008e80
0: [2021-10-01 16:27:52.422015] dc_mlx5_dv.c: 963:spdk_rdma_qp_reset: *NOTICE*: Reset called for qp: 0x7f3a34008e80
3: [2021-10-01 16:27:52.419272] dc_mlx5_dv.c: 963:spdk_rdma_qp_reset: *NOTICE*: Reset called for qp: 0x7fc5a0008e80
1: [2021-10-01 16:27:52.427434] dc_mlx5_dv.c: 963:spdk_rdma_qp_reset: *NOTICE*: Reset called for qp: 0x7f98c0008e80
4: [2021-10-01 16:27:52.432845] dc_mlx5_dv.c: 963:spdk_rdma_qp_reset: *NOTICE*: Reset called for qp: 0x7fd0d0008e80
1: [2021-10-01 16:27:52.439363] dc_mlx5_dv.c: 963:spdk_rdma_qp_reset: *NOTICE*: Reset called for qp: 0x7f9918008e80
2: [2021-10-01 16:27:52.439509] dc_mlx5_dv.c: 963:spdk_rdma_qp_reset: *NOTICE*: Reset called for qp: 0x7faa7c008e80
3: [2021-10-01 16:27:52.439518] dc_mlx5_dv.c: 963:spdk_rdma_qp_reset: *NOTICE*: Reset called for qp: 0x7fc558008e80
4: [2021-10-01 16:27:52.442482] dc_mlx5_dv.c: 963:spdk_rdma_qp_reset: *NOTICE*: Reset called for qp: 0x7fd0a4008e80
0: [2021-10-01 16:27:52.446009] dc_mlx5_dv.c: 963:spdk_rdma_qp_reset: *NOTICE*: Reset called for qp: 0x7f3a40008ef0
3: [2021-10-01 16:27:52.448478] dc_mlx5_dv.c: 963:spdk_rdma_qp_reset: *NOTICE*: Reset called for qp: 0x7fc594008e80
0: [2021-10-01 16:27:52.452062] dc_mlx5_dv.c: 963:spdk_rdma_qp_reset: *NOTICE*: Reset called for qp: 0x7f39e0008e80
1: [2021-10-01 16:27:52.453828] dc_mlx5_dv.c: 963:spdk_rdma_qp_reset: *NOTICE*: Reset called for qp: 0x7f98f0008e80
2: [2021-10-01 16:27:52.456827] dc_mlx5_dv.c: 963:spdk_rdma_qp_reset: *NOTICE*: Reset called for qp: 0x7faad0008e80
2: [2021-10-01 16:27:52.461268] dc_mlx5_dv.c: 963:spdk_rdma_qp_reset: *NOTICE*: Reset called for qp: 0x7faac0008e80
3: [2021-10-01 16:27:52.458072] dc_mlx5_dv.c: 963:spdk_rdma_qp_reset: *NOTICE*: Reset called for qp: 0x7fc584008e80
1: [2021-10-01 16:27:52.461309] dc_mlx5_dv.c: 963:spdk_rdma_qp_reset: *NOTICE*: Reset called for qp: 0x7f9924008e80
0: [2021-10-01 16:27:52.461491] dc_mlx5_dv.c: 963:spdk_rdma_qp_reset: *NOTICE*: Reset called for qp: 0x7f3a3c008e80
2: [2021-10-01 16:27:52.470286] dc_mlx5_dv.c: 963:spdk_rdma_qp_reset: *NOTICE*: Reset called for qp: 0x7faa8c008e80
1: [2021-10-01 16:27:52.470192] dc_mlx5_dv.c: 963:spdk_rdma_qp_reset: *NOTICE*: Reset called for qp: 0x7f993c008e80
3: [2021-10-01 16:27:52.467471] dc_mlx5_dv.c: 963:spdk_rdma_qp_reset: *NOTICE*: Reset called for qp: 0x7fc550008e80
4: [2021-10-01 16:27:52.470473] dc_mlx5_dv.c: 963:spdk_rdma_qp_reset: *NOTICE*: Reset called for qp: 0x7fd098008e80
0: [2021-10-01 16:27:52.470941] dc_mlx5_dv.c: 963:spdk_rdma_qp_reset: *NOTICE*: Reset called for qp: 0x7f3a38008e80
1: [2021-10-01 16:27:52.480179] dc_mlx5_dv.c: 963:spdk_rdma_qp_reset: *NOTICE*: Reset called for qp: 0x7f98e0008e80
3: [2021-10-01 16:27:52.477000] dc_mlx5_dv.c: 963:spdk_rdma_qp_reset: *NOTICE*: Reset called for qp: 0x7fc59c001e80
0: [2021-10-01 16:27:52.479958] dc_mlx5_dv.c: 963:spdk_rdma_qp_reset: *NOTICE*: Reset called for qp: 0x7f3a18001e80
2: [2021-10-01 16:27:52.480745] dc_mlx5_dv.c: 963:spdk_rdma_qp_reset: *NOTICE*: Reset called for qp: 0x7faae4008e80
4: [2021-10-01 16:27:52.480990] dc_mlx5_dv.c: 963:spdk_rdma_qp_reset: *NOTICE*: Reset called for qp: 0x7fd0f0008ef0
4: [2021-10-01 16:27:52.489758] dc_mlx5_dv.c: 963:spdk_rdma_qp_reset: *NOTICE*: Reset called for qp: 0x7fd0ec008e80
0: [2021-10-01 16:27:52.489890] dc_mlx5_dv.c: 963:spdk_rdma_qp_reset: *NOTICE*: Reset called for qp: 0x7f3a14008e80
2: [2021-10-01 16:27:52.490614] dc_mlx5_dv.c: 963:spdk_rdma_qp_reset: *NOTICE*: Reset called for qp: 0x7faabc008e80
1: [2021-10-01 16:27:52.490517] dc_mlx5_dv.c: 963:spdk_rdma_qp_reset: *NOTICE*: Reset called for qp: 0x7f991c008e80
3: [2021-10-01 16:27:52.487508] dc_mlx5_dv.c: 963:spdk_rdma_qp_reset: *NOTICE*: Reset called for qp: 0x7fc590008e80
2: [2021-10-01 16:27:52.500092] dc_mlx5_dv.c: 963:spdk_rdma_qp_reset: *NOTICE*: Reset called for qp: 0x7faac8008e80
0: [2021-10-01 16:27:52.499906] dc_mlx5_dv.c: 963:spdk_rdma_qp_reset: *NOTICE*: Reset called for qp: 0x7f39dc008e80
3: [2021-10-01 16:27:52.497010] dc_mlx5_dv.c: 963:spdk_rdma_qp_reset: *NOTICE*: Reset called for qp: 0x7fc574008e80
1: [2021-10-01 16:27:52.500242] dc_mlx5_dv.c: 963:spdk_rdma_qp_reset: *NOTICE*: Reset called for qp: 0x7f9920008e80
4: [2021-10-01 16:27:52.500069] dc_mlx5_dv.c: 963:spdk_rdma_qp_reset: *NOTICE*: Reset called for qp: 0x7fd0c0001e80
0: [2021-10-01 16:27:52.509853] dc_mlx5_dv.c: 963:spdk_rdma_qp_reset: *NOTICE*: Reset called for qp: 0x7f3a24008e80
2: [2021-10-01 16:27:52.510248] dc_mlx5_dv.c: 963:spdk_rdma_qp_reset: *NOTICE*: Reset called for qp: 0x7faab0008e80
1: [2021-10-01 16:27:52.510156] dc_mlx5_dv.c: 963:spdk_rdma_qp_reset: *NOTICE*: Reset called for qp: 0x7f98d0008e80
4: [2021-10-01 16:27:52.509944] dc_mlx5_dv.c: 963:spdk_rdma_qp_reset: *NOTICE*: Reset called for qp: 0x7fd0b4008e80
3: [2021-10-01 16:27:52.507204] dc_mlx5_dv.c: 963:spdk_rdma_qp_reset: *NOTICE*: Reset called for qp: 0x7fc528006f20
3: [2021-10-01 16:27:52.516965] dc_mlx5_dv.c: 963:spdk_rdma_qp_reset: *NOTICE*: Reset called for qp: 0x7fc58c008e80
1: [2021-10-01 16:27:52.520181] dc_mlx5_dv.c: 963:spdk_rdma_qp_reset: *NOTICE*: Reset called for qp: 0x7f9908008e80
2: [2021-10-01 16:27:52.520564] dc_mlx5_dv.c: 963:spdk_rdma_qp_reset: *NOTICE*: Reset called for qp: 0x7faab4008e80
0: [2021-10-01 16:27:52.520335] dc_mlx5_dv.c: 963:spdk_rdma_qp_reset: *NOTICE*: Reset called for qp: 0x1a60f40
4: [2021-10-01 16:27:52.520394] dc_mlx5_dv.c: 963:spdk_rdma_qp_reset: *NOTICE*: Reset called for qp: 0x7fd0c4008e80
3: [2021-10-01 16:27:52.526890] dc_mlx5_dv.c: 963:spdk_rdma_qp_reset: *NOTICE*: Reset called for qp: 0x7fc538008e80
1: [2021-10-01 16:27:52.530058] dc_mlx5_dv.c: 963:spdk_rdma_qp_reset: *NOTICE*: Reset called for qp: 0x7f98d8008e80
2: [2021-10-01 16:27:52.530244] dc_mlx5_dv.c: 963:spdk_rdma_qp_reset: *NOTICE*: Reset called for qp: 0x7faaac001e80
0: [2021-10-01 16:27:52.529916] dc_mlx5_dv.c: 963:spdk_rdma_qp_reset: *NOTICE*: Reset called for qp: 0x7f39e8008ef0
4: [2021-10-01 16:27:52.530096] dc_mlx5_dv.c: 963:spdk_rdma_qp_reset: *NOTICE*: Reset called for qp: 0x7fd0ac008e80
1: [2021-10-01 16:27:52.539997] dc_mlx5_dv.c: 963:spdk_rdma_qp_reset: *NOTICE*: Reset called for qp: 0x7f98e8008e80
2: [2021-10-01 16:27:52.540191] dc_mlx5_dv.c: 963:spdk_rdma_qp_reset: *NOTICE*: Reset called for qp: 0x7faa9c008e80
3: [2021-10-01 16:27:52.536911] dc_mlx5_dv.c: 963:spdk_rdma_qp_reset: *NOTICE*: Reset called for qp: 0x7fc57c008e80
4: [2021-10-01 16:27:52.539875] dc_mlx5_dv.c: 963:spdk_rdma_qp_reset: *NOTICE*: Reset called for qp: 0x7fd08c008e80
0: [2021-10-01 16:27:52.539913] dc_mlx5_dv.c: 963:spdk_rdma_qp_reset: *NOTICE*: Reset called for qp: 0x7f3a44008e80
2: [2021-10-01 16:27:52.550145] dc_mlx5_dv.c: 963:spdk_rdma_qp_reset: *NOTICE*: Reset called for qp: 0x7faae0008e80
3: [2021-10-01 16:27:52.546923] dc_mlx5_dv.c: 963:spdk_rdma_qp_reset: *NOTICE*: Reset called for qp: 0x7fc578008e80
4: [2021-10-01 16:27:52.549873] dc_mlx5_dv.c: 963:spdk_rdma_qp_reset: *NOTICE*: Reset called for qp: 0x7fd0e0008e80
0: [2021-10-01 16:27:52.549913] dc_mlx5_dv.c: 963:spdk_rdma_qp_reset: *NOTICE*: Reset called for qp: 0x7f39f8008e80
1: [2021-10-01 16:27:52.550527] dc_mlx5_dv.c: 963:spdk_rdma_qp_reset: *NOTICE*: Reset called for qp: 0x7f9954008e80
3: [2021-10-01 16:27:52.556845] dc_mlx5_dv.c: 963:spdk_rdma_qp_reset: *NOTICE*: Reset called for qp: 0x7fc540008e80
2: [2021-10-01 16:27:52.560169] dc_mlx5_dv.c: 963:spdk_rdma_qp_reset: *NOTICE*: Reset called for qp: 0x7faaa4008e80
1: [2021-10-01 16:27:52.560077] dc_mlx5_dv.c: 963:spdk_rdma_qp_reset: *NOTICE*: Reset called for qp: 0x7f9928001e80
0: [2021-10-01 16:27:52.559855] dc_mlx5_dv.c: 963:spdk_rdma_qp_reset: *NOTICE*: Reset called for qp: 0x7f3a1c008e80
4: [2021-10-01 16:27:52.559841] dc_mlx5_dv.c: 963:spdk_rdma_qp_reset: *NOTICE*: Reset called for qp: 0x7fd0c8008ef0
0: [2021-10-01 16:27:52.569562] dc_mlx5_dv.c: 963:spdk_rdma_qp_reset: *NOTICE*: Reset called for qp: 0x7f39e4008e80
1: [2021-10-01 16:27:52.569984] dc_mlx5_dv.c: 963:spdk_rdma_qp_reset: *NOTICE*: Reset called for qp: 0x7f98c8008f20
2: [2021-10-01 16:27:52.570154] dc_mlx5_dv.c: 963:spdk_rdma_qp_reset: *NOTICE*: Reset called for qp: 0x7faa58008ef0
3: [2021-10-01 16:27:52.566908] dc_mlx5_dv.c: 963:spdk_rdma_qp_reset: *NOTICE*: Reset called for qp: 0x7fc5ac008ef0
4: [2021-10-01 16:27:52.569858] dc_mlx5_dv.c: 963:spdk_rdma_qp_reset: *NOTICE*: Reset called for qp: 0x7fd0cc008e80
0: [2021-10-01 16:27:52.579704] dc_mlx5_dv.c: 963:spdk_rdma_qp_reset: *NOTICE*: Reset called for qp: 0x7f3a08008e80
1: [2021-10-01 16:27:52.580001] dc_mlx5_dv.c: 963:spdk_rdma_qp_reset: *NOTICE*: Reset called for qp: 0x7f9900008e80
3: [2021-10-01 16:27:52.576862] dc_mlx5_dv.c: 963:spdk_rdma_qp_reset: *NOTICE*: Reset called for qp: 0x7fc548008e80
2: [2021-10-01 16:27:52.580195] dc_mlx5_dv.c: 963:spdk_rdma_qp_reset: *NOTICE*: Reset called for qp: 0x7faaa8008e80
4: [2021-10-01 16:27:52.579895] dc_mlx5_dv.c: 963:spdk_rdma_qp_reset: *NOTICE*: Reset called for qp: 0x7fd0b0008e80
0: [2021-10-01 16:27:52.589733] dc_mlx5_dv.c: 963:spdk_rdma_qp_reset: *NOTICE*: Reset called for qp: 0x7f3a20008e80
2: [2021-10-01 16:27:52.590235] dc_mlx5_dv.c: 963:spdk_rdma_qp_reset: *NOTICE*: Reset called for qp: 0x7faad4008ef0
4: [2021-10-01 16:27:52.589890] dc_mlx5_dv.c: 963:spdk_rdma_qp_reset: *NOTICE*: Reset called for qp: 0x7fd0a8008e80
3: [2021-10-01 16:27:52.586979] dc_mlx5_dv.c: 963:spdk_rdma_qp_reset: *NOTICE*: Reset called for qp: 0x7fc5a8008e80
1: [2021-10-01 16:27:52.590406] dc_mlx5_dv.c: 963:spdk_rdma_qp_reset: *NOTICE*: Reset called for qp: 0x7f992c008e80
0: [2021-10-01 16:27:52.599689] dc_mlx5_dv.c: 963:spdk_rdma_qp_reset: *NOTICE*: Reset called for qp: 0x7f3a04008e80
3: [2021-10-01 16:27:52.596815] dc_mlx5_dv.c: 963:spdk_rdma_qp_reset: *NOTICE*: Reset called for qp: 0x7fc5a4008e80
4: [2021-10-01 16:27:52.599791] dc_mlx5_dv.c: 963:spdk_rdma_qp_reset: *NOTICE*: Reset called for qp: 0x7fd0e4008e80
1: [2021-10-01 16:27:52.600065] dc_mlx5_dv.c: 963:spdk_rdma_qp_reset: *NOTICE*: Reset called for qp: 0x7f9938008e80
2: [2021-10-01 16:27:52.600610] dc_mlx5_dv.c: 963:spdk_rdma_qp_reset: *NOTICE*: Reset called for qp: 0x7faad8008e80
0: [2021-10-01 16:27:52.609711] dc_mlx5_dv.c: 963:spdk_rdma_qp_reset: *NOTICE*: Reset called for qp: 0x7f39d8001e80
3: [2021-10-01 16:27:52.606829] dc_mlx5_dv.c: 963:spdk_rdma_qp_reset: *NOTICE*: Reset called for qp: 0xd47f40
1: [2021-10-01 16:27:52.609993] dc_mlx5_dv.c: 963:spdk_rdma_qp_reset: *NOTICE*: Reset called for qp: 0x7f9944008e80
4: [2021-10-01 16:27:52.609807] dc_mlx5_dv.c: 963:spdk_rdma_qp_reset: *NOTICE*: Reset called for qp: 0x7fd0b8008e80
2: [2021-10-01 16:27:52.610271] dc_mlx5_dv.c: 963:spdk_rdma_qp_reset: *NOTICE*: Reset called for qp: 0x7faa74008e80
3: [2021-10-01 16:27:52.616749] dc_mlx5_dv.c: 963:spdk_rdma_qp_reset: *NOTICE*: Reset called for qp: 0x7fc5b0008e80
1: [2021-10-01 16:27:52.619945] dc_mlx5_dv.c: 963:spdk_rdma_qp_reset: *NOTICE*: Reset called for qp: 0x7f9910008e80
2: [2021-10-01 16:27:52.620082] dc_mlx5_dv.c: 963:spdk_rdma_qp_reset: *NOTICE*: Reset called for qp: 0x7faac4008e80
0: [2021-10-01 16:27:52.619720] dc_mlx5_dv.c: 963:spdk_rdma_qp_reset: *NOTICE*: Reset called for qp: 0x7f39f4008e80
4: [2021-10-01 16:27:52.619814] dc_mlx5_dv.c: 963:spdk_rdma_qp_reset: *NOTICE*: Reset called for qp: 0xb4ef30
2: [2021-10-01 16:27:52.630078] dc_mlx5_dv.c: 963:spdk_rdma_qp_reset: *NOTICE*: Reset called for qp: 0x7faa84008e80
0: [2021-10-01 16:27:52.629706] dc_mlx5_dv.c: 963:spdk_rdma_qp_reset: *NOTICE*: Reset called for qp: 0x7f3a0c008e80
3: [2021-10-01 16:27:52.626797] dc_mlx5_dv.c: 963:spdk_rdma_qp_reset: *NOTICE*: Reset called for qp: 0x7fc570008e80
4: [2021-10-01 16:27:52.629739] dc_mlx5_dv.c: 963:spdk_rdma_qp_reset: *NOTICE*: Reset called for qp: 0x7fd088008e80
1: [2021-10-01 16:27:52.630286] dc_mlx5_dv.c: 963:spdk_rdma_qp_reset: *NOTICE*: Reset called for qp: 0x182cf40
2: [2021-10-01 16:27:52.640039] dc_mlx5_dv.c: 963:spdk_rdma_qp_reset: *NOTICE*: Reset called for qp: 0x7faa68008e80
3: [2021-10-01 16:27:52.636739] dc_mlx5_dv.c: 963:spdk_rdma_qp_reset: *NOTICE*: Reset called for qp: 0x7fc560008f00
1: [2021-10-01 16:27:52.639965] dc_mlx5_dv.c: 963:spdk_rdma_qp_reset: *NOTICE*: Reset called for qp: 0x7f994c008e80
4: [2021-10-01 16:27:52.639736] dc_mlx5_dv.c: 963:spdk_rdma_qp_reset: *NOTICE*: Reset called for qp: 0x7fd09c008e80
0: [2021-10-01 16:27:52.639767] dc_mlx5_dv.c: 963:spdk_rdma_qp_reset: *NOTICE*: Reset called for qp: 0x7f39fc008e80
2: [2021-10-01 16:27:52.650015] dc_mlx5_dv.c: 963:spdk_rdma_qp_reset: *NOTICE*: Reset called for qp: 0x7faacc008e80
0: [2021-10-01 16:27:52.649659] dc_mlx5_dv.c: 963:spdk_rdma_qp_reset: *NOTICE*: Reset called for qp: 0x7f3a28008e80
3: [2021-10-01 16:27:52.646713] dc_mlx5_dv.c: 963:spdk_rdma_qp_reset: *NOTICE*: Reset called for qp: 0x7fc568008e80
1: [2021-10-01 16:27:52.649917] dc_mlx5_dv.c: 963:spdk_rdma_qp_reset: *NOTICE*: Reset called for qp: 0x7f9940008e80
4: [2021-10-01 16:27:52.649653] dc_mlx5_dv.c: 963:spdk_rdma_qp_reset: *NOTICE*: Reset called for qp: 0x7fd090008e80
0: [2021-10-01 16:27:52.659574] dc_mlx5_dv.c: 963:spdk_rdma_qp_reset: *NOTICE*: Reset called for qp: 0x7f3a2c008e80
3: [2021-10-01 16:27:52.656742] dc_mlx5_dv.c: 963:spdk_rdma_qp_reset: *NOTICE*: Reset called for qp: 0x7fc598008e80
4: [2021-10-01 16:27:52.659670] dc_mlx5_dv.c: 963:spdk_rdma_qp_reset: *NOTICE*: Reset called for qp: 0x7fd0d8008e80
2: [2021-10-01 16:27:52.660224] dc_mlx5_dv.c: 963:spdk_rdma_qp_reset: *NOTICE*: Reset called for qp: 0x7faa6c008e80
1: [2021-10-01 16:27:52.660350] dc_mlx5_dv.c: 963:spdk_rdma_qp_reset: *NOTICE*: Reset called for qp: 0x7f9934001e80
3: [2021-10-01 16:27:52.666496] dc_mlx5_dv.c: 963:spdk_rdma_qp_reset: *NOTICE*: Reset called for qp: 0x7fc580008e80
1: [2021-10-01 16:27:52.669840] dc_mlx5_dv.c: 963:spdk_rdma_qp_reset: *NOTICE*: Reset called for qp: 0x7f98f8008e80
2: [2021-10-01 16:27:52.670034] dc_mlx5_dv.c: 963:spdk_rdma_qp_reset: *NOTICE*: Reset called for qp: 0x26b4f40
4: [2021-10-01 16:27:52.669700] dc_mlx5_dv.c: 963:spdk_rdma_qp_reset: *NOTICE*: Reset called for qp: 0x7fd0dc001e80
0: [2021-10-01 16:27:52.669863] dc_mlx5_dv.c: 963:spdk_rdma_qp_reset: *NOTICE*: Reset called for qp: 0x7f3a48008e80
4: [2021-10-01 16:27:52.679606] dc_mlx5_dv.c: 963:spdk_rdma_qp_reset: *NOTICE*: Reset called for qp: 0x7fd084008e80
0: [2021-10-01 16:27:52.679807] dc_mlx5_dv.c: 963:spdk_rdma_qp_reset: *NOTICE*: Reset called for qp: 0x7f3a00008e80
2: [2021-10-01 16:27:52.680254] dc_mlx5_dv.c: 963:spdk_rdma_qp_reset: *NOTICE*: Reset called for qp: 0x7faa60008e80
3: [2021-10-01 16:27:52.676958] dc_mlx5_dv.c: 963:spdk_rdma_qp_reset: *NOTICE*: Reset called for qp: 0x7fc588008e80
1: [2021-10-01 16:27:52.680196] dc_mlx5_dv.c: 963:spdk_rdma_qp_reset: *NOTICE*: Reset called for qp: 0x7f9948008e80
3: t time 131287.946 us (366293368 ticks)
3: IO qp on core 26 total time 152459.077 us (425360824 ticks), connect time 140828.097 us (392910392 ticks)
3: IO qp on core 19 total time 162669.272 us (453847268 ticks), connect time 149998.168 us (418494888 ticks)
3: IO qp on core 13 total time 172296.746 us (480707920 ticks), connect time 159404.773 us (444739316 ticks)
3: IO qp on core 12 total time 182229.851 us (508421284 ticks), connect time 169151.342 us (471932244 ticks)
3: IO qp on core 15 total time 192269.467 us (536431812 ticks), connect time 178985.474 us (499369472 ticks)
3: IO qp on core 16 total time 202399.505 us (564694620 ticks), connect time 188900.996 us (527033780 ticks)
3: IO qp on core 17 total time 212354.900 us (592470172 ticks), connect time 198692.837 us (554353016 ticks)
3: IO qp on core 18 total time 222362.783 us (620392164 ticks), connect time 208515.849 us (581759220 ticks)
3: IO qp on core 22 total time 232664.424 us (649133744 ticks), connect time 218565.371 us (609797384 ticks)
3: IO qp on core 8 total time 242278.249 us (675956316 ticks), connect time 227969.798 us (636035736 ticks)
3: IO qp on core 24 total time 252655.511 us (704908876 ticks), connect time 228056.377 us (636277292 ticks)
3: IO qp on core 11 total time 262278.318 us (731756508 ticks), connect time 237216.161 us (661833088 ticks)
3: IO qp on core 14 total time 272286.582 us (759679564 ticks), connect time 247014.485 us (689170412 ticks)
3: IO qp on core 10 total time 282239.639 us (787448592 ticks), connect time 256752.995 us (716340856 ticks)
3: IO qp on core 9 total time 292214.323 us (815277960 ticks), connect time 248262.873 us (692653416 ticks)
3: ========================================================
3:                                                                                                                   Latency(us)
3: Device Information                                                            :       IOPS      MiB/s    Average        min        max
3: RDMA (addr:65.65.65.131 subnqn:nqn.2016-06.io.spdk:cnode1) NSID 1 from core  0:     766.20      95.78   41732.45   10416.99   66010.13
3: RDMA (addr:65.65.65.131 subnqn:nqn.2016-06.io.spdk:cnode1) NSID 1 from core  1:     736.00      92.00   43415.14    2073.53   67776.28
3: RDMA (addr:65.65.65.131 subnqn:nqn.2016-06.io.spdk:cnode1) NSID 1 from core  2:     721.20      90.15   44350.22   17586.87   70995.84
3: RDMA (addr:65.65.65.131 subnqn:nqn.2016-06.io.spdk:cnode1) NSID 1 from core  3:     735.10      91.89   43543.00    5238.13   69337.40
3: RDMA (addr:65.65.65.131 subnqn:nqn.2016-06.io.spdk:cnode1) NSID 1 from core  4:     729.60      91.20   43884.48   19223.99   67811.19
3: RDMA (addr:65.65.65.131 subnqn:nqn.2016-06.io.spdk:cnode1) NSID 1 from core  5:     761.60      95.20   41918.51   30561.79   80963.45
3: RDMA (addr:65.65.65.131 subnqn:nqn.2016-06.io.spdk:cnode1) NSID 1 from core  6:     719.60      89.95   44529.95   33015.25   81114.38
1:  time 126302.510 us (352384004 ticks)
1: IO qp on core 19 total time 153219.733 us (427483056 ticks), connect time 136350.817 us (380418780 ticks)
1: IO qp on core 12 total time 162859.792 us (454378820 ticks), connect time 145725.609 us (406574448 ticks)
1: IO qp on core 18 total time 172935.055 us (482488804 ticks), connect time 155629.530 us (434206388 ticks)
1: IO qp on core 17 total time 183053.352 us (510718852 ticks), connect time 165555.008 us (461898472 ticks)
1: IO qp on core 13 total time 192835.157 us (538010088 ticks), connect time 175107.313 us (488549404 ticks)
1: IO qp on core 14 total time 202808.115 us (565834640 ticks), connect time 184892.320 us (515849572 ticks)
1: IO qp on core 26 total time 213303.087 us (595115612 ticks), connect time 195192.586 us (544587316 ticks)
1: IO qp on core 9 total time 222844.403 us (621735884 ticks), connect time 204519.306 us (570608864 ticks)
1: IO qp on core 24 total time 232929.993 us (649874680 ticks), connect time 214419.143 us (598229408 ticks)
3: RDMA (addr:65.65.65.131 subnqn:nqn.2016-06.io.spdk:cnode1) NSID 1 from core  7:     729.60      91.20   43797.58   35243.90   95385.12
3: RDMA (addr:65.65.65.131 subnqn:nqn.2016-06.io.spdk:cnode1) NSID 1 from core  8:     729.60      91.20   43763.23   34662.88   75089.92
3: RDMA (addr:65.65.65.131 subnqn:nqn.2016-06.io.spdk:cnode1) NSID 1 from core  9:     761.60      95.20   41978.82   29727.42   67540.45
3: RDMA (addr:65.65.65.131 subnqn:nqn.2016-06.io.spdk:cnode1) NSID 1 from core 10:     720.00      90.00   44452.28   23840.48   68356.46
3: RDMA (addr:65.65.65.131 subnqn:nqn.2016-06.io.spdk:cnode1) NSID 1 from core 11:     720.00      90.00   44467.44   29373.17   69919.28
3: RDMA (addr:65.65.65.131 subnqn:nqn.2016-06.io.spdk:cnode1) NSID 1 from core 12:     729.60      91.20   43797.96   35031.40   86920.79
3: RDMA (addr:65.65.65.131 subnqn:nqn.2016-06.io.spdk:cnode1) NSID 1 from core 13:     764.80      95.60   41854.68   16817.41   61037.02
1: IO qp on core 16 total time 243234.555 us (678624408 ticks), connect time 224506.409 us (626372880 ticks)
1: IO qp on core 8 total time 253296.571 us (706697432 ticks), connect time 234374.813 us (653905728 ticks)
1: IO qp on core 11 total time 262954.935 us (733644268 ticks), connect time 243848.959 us (680338596 ticks)
1: IO qp on core 27 total time 273224.612 us (762296668 ticks), connect time 253918.442 us (708432452 ticks)
1: IO qp on core 25 total time 282943.081 us (789411196 ticks), connect time 263454.529 us (735038136 ticks)
1: IO qp on core 23 total time 293239.373 us (818137852 ticks), connect time 273501.993 us (763070560 ticks)
1: ========================================================
1:                                                                                                                   Latency(us)
1: Device Information                                                            :       IOPS      MiB/s    Average        min        max
3: RDMA (addr:65.65.65.131 subnqn:nqn.2016-06.io.spdk:cnode1) NSID 1 from core 14:     720.00      90.00   44501.06   32172.97   75106.40
1: RDMA (addr:65.65.65.131 subnqn:nqn.2016-06.io.spdk:cnode1) NSID 1 from core  0:     718.50      89.81   44511.97   33579.68   83107.44
1: RDMA (addr:65.65.65.131 subnqn:nqn.2016-06.io.spdk:cnode1) NSID 1 from core  1:     761.60      95.20   41915.40   24262.93   72250.92
1: RDMA (addr:65.65.65.131 subnqn:nqn.2016-06.io.spdk:cnode1) NSID 1 from core  2:     774.40      96.80   41465.22   22691.44   78905.14
1: RDMA (addr:65.65.65.131 subnqn:nqn.2016-06.io.spdk:cnode1) NSID 1 from core  3:     773.60      96.70   41418.40   26023.37   77573.90
1: RDMA (addr:65.65.65.131 subnqn:nqn.2016-06.io.spdk:cnode1) NSID 1 from core  4:     732.80      91.60   43726.49   21719.81   71374.81
1: RDMA (addr:65.65.65.131 subnqn:nqn.2016-06.io.spdk:cnode1) NSID 1 from core  5:     732.80      91.60   43716.98   17880.39   59129.04
1: RDMA (addr:65.65.65.131 subnqn:nqn.2016-06.io.spdk:cnode1) NSID 1 from core  6:     778.40      97.30   41051.90    3156.72   59945.18
1: RDMA (addr:65.65.65.131 subnqn:nqn.2016-06.io.spdk:cnode1) NSID 1 from core  7:     720.00      90.00   44476.94   28475.86   70098.18
1: RDMA (addr:65.65.65.131 subnqn:nqn.2016-06.io.spdk:cnode1) NSID 1 from core  8:     761.60      95.20   41913.70   29733.33   75565.85
1: RDMA (addr:65.65.65.131 subnqn:nqn.2016-06.io.spdk:cnode1) NSID 1 from core  9:     767.60      95.95   41782.01    6092.00   79503.28
1: RDMA (addr:65.65.65.131 subnqn:nqn.2016-06.io.spdk:cnode1) NSID 1 from core 10:     722.80      90.35   44253.97    9076.59   68066.57
1: RDMA (addr:65.65.65.131 subnqn:nqn.2016-06.io.spdk:cnode1) NSID 1 from core 11:     741.30      92.66   43153.19    1792.41   67467.23
1: RDMA (addr:65.65.65.131 subnqn:nqn.2016-06.io.spdk:cnode1) NSID 1 from core 12:     716.80      89.60   44520.30   33233.93   93520.85
1: RDMA (addr:65.65.65.131 subnqn:nqn.2016-06.io.spdk:cnode1) NSID 1 from core 13:     761.60      95.20   41947.64   30706.85   84679.80
1: RDMA (addr:65.65.65.131 subnqn:nqn.2016-06.io.spdk:cnode1) NSID 1 from core 14:     726.40      90.80   43927.55   29797.90   81002.28
0: time 128662.880 us (358969436 ticks)
0: IO qp on core 17 total time 152664.259 us (425933284 ticks), connect time 137912.846 us (384776840 ticks)
0: IO qp on core 23 total time 162701.075 us (453936000 ticks), connect time 147733.570 us (412176660 ticks)
0: IO qp on core 25 total time 172679.171 us (481774888 ticks), connect time 157490.958 us (439399772 ticks)
0: IO qp on core 18 total time 182650.162 us (509593952 ticks), connect time 167278.764 us (466707752 ticks)
0: IO qp on core 27 total time 192683.415 us (537586728 ticks), connect time 177117.854 us (494158812 ticks)
0: IO qp on core 8 total time 202250.654 us (564279324 ticks), connect time 186475.805 us (520267496 ticks)
0: IO qp on core 10 total time 212229.232 us (592119556 ticks), connect time 196255.663 us (547553300 ticks)
0: IO qp on core 14 total time 222209.666 us (619964968 ticks), connect time 206036.746 us (574842520 ticks)
0: IO qp on core 20 total time 232653.716 us (649103868 ticks), connect time 216212.618 us (603233204 ticks)
0: IO qp on core 12 total time 242288.265 us (675984260 ticks), connect time 225657.530 us (629584508 ticks)
0: IO qp on core 13 total time 252343.156 us (704037404 ticks), connect time 235502.581 us (657052200 ticks)
0: IO qp on core 11 total time 262262.472 us (731712296 ticks), connect time 245197.566 us (684101208 ticks)
0: IO qp on core 24 total time 272648.454 us (760689188 ticks), connect time 255392.386 us (712544756 ticks)
0: IO qp on core 16 total time 282657.692 us (788614960 ticks), connect time 265155.935 us (739785060 ticks)
0: IO qp on core 21 total time 292634.082 us (816449088 ticks), connect time 274924.162 us (767038412 ticks)
0: ========================================================
0:                                                                                                                   Latency(us)
0: Device Information                                                            :       IOPS      MiB/s    Average        min        max
2: ct time 131927.530 us (368077808 ticks)
2: IO qp on core 21 total time 154673.616 us (431539388 ticks), connect time 141507.935 us (394807140 ticks)
2: IO qp on core 19 total time 164651.180 us (459376792 ticks), connect time 150872.500 us (420934276 ticks)
2: IO qp on core 20 total time 174634.605 us (487230548 ticks), connect time 160296.979 us (447228572 ticks)
2: IO qp on core 22 total time 184388.912 us (514445064 ticks), connect time 169817.652 us (473791248 ticks)
2: IO qp on core 16 total time 194677.416 us (543149992 ticks), connect time 179834.697 us (501738804 ticks)
2: IO qp on core 13 total time 204326.407 us (570070676 ticks), connect time 189278.173 us (528086104 ticks)
2: IO qp on core 8 total time 214250.711 us (597759484 ticks), connect time 199002.282 us (555216368 ticks)
2: IO qp on core 10 total time 224246.741 us (625648408 ticks), connect time 208806.508 us (582570156 ticks)
2: IO qp on core 14 total time 234250.971 us (653560208 ticks), connect time 218596.652 us (609884660 ticks)
2: IO qp on core 12 total time 244244.953 us (681443420 ticks), connect time 228391.815 us (637213164 ticks)
2: IO qp on core 15 total time 254219.005 us (709271024 ticks), connect time 238167.880 us (664488384 ticks)
2: IO qp on core 17 total time 264489.816 us (737926588 ticks), connect time 248199.166 us (692475672 ticks)
2: IO qp on core 11 total time 274223.299 us (765083004 ticks), connect time 257748.922 us (719119492 ticks)
2: IO qp on core 9 total time 284221.948 us (792979236 ticks), connect time 267550.508 us (746465916 ticks)
2: IO qp on core 25 total time 294586.876 us (821897384 ticks), connect time 277758.475 us (774946144 ticks)
2: ========================================================
2:                                                                                                                   Latency(us)
2: Device Information                                                            :       IOPS      MiB/s    Average        min        max
0: RDMA (addr:65.65.65.131 subnqn:nqn.2016-06.io.spdk:cnode1) NSID 1 from core  0:     774.40      96.80   41284.33   30112.59   81456.03
0: RDMA (addr:65.65.65.131 subnqn:nqn.2016-06.io.spdk:cnode1) NSID 1 from core  1:     729.60      91.20   44043.11   23514.19   88655.14
0: RDMA (addr:65.65.65.131 subnqn:nqn.2016-06.io.spdk:cnode1) NSID 1 from core  2:     726.40      90.80   43918.80   33207.39   86336.25
0: RDMA (addr:65.65.65.131 subnqn:nqn.2016-06.io.spdk:cnode1) NSID 1 from core  3:     761.60      95.20   41997.36   31150.01   82184.61
0: RDMA (addr:65.65.65.131 subnqn:nqn.2016-06.io.spdk:cnode1) NSID 1 from core  4:     729.60      91.20   43805.93   14916.85   67557.89
0: RDMA (addr:65.65.65.131 subnqn:nqn.2016-06.io.spdk:cnode1) NSID 1 from core  5:     728.00      91.00   43886.92    2770.58   61907.76
0: RDMA (addr:65.65.65.131 subnqn:nqn.2016-06.io.spdk:cnode1) NSID 1 from core  6:     773.60      96.70   41377.19    2507.53   65934.50
0: RDMA (addr:65.65.65.131 subnqn:nqn.2016-06.io.spdk:cnode1) NSID 1 from core  7:     729.60      91.20   44040.48   27085.41   82439.04
0: RDMA (addr:65.65.65.131 subnqn:nqn.2016-06.io.spdk:cnode1) NSID 1 from core  8:     777.60      97.20   41227.71   14880.94   64027.34
0: RDMA (addr:65.65.65.131 subnqn:nqn.2016-06.io.spdk:cnode1) NSID 1 from core  9:     779.80      97.47   41055.55    3186.36   63355.85
0: RDMA (addr:65.65.65.131 subnqn:nqn.2016-06.io.spdk:cnode1) NSID 1 from core 10:     732.80      91.60   43778.67   28394.33   68058.65
0: RDMA (addr:65.65.65.131 subnqn:nqn.2016-06.io.spdk:cnode1) NSID 1 from core 11:     720.00      90.00   44540.86   34823.23   77742.96
0: RDMA (addr:65.65.65.131 subnqn:nqn.2016-06.io.spdk:cnode1) NSID 1 from core 12:     718.70      89.84   44538.20   33228.13   86528.12
0: RDMA (addr:65.65.65.131 subnqn:nqn.2016-06.io.spdk:cnode1) NSID 1 from core 13:     774.80      96.85   41219.75   18204.76   63204.18
0: RDMA (addr:65.65.65.131 subnqn:nqn.2016-06.io.spdk:cnode1) NSID 1 from core 14:     774.40      96.80   41282.74   26911.54   75640.15
2: RDMA (addr:65.65.65.131 subnqn:nqn.2016-06.io.spdk:cnode1) NSID 1 from core  0:     764.80      95.60   41909.96   10189.55   86113.31
2: RDMA (addr:65.65.65.131 subnqn:nqn.2016-06.io.spdk:cnode1) NSID 1 from core  1:     794.60      99.33   40251.69     277.37   66527.97
2: RDMA (addr:65.65.65.131 subnqn:nqn.2016-06.io.spdk:cnode1) NSID 1 from core  2:     723.70      90.46   44185.13    5685.00   69707.17
2: RDMA (addr:65.65.65.131 subnqn:nqn.2016-06.io.spdk:cnode1) NSID 1 from core  3:     720.00      90.00   44453.52   25650.23   72891.22
2: RDMA (addr:65.65.65.131 subnqn:nqn.2016-06.io.spdk:cnode1) NSID 1 from core  4:     777.60      97.20   41223.15   10593.38   83668.28
2: RDMA (addr:65.65.65.131 subnqn:nqn.2016-06.io.spdk:cnode1) NSID 1 from core  5:     729.60      91.20   43775.78   31545.70   85991.31
2: RDMA (addr:65.65.65.131 subnqn:nqn.2016-06.io.spdk:cnode1) NSID 1 from core  6:     722.80      90.35   44174.64    7474.05   68788.32
2: RDMA (addr:65.65.65.131 subnqn:nqn.2016-06.io.spdk:cnode1) NSID 1 from core  7:     761.60      95.20   41949.72   25143.48   73452.78
2: RDMA (addr:65.65.65.131 subnqn:nqn.2016-06.io.spdk:cnode1) NSID 1 from core  8:     775.30      96.91   41266.90   10824.14   77473.59
2: RDMA (addr:65.65.65.131 subnqn:nqn.2016-06.io.spdk:cnode1) NSID 1 from core  9:     761.60      95.20   41929.86   20908.59   67849.06
2: RDMA (addr:65.65.65.131 subnqn:nqn.2016-06.io.spdk:cnode1) NSID 1 from core 10:     729.80      91.22   43775.09   10489.41   67464.09
2: RDMA (addr:65.65.65.131 subnqn:nqn.2016-06.io.spdk:cnode1) NSID 1 from core 11:     732.80      91.60   43780.07   13603.33   87989.01
2: RDMA (addr:65.65.65.131 subnqn:nqn.2016-06.io.spdk:cnode1) NSID 1 from core 12:     774.40      96.80   41270.05   15006.02   67261.07
2: RDMA (addr:65.65.65.131 subnqn:nqn.2016-06.io.spdk:cnode1) NSID 1 from core 13:     722.60      90.33   44377.57   17783.99   69740.19
2: RDMA (addr:65.65.65.131 subnqn:nqn.2016-06.io.spdk:cnode1) NSID 1 from core 14:     764.80      95.60   41736.32    7180.74   61844.84
3: RDMA (addr:65.65.65.131 subnqn:nqn.2016-06.io.spdk:cnode1) NSID 1 from core 15:     774.40      96.80   41284.93   24977.67   [2021-10-01 16:27:52.687632] dc_mlx5_dv.c: 963:spdk_rdma_qp_reset: *NOTICE*: Reset called for qp: 0xb4bee0
1: RDMA (addr:65.65.65.131 subnqn:nqn.2016-06.io.spdk:cnode1) NSID 1 from core 15:     729.60      91.20   43827.62   33885.22   9[2021-10-01 16:27:52.690978] dc_mlx5_dv.c: 963:spdk_rdma_qp_reset: *NOTICE*: Reset called for qp: 0x1630ee0
0: RDMA (addr:65.65.65.131 subnqn:nqn.2016-06.io.spdk:cnode1) NSID 1 from core 15:     719.40      89.92   44542.24   33231.28   8[2021-10-01 16:27:52.690751] dc_mlx5_dv.c: 963:spdk_rdma_qp_reset: *NOTICE*: Reset called for qp: 0x1864ee0
2: RDMA (addr:65.65.65.131 subnqn:nqn.2016-06.io.spdk:cnode1) NSID 1 from core 15:     769.00      96.12   41721.57    2743.90  [2021-10-01 16:27:52.691233] dc_mlx5_dv.c: 963:spdk_rdma_qp_reset: *NOTICE*: Reset called for qp: 0x24b8ee0
4: [2021-10-01 16:27:52.690927] dc_mlx5_dv.c: 963:spdk_rdma_qp_reset: *NOTICE*: Reset called for qp: 0x7fd0d4008e80
0: 2753.41
0: RDMA (addr:65.65.65.131 subnqn:nqn.2016-06.io.spdk:cnode1) NSID 1 from core 16:     771.20      96.40   41310.14   32658.10   65499.96
0: RDMA (addr:65.65.65.131 subnqn:nqn.2016-06.io.spdk:cnode1) NSID 1 from core 17:     768.00      96.00   41366.94   31040.23   67480.05
0: RDMA (addr:65.65.65.131 subnqn:nqn.2016-06.io.spdk:cnode1) NSID 1 from core 18:     713.60      89.20   44503.43   34659.33   69529.26
0: RDMA (addr:65.65.65.131 subnqn:nqn.2016-06.io.spdk:cnode1) NSID 1 from core 19:     755.20      94.40   42050.51   32721.29  100804.18
0: RDMA (addr:65.65.65.131 subnqn:nqn.2016-06.io.spdk:cnode1) NSID 1 from core 20:     713.60      89.20   44506.27   34093.29   76476.25
0: RDMA (addr:65.65.65.131 subnqn:nqn.2016-06.io.spdk:cnode1) NSID 1 from core 21:     726.40      90.80   43724.37   32648.91   71491.09
0: RDMA (addr:65.65.65.131 subnqn:nqn.2016-06.io.spdk:cnode1) NSID 1 from core 22:     768.00      96.00   41285.13   30084.28   60141.92
1: 9919.80
1: RDMA (addr:65.65.65.131 subnqn:nqn.2016-06.io.spdk:cnode1) NSID 1 from core 16:     758.40      94.80   41943.62   32015.71   70697.37
1: RDMA (addr:65.65.65.131 subnqn:nqn.2016-06.io.spdk:cnode1) NSID 1 from core 17:     713.60      89.20   44445.82   33169.41   72430.19
1: RDMA (addr:65.65.65.131 subnqn:nqn.2016-06.io.spdk:cnode1) NSID 1 from core 18:     713.60      89.20   44493.33   32713.99   72024.96
1: RDMA (addr:65.65.65.131 subnqn:nqn.2016-06.io.spdk:cnode1) NSID 1 from core 19:     726.40      90.80   43721.63   32567.18   66936.56
1: RDMA (addr:65.65.65.131 subnqn:nqn.2016-06.io.spdk:cnode1) NSID 1 from core 20:     771.20      96.40   41417.65   31128.83  109019.06
1: RDMA (addr:65.65.65.131 subnqn:nqn.2016-06.io.spdk:cnode1) NSID 1 from core 21:     771.20      96.40   41306.86   29748.55   99281.18
1: RDMA (addr:65.65.65.131 subnqn:nqn.2016-06.io.spdk:cnode1) NSID 1 from core 22:     771.20      96.40   41424.00   31322.57  113509.88
2:  79752.81
2: RDMA (addr:65.65.65.131 subnqn:nqn.2016-06.io.spdk:cnode1) NSID 1 from core 16:     723.20      90.40   44007.53   33182.42   86791.85
2: RDMA (addr:65.65.65.131 subnqn:nqn.2016-06.io.spdk:cnode1) NSID 1 from core 17:     713.60      89.20   44490.80   33073.05   69451.15
2: RDMA (addr:65.65.65.131 subnqn:nqn.2016-06.io.spdk:cnode1) NSID 1 from core 18:     723.20      90.40   43918.36   35093.66   68894.21
2: RDMA (addr:65.65.65.131 subnqn:nqn.2016-06.io.spdk:cnode1) NSID 1 from core 19:     713.60      89.20   44491.05   32826.47   74614.37
2: RDMA (addr:65.65.65.131 subnqn:nqn.2016-06.io.spdk:cnode1) NSID 1 from core 20:     758.40      94.80   41952.21   32026.92   83978.05
2: RDMA (addr:65.65.65.131 subnqn:nqn.2016-06.io.spdk:cnode1) NSID 1 from core 21:     755.20      94.40   42021.44   32029.05   80847.54
2: RDMA (addr:65.65.65.131 subnqn:nqn.2016-06.io.spdk:cnode1) NSID 1 from core 22:     768.00      96.00   41389.19   30318.03   84392.36
3: 68823.32
3: RDMA (addr:65.65.65.131 subnqn:nqn.2016-06.io.spdk:cnode1) NSID 1 from core 16:     713.60      89.20   44499.53   33291.49   73259.84
3: RDMA (addr:65.65.65.131 subnqn:nqn.2016-06.io.spdk:cnode1) NSID 1 from core 17:     755.20      94.40   41984.38   32829.69   70316.31
3: RDMA (addr:65.65.65.131 subnqn:nqn.2016-06.io.spdk:cnode1) NSID 1 from core 18:     768.00      96.00   41350.73   30782.67   69049.73
3: RDMA (addr:65.65.65.131 subnqn:nqn.2016-06.io.spdk:cnode1) NSID 1 from core 19:     755.20      94.40   41974.90   31821.67   62569.53
3: RDMA (addr:65.65.65.131 subnqn:nqn.2016-06.io.spdk:cnode1) NSID 1 from core 20:     758.40      94.80   42121.93   31201.50   82498.68
3: RDMA (addr:65.65.65.131 subnqn:nqn.2016-06.io.spdk:cnode1) NSID 1 from core 21:     758.40      94.80   41909.27   30690.22   68242.71
3: RDMA (addr:65.65.65.131 subnqn:nqn.2016-06.io.spdk:cnode1) NSID 1 from core 22:     723.20      90.40   43929.98   34077.54   69358.35
0: RDMA (addr:65.65.65.131 subnqn:nqn.2016-06.io.spdk:cnode1) NSID 1 from core 23:     726.40      90.80   43782.48   32310.46   81870.43
0: RDMA (addr:65.65.65.131 subnqn:nqn.2016-06.io.spdk:cnode1) NSID 1 from core 24:     761.00      95.12   42004.21   32825.94  111565.49
0: RDMA (addr:65.65.65.131 subnqn:nqn.2016-06.io.spdk:cnode1) NSID 1 from core 25:     771.20      96.40   41296.67   30089.49   97268.24
0: RDMA (addr:65.65.65.131 subnqn:nqn.2016-06.io.spdk:cnode1) NSID 1 from core 26:     771.20      96.40   41315.69   30539.74  111275.55
0: RDMA (addr:65.65.65.131 subnqn:nqn.2016-06.io.spdk:cnode1) NSID 1 from core 27:     755.20      94.40   42149.71   33318.56  172952.75
0: ========================================================
0: Total                                                                         :   20951.30    2618.91   42666.05    2507.53  172952.75
0: 
1: RDMA (addr:65.65.65.131 subnqn:nqn.2016-06.io.spdk:cnode1) NSID 1 from core 23:     713.60      89.20   44606.13   34116.34  165159.45
1: RDMA (addr:65.65.65.131 subnqn:nqn.2016-06.io.spdk:cnode1) NSID 1 from core 24:     726.40      90.80   43743.39   35042.46   67442.59
1: RDMA (addr:65.65.65.131 subnqn:nqn.2016-06.io.spdk:cnode1) NSID 1 from core 25:     768.00      96.00   41362.11   33005.34   66872.02
1: RDMA (addr:65.65.65.131 subnqn:nqn.2016-06.io.spdk:cnode1) NSID 1 from core 26:     716.20      89.53   44533.79   33263.06   73924.02
1: RDMA (addr:65.65.65.131 subnqn:nqn.2016-06.io.spdk:cnode1) NSID 1 from core 27:     768.00      96.00   41345.49   30554.77   93667.03
1: ========================================================
1: Total                                                                         :   20837.60    2604.70   42885.38    1792.41  165159.45
1: 
3: RDMA (addr:65.65.65.131 subnqn:nqn.2016-06.io.spdk:cnode1) NSID 1 from core 23:     768.00      96.00   41441.91   31882.54   99317.27
3: RDMA (addr:65.65.65.131 subnqn:nqn.2016-06.io.spdk:cnode1) NSID 1 from core 24:     771.20      96.40   41368.63   30149.83   99726.92
3: RDMA (addr:65.65.65.131 subnqn:nqn.2016-06.io.spdk:cnode1) NSID 1 from core 25:     758.40      94.80   42200.85   32787.19  166241.49
3: RDMA (addr:65.65.65.131 subnqn:nqn.2016-06.io.spdk:cnode1) NSID 1 from core 26:     726.40      90.80   43910.81   35140.40   90431.34
3: RDMA (addr:65.65.65.131 subnqn:nqn.2016-06.io.spdk:cnode1) NSID 1 from core 27:     758.40      94.80   42026.68   32800.19  109079.26
3: ========================================================
3: Total                                                                         :   20833.30    2604.16   42897.10    2073.53  166241.49
3: 
2: RDMA (addr:65.65.65.131 subnqn:nqn.2016-06.io.spdk:cnode1) NSID 1 from core 23:     723.20      90.40   43968.84   32275.09   90545.49
2: RDMA (addr:65.65.65.131 subnqn:nqn.2016-06.io.spdk:cnode1) NSID 1 from core 24:     716.80      89.60   44502.51   34124.22  110869.93
2: RDMA (addr:65.65.65.131 subnqn:nqn.2016-06.io.spdk:cnode1) NSID 1 from core 25:     726.30      90.79   43994.74   32490.63  117057.64
2: RDMA (addr:65.65.65.131 subnqn:nqn.2016-06.io.spdk:cnode1) NSID 1 from core 26:     771.20      96.40   41380.26   30255.74  106106.85
2: RDMA (addr:65.65.65.131 subnqn:nqn.2016-06.io.spdk:cnode1) NSID 1 from core 27:     716.80      89.60   44542.91   34365.42  123466.34
2: ========================================================
2: Total                                                                         :   20834.50    2604.31   42899.77     277.37  123466.34
2: 
4: [2021-10-01 16:27:57.116065] dc_mlx5_dv.c: 963:spdk_rdma_qp_reset: *NOTICE*: Reset called for qp: 0x7fd094008e80
4: nect time 133920.718 us (373638804 ticks)
4: IO qp on core 25 total time 164035.702 us (457659608 ticks), connect time 143993.904 us (401742992 ticks)
4: IO qp on core 6 total time 179453.686 us (500675784 ticks), connect time 153746.565 us (428952916 ticks)
4: IO qp on core 13 total time 183786.129 us (512763300 ticks), connect time 163732.920 us (456814848 ticks)
4: IO qp on core 16 total time 194249.107 us (541955008 ticks), connect time 174201.739 us (486022852 ticks)
4: IO qp on core 12 total time 203814.238 us (568641724 ticks), connect time 183758.631 us (512686580 ticks)
4: IO qp on core 14 total time 213785.670 us (596462020 ticks), connect time 193719.475 us (540477336 ticks)
4: IO qp on core 15 total time 223785.052 us (624360296 ticks), connect time 203717.262 us (568371160 ticks)
4: IO qp on core 17 total time 233906.711 us (652599724 ticks), connect time 213838.981 us (596610756 ticks)
4: IO qp on core 19 total time 244044.829 us (680885072 ticks), connect time 223974.439 us (624888684 ticks)
4: IO qp on core 9 total time 254233.718 us (709312072 ticks), connect time 234153.543 us (653288384 ticks)
4: IO qp on core 8 total time 263746.652 us (735853160 ticks), connect time 243670.301 us (679840140 ticks)
4: IO qp on core 11 total time 273771.134 us (763821464 ticks), connect time 253669.442 us (707737744 ticks)
4: IO qp on core 10 total time 283773.346 us (791727636 ticks), connect time 263667.279 us (735631708 ticks)
4: IO qp on core 18 total time 293885.260 us (819939876 ticks), connect time 273776.001 us (763835044 ticks)
4: IO qp on core 20 total time 304178.371 us (848657656 ticks), connect time 283568.685 us (791156632 ticks)
4: ========================================================
4:                                                                                                                   Latency(us)
4: Device Information                                                            :       IOPS      MiB/s    Average        min        max
4: RDMA (addr:65.65.65.131 subnqn:nqn.2016-06.io.spdk:cnode1) NSID 1 from core  0:     774.40      96.80   41401.03   29296.76   72186.89
4: RDMA (addr:65.65.65.131 subnqn:nqn.2016-06.io.spdk:cnode1) NSID 1 from core  1:     761.60      95.20   41928.57   30693.44   80090.22
4: RDMA (addr:65.65.65.131 subnqn:nqn.2016-06.io.spdk:cnode1) NSID 1 from core  2:     716.80      89.60   44556.54   33004.56   92432.14
4: RDMA (addr:65.65.65.131 subnqn:nqn.2016-06.io.spdk:cnode1) NSID 1 from core  3:     774.40      96.80   41315.55   32619.99   78738.32
4: RDMA (addr:65.65.65.131 subnqn:nqn.2016-06.io.spdk:cnode1) NSID 1 from core  4:     716.80      89.60   44549.53   34204.66  105983.71
4: RDMA (addr:65.65.65.131 subnqn:nqn.2016-06.io.spdk:cnode1) NSID 1 from core  5:     726.40      90.80   43982.79   32571.29   91582.70
4: RDMA (addr:65.65.65.131 subnqn:nqn.2016-06.io.spdk:cnode1) NSID 1 from core  6:     761.60      95.20   42088.65   31963.24  290450.65
4: RDMA (addr:65.65.65.131 subnqn:nqn.2016-06.io.spdk:cnode1) NSID 1 from core  7:     761.60      95.20   42003.89   31352.01   89165.93
4: RDMA (addr:65.65.65.131 subnqn:nqn.2016-06.io.spdk:cnode1) NSID 1 from core  8:     774.40      96.80   41296.51   18917.28   61588.56
4: RDMA (addr:65.65.65.131 subnqn:nqn.2016-06.io.spdk:cnode1) NSID 1 from core  9:     761.60      95.20   41991.57   30796.34   75446.08
4: RDMA (addr:65.65.65.131 subnqn:nqn.2016-06.io.spdk:cnode1) NSID 1 from core 10:     761.60      95.20   41973.31   32480.92   90761.28
4: RDMA (addr:65.65.65.131 subnqn:nqn.2016-06.io.spdk:cnode1) NSID 1 from core 11:     729.60      91.20   43755.96   35403.25   80774.52
4: RDMA (addr:65.65.65.131 subnqn:nqn.2016-06.io.spdk:cnode1) NSID 1 from core 12:     761.60      95.20   41959.25   31255.09   86259.07
4: RDMA (addr:65.65.65.131 subnqn:nqn.2016-06.io.spdk:cnode1) NSID 1 from core 13:     772.90      96.61   41388.17   30521.26   77956.07
4: RDMA (addr:65.65.65.131 subnqn:nqn.2016-06.io.spdk:cnode1) NSID 1 from core 14:     717.60      89.70   44516.04   32966.66   84760.16
4: RDMA (addr:65.65.65.131 subnqn:nqn.2016-06.io.spdk:cnode1) NSID 1 from core 15:     719.40      89.92   44526.53   33101.74 [2021-10-01 16:27:57.125390] dc_mlx5_dv.c: 963:spdk_rdma_qp_reset: *NOTICE*: Reset called for qp: 0x952ee0
4:   91380.99
4: RDMA (addr:65.65.65.131 subnqn:nqn.2016-06.io.spdk:cnode1) NSID 1 from core 16:     726.40      90.80   45195.89   33551.33 4731255.43
4: RDMA (addr:65.65.65.131 subnqn:nqn.2016-06.io.spdk:cnode1) NSID 1 from core 17:     768.00      96.00   41292.69   31989.61   80031.53
4: RDMA (addr:65.65.65.131 subnqn:nqn.2016-06.io.spdk:cnode1) NSID 1 from core 18:     723.20      90.40   44069.08   33897.06   86290.91
4: RDMA (addr:65.65.65.131 subnqn:nqn.2016-06.io.spdk:cnode1) NSID 1 from core 19:     723.20      90.40   44099.05   34567.82   93065.63
4: RDMA (addr:65.65.65.131 subnqn:nqn.2016-06.io.spdk:cnode1) NSID 1 from core 20:     716.80      89.60   44516.68   35016.95  101491.00
4: RDMA (addr:65.65.65.131 subnqn:nqn.2016-06.io.spdk:cnode1) NSID 1 from core 21:     761.60      95.20   41994.02   31290.77  110259.94
4: RDMA (addr:65.65.65.131 subnqn:nqn.2016-06.io.spdk:cnode1) NSID 1 from core 22:     729.60      91.20   43963.39   33972.69  105907.50
4: RDMA (addr:65.65.65.131 subnqn:nqn.2016-06.io.spdk:cnode1) NSID 1 from core 23:     768.00      96.00   41464.48   32646.57  179882.32
4: RDMA (addr:65.65.65.131 subnqn:nqn.2016-06.io.spdk:cnode1) NSID 1 from core 24:     771.20      96.40   41414.90   29734.38   86460.72
4: RDMA (addr:65.65.65.131 subnqn:nqn.2016-06.io.spdk:cnode1) NSID 1 from core 25:     723.20      90.40   43935.64   34972.99   69980.24
4: RDMA (addr:65.65.65.131 subnqn:nqn.2016-06.io.spdk:cnode1) NSID 1 from core 26:     713.60      89.20   44510.18   32998.62   72578.64
4: RDMA (addr:65.65.65.131 subnqn:nqn.2016-06.io.spdk:cnode1) NSID 1 from core 27:     713.60      89.20   44560.15   35612.97  112403.84
4: ========================================================
4: Total                                                                         :   20830.70    2603.84   42966.43   18917.28 4731255.43
4: 
== Servers stopping... 
srun -l -O --nodes 1 --ntasks 1 --nodelist=swx-ray01 --export=ALL ./stop_tgt.sh
0: == TGT Memory usage ==
0: Huge pages: 1138 MB, HWM: 275.566
0: [2021-10-01 16:27:57.532369] common.c: 279:spdk_rdma_srq_destroy: *ERROR*: SRQ destroy failed with 16
0: [2021-10-01 16:27:57.534973] common.c: 279:spdk_rdma_srq_destroy: *ERROR*: SRQ destroy failed with 16
0: [2021-10-01 16:27:57.537741] common.c: 279:spdk_rdma_srq_destroy: *ERROR*: SRQ destroy failed with 16
0: [2021-10-01 16:27:57.543107] common.c: 279:spdk_rdma_srq_destroy: *ERROR*: SRQ destroy failed with 16
0: [2021-10-01 16:27:57.555005] common.c: 279:spdk_rdma_srq_destroy: *ERROR*: SRQ destroy failed with 16
0: [2021-10-01 16:27:57.557511] common.c: 279:spdk_rdma_srq_destroy: *ERROR*: SRQ destroy failed with 16
0: [2021-10-01 16:27:57.560187] common.c: 279:spdk_rdma_srq_destroy: *ERROR*: SRQ destroy failed with 16
0: [2021-10-01 16:27:57.566083] common.c: 279:spdk_rdma_srq_destroy: *ERROR*: SRQ destroy failed with 16
srun: error: swx-ray01: task 0: Exited with exit code 127
srun: launch/slurm: _step_signal: Terminating StepId=71115.0
swx-ray01: Error while connecting to /var/tmp/spdk.sock
swx-ray01: Is SPDK application running?
swx-ray01: Error details: [Errno -2] Name or service not known
pdsh@swx-ray01: swx-ray01: ssh exited with exit code 1
swx-ray06: Error while connecting to /var/tmp/spdk.sock
swx-ray06: Is SPDK application running?
swx-ray06: Error details: [Errno -2] Name or service not known
pdsh@swx-ray01: swx-ray06: ssh exited with exit code 1
swx-ray07: Error while connecting to /var/tmp/spdk.sock
swx-ray07: Is SPDK application running?
swx-ray07: Error details: [Errno -2] Name or service not known
swx-ray02: Error while connecting to /var/tmp/spdk.sock
swx-ray02: Is SPDK application running?
swx-ray02: Error details: [Errno -2] Name or service not known
pdsh@swx-ray01: swx-ray07: ssh exited with exit code 1
pdsh@swx-ray01: swx-ray02: ssh exited with exit code 1
swx-ray08: Error while connecting to /var/tmp/spdk.sock
swx-ray08: Is SPDK application running?
swx-ray08: Error details: [Errno -2] Name or service not known
swx-ray05: Error while connecting to /var/tmp/spdk.sock
swx-ray05: Is SPDK application running?
swx-ray05: Error details: [Errno -2] Name or service not known
pdsh@swx-ray01: swx-ray08: ssh exited with exit code 1
pdsh@swx-ray01: swx-ray05: ssh exited with exit code 1
