== Starting run at Mon Aug 16 21:38:16 IDT 2021
== Job ID: 60206
== Totally nodes: 
== Node list: jazz[01,03,06-07,11,13,16-28,31]
== Submit dir. : /hpc/local/work/denisn/dc/spdk/dc
== Servers number: 1
== SPDK_DIR: /labhome/denisn/dc/spdk_release
== RDMA_CORE_DIR: /labhome/denisn/dc/rdma-core/build/lib
== TGT_MASK: 0xFFFFFF
== PERF_MASK: 0xFFFFFF
== Server nodelist: jazz01
== Client nodelist: jazz03,jazz06,jazz07,jazz11,jazz13,jazz16,jazz17,jazz18,jazz19,jazz20,jazz21,jazz22,jazz23,jazz24,jazz25,jazz26,jazz27,jazz28,jazz31
== Servers running...
srun -l -O --nodes 1 --ntasks 1 --nodelist=jazz01 --export=ALL ./server_run.sh &
== Clients running... 
srun -l --nodes 19 --ntasks 19 --nodelist=jazz03,jazz06,jazz07,jazz11,jazz13,jazz16,jazz17,jazz18,jazz19,jazz20,jazz21,jazz22,jazz23,jazz24,jazz25,jazz26,jazz27,jazz28,jazz31 --export=ALL ./nvmeperf_run.sh
0: Server's Servers number: 1
0: Server's SPDK_DIR: /labhome/denisn/dc/spdk_release
0: Server's RDMA_CORE_DIR: /labhome/denisn/dc/rdma-core/build/lib
0: Server's TGT_MASK: 0xFFFFFF
0: Server's PERF_MASK: 0xFFFFFF
 3: Initiator's Servers number: 1
 2: Initiator's Servers number: 1
 0: Initiator's Servers number: 1
 3: Initiator's SPDK_DIR: /labhome/denisn/dc/spdk_release
 1: Initiator's Servers number: 1
 2: Initiator's SPDK_DIR: /labhome/denisn/dc/spdk_release
 0: Initiator's SPDK_DIR: /labhome/denisn/dc/spdk_release
 4: Initiator's Servers number: 1
 7: Initiator's Servers number: 1
 3: Initiator's RDMA_CORE_DIR: /labhome/denisn/dc/rdma-core/build/lib
 2: Initiator's RDMA_CORE_DIR: /labhome/denisn/dc/rdma-core/build/lib
 1: Initiator's SPDK_DIR: /labhome/denisn/dc/spdk_release
 0: Initiator's RDMA_CORE_DIR: /labhome/denisn/dc/rdma-core/build/lib
10: Initiator's Servers number: 1
 6: Initiator's Servers number: 1
 3: Initiator's TGT_MASK: 0xFFFFFF
 4: Initiator's SPDK_DIR: /labhome/denisn/dc/spdk_release
 7: Initiator's SPDK_DIR: /labhome/denisn/dc/spdk_release
 8: Initiator's Servers number: 1
13: Initiator's Servers number: 1
14: Initiator's Servers number: 1
16: Initiator's Servers number: 1
15: Initiator's Servers number: 1
 1: Initiator's RDMA_CORE_DIR: /labhome/denisn/dc/rdma-core/build/lib
 5: Initiator's Servers number: 1
 2: Initiator's TGT_MASK: 0xFFFFFF
 9: Initiator's Servers number: 1
12: Initiator's Servers number: 1
 0: Initiator's TGT_MASK: 0xFFFFFF
 3: Initiator's PERF_MASK: 0xFFFFFF
10: Initiator's SPDK_DIR: /labhome/denisn/dc/spdk_release
11: Initiator's Servers number: 1
 6: Initiator's SPDK_DIR: /labhome/denisn/dc/spdk_release
 4: Initiator's RDMA_CORE_DIR: /labhome/denisn/dc/rdma-core/build/lib
 7: Initiator's RDMA_CORE_DIR: /labhome/denisn/dc/rdma-core/build/lib
18: Initiator's Servers number: 1
 1: Initiator's TGT_MASK: 0xFFFFFF
14: Initiator's SPDK_DIR: /labhome/denisn/dc/spdk_release
16: Initiator's SPDK_DIR: /labhome/denisn/dc/spdk_release
13: Initiator's SPDK_DIR: /labhome/denisn/dc/spdk_release
 8: Initiator's SPDK_DIR: /labhome/denisn/dc/spdk_release
15: Initiator's SPDK_DIR: /labhome/denisn/dc/spdk_release
 2: Initiator's PERF_MASK: 0xFFFFFF
 9: Initiator's SPDK_DIR: /labhome/denisn/dc/spdk_release
 0: Initiator's PERF_MASK: 0xFFFFFF
 5: Initiator's SPDK_DIR: /labhome/denisn/dc/spdk_release
 4: Initiator's TGT_MASK: 0xFFFFFF
10: Initiator's RDMA_CORE_DIR: /labhome/denisn/dc/rdma-core/build/lib
12: Initiator's SPDK_DIR: /labhome/denisn/dc/spdk_release
 6: Initiator's RDMA_CORE_DIR: /labhome/denisn/dc/rdma-core/build/lib
11: Initiator's SPDK_DIR: /labhome/denisn/dc/spdk_release
 1: Initiator's PERF_MASK: 0xFFFFFF
 7: Initiator's TGT_MASK: 0xFFFFFF
16: Initiator's RDMA_CORE_DIR: /labhome/denisn/dc/rdma-core/build/lib
13: Initiator's RDMA_CORE_DIR: /labhome/denisn/dc/rdma-core/build/lib
14: Initiator's RDMA_CORE_DIR: /labhome/denisn/dc/rdma-core/build/lib
18: Initiator's SPDK_DIR: /labhome/denisn/dc/spdk_release
 8: Initiator's RDMA_CORE_DIR: /labhome/denisn/dc/rdma-core/build/lib
15: Initiator's RDMA_CORE_DIR: /labhome/denisn/dc/rdma-core/build/lib
 9: Initiator's RDMA_CORE_DIR: /labhome/denisn/dc/rdma-core/build/lib
 5: Initiator's RDMA_CORE_DIR: /labhome/denisn/dc/rdma-core/build/lib
12: Initiator's RDMA_CORE_DIR: /labhome/denisn/dc/rdma-core/build/lib
10: Initiator's TGT_MASK: 0xFFFFFF
 4: Initiator's PERF_MASK: 0xFFFFFF
11: Initiator's RDMA_CORE_DIR: /labhome/denisn/dc/rdma-core/build/lib
 7: Initiator's PERF_MASK: 0xFFFFFF
16: Initiator's TGT_MASK: 0xFFFFFF
 6: Initiator's TGT_MASK: 0xFFFFFF
13: Initiator's TGT_MASK: 0xFFFFFF
18: Initiator's RDMA_CORE_DIR: /labhome/denisn/dc/rdma-core/build/lib
14: Initiator's TGT_MASK: 0xFFFFFF
 8: Initiator's TGT_MASK: 0xFFFFFF
15: Initiator's TGT_MASK: 0xFFFFFF
 5: Initiator's TGT_MASK: 0xFFFFFF
 9: Initiator's TGT_MASK: 0xFFFFFF
12: Initiator's TGT_MASK: 0xFFFFFF
10: Initiator's PERF_MASK: 0xFFFFFF
13: Initiator's PERF_MASK: 0xFFFFFF
16: Initiator's PERF_MASK: 0xFFFFFF
11: Initiator's TGT_MASK: 0xFFFFFF
18: Initiator's TGT_MASK: 0xFFFFFF
14: Initiator's PERF_MASK: 0xFFFFFF
 6: Initiator's PERF_MASK: 0xFFFFFF
 8: Initiator's PERF_MASK: 0xFFFFFF
15: Initiator's PERF_MASK: 0xFFFFFF
 9: Initiator's PERF_MASK: 0xFFFFFF
12: Initiator's PERF_MASK: 0xFFFFFF
 5: Initiator's PERF_MASK: 0xFFFFFF
11: Initiator's PERF_MASK: 0xFFFFFF
18: Initiator's PERF_MASK: 0xFFFFFF
17: Initiator's Servers number: 1
17: Initiator's SPDK_DIR: /labhome/denisn/dc/spdk_release
17: Initiator's RDMA_CORE_DIR: /labhome/denisn/dc/rdma-core/build/lib
17: Initiator's TGT_MASK: 0xFFFFFF
17: Initiator's PERF_MASK: 0xFFFFFF
 3: Mounting hugetlbfs at /mnt/huge
16: Mounting hugetlbfs at /mnt/huge
 2: Mounting hugetlbfs at /mnt/huge
 1: Mounting hugetlbfs at /mnt/huge
 4: Mounting hugetlbfs at /mnt/huge
 7: Mounting hugetlbfs at /mnt/huge
 0: Mounting hugetlbfs at /mnt/huge
10: Mounting hugetlbfs at /mnt/huge
 8: Mounting hugetlbfs at /mnt/huge
15: Mounting hugetlbfs at /mnt/huge
13: Mounting hugetlbfs at /mnt/huge
11: Mounting hugetlbfs at /mnt/huge
 9: Mounting hugetlbfs at /mnt/huge
12: Mounting hugetlbfs at /mnt/huge
 5: Mounting hugetlbfs at /mnt/huge
 6: Mounting hugetlbfs at /mnt/huge
14: Mounting hugetlbfs at /mnt/huge
17: Mounting hugetlbfs at /mnt/huge
18: Mounting hugetlbfs at /mnt/huge
 3: Waiting for 1 servers started... now there are 0 servers
16: Waiting for 1 servers started... now there are 0 servers
 1: Waiting for 1 servers started... now there are 0 servers
 2: Waiting for 1 servers started... now there are 0 servers
 0: Waiting for 1 servers started... now there are 0 servers
 4: Waiting for 1 servers started... now there are 0 servers
 7: Waiting for 1 servers started... now there are 0 servers
10: Waiting for 1 servers started... now there are 0 servers
15: Waiting for 1 servers started... now there are 0 servers
 8: Waiting for 1 servers started... now there are 0 servers
12: Waiting for 1 servers started... now there are 0 servers
 9: Waiting for 1 servers started... now there are 0 servers
13: Waiting for 1 servers started... now there are 0 servers
11: Waiting for 1 servers started... now there are 0 servers
 6: Waiting for 1 servers started... now there are 0 servers
 5: Waiting for 1 servers started... now there are 0 servers
14: Waiting for 1 servers started... now there are 0 servers
17: Waiting for 1 servers started... now there are 0 servers
18: Waiting for 1 servers started... now there are 0 servers
0: sudo env LD_LIBRARY_PATH=/labhome/denisn/dc/rdma-core/build/lib /labhome/denisn/dc/spdk_release/install/bin/spdk_tgt -m 0xFFFFFF 2>&1 | tee -a /hpc/local/work/denisn/dc/spdk/dc/job.60206/spdk_tgt.0.log &
0: Waiting for 3s after spdk_tgt run ...
 3: Waiting for 1 servers started... now there are 0 servers
16: Waiting for 1 servers started... now there are 0 servers
 2: Waiting for 1 servers started... now there are 0 servers
 1: Waiting for 1 servers started... now there are 0 servers
 0: Waiting for 1 servers started... now there are 0 servers
 4: Waiting for 1 servers started... now there are 0 servers
 7: Waiting for 1 servers started... now there are 0 servers
0: [2021-08-16 21:38:17.937712] Starting SPDK v21.04 git sha1 8016710 / DPDK 21.05.0 initialization...
0: [2021-08-16 21:38:17.937786] [ DPDK EAL parameters: [2021-08-16 21:38:17.937792] spdk_tgt [2021-08-16 21:38:17.937797] --no-shconf [2021-08-16 21:38:17.937828] -c 0xFFFFFF [2021-08-16 21:38:17.937832] --log-level=lib.eal:6 [2021-08-16 21:38:17.937845] --log-level=lib.cryptodev:5 [2021-08-16 21:38:17.937850] --log-level=user1:6 [2021-08-16 21:38:17.937856] --base-virtaddr=0x200000000000 [2021-08-16 21:38:17.937861] --match-allocations [2021-08-16 21:38:17.937867] --file-prefix=spdk_pid20516 [2021-08-16 21:38:17.937872] ]
10: Waiting for 1 servers started... now there are 0 servers
15: Waiting for 1 servers started... now there are 0 servers
 8: Waiting for 1 servers started... now there are 0 servers
12: Waiting for 1 servers started... now there are 0 servers
 9: Waiting for 1 servers started... now there are 0 servers
13: Waiting for 1 servers started... now there are 0 servers
11: Waiting for 1 servers started... now there are 0 servers
 6: Waiting for 1 servers started... now there are 0 servers
 5: Waiting for 1 servers started... now there are 0 servers
14: Waiting for 1 servers started... now there are 0 servers
17: Waiting for 1 servers started... now there are 0 servers
18: Waiting for 1 servers started... now there are 0 servers
0: EAL: No available 1048576 kB hugepages reported
0: EAL: No free 2048 kB hugepages reported on node 1
0: TELEMETRY: No legacy callbacks, legacy socket not created
0: [2021-08-16 21:38:18.018217] app.c: 535:spdk_app_start: *NOTICE*: Total cores available: 24
0: [2021-08-16 21:38:18.185303] reactor.c: 929:reactor_run: *NOTICE*: Reactor started on core 1
0: [2021-08-16 21:38:18.185356] reactor.c: 929:reactor_run: *NOTICE*: Reactor started on core 2
0: [2021-08-16 21:38:18.185417] reactor.c: 929:reactor_run: *NOTICE*: Reactor started on core 3
0: [2021-08-16 21:38:18.185479] reactor.c: 929:reactor_run: *NOTICE*: Reactor started on core 4
0: [2021-08-16 21:38:18.185597] reactor.c: 929:reactor_run: *NOTICE*: Reactor started on core 8
0: [2021-08-16 21:38:18.185674] reactor.c: 929:reactor_run: *NOTICE*: Reactor started on core 10
0: [2021-08-16 21:38:18.185556] reactor.c: 929:reactor_run: *NOTICE*: Reactor started on core 7
0: [2021-08-16 21:38:18.185493] reactor.c: 929:reactor_run: *NOTICE*: Reactor started on core 5
0: [2021-08-16 21:38:18.185640] reactor.c: 929:reactor_run: *NOTICE*: Reactor started on core 9
0: [2021-08-16 21:38:18.185900] reactor.c: 929:reactor_run: *NOTICE*: Reactor started on core 16
0: [2021-08-16 21:38:18.185955] reactor.c: 929:reactor_run: *NOTICE*: Reactor started on core 18
0: [2021-08-16 21:38:18.185541] reactor.c: 929:reactor_run: *NOTICE*: Reactor started on core 6
0: [2021-08-16 21:38:18.186036] reactor.c: 929:reactor_run: *NOTICE*: Reactor started on core 21
0: [2021-08-16 21:38:18.186084] reactor.c: 929:reactor_run: *NOTICE*: Reactor started on core 22
0: [2021-08-16 21:38:18.186123] reactor.c: 929:reactor_run: *NOTICE*: Reactor started on core 23
0: [2021-08-16 21:38:18.185792] reactor.c: 929:reactor_run: *NOTICE*: Reactor started on core 13
0: [2021-08-16 21:38:18.185838] reactor.c: 929:reactor_run: *NOTICE*: Reactor started on core 14
0: [2021-08-16 21:38:18.185877] reactor.c: 929:reactor_run: *NOTICE*: Reactor started on core 15
0: [2021-08-16 21:38:18.185941] reactor.c: 929:reactor_run: *NOTICE*: Reactor started on core 17
0: [2021-08-16 21:38:18.185995] reactor.c: 929:reactor_run: *NOTICE*: Reactor started on core 19
0: [2021-08-16 21:38:18.186014] reactor.c: 929:reactor_run: *NOTICE*: Reactor started on core 20
0: [2021-08-16 21:38:18.185712] reactor.c: 929:reactor_run: *NOTICE*: Reactor started on core 11
0: [2021-08-16 21:38:18.185754] reactor.c: 929:reactor_run: *NOTICE*: Reactor started on core 12
0: [2021-08-16 21:38:18.186126] reactor.c: 929:reactor_run: *NOTICE*: Reactor started on core 0
0: [2021-08-16 21:38:18.188787] accel_engine.c: 852:spdk_accel_engine_initialize: *NOTICE*: Accel engine initialized to use software engine.
 3: Waiting for 1 servers started... now there are 0 servers
16: Waiting for 1 servers started... now there are 0 servers
 2: Waiting for 1 servers started... now there are 0 servers
 1: Waiting for 1 servers started... now there are 0 servers
 0: Waiting for 1 servers started... now there are 0 servers
 4: Waiting for 1 servers started... now there are 0 servers
 7: Waiting for 1 servers started... now there are 0 servers
10: Waiting for 1 servers started... now there are 0 servers
15: Waiting for 1 servers started... now there are 0 servers
 8: Waiting for 1 servers started... now there are 0 servers
12: Waiting for 1 servers started... now there are 0 servers
 9: Waiting for 1 servers started... now there are 0 servers
13: Waiting for 1 servers started... now there are 0 servers
11: Waiting for 1 servers started... now there are 0 servers
 6: Waiting for 1 servers started... now there are 0 servers
 5: Waiting for 1 servers started... now there are 0 servers
14: Waiting for 1 servers started... now there are 0 servers
17: Waiting for 1 servers started... now there are 0 servers
18: Waiting for 1 servers started... now there are 0 servers
 3: Waiting for 1 servers started... now there are 0 servers
16: Waiting for 1 servers started... now there are 0 servers
 2: Waiting for 1 servers started... now there are 0 servers
 1: Waiting for 1 servers started... now there are 0 servers
 0: Waiting for 1 servers started... now there are 0 servers
 4: Waiting for 1 servers started... now there are 0 servers
 7: Waiting for 1 servers started... now there are 0 servers
10: Waiting for 1 servers started... now there are 0 servers
15: Waiting for 1 servers started... now there are 0 servers
 8: Waiting for 1 servers started... now there are 0 servers
12: Waiting for 1 servers started... now there are 0 servers
 9: Waiting for 1 servers started... now there are 0 servers
13: Waiting for 1 servers started... now there are 0 servers
11: Waiting for 1 servers started... now there are 0 servers
 6: Waiting for 1 servers started... now there are 0 servers
 5: Waiting for 1 servers started... now there are 0 servers
14: Waiting for 1 servers started... now there are 0 servers
17: Waiting for 1 servers started... now there are 0 servers
18: Waiting for 1 servers started... now there are 0 servers
0: spdk_tgt pid: 20516
 3: Waiting for 1 servers started... now there are 0 servers
16: Waiting for 1 servers started... now there are 0 servers
 2: Waiting for 1 servers started... now there are 0 servers
 1: Waiting for 1 servers started... now there are 0 servers
 0: Waiting for 1 servers started... now there are 0 servers
 4: Waiting for 1 servers started... now there are 0 servers
 7: Waiting for 1 servers started... now there are 0 servers
10: Waiting for 1 servers started... now there are 0 servers
15: Waiting for 1 servers started... now there are 0 servers
 8: Waiting for 1 servers started... now there are 0 servers
12: Waiting for 1 servers started... now there are 0 servers
 9: Waiting for 1 servers started... now there are 0 servers
13: Waiting for 1 servers started... now there are 0 servers
11: Waiting for 1 servers started... now there are 0 servers
 6: Waiting for 1 servers started... now there are 0 servers
 5: Waiting for 1 servers started... now there are 0 servers
14: Waiting for 1 servers started... now there are 0 servers
17: Waiting for 1 servers started... now there are 0 servers
18: Waiting for 1 servers started... now there are 0 servers
0: Null0
0: !!!! max_wqe_sz_sq:1024
0: !!!! max_wqe_sz_rq:512
0: !!!! max_wqe_sz_sq_dc:256
0: !!!! max_wqe_sz_sq:1024
0: !!!! max_wqe_sz_rq:512
0: !!!! max_wqe_sz_sq_dc:256
0: !!!! max_wqe_sz_sq:1024
0: !!!! max_wqe_sz_rq:512
0: !!!! max_wqe_sz_sq_dc:256
0: !!!! max_wqe_sz_sq:1024
0: !!!! max_wqe_sz_rq:512
0: !!!! max_wqe_sz_sq_dc:256
0: !!!! max_wqe_sz_sq:1024
0: !!!! max_wqe_sz_rq:512
0: !!!! max_wqe_sz_sq_dc:256
0: !!!! max_wqe_sz_sq:1024
0: !!!! max_wqe_sz_rq:512
0: !!!! max_wqe_sz_sq_dc:256
 3: Waiting for 1 servers started... now there are 0 servers
16: Waiting for 1 servers started... now there are 0 servers
 2: Waiting for 1 servers started... now there are 0 servers
 1: Waiting for 1 servers started... now there are 0 servers
 0: Waiting for 1 servers started... now there are 0 servers
 4: Waiting for 1 servers started... now there are 0 servers
 7: Waiting for 1 servers started... now there are 0 servers
10: Waiting for 1 servers started... now there are 0 servers
15: Waiting for 1 servers started... now there are 0 servers
 8: Waiting for 1 servers started... now there are 0 servers
12: Waiting for 1 servers started... now there are 0 servers
 9: Waiting for 1 servers started... now there are 0 servers
13: Waiting for 1 servers started... now there are 0 servers
11: Waiting for 1 servers started... now there are 0 servers
 6: Waiting for 1 servers started... now there are 0 servers
 5: Waiting for 1 servers started... now there are 0 servers
14: Waiting for 1 servers started... now there are 0 servers
17: Waiting for 1 servers started... now there are 0 servers
18: Waiting for 1 servers started... now there are 0 servers
 3: Waiting for 1 servers started... now there are 0 servers
16: Waiting for 1 servers started... now there are 0 servers
 2: Waiting for 1 servers started... now there are 0 servers
 1: Waiting for 1 servers started... now there are 0 servers
 0: Waiting for 1 servers started... now there are 0 servers
 4: Waiting for 1 servers started... now there are 0 servers
 7: Waiting for 1 servers started... now there are 0 servers
10: Waiting for 1 servers started... now there are 0 servers
15: Waiting for 1 servers started... now there are 0 servers
 8: Waiting for 1 servers started... now there are 0 servers
12: Waiting for 1 servers started... now there are 0 servers
 9: Waiting for 1 servers started... now there are 0 servers
13: Waiting for 1 servers started... now there are 0 servers
11: Waiting for 1 servers started... now there are 0 servers
 6: Waiting for 1 servers started... now there are 0 servers
 5: Waiting for 1 servers started... now there are 0 servers
14: Waiting for 1 servers started... now there are 0 servers
17: Waiting for 1 servers started... now there are 0 servers
18: Waiting for 1 servers started... now there are 0 servers
0: [2021-08-16 21:38:23.347560] rdma.c:2651:nvmf_rdma_listen: *NOTICE*: *** NVMe/RDMA Target Listening on 172.24.0.1 port 4420 ***
 3: Waiting for 1 servers started... now there are 0 servers
16: Waiting for 1 servers started... now there are 0 servers
 2: Waiting for 1 servers started... now there are 0 servers
 1: Waiting for 1 servers started... now there are 0 servers
 0: Waiting for 1 servers started... now there are 0 servers
 4: Waiting for 1 servers started... now there are 0 servers
 7: Waiting for 1 servers started... now there are 0 servers
15: Waiting for 1 servers started... now there are 0 servers
10: Waiting for 1 servers started... now there are 0 servers
 8: Waiting for 1 servers started... now there are 0 servers
12: Waiting for 1 servers started... now there are 0 servers
 9: Waiting for 1 servers started... now there are 0 servers
13: Waiting for 1 servers started... now there are 0 servers
11: Waiting for 1 servers started... now there are 0 servers
 6: Waiting for 1 servers started... now there are 0 servers
 5: Waiting for 1 servers started... now there are 0 servers
14: Waiting for 1 servers started... now there are 0 servers
17: Waiting for 1 servers started... now there are 0 servers
18: Waiting for 1 servers started... now there are 0 servers
0: /hpc/local/work/denisn/dc/spdk/dc/./server_run.sh: line 38: wait: pid 20516 is not a child of this shell
 3: 
 3: Got servers list: 172.24.0.1
 3: sudo env LD_LIBRARY_PATH=/labhome/denisn/dc/rdma-core/build/lib /labhome/denisn/dc/spdk_release/install/bin/spdk_nvme_perf 	 --srq-depth 128 -r "trtype:rdma adrfam:ipv4 traddr:172.24.0.1 trsvcid:4420" 	 -c 0xFFFFFF -q 1 -o 4096 -w randread -t 10 	  2>&1 | tee -a /hpc/local/work/denisn/dc/spdk/dc/job.60206/perf.3.log
16: 
16: Got servers list: 172.24.0.1
16: sudo env LD_LIBRARY_PATH=/labhome/denisn/dc/rdma-core/build/lib /labhome/denisn/dc/spdk_release/install/bin/spdk_nvme_perf 	 --srq-depth 128 -r "trtype:rdma adrfam:ipv4 traddr:172.24.0.1 trsvcid:4420" 	 -c 0xFFFFFF -q 1 -o 4096 -w randread -t 10 	  2>&1 | tee -a /hpc/local/work/denisn/dc/spdk/dc/job.60206/perf.16.log
 2: 
 1: 
 2: Got servers list: 172.24.0.1
 2: sudo env LD_LIBRARY_PATH=/labhome/denisn/dc/rdma-core/build/lib /labhome/denisn/dc/spdk_release/install/bin/spdk_nvme_perf 	 --srq-depth 128 -r "trtype:rdma adrfam:ipv4 traddr:172.24.0.1 trsvcid:4420" 	 -c 0xFFFFFF -q 1 -o 4096 -w randread -t 10 	  2>&1 | tee -a /hpc/local/work/denisn/dc/spdk/dc/job.60206/perf.2.log
 1: Got servers list: 172.24.0.1
 1: sudo env LD_LIBRARY_PATH=/labhome/denisn/dc/rdma-core/build/lib /labhome/denisn/dc/spdk_release/install/bin/spdk_nvme_perf 	 --srq-depth 128 -r "trtype:rdma adrfam:ipv4 traddr:172.24.0.1 trsvcid:4420" 	 -c 0xFFFFFF -q 1 -o 4096 -w randread -t 10 	  2>&1 | tee -a /hpc/local/work/denisn/dc/spdk/dc/job.60206/perf.1.log
 0: 
 4: 
 7: 
 0: Got servers list: 172.24.0.1
 0: sudo env LD_LIBRARY_PATH=/labhome/denisn/dc/rdma-core/build/lib /labhome/denisn/dc/spdk_release/install/bin/spdk_nvme_perf 	 --srq-depth 128 -r "trtype:rdma adrfam:ipv4 traddr:172.24.0.1 trsvcid:4420" 	 -c 0xFFFFFF -q 1 -o 4096 -w randread -t 10 	  2>&1 | tee -a /hpc/local/work/denisn/dc/spdk/dc/job.60206/perf.0.log
15: 
10: 
 4: Got servers list: 172.24.0.1
 7: Got servers list: 172.24.0.1
 4: sudo env LD_LIBRARY_PATH=/labhome/denisn/dc/rdma-core/build/lib /labhome/denisn/dc/spdk_release/install/bin/spdk_nvme_perf 	 --srq-depth 128 -r "trtype:rdma adrfam:ipv4 traddr:172.24.0.1 trsvcid:4420" 	 -c 0xFFFFFF -q 1 -o 4096 -w randread -t 10 	  2>&1 | tee -a /hpc/local/work/denisn/dc/spdk/dc/job.60206/perf.4.log
 7: sudo env LD_LIBRARY_PATH=/labhome/denisn/dc/rdma-core/build/lib /labhome/denisn/dc/spdk_release/install/bin/spdk_nvme_perf 	 --srq-depth 128 -r "trtype:rdma adrfam:ipv4 traddr:172.24.0.1 trsvcid:4420" 	 -c 0xFFFFFF -q 1 -o 4096 -w randread -t 10 	  2>&1 | tee -a /hpc/local/work/denisn/dc/spdk/dc/job.60206/perf.7.log
 8: 
12: 
15: Got servers list: 172.24.0.1
 9: 
15: sudo env LD_LIBRARY_PATH=/labhome/denisn/dc/rdma-core/build/lib /labhome/denisn/dc/spdk_release/install/bin/spdk_nvme_perf 	 --srq-depth 128 -r "trtype:rdma adrfam:ipv4 traddr:172.24.0.1 trsvcid:4420" 	 -c 0xFFFFFF -q 1 -o 4096 -w randread -t 10 	  2>&1 | tee -a /hpc/local/work/denisn/dc/spdk/dc/job.60206/perf.15.log
13: 
10: Got servers list: 172.24.0.1
10: sudo env LD_LIBRARY_PATH=/labhome/denisn/dc/rdma-core/build/lib /labhome/denisn/dc/spdk_release/install/bin/spdk_nvme_perf 	 --srq-depth 128 -r "trtype:rdma adrfam:ipv4 traddr:172.24.0.1 trsvcid:4420" 	 -c 0xFFFFFF -q 1 -o 4096 -w randread -t 10 	  2>&1 | tee -a /hpc/local/work/denisn/dc/spdk/dc/job.60206/perf.10.log
11: 
 8: Got servers list: 172.24.0.1
 8: sudo env LD_LIBRARY_PATH=/labhome/denisn/dc/rdma-core/build/lib /labhome/denisn/dc/spdk_release/install/bin/spdk_nvme_perf 	 --srq-depth 128 -r "trtype:rdma adrfam:ipv4 traddr:172.24.0.1 trsvcid:4420" 	 -c 0xFFFFFF -q 1 -o 4096 -w randread -t 10 	  2>&1 | tee -a /hpc/local/work/denisn/dc/spdk/dc/job.60206/perf.8.log
12: Got servers list: 172.24.0.1
 9: Got servers list: 172.24.0.1
12: sudo env LD_LIBRARY_PATH=/labhome/denisn/dc/rdma-core/build/lib /labhome/denisn/dc/spdk_release/install/bin/spdk_nvme_perf 	 --srq-depth 128 -r "trtype:rdma adrfam:ipv4 traddr:172.24.0.1 trsvcid:4420" 	 -c 0xFFFFFF -q 1 -o 4096 -w randread -t 10 	  2>&1 | tee -a /hpc/local/work/denisn/dc/spdk/dc/job.60206/perf.12.log
 9: sudo env LD_LIBRARY_PATH=/labhome/denisn/dc/rdma-core/build/lib /labhome/denisn/dc/spdk_release/install/bin/spdk_nvme_perf 	 --srq-depth 128 -r "trtype:rdma adrfam:ipv4 traddr:172.24.0.1 trsvcid:4420" 	 -c 0xFFFFFF -q 1 -o 4096 -w randread -t 10 	  2>&1 | tee -a /hpc/local/work/denisn/dc/spdk/dc/job.60206/perf.9.log
 5: 
14: 
17: 
14: Got servers list: 172.24.0.1
 5: Got servers list: 172.24.0.1
14: sudo env LD_LIBRARY_PATH=/labhome/denisn/dc/rdma-core/build/lib /labhome/denisn/dc/spdk_release/install/bin/spdk_nvme_perf 	 --srq-depth 128 -r "trtype:rdma adrfam:ipv4 traddr:172.24.0.1 trsvcid:4420" 	 -c 0xFFFFFF -q 1 -o 4096 -w randread -t 10 	  2>&1 | tee -a /hpc/local/work/denisn/dc/spdk/dc/job.60206/perf.14.log
 5: sudo env LD_LIBRARY_PATH=/labhome/denisn/dc/rdma-core/build/lib /labhome/denisn/dc/spdk_release/install/bin/spdk_nvme_perf 	 --srq-depth 128 -r "trtype:rdma adrfam:ipv4 traddr:172.24.0.1 trsvcid:4420" 	 -c 0xFFFFFF -q 1 -o 4096 -w randread -t 10 	  2>&1 | tee -a /hpc/local/work/denisn/dc/spdk/dc/job.60206/perf.5.log
18: 
17: Got servers list: 172.24.0.1
17: sudo env LD_LIBRARY_PATH=/labhome/denisn/dc/rdma-core/build/lib /labhome/denisn/dc/spdk_release/install/bin/spdk_nvme_perf 	 --srq-depth 128 -r "trtype:rdma adrfam:ipv4 traddr:172.24.0.1 trsvcid:4420" 	 -c 0xFFFFFF -q 1 -o 4096 -w randread -t 10 	  2>&1 | tee -a /hpc/local/work/denisn/dc/spdk/dc/job.60206/perf.17.log
18: Got servers list: 172.24.0.1
10: [2021-08-16 21:38:25.097140] Starting SPDK v21.04 git sha1 8016710 / DPDK 21.05.0 initialization...
10: [2021-08-16 21:38:25.097261] [ DPDK EAL parameters: [2021-08-16 21:38:25.097270] perf [2021-08-16 21:38:25.097285] --no-shconf [2021-08-16 21:38:25.097292] -c 0xFFFFFF [2021-08-16 21:38:25.097304] --no-pci [2021-08-16 21:38:25.097318] --log-level=lib.eal:6 [2021-08-16 21:38:25.097324] --log-level=lib.cryptodev:5 [2021-08-16 21:38:25.097329] --log-level=user1:6 [2021-08-16 21:38:25.097335] --base-virtaddr=0x200000000000 [2021-08-16 21:38:25.097346] --match-allocations [2021-08-16 21:38:25.097350] --file-prefix=spdk_pid143985 [2021-08-16 21:38:25.097355] ]
16: [2021-08-16 21:38:25.102875] Starting SPDK v21.04 git sha1 8016710 / DPDK 21.05.0 initialization...
16: [2021-08-16 21:38:25.102953] [ DPDK EAL parameters: [2021-08-16 21:38:25.102961] perf [2021-08-16 21:38:25.102965] --no-shconf [2021-08-16 21:38:25.102987] -c 0xFFFFFF [2021-08-16 21:38:25.102994] --no-pci [2021-08-16 21:38:25.103000] --log-level=lib.eal:6 [2021-08-16 21:38:25.103005] --log-level=lib.cryptodev:5 [2021-08-16 21:38:25.103011] --log-level=user1:6 [2021-08-16 21:38:25.103015] --base-virtaddr=0x200000000000 [2021-08-16 21:38:25.103021] --match-allocations [2021-08-16 21:38:25.103026] --file-prefix=spdk_pid115524 [2021-08-16 21:38:25.103032] ]
10: EAL: No available 1048576 kB hugepages reported
10: EAL: No free 2048 kB hugepages reported on node 1
16: EAL: No available 1048576 kB hugepages reported
16: EAL: No free 2048 kB hugepages reported on node 1
 9: [2021-08-16 21:38:25.123972] Starting SPDK v21.04 git sha1 8016710 / DPDK 21.05.0 initialization...
 9: [2021-08-16 21:38:25.124048] [ DPDK EAL parameters: [2021-08-16 21:38:25.124055] perf [2021-08-16 21:38:25.124089] --no-shconf [2021-08-16 21:38:25.124093] -c 0xFFFFFF [2021-08-16 21:38:25.124106] --no-pci [2021-08-16 21:38:25.124113] --log-level=lib.eal:6 [2021-08-16 21:38:25.124119] --log-level=lib.cryptodev:5 [2021-08-16 21:38:25.124124] --log-level=user1:6 [2021-08-16 21:38:25.124130] --base-virtaddr=0x200000000000 [2021-08-16 21:38:25.124134] --match-allocations [2021-08-16 21:38:25.124140] --file-prefix=spdk_pid63188 [2021-08-16 21:38:25.124144] ]
12: [2021-08-16 21:38:25.124175] Starting SPDK v21.04 git sha1 8016710 / DPDK 21.05.0 initialization...
12: [2021-08-16 21:38:25.124255] [ DPDK EAL parameters: [2021-08-16 21:38:25.124264] perf [2021-08-16 21:38:25.124277] --no-shconf [2021-08-16 21:38:25.124283] -c 0xFFFFFF [2021-08-16 21:38:25.124289] --no-pci [2021-08-16 21:38:25.124298] --log-level=lib.eal:6 [2021-08-16 21:38:25.124304] --log-level=lib.cryptodev:5 [2021-08-16 21:38:25.124311] --log-level=user1:6 [2021-08-16 21:38:25.124317] --base-virtaddr=0x200000000000 [2021-08-16 21:38:25.124322] --match-allocations [2021-08-16 21:38:25.124329] --file-prefix=spdk_pid3919 [2021-08-16 21:38:25.124337] ]
16: TELEMETRY: No legacy callbacks, legacy socket not created
10: TELEMETRY: No legacy callbacks, legacy socket not created
 9: EAL: No available 1048576 kB hugepages reported
 9: EAL: No free 2048 kB hugepages reported on node 1
12: EAL: No available 1048576 kB hugepages reported
12: EAL: No free 2048 kB hugepages reported on node 1
 9: TELEMETRY: No legacy callbacks, legacy socket not created
12: TELEMETRY: No legacy callbacks, legacy socket not created
10: !!!! max_wqe_sz_sq:1024
10: !!!! max_wqe_sz_rq:512
10: !!!! max_wqe_sz_sq_dc:256
 6: 
10: !!!! max_wqe_sz_sq:1024
10: !!!! max_wqe_sz_rq:512
10: !!!! max_wqe_sz_sq_dc:256
11: Got servers list: 172.24.0.1
11: sudo env LD_LIBRARY_PATH=/labhome/denisn/dc/rdma-core/build/lib /labhome/denisn/dc/spdk_release/install/bin/spdk_nvme_perf 	 --srq-depth 128 -r "trtype:rdma adrfam:ipv4 traddr:172.24.0.1 trsvcid:4420" 	 -c 0xFFFFFF -q 1 -o 4096 -w randread -t 10 	  2>&1 | tee -a /hpc/local/work/denisn/dc/spdk/dc/job.60206/perf.11.log
 6: Got servers list: 172.24.0.1
 6: sudo env LD_LIBRARY_PATH=/labhome/denisn/dc/rdma-core/build/lib /labhome/denisn/dc/spdk_release/install/bin/spdk_nvme_perf 	 --srq-depth 128 -r "trtype:rdma adrfam:ipv4 traddr:172.24.0.1 trsvcid:4420" 	 -c 0xFFFFFF -q 1 -o 4096 -w randread -t 10 	  2>&1 | tee -a /hpc/local/work/denisn/dc/spdk/dc/job.60206/perf.6.log
10: !!!! max_wqe_sz_sq:1024
10: !!!! max_wqe_sz_rq:512
10: !!!! max_wqe_sz_sq_dc:256
10: !!!! max_wqe_sz_sq:1024
10: !!!! max_wqe_sz_rq:512
10: !!!! max_wqe_sz_sq_dc:256
10: !!!! max_wqe_sz_sq:1024
10: !!!! max_wqe_sz_rq:512
10: !!!! max_wqe_sz_sq_dc:256
16: !!!! max_wqe_sz_sq:1024
16: !!!! max_wqe_sz_rq:512
16: !!!! max_wqe_sz_sq_dc:256
10: !!!! max_wqe_sz_sq:1024
10: !!!! max_wqe_sz_rq:512
10: !!!! max_wqe_sz_sq_dc:256
16: !!!! max_wqe_sz_sq:1024
16: !!!! max_wqe_sz_rq:512
16: !!!! max_wqe_sz_sq_dc:256
18: sudo env LD_LIBRARY_PATH=/labhome/denisn/dc/rdma-core/build/lib /labhome/denisn/dc/spdk_release/install/bin/spdk_nvme_perf 	 --srq-depth 128 -r "trtype:rdma adrfam:ipv4 traddr:172.24.0.1 trsvcid:4420" 	 -c 0xFFFFFF -q 1 -o 4096 -w randread -t 10 	  2>&1 | tee -a /hpc/local/work/denisn/dc/spdk/dc/job.60206/perf.18.log
16: !!!! max_wqe_sz_sq:1024
16: !!!! max_wqe_sz_rq:512
16: !!!! max_wqe_sz_sq_dc:256
 3: [2021-08-16 21:38:25.239059] Starting SPDK v21.04 git sha1 8016710 / DPDK 21.05.0 initialization...
 3: [2021-08-16 21:38:25.239159] [ DPDK EAL parameters: [2021-08-16 21:38:25.239169] perf [2021-08-16 21:38:25.239176] --no-shconf [2021-08-16 21:38:25.239182] -c 0xFFFFFF [2021-08-16 21:38:25.239189] --no-pci [2021-08-16 21:38:25.239193] --log-level=lib.eal:6 [2021-08-16 21:38:25.239199] --log-level=lib.cryptodev:5 [2021-08-16 21:38:25.239203] --log-level=user1:6 [2021-08-16 21:38:25.239210] --base-virtaddr=0x200000000000 [2021-08-16 21:38:25.239214] --match-allocations [2021-08-16 21:38:25.239220] --file-prefix=spdk_pid61899 [2021-08-16 21:38:25.239224] ]
16: !!!! max_wqe_sz_sq:1024
16: !!!! max_wqe_sz_rq:512
16: !!!! max_wqe_sz_sq_dc:256
16: !!!! max_wqe_sz_sq:1024
16: !!!! max_wqe_sz_rq:512
16: !!!! max_wqe_sz_sq_dc:256
16: !!!! max_wqe_sz_sq:1024
16: !!!! max_wqe_sz_rq:512
16: !!!! max_wqe_sz_sq_dc:256
 3: EAL: No available 1048576 kB hugepages reported
 3: EAL: No free 2048 kB hugepages reported on node 1
 3: TELEMETRY: No legacy callbacks, legacy socket not created
 5: [2021-08-16 21:38:25.378132] Starting SPDK v21.04 git sha1 8016710 / DPDK 21.05.0 initialization...
 5: [2021-08-16 21:38:25.378238] [ DPDK EAL parameters: [2021-08-16 21:38:25.378247] perf [2021-08-16 21:38:25.378252] --no-shconf [2021-08-16 21:38:25.378256] -c 0xFFFFFF [2021-08-16 21:38:25.378261] --no-pci [2021-08-16 21:38:25.378267] --log-level=lib.eal:6 [2021-08-16 21:38:25.378274] --log-level=lib.cryptodev:5 [2021-08-16 21:38:25.378279] --log-level=user1:6 [2021-08-16 21:38:25.378285] --base-virtaddr=0x200000000000 [2021-08-16 21:38:25.378290] --match-allocations [2021-08-16 21:38:25.378296] --file-prefix=spdk_pid6456 [2021-08-16 21:38:25.378300] ]
 5: EAL: No available 1048576 kB hugepages reported
 5: EAL: No free 2048 kB hugepages reported on node 1
 7: [2021-08-16 21:38:25.389735] Starting SPDK v21.04 git sha1 8016710 / DPDK 21.05.0 initialization...
 7: [2021-08-16 21:38:25.389809] [ DPDK EAL parameters: [2021-08-16 21:38:25.389816] perf [2021-08-16 21:38:25.389821] --no-shconf [2021-08-16 21:38:25.389825] -c 0xFFFFFF [2021-08-16 21:38:25.389871] --no-pci [2021-08-16 21:38:25.389877] --log-level=lib.eal:6 [2021-08-16 21:38:25.389884] --log-level=lib.cryptodev:5 [2021-08-16 21:38:25.389889] --log-level=user1:6 [2021-08-16 21:38:25.389895] --base-virtaddr=0x200000000000 [2021-08-16 21:38:25.389913] --match-allocations [2021-08-16 21:38:25.389919] --file-prefix=spdk_pid95192 [2021-08-16 21:38:25.389923] ]
 8: [2021-08-16 21:38:25.390217] Starting SPDK v21.04 git sha1 8016710 / DPDK 21.05.0 initialization...
 8: [2021-08-16 21:38:25.390283] [ DPDK EAL parameters: [2021-08-16 21:38:25.390290] perf [2021-08-16 21:38:25.390295] --no-shconf [2021-08-16 21:38:25.390299] -c 0xFFFFFF [2021-08-16 21:38:25.390304] --no-pci [2021-08-16 21:38:25.390308] --log-level=lib.eal:6 [2021-08-16 21:38:25.390315] --log-level=lib.cryptodev:5 [2021-08-16 21:38:25.390322] --log-level=user1:6 [2021-08-16 21:38:25.390326] --base-virtaddr=0x200000000000 [2021-08-16 21:38:25.390332] --match-allocations [2021-08-16 21:38:25.390337] --file-prefix=spdk_pid22899 [2021-08-16 21:38:25.390343] ]
 7: EAL: No available 1048576 kB hugepages reported
 7: EAL: No free 2048 kB hugepages reported on node 1
 8: EAL: No available 1048576 kB hugepages reported
 8: EAL: No free 2048 kB hugepages reported on node 1
 5: TELEMETRY: No legacy callbacks, legacy socket not created
14: [2021-08-16 21:38:25.402575] Starting SPDK v21.04 git sha1 8016710 / DPDK 21.05.0 initialization...
14: [2021-08-16 21:38:25.402653] [ DPDK EAL parameters: [2021-08-16 21:38:25.402660] perf [2021-08-16 21:38:25.402681] --no-shconf [2021-08-16 21:38:25.402703] -c 0xFFFFFF [2021-08-16 21:38:25.402713] --no-pci [2021-08-16 21:38:25.402720] --log-level=lib.eal:6 [2021-08-16 21:38:25.402727] --log-level=lib.cryptodev:5 [2021-08-16 21:38:25.402731] --log-level=user1:6 [2021-08-16 21:38:25.402737] --base-virtaddr=0x200000000000 [2021-08-16 21:38:25.402742] --match-allocations [2021-08-16 21:38:25.402748] --file-prefix=spdk_pid128862 [2021-08-16 21:38:25.402753] ]
 8: TELEMETRY: No legacy callbacks, legacy socket not created
14: EAL: No available 1048576 kB hugepages reported
14: EAL: No free 2048 kB hugepages reported on node 1
 7: TELEMETRY: No legacy callbacks, legacy socket not created
14: TELEMETRY: No legacy callbacks, legacy socket not created
13: Got servers list: 172.24.0.1
10: Initializing NVMe Controllers
10: Attached to NVMe over Fabrics controller at 172.24.0.1:4420: nqn.2016-06.io.spdk:cnode1
10: Controller attach time is 23836.196 us (57206871 ticks)
10: Associating RDMA (addr:172.24.0.1 subnqn:nqn.2016-06.io.spdk:cnode1) NSID 1 with lcore 0
10: Associating RDMA (addr:172.24.0.1 subnqn:nqn.2016-06.io.spdk:cnode1) NSID 1 with lcore 1
10: Associating RDMA (addr:172.24.0.1 subnqn:nqn.2016-06.io.spdk:cnode1) NSID 1 with lcore 2
10: Associating RDMA (addr:172.24.0.1 subnqn:nqn.2016-06.io.spdk:cnode1) NSID 1 with lcore 3
10: Associating RDMA (addr:172.24.0.1 subnqn:nqn.2016-06.io.spdk:cnode1) NSID 1 with lcore 4
10: Associating RDMA (addr:172.24.0.1 subnqn:nqn.2016-06.io.spdk:cnode1) NSID 1 with lcore 5
10: Associating RDMA (addr:172.24.0.1 subnqn:nqn.2016-06.io.spdk:cnode1) NSID 1 with lcore 6
10: Associating RDMA (addr:172.24.0.1 subnqn:nqn.2016-06.io.spdk:cnode1) NSID 1 with lcore 7
10: Associating RDMA (addr:172.24.0.1 subnqn:nqn.2016-06.io.spdk:cnode1) NSID 1 with lcore 8
10: Associating RDMA (addr:172.24.0.1 subnqn:nqn.2016-06.io.spdk:cnode1) NSID 1 with lcore 9
10: Associating RDMA (addr:172.24.0.1 subnqn:nqn.2016-06.io.spdk:cnode1) NSID 1 with lcore 10
10: Associating RDMA (addr:172.24.0.1 subnqn:nqn.2016-06.io.spdk:cnode1) NSID 1 with lcore 11
10: Associating RDMA (addr:172.24.0.1 subnqn:nqn.2016-06.io.spdk:cnode1) NSID 1 with lcore 12
10: Associating RDMA (addr:172.24.0.1 subnqn:nqn.2016-06.io.spdk:cnode1) NSID 1 with lcore 13
10: Associating RDMA (addr:172.24.0.1 subnqn:nqn.2016-06.io.spdk:cnode1) NSID 1 with lcore 14
10: Associating RDMA (addr:172.24.0.1 subnqn:nqn.2016-06.io.spdk:cnode1) NSID 1 with lcore 15
10: Associating RDMA (addr:172.24.0.1 subnqn:nqn.2016-06.io.spdk:cnode1) NSID 1 with lcore 16
10: Associating RDMA (addr:172.24.0.1 subnqn:nqn.2016-06.io.spdk:cnode1) NSID 1 with lcore 17
10: Associating RDMA (addr:172.24.0.1 subnqn:nqn.2016-06.io.spdk:cnode1) NSID 1 with lcore 18
10: Associating RDMA (addr:172.24.0.1 subnqn:nqn.2016-06.io.spdk:cnode1) NSID 1 with lcore 19
10: Associating RDMA (addr:172.24.0.1 subnqn:nqn.2016-06.io.spdk:cnode1) NSID 1 with lcore 20
10: Associating RDMA (addr:172.24.0.1 subnqn:nqn.2016-06.io.spdk:cnode1) NSID 1 with lcore 21
10: Associating RDMA (addr:172.24.0.1 subnqn:nqn.2016-06.io.spdk:cnode1) NSID 1 with lcore 22
10: Associating RDMA (addr:172.24.0.1 subnqn:nqn.2016-06.io.spdk:cnode1) NSID 1 with lcore 23
10: Initialization complete. Launching workers.
10: IO qp on core 3 total time 27640.414 us (66336993 ticks), connect time 15526.350 us (37263240 ticks)
10: IO qp on core 0 total time 35134.319 us (84322366 ticks), connect time 22764.533 us (54634879 ticks)
10: IO qp on core 6 total time 45587.857 us (109410858 ticks), connect time 33274.289 us (79858293 ticks)
10: IO qp on core 4 total time 55446.915 us (133072595 ticks), connect time 43127.086 us (103505006 ticks)
10: IO qp on core 5 total time 65580.849 us (157394037 ticks), connect time 51445.531 us (123469275 ticks)
10: IO qp on core 7 total time 75331.080 us (180794592 ticks), connect time 61330.105 us (147192252 ticks)
10: IO qp on core 2 total time 85170.465 us (204409117 ticks), connect time 70704.038 us (169689691 ticks)
10: IO qp on core 21 total time 95266.599 us (228639837 ticks), connect time 80170.206 us (192408495 ticks)
10: IO qp on core 13 total time 104978.969 us (251949525 ticks), connect time 89883.289 us (215719893 ticks)
10: IO qp on core 1 total time 116454.675 us (279491221 ticks), connect time 99825.253 us (239580606 ticks)
10: IO qp on core 20 total time 125144.273 us (300346256 ticks), connect time 109857.795 us (263658707 ticks)
10: IO qp on core 19 total time 135115.062 us (324276148 ticks), connect time 119821.912 us (287572588 ticks)
10: IO qp on core 17 total time 145160.658 us (348385578 ticks), connect time 129677.280 us (311225472 ticks)
10: IO qp on core 9 total time 155187.955 us (372451092 ticks), connect time 139695.098 us (335268234 ticks)
10: IO qp on core 11 total time 164927.573 us (395826174 ticks), connect time 149221.636 us (358131927 ticks)
10: IO qp on core 8 total time 174991.743 us (419980184 ticks), connect time 159314.815 us (382355555 ticks)
13: sudo env LD_LIBRARY_PATH=/labhome/denisn/dc/rdma-core/build/lib /labhome/denisn/dc/spdk_release/install/bin/spdk_nvme_perf 	 --srq-depth 128 -r "trtype:rdma adrfam:ipv4 traddr:172.24.0.1 trsvcid:4420" 	 -c 0xFFFFFF -q 1 -o 4096 -w randread -t 10 	  2>&1 | tee -a /hpc/local/work/denisn/dc/spdk/dc/job.60206/perf.13.log
16: Initializing NVMe Controllers
16: Attached to NVMe over Fabrics controller at 172.24.0.1:4420: nqn.2016-06.io.spdk:cnode1
16: Controller attach time is 17096.521 us (41031650 ticks)
16: Associating RDMA (addr:172.24.0.1 subnqn:nqn.2016-06.io.spdk:cnode1) NSID 1 with lcore 0
16: Associating RDMA (addr:172.24.0.1 subnqn:nqn.2016-06.io.spdk:cnode1) NSID 1 with lcore 1
16: Associating RDMA (addr:172.24.0.1 subnqn:nqn.2016-06.io.spdk:cnode1) NSID 1 with lcore 2
16: Associating RDMA (addr:172.24.0.1 subnqn:nqn.2016-06.io.spdk:cnode1) NSID 1 with lcore 3
16: Associating RDMA (addr:172.24.0.1 subnqn:nqn.2016-06.io.spdk:cnode1) NSID 1 with lcore 4
16: Associating RDMA (addr:172.24.0.1 subnqn:nqn.2016-06.io.spdk:cnode1) NSID 1 with lcore 5
16: Associating RDMA (addr:172.24.0.1 subnqn:nqn.2016-06.io.spdk:cnode1) NSID 1 with lcore 6
16: Associating RDMA (addr:172.24.0.1 subnqn:nqn.2016-06.io.spdk:cnode1) NSID 1 with lcore 7
16: Associating RDMA (addr:172.24.0.1 subnqn:nqn.2016-06.io.spdk:cnode1) NSID 1 with lcore 8
16: Associating RDMA (addr:172.24.0.1 subnqn:nqn.2016-06.io.spdk:cnode1) NSID 1 with lcore 9
16: Associating RDMA (addr:172.24.0.1 subnqn:nqn.2016-06.io.spdk:cnode1) NSID 1 with lcore 10
16: Associating RDMA (addr:172.24.0.1 subnqn:nqn.2016-06.io.spdk:cnode1) NSID 1 with lcore 11
16: Associating RDMA (addr:172.24.0.1 subnqn:nqn.2016-06.io.spdk:cnode1) NSID 1 with lcore 12
16: Associating RDMA (addr:172.24.0.1 subnqn:nqn.2016-06.io.spdk:cnode1) NSID 1 with lcore 13
16: Associating RDMA (addr:172.24.0.1 subnqn:nqn.2016-06.io.spdk:cnode1) NSID 1 with lcore 14
16: Associating RDMA (addr:172.24.0.1 subnqn:nqn.2016-06.io.spdk:cnode1) NSID 1 with lcore 15
16: Associating RDMA (addr:172.24.0.1 subnqn:nqn.2016-06.io.spdk:cnode1) NSID 1 with lcore 16
16: Associating RDMA (addr:172.24.0.1 subnqn:nqn.2016-06.io.spdk:cnode1) NSID 1 with lcore 17
16: Associating RDMA (addr:172.24.0.1 subnqn:nqn.2016-06.io.spdk:cnode1) NSID 1 with lcore 18
16: Associating RDMA (addr:172.24.0.1 subnqn:nqn.2016-06.io.spdk:cnode1) NSID 1 with lcore 19
16: Associating RDMA (addr:172.24.0.1 subnqn:nqn.2016-06.io.spdk:cnode1) NSID 1 with lcore 20
16: Associating RDMA (addr:172.24.0.1 subnqn:nqn.2016-06.io.spdk:cnode1) NSID 1 with lcore 21
16: Associating RDMA (addr:172.24.0.1 subnqn:nqn.2016-06.io.spdk:cnode1) NSID 1 with lcore 22
16: Associating RDMA (addr:172.24.0.1 subnqn:nqn.2016-06.io.spdk:cnode1) NSID 1 with lcore 23
16: Initialization complete. Launching workers.
16: IO qp on core 2 total time 29587.932 us (71011037 ticks), connect time 17191.735 us (41260163 ticks)
16: IO qp on core 5 total time 38658.618 us (92780682 ticks), connect time 27501.447 us (66003474 ticks)
16: IO qp on core 6 total time 48255.465 us (115813117 ticks), connect time 36335.330 us (87204793 ticks)
16: IO qp on core 4 total time 58006.366 us (139215279 ticks), connect time 45686.253 us (109647006 ticks)
16: IO qp on core 1 total time 69131.588 us (165915812 ticks), connect time 55510.618 us (133225483 ticks)
16: IO qp on core 0 total time 78006.230 us (187214951 ticks), connect time 65281.081 us (156674594 ticks)
16: IO qp on core 3 total time 88078.647 us (211388753 ticks), connect time 75587.461 us (181409906 ticks)
16: IO qp on core 8 total time 97626.803 us (234304326 ticks), connect time 83204.702 us (199691286 ticks)
16: IO qp on core 12 total time 107634.536 us (258322886 ticks), connect time 93164.153 us (223593968 ticks)
16: IO qp on core 7 total time 117970.367 us (283128880 ticks), connect time 103356.888 us (248056531 ticks)
16: IO qp on core 15 total time 127827.515 us (306786036 ticks), connect time 112725.299 us (270540717 ticks)
16: IO qp on core 10 total time 137502.365 us (330005675 ticks), connect time 122216.788 us (293320292 ticks)
16: IO qp on core 14 total time 147854.111 us (354849866 ticks), connect time 132187.598 us (317250236 ticks)
16: IO qp on core 22 total time 157544.953 us (378107887 ticks), connect time 141878.427 us (340508224 ticks)
16: IO qp on core 23 total time 167662.750 us (402390600 ticks), connect time 151728.367 us (364148082 ticks)
16: IO qp on core 11 total time 177817.219 us (426761326 ticks), connect time 161888.032 us (388531276 ticks)
 5: !!!! max_wqe_sz_sq:1024
 5: !!!! max_wqe_sz_rq:512
 5: !!!! max_wqe_sz_sq_dc:256
 5: !!!! max_wqe_sz_sq:1024
 5: !!!! max_wqe_sz_rq:512
 5: !!!! max_wqe_sz_sq_dc:256
 5: !!!! max_wqe_sz_sq:1024
 5: !!!! max_wqe_sz_rq:512
 5: !!!! max_wqe_sz_sq_dc:256
 9: !!!! max_wqe_sz_sq:1024
 9: !!!! max_wqe_sz_rq:512
 9: !!!! max_wqe_sz_sq_dc:256
 8: !!!! max_wqe_sz_sq:1024
 8: !!!! max_wqe_sz_rq:512
 8: !!!! max_wqe_sz_sq_dc:256
 5: !!!! max_wqe_sz_sq:1024
 5: !!!! max_wqe_sz_rq:512
 5: !!!! max_wqe_sz_sq_dc:256
 9: !!!! max_wqe_sz_sq:1024
 9: !!!! max_wqe_sz_rq:512
 9: !!!! max_wqe_sz_sq_dc:256
 8: !!!! max_wqe_sz_sq:1024
 8: !!!! max_wqe_sz_rq:512
 8: !!!! max_wqe_sz_sq_dc:256
 5: !!!! max_wqe_sz_sq:1024
 5: !!!! max_wqe_sz_rq:512
 5: !!!! max_wqe_sz_sq_dc:256
 5: !!!! max_wqe_sz_sq:1024
 5: !!!! max_wqe_sz_rq:512
 5: !!!! max_wqe_sz_sq_dc:256
 8: !!!! max_wqe_sz_sq:1024
 8: !!!! max_wqe_sz_rq:512
 8: !!!! max_wqe_sz_sq_dc:256
 9: !!!! max_wqe_sz_sq:1024
 9: !!!! max_wqe_sz_rq:512
 9: !!!! max_wqe_sz_sq_dc:256
 8: !!!! max_wqe_sz_sq:1024
 8: !!!! max_wqe_sz_rq:512
 8: !!!! max_wqe_sz_sq_dc:256
 9: !!!! max_wqe_sz_sq:1024
 9: !!!! max_wqe_sz_rq:512
 9: !!!! max_wqe_sz_sq_dc:256
 8: !!!! max_wqe_sz_sq:1024
 8: !!!! max_wqe_sz_rq:512
 8: !!!! max_wqe_sz_sq_dc:256
 9: !!!! max_wqe_sz_sq:1024
 9: !!!! max_wqe_sz_rq:512
 9: !!!! max_wqe_sz_sq_dc:256
 9: !!!! max_wqe_sz_sq:1024
 9: !!!! max_wqe_sz_rq:512
 9: !!!! max_wqe_sz_sq_dc:256
 8: !!!! max_wqe_sz_sq:1024
 8: !!!! max_wqe_sz_rq:512
 8: !!!! max_wqe_sz_sq_dc:256
 1: [2021-08-16 21:38:25.555989] Starting SPDK v21.04 git sha1 8016710 / DPDK 21.05.0 initialization...
 1: [2021-08-16 21:38:25.556067] [ DPDK EAL parameters: [2021-08-16 21:38:25.556096] perf [2021-08-16 21:38:25.556101] --no-shconf [2021-08-16 21:38:25.556106] -c 0xFFFFFF [2021-08-16 21:38:25.556110] --no-pci [2021-08-16 21:38:25.556125] --log-level=lib.eal:6 [2021-08-16 21:38:25.556129] --log-level=lib.cryptodev:5 [2021-08-16 21:38:25.556150] --log-level=user1:6 [2021-08-16 21:38:25.556155] --base-virtaddr=0x200000000000 [2021-08-16 21:38:25.556160] --match-allocations [2021-08-16 21:38:25.556164] --file-prefix=spdk_pid42220 [2021-08-16 21:38:25.556169] ]
 1: EAL: No available 1048576 kB hugepages reported
 1: EAL: No free 2048 kB hugepages reported on node 1
 1: TELEMETRY: No legacy callbacks, legacy socket not created
11: [2021-08-16 21:38:25.599558] Starting SPDK v21.04 git sha1 8016710 / DPDK 21.05.0 initialization...
11: [2021-08-16 21:38:25.599636] [ DPDK EAL parameters: [2021-08-16 21:38:25.599643] perf [2021-08-16 21:38:25.599647] --no-shconf [2021-08-16 21:38:25.599669] -c 0xFFFFFF [2021-08-16 21:38:25.599692] --no-pci [2021-08-16 21:38:25.599697] --log-level=lib.eal:6 [2021-08-16 21:38:25.599703] --log-level=lib.cryptodev:5 [2021-08-16 21:38:25.599708] --log-level=user1:6 [2021-08-16 21:38:25.599714] --base-virtaddr=0x200000000000 [2021-08-16 21:38:25.599719] --match-allocations [2021-08-16 21:38:25.599725] --file-prefix=spdk_pid191276 [2021-08-16 21:38:25.599729] ]
 2: [2021-08-16 21:38:25.609691] Starting SPDK v21.04 git sha1 8016710 / DPDK 21.05.0 initialization...
 2: [2021-08-16 21:38:25.609750] [ DPDK EAL parameters: [2021-08-16 21:38:25.609758] perf [2021-08-16 21:38:25.609763] --no-shconf [2021-08-16 21:38:25.609769] -c 0xFFFFFF [2021-08-16 21:38:25.609773] --no-pci [2021-08-16 21:38:25.609780] --log-level=lib.eal:6 [2021-08-16 21:38:25.609786] --log-level=lib.cryptodev:5 [2021-08-16 21:38:25.609790] --log-level=user1:6 [2021-08-16 21:38:25.609795] --base-virtaddr=0x200000000000 [2021-08-16 21:38:25.609801] --match-allocations [2021-08-16 21:38:25.609807] --file-prefix=spdk_pid113392 [2021-08-16 21:38:25.609814] ]
11: EAL: No available 1048576 kB hugepages reported
11: EAL: No free 2048 kB hugepages reported on node 1
 2: EAL: No available 1048576 kB hugepages reported
 2: EAL: No free 2048 kB hugepages reported on node 1
15: [2021-08-16 21:38:25.626805] Starting SPDK v21.04 git sha1 8016710 / DPDK 21.05.0 initialization...
11: TELEMETRY: No legacy callbacks, legacy socket not created
15: [2021-08-16 21:38:25.626891] [ DPDK EAL parameters: [2021-08-16 21:38:25.626898] perf [2021-08-16 21:38:25.626903] --no-shconf [2021-08-16 21:38:25.626919] -c 0xFFFFFF [2021-08-16 21:38:25.626926] --no-pci [2021-08-16 21:38:25.626931] --log-level=lib.eal:6 [2021-08-16 21:38:25.626935] --log-level=lib.cryptodev:5 [2021-08-16 21:38:25.626941] --log-level=user1:6 [2021-08-16 21:38:25.626945] --base-virtaddr=0x200000000000 [2021-08-16 21:38:25.626951] --match-allocations [2021-08-16 21:38:25.626956] --file-prefix=spdk_pid72640 [2021-08-16 21:38:25.626961] ]
17: [2021-08-16 21:38:25.635306] Starting SPDK v21.04 git sha1 8016710 / DPDK 21.05.0 initialization...
17: [2021-08-16 21:38:25.635385] [ DPDK EAL parameters: [2021-08-16 21:38:25.635392] perf [2021-08-16 21:38:25.635397] --no-shconf [2021-08-16 21:38:25.635405] -c 0xFFFFFF [2021-08-16 21:38:25.635412] --no-pci [2021-08-16 21:38:25.635417] --log-level=lib.eal:6 [2021-08-16 21:38:25.635422] --log-level=lib.cryptodev:5 [2021-08-16 21:38:25.635428] --log-level=user1:6 [2021-08-16 21:38:25.635433] --base-virtaddr=0x200000000000 [2021-08-16 21:38:25.635437] --match-allocations [2021-08-16 21:38:25.635443] --file-prefix=spdk_pid58445 [2021-08-16 21:38:25.635449] ]
 2: TELEMETRY: No legacy callbacks, legacy socket not created
15: EAL: No available 1048576 kB hugepages reported
15: EAL: No free 2048 kB hugepages reported on node 1
17: EAL: No available 1048576 kB hugepages reported
17: EAL: No free 2048 kB hugepages reported on node 1
 3: !!!! max_wqe_sz_sq:1024
 3: !!!! max_wqe_sz_rq:512
 3: !!!! max_wqe_sz_sq_dc:256
 3: !!!! max_wqe_sz_sq:1024
 3: !!!! max_wqe_sz_rq:512
 3: !!!! max_wqe_sz_sq_dc:256
15: TELEMETRY: No legacy callbacks, legacy socket not created
 3: !!!! max_wqe_sz_sq:1024
 3: !!!! max_wqe_sz_rq:512
 3: !!!! max_wqe_sz_sq_dc:256
17: TELEMETRY: No legacy callbacks, legacy socket not created
 3: !!!! max_wqe_sz_sq:1024
 3: !!!! max_wqe_sz_rq:512
 3: !!!! max_wqe_sz_sq_dc:256
 3: !!!! max_wqe_sz_sq:1024
 3: !!!! max_wqe_sz_rq:512
 3: !!!! max_wqe_sz_sq_dc:256
 3: !!!! max_wqe_sz_sq:1024
 3: !!!! max_wqe_sz_rq:512
 3: !!!! max_wqe_sz_sq_dc:256
 2: !!!! max_wqe_sz_sq:1024
 2: !!!! max_wqe_sz_rq:512
 2: !!!! max_wqe_sz_sq_dc:256
 2: !!!! max_wqe_sz_sq:1024
 2: !!!! max_wqe_sz_rq:512
 2: !!!! max_wqe_sz_sq_dc:256
 5: Initializing NVMe Controllers
 5: Attached to NVMe over Fabrics controller at 172.24.0.1:4420: nqn.2016-06.io.spdk:cnode1
 5: Controller attach time is 20367.377 us (48881704 ticks)
 5: Associating RDMA (addr:172.24.0.1 subnqn:nqn.2016-06.io.spdk:cnode1) NSID 1 with lcore 0
 5: Associating RDMA (addr:172.24.0.1 subnqn:nqn.2016-06.io.spdk:cnode1) NSID 1 with lcore 1
 5: Associating RDMA (addr:172.24.0.1 subnqn:nqn.2016-06.io.spdk:cnode1) NSID 1 with lcore 2
 5: Associating RDMA (addr:172.24.0.1 subnqn:nqn.2016-06.io.spdk:cnode1) NSID 1 with lcore 3
 5: Associating RDMA (addr:172.24.0.1 subnqn:nqn.2016-06.io.spdk:cnode1) NSID 1 with lcore 4
 5: Associating RDMA (addr:172.24.0.1 subnqn:nqn.2016-06.io.spdk:cnode1) NSID 1 with lcore 5
 5: Associating RDMA (addr:172.24.0.1 subnqn:nqn.2016-06.io.spdk:cnode1) NSID 1 with lcore 6
 5: Associating RDMA (addr:172.24.0.1 subnqn:nqn.2016-06.io.spdk:cnode1) NSID 1 with lcore 7
 5: Associating RDMA (addr:172.24.0.1 subnqn:nqn.2016-06.io.spdk:cnode1) NSID 1 with lcore 8
 5: Associating RDMA (addr:172.24.0.1 subnqn:nqn.2016-06.io.spdk:cnode1) NSID 1 with lcore 9
 5: Associating RDMA (addr:172.24.0.1 subnqn:nqn.2016-06.io.spdk:cnode1) NSID 1 with lcore 10
 5: Associating RDMA (addr:172.24.0.1 subnqn:nqn.2016-06.io.spdk:cnode1) NSID 1 with lcore 11
 5: Associating RDMA (addr:172.24.0.1 subnqn:nqn.2016-06.io.spdk:cnode1) NSID 1 with lcore 12
 5: Associating RDMA (addr:172.24.0.1 subnqn:nqn.2016-06.io.spdk:cnode1) NSID 1 with lcore 13
 5: Associating RDMA (addr:172.24.0.1 subnqn:nqn.2016-06.io.spdk:cnode1) NSID 1 with lcore 14
 5: Associating RDMA (addr:172.24.0.1 subnqn:nqn.2016-06.io.spdk:cnode1) NSID 1 with lcore 15
 5: Associating RDMA (addr:172.24.0.1 subnqn:nqn.2016-06.io.spdk:cnode1) NSID 1 with lcore 16
 5: Associating RDMA (addr:172.24.0.1 subnqn:nqn.2016-06.io.spdk:cnode1) NSID 1 with lcore 17
 5: Associating RDMA (addr:172.24.0.1 subnqn:nqn.2016-06.io.spdk:cnode1) NSID 1 with lcore 18
 5: Associating RDMA (addr:172.24.0.1 subnqn:nqn.2016-06.io.spdk:cnode1) NSID 1 with lcore 19
 5: Associating RDMA (addr:172.24.0.1 subnqn:nqn.2016-06.io.spdk:cnode1) NSID 1 with lcore 20
 5: Associating RDMA (addr:172.24.0.1 subnqn:nqn.2016-06.io.spdk:cnode1) NSID 1 with lcore 21
 5: Associating RDMA (addr:172.24.0.1 subnqn:nqn.2016-06.io.spdk:cnode1) NSID 1 with lcore 22
 5: Associating RDMA (addr:172.24.0.1 subnqn:nqn.2016-06.io.spdk:cnode1) NSID 1 with lcore 23
 5: Initialization complete. Launching workers.
 5: IO qp on core 5 total time 28091.412 us (67419390 ticks), connect time 17723.580 us (42536592 ticks)
 5: IO qp on core 3 total time 36222.265 us (86933437 ticks), connect time 24812.717 us (59550520 ticks)
 5: IO qp on core 1 total time 47481.059 us (113954541 ticks), connect time 35055.400 us (84132960 ticks)
 5: IO qp on core 2 total time 56280.311 us (135072746 ticks), connect time 43848.170 us (105235607 ticks)
 5: IO qp on core 4 total time 66409.840 us (159383616 ticks), connect time 53590.825 us (128617980 ticks)
 5: IO qp on core 6 total time 76414.869 us (183395685 ticks), connect time 63023.051 us (151255323 ticks)
 5: IO qp on core 11 total time 86191.705 us (206860091 ticks), connect time 71748.625 us (172196699 ticks)
 5: IO qp on core 0 total time 96267.242 us (231041382 ticks), connect time 81684.835 us (196043604 ticks)
 5: IO qp on core 9 total time 106459.181 us (255502035 ticks), connect time 91944.875 us (220667700 ticks)
 5: IO qp on core 14 total time 115974.890 us (278339737 ticks), connect time 101223.477 us (242936344 ticks)
 5: IO qp on core 15 total time 126436.973 us (303448734 ticks), connect time 111682.872 us (268038894 ticks)
 5: IO qp on core 10 total time 135849.892 us (326039740 ticks), connect time 120594.049 us (289425718 ticks)
 5: IO qp on core 22 total time 146075.114 us (350580274 ticks), connect time 130735.599 us (313765438 ticks)
 5: IO qp on core 13 total time 157030.557 us (376873338 ticks), connect time 141484.212 us (339562110 ticks)
 5: IO qp on core 12 total time 166920.314 us (400608753 ticks), connect time 151167.591 us (362802219 ticks)
 5: IO qp on core 23 total time 176635.388 us (423924930 ticks), connect time 160879.897 us (386111754 ticks)
 2: !!!! max_wqe_sz_sq:1024
 2: !!!! max_wqe_sz_rq:512
 2: !!!! max_wqe_sz_sq_dc:256
 2: !!!! max_wqe_sz_sq:1024
 2: !!!! max_wqe_sz_rq:512
 2: !!!! max_wqe_sz_sq_dc:256
 2: !!!! max_wqe_sz_sq:1024
 2: !!!! max_wqe_sz_rq:512
 2: !!!! max_wqe_sz_sq_dc:256
 2: !!!! max_wqe_sz_sq:1024
 2: !!!! max_wqe_sz_rq:512
 2: !!!! max_wqe_sz_sq_dc:256
 8: Initializing NVMe Controllers
 8: Attached to NVMe over Fabrics controller at 172.24.0.1:4420: nqn.2016-06.io.spdk:cnode1
 8: Controller attach time is 29787.066 us (71488959 ticks)
 8: Associating RDMA (addr:172.24.0.1 subnqn:nqn.2016-06.io.spdk:cnode1) NSID 1 with lcore 0
 8: Associating RDMA (addr:172.24.0.1 subnqn:nqn.2016-06.io.spdk:cnode1) NSID 1 with lcore 1
 8: Associating RDMA (addr:172.24.0.1 subnqn:nqn.2016-06.io.spdk:cnode1) NSID 1 with lcore 2
 8: Associating RDMA (addr:172.24.0.1 subnqn:nqn.2016-06.io.spdk:cnode1) NSID 1 with lcore 3
 8: Associating RDMA (addr:172.24.0.1 subnqn:nqn.2016-06.io.spdk:cnode1) NSID 1 with lcore 4
 8: Associating RDMA (addr:172.24.0.1 subnqn:nqn.2016-06.io.spdk:cnode1) NSID 1 with lcore 5
 8: Associating RDMA (addr:172.24.0.1 subnqn:nqn.2016-06.io.spdk:cnode1) NSID 1 with lcore 6
 8: Associating RDMA (addr:172.24.0.1 subnqn:nqn.2016-06.io.spdk:cnode1) NSID 1 with lcore 7
 8: Associating RDMA (addr:172.24.0.1 subnqn:nqn.2016-06.io.spdk:cnode1) NSID 1 with lcore 8
 8: Associating RDMA (addr:172.24.0.1 subnqn:nqn.2016-06.io.spdk:cnode1) NSID 1 with lcore 9
 8: Associating RDMA (addr:172.24.0.1 subnqn:nqn.2016-06.io.spdk:cnode1) NSID 1 with lcore 10
 8: Associating RDMA (addr:172.24.0.1 subnqn:nqn.2016-06.io.spdk:cnode1) NSID 1 with lcore 11
 8: Associating RDMA (addr:172.24.0.1 subnqn:nqn.2016-06.io.spdk:cnode1) NSID 1 with lcore 12
 8: Associating RDMA (addr:172.24.0.1 subnqn:nqn.2016-06.io.spdk:cnode1) NSID 1 with lcore 13
 8: Associating RDMA (addr:172.24.0.1 subnqn:nqn.2016-06.io.spdk:cnode1) NSID 1 with lcore 14
 8: Associating RDMA (addr:172.24.0.1 subnqn:nqn.2016-06.io.spdk:cnode1) NSID 1 with lcore 15
 8: Associating RDMA (addr:172.24.0.1 subnqn:nqn.2016-06.io.spdk:cnode1) NSID 1 with lcore 16
 8: Associating RDMA (addr:172.24.0.1 subnqn:nqn.2016-06.io.spdk:cnode1) NSID 1 with lcore 17
 8: Associating RDMA (addr:172.24.0.1 subnqn:nqn.2016-06.io.spdk:cnode1) NSID 1 with lcore 18
 8: Associating RDMA (addr:172.24.0.1 subnqn:nqn.2016-06.io.spdk:cnode1) NSID 1 with lcore 19
 8: Associating RDMA (addr:172.24.0.1 subnqn:nqn.2016-06.io.spdk:cnode1) NSID 1 with lcore 20
 8: Associating RDMA (addr:172.24.0.1 subnqn:nqn.2016-06.io.spdk:cnode1) NSID 1 with lcore 21
 8: Associating RDMA (addr:172.24.0.1 subnqn:nqn.2016-06.io.spdk:cnode1) NSID 1 with lcore 22
 8: Associating RDMA (addr:172.24.0.1 subnqn:nqn.2016-06.io.spdk:cnode1) NSID 1 with lcore 23
 8: Initialization complete. Launching workers.
 8: IO qp on core 3 total time 28597.141 us (68633138 ticks), connect time 15744.363 us (37786472 ticks)
 8: IO qp on core 2 total time 37466.637 us (89919930 ticks), connect time 24595.464 us (59029113 ticks)
 8: IO qp on core 1 total time 47689.113 us (114453872 ticks), connect time 34115.478 us (81877147 ticks)
 8: IO qp on core 5 total time 57734.462 us (138562708 ticks), connect time 44073.419 us (105776206 ticks)
 8: IO qp on core 7 total time 67295.416 us (161508999 ticks), connect time 52785.716 us (126685719 ticks)
 8: IO qp on core 4 total time 77557.886 us (186138926 ticks), connect time 62783.136 us (150679526 ticks)
 8: IO qp on core 0 total time 87030.190 us (208872457 ticks), connect time 72603.603 us (174248647 ticks)
 8: IO qp on core 17 total time 96233.025 us (230959260 ticks), connect time 81720.190 us (196128456 ticks)
 8: IO qp on core 20 total time 106194.065 us (254865755 ticks), connect time 91491.997 us (219580793 ticks)
 8: IO qp on core 18 total time 115957.983 us (278299159 ticks), connect time 101102.113 us (242645071 ticks)
 8: IO qp on core 19 total time 126332.712 us (303198510 ticks), connect time 111366.260 us (267279024 ticks)
 8: IO qp on core 22 total time 136728.078 us (328147387 ticks), connect time 121422.645 us (291414349 ticks)
 8: IO qp on core 21 total time 146712.360 us (352109664 ticks), connect time 131151.562 us (314763750 ticks)
 8: IO qp on core 10 total time 156362.921 us (375271010 ticks), connect time 140569.486 us (337366766 ticks)
 8: IO qp on core 6 total time 165935.456 us (398245095 ticks), connect time 149947.552 us (359874126 ticks)
 8: IO qp on core 8 total time 176500.084 us (423600201 ticks), connect time 160335.269 us (384804645 ticks)
 9: Initializing NVMe Controllers
 9: Attached to NVMe over Fabrics controller at 172.24.0.1:4420: nqn.2016-06.io.spdk:cnode1
 9: Controller attach time is 29836.541 us (71607699 ticks)
 9: Associating RDMA (addr:172.24.0.1 subnqn:nqn.2016-06.io.spdk:cnode1) NSID 1 with lcore 0
 9: Associating RDMA (addr:172.24.0.1 subnqn:nqn.2016-06.io.spdk:cnode1) NSID 1 with lcore 1
 9: Associating RDMA (addr:172.24.0.1 subnqn:nqn.2016-06.io.spdk:cnode1) NSID 1 with lcore 2
 9: Associating RDMA (addr:172.24.0.1 subnqn:nqn.2016-06.io.spdk:cnode1) NSID 1 with lcore 3
 9: Associating RDMA (addr:172.24.0.1 subnqn:nqn.2016-06.io.spdk:cnode1) NSID 1 with lcore 4
 9: Associating RDMA (addr:172.24.0.1 subnqn:nqn.2016-06.io.spdk:cnode1) NSID 1 with lcore 5
 9: Associating RDMA (addr:172.24.0.1 subnqn:nqn.2016-06.io.spdk:cnode1) NSID 1 with lcore 6
 9: Associating RDMA (addr:172.24.0.1 subnqn:nqn.2016-06.io.spdk:cnode1) NSID 1 with lcore 7
 9: Associating RDMA (addr:172.24.0.1 subnqn:nqn.2016-06.io.spdk:cnode1) NSID 1 with lcore 8
 9: Associating RDMA (addr:172.24.0.1 subnqn:nqn.2016-06.io.spdk:cnode1) NSID 1 with lcore 9
 9: Associating RDMA (addr:172.24.0.1 subnqn:nqn.2016-06.io.spdk:cnode1) NSID 1 with lcore 10
 9: Associating RDMA (addr:172.24.0.1 subnqn:nqn.2016-06.io.spdk:cnode1) NSID 1 with lcore 11
 9: Associating RDMA (addr:172.24.0.1 subnqn:nqn.2016-06.io.spdk:cnode1) NSID 1 with lcore 12
 9: Associating RDMA (addr:172.24.0.1 subnqn:nqn.2016-06.io.spdk:cnode1) NSID 1 with lcore 13
 9: Associating RDMA (addr:172.24.0.1 subnqn:nqn.2016-06.io.spdk:cnode1) NSID 1 with lcore 14
 9: Associating RDMA (addr:172.24.0.1 subnqn:nqn.2016-06.io.spdk:cnode1) NSID 1 with lcore 15
 9: Associating RDMA (addr:172.24.0.1 subnqn:nqn.2016-06.io.spdk:cnode1) NSID 1 with lcore 16
 9: Associating RDMA (addr:172.24.0.1 subnqn:nqn.2016-06.io.spdk:cnode1) NSID 1 with lcore 17
 9: Associating RDMA (addr:172.24.0.1 subnqn:nqn.2016-06.io.spdk:cnode1) NSID 1 with lcore 18
 9: Associating RDMA (addr:172.24.0.1 subnqn:nqn.2016-06.io.spdk:cnode1) NSID 1 with lcore 19
 9: Associating RDMA (addr:172.24.0.1 subnqn:nqn.2016-06.io.spdk:cnode1) NSID 1 with lcore 20
 9: Associating RDMA (addr:172.24.0.1 subnqn:nqn.2016-06.io.spdk:cnode1) NSID 1 with lcore 21
 9: Associating RDMA (addr:172.24.0.1 subnqn:nqn.2016-06.io.spdk:cnode1) NSID 1 with lcore 22
 9: Associating RDMA (addr:172.24.0.1 subnqn:nqn.2016-06.io.spdk:cnode1) NSID 1 with lcore 23
 9: Initialization complete. Launching workers.
 9: IO qp on core 3 total time 28031.452 us (67275486 ticks), connect time 15698.847 us (37677234 ticks)
 9: IO qp on core 2 total time 36770.717 us (88249722 ticks), connect time 24419.028 us (58605666 ticks)
 9: IO qp on core 0 total time 46929.979 us (112631949 ticks), connect time 34529.941 us (82871859 ticks)
 9: IO qp on core 4 total time 56883.094 us (136519425 ticks), connect time 44345.970 us (106430328 ticks)
 9: IO qp on core 6 total time 66550.116 us (159720279 ticks), connect time 53943.537 us (129464490 ticks)
 9: IO qp on core 22 total time 76607.501 us (183858003 ticks), connect time 64135.820 us (153925968 ticks)
 9: IO qp on core 5 total time 87055.245 us (208932588 ticks), connect time 74007.465 us (177617916 ticks)
 9: IO qp on core 18 total time 96623.586 us (231896607 ticks), connect time 83420.360 us (200208864 ticks)
 9: IO qp on core 1 total time 107951.470 us (259083527 ticks), connect time 93542.434 us (224501841 ticks)
 9: IO qp on core 21 total time 116570.038 us (279768090 ticks), connect time 102304.391 us (245530539 ticks)
 9: IO qp on core 19 total time 126887.911 us (304530987 ticks), connect time 112353.461 us (269648307 ticks)
 9: IO qp on core 9 total time 137404.310 us (329770344 ticks), connect time 122871.238 us (294890970 ticks)
 9: IO qp on core 13 total time 147439.339 us (353854413 ticks), connect time 132863.470 us (318872328 ticks)
 9: IO qp on core 23 total time 156940.973 us (376658334 ticks), connect time 142122.111 us (341093067 ticks)
 9: IO qp on core 14 total time 166593.411 us (399824187 ticks), connect time 151763.519 us (364232445 ticks)
 9: IO qp on core 7 total time 176904.225 us (424570140 ticks), connect time 161939.676 us (388655223 ticks)
11: !!!! max_wqe_sz_sq:1024
11: !!!! max_wqe_sz_rq:512
11: !!!! max_wqe_sz_sq_dc:256
11: !!!! max_wqe_sz_sq:1024
11: !!!! max_wqe_sz_rq:512
11: !!!! max_wqe_sz_sq_dc:256
11: !!!! max_wqe_sz_sq:1024
11: !!!! max_wqe_sz_rq:512
11: !!!! max_wqe_sz_sq_dc:256
11: !!!! max_wqe_sz_sq:1024
11: !!!! max_wqe_sz_rq:512
11: !!!! max_wqe_sz_sq_dc:256
 7: !!!! max_wqe_sz_sq:1024
 7: !!!! max_wqe_sz_rq:512
 7: !!!! max_wqe_sz_sq_dc:256
11: !!!! max_wqe_sz_sq:1024
11: !!!! max_wqe_sz_rq:512
11: !!!! max_wqe_sz_sq_dc:256
17: !!!! max_wqe_sz_sq:1024
17: !!!! max_wqe_sz_rq:512
17: !!!! max_wqe_sz_sq_dc:256
 7: !!!! max_wqe_sz_sq:1024
 7: !!!! max_wqe_sz_rq:512
 7: !!!! max_wqe_sz_sq_dc:256
11: !!!! max_wqe_sz_sq:1024
11: !!!! max_wqe_sz_rq:512
11: !!!! max_wqe_sz_sq_dc:256
17: !!!! max_wqe_sz_sq:1024
17: !!!! max_wqe_sz_rq:512
17: !!!! max_wqe_sz_sq_dc:256
 7: !!!! max_wqe_sz_sq:1024
 7: !!!! max_wqe_sz_rq:512
 7: !!!! max_wqe_sz_sq_dc:256
17: !!!! max_wqe_sz_sq:1024
17: !!!! max_wqe_sz_rq:512
17: !!!! max_wqe_sz_sq_dc:256
 7: !!!! max_wqe_sz_sq:1024
 7: !!!! max_wqe_sz_rq:512
 7: !!!! max_wqe_sz_sq_dc:256
17: !!!! max_wqe_sz_sq:1024
17: !!!! max_wqe_sz_rq:512
17: !!!! max_wqe_sz_sq_dc:256
 7: !!!! max_wqe_sz_sq:1024
 7: !!!! max_wqe_sz_rq:512
 7: !!!! max_wqe_sz_sq_dc:256
17: !!!! max_wqe_sz_sq:1024
17: !!!! max_wqe_sz_rq:512
17: !!!! max_wqe_sz_sq_dc:256
 7: !!!! max_wqe_sz_sq:1024
 7: !!!! max_wqe_sz_rq:512
 7: !!!! max_wqe_sz_sq_dc:256
17: !!!! max_wqe_sz_sq:1024
17: !!!! max_wqe_sz_rq:512
17: !!!! max_wqe_sz_sq_dc:256
13: [2021-08-16 21:38:25.818131] Starting SPDK v21.04 git sha1 8016710 / DPDK 21.05.0 initialization...
13: [2021-08-16 21:38:25.818235] [ DPDK EAL parameters: [2021-08-16 21:38:25.818243] perf [2021-08-16 21:38:25.818247] --no-shconf [2021-08-16 21:38:25.818252] -c 0xFFFFFF [2021-08-16 21:38:25.818256] --no-pci [2021-08-16 21:38:25.818266] --log-level=lib.eal:6 [2021-08-16 21:38:25.818270] --log-level=lib.cryptodev:5 [2021-08-16 21:38:25.818274] --log-level=user1:6 [2021-08-16 21:38:25.818279] --base-virtaddr=0x200000000000 [2021-08-16 21:38:25.818283] --match-allocations [2021-08-16 21:38:25.818295] --file-prefix=spdk_pid149544 [2021-08-16 21:38:25.818300] ]
 6: [2021-08-16 21:38:25.822651] Starting SPDK v21.04 git sha1 8016710 / DPDK 21.05.0 initialization...
 6: [2021-08-16 21:38:25.822744] [ DPDK EAL parameters: [2021-08-16 21:38:25.822753] perf [2021-08-16 21:38:25.822758] --no-shconf [2021-08-16 21:38:25.822764] -c 0xFFFFFF [2021-08-16 21:38:25.822769] --no-pci [2021-08-16 21:38:25.822775] --log-level=lib.eal:6 [2021-08-16 21:38:25.822781] --log-level=lib.cryptodev:5 [2021-08-16 21:38:25.822788] --log-level=user1:6 [2021-08-16 21:38:25.822793] --base-virtaddr=0x200000000000 [2021-08-16 21:38:25.822797] --match-allocations [2021-08-16 21:38:25.822803] --file-prefix=spdk_pid177081 [2021-08-16 21:38:25.822810] ]
13: EAL: No available 1048576 kB hugepages reported
13: EAL: No free 2048 kB hugepages reported on node 1
 6: EAL: No available 1048576 kB hugepages reported
 6: EAL: No free 2048 kB hugepages reported on node 1
13: TELEMETRY: No legacy callbacks, legacy socket not created
 6: TELEMETRY: No legacy callbacks, legacy socket not created
 0: [2021-08-16 21:38:25.857623] Starting SPDK v21.04 git sha1 8016710 / DPDK 21.05.0 initialization...
 0: [2021-08-16 21:38:25.857695] [ DPDK EAL parameters: [2021-08-16 21:38:25.857719] perf [2021-08-16 21:38:25.857724] --no-shconf [2021-08-16 21:38:25.857747] -c 0xFFFFFF [2021-08-16 21:38:25.857752] --no-pci [2021-08-16 21:38:25.857759] --log-level=lib.eal:6 [2021-08-16 21:38:25.857763] --log-level=lib.cryptodev:5 [2021-08-16 21:38:25.857769] --log-level=user1:6 [2021-08-16 21:38:25.857774] --base-virtaddr=0x200000000000 [2021-08-16 21:38:25.857780] --match-allocations [2021-08-16 21:38:25.857784] --file-prefix=spdk_pid20538 [2021-08-16 21:38:25.857790] ]
18: [2021-08-16 21:38:25.866055] Starting SPDK v21.04 git sha1 8016710 / DPDK 21.05.0 initialization...
18: [2021-08-16 21:38:25.866133] [ DPDK EAL parameters: [2021-08-16 21:38:25.866140] perf [2021-08-16 21:38:25.866161] --no-shconf [2021-08-16 21:38:25.866172] -c 0xFFFFFF [2021-08-16 21:38:25.866178] --no-pci [2021-08-16 21:38:25.866183] --log-level=lib.eal:6 [2021-08-16 21:38:25.866192] --log-level=lib.cryptodev:5 [2021-08-16 21:38:25.866198] --log-level=user1:6 [2021-08-16 21:38:25.866214] --base-virtaddr=0x200000000000 [2021-08-16 21:38:25.866224] --match-allocations [2021-08-16 21:38:25.866229] --file-prefix=spdk_pid15323 [2021-08-16 21:38:25.866233] ]
 0: EAL: No available 1048576 kB hugepages reported
 0: EAL: No free 2048 kB hugepages reported on node 1
 0: TELEMETRY: No legacy callbacks, legacy socket not created
 4: [2021-08-16 21:38:25.882279] Starting SPDK v21.04 git sha1 8016710 / DPDK 21.05.0 initialization...
 4: [2021-08-16 21:38:25.882362] [ DPDK EAL parameters: [2021-08-16 21:38:25.882388] perf [2021-08-16 21:38:25.882393] --no-shconf [2021-08-16 21:38:25.882399] -c 0xFFFFFF [2021-08-16 21:38:25.882403] --no-pci [2021-08-16 21:38:25.882410] --log-level=lib.eal:6 [2021-08-16 21:38:25.882414] --log-level=lib.cryptodev:5 [2021-08-16 21:38:25.882420] --log-level=user1:6 [2021-08-16 21:38:25.882425] --base-virtaddr=0x200000000000 [2021-08-16 21:38:25.882431] --match-allocations [2021-08-16 21:38:25.882436] --file-prefix=spdk_pid174929 [2021-08-16 21:38:25.882443] ]
 4: EAL: No available 1048576 kB hugepages reported
 4: EAL: No free 2048 kB hugepages reported on node 1
18: EAL: No available 1048576 kB hugepages reported
 3: Initializing NVMe Controllers
 3: Attached to NVMe over Fabrics controller at 172.24.0.1:4420: nqn.2016-06.io.spdk:cnode1
 3: Controller attach time is 21772.798 us (52254714 ticks)
 3: Associating RDMA (addr:172.24.0.1 subnqn:nqn.2016-06.io.spdk:cnode1) NSID 1 with lcore 0
 3: Associating RDMA (addr:172.24.0.1 subnqn:nqn.2016-06.io.spdk:cnode1) NSID 1 with lcore 1
 3: Associating RDMA (addr:172.24.0.1 subnqn:nqn.2016-06.io.spdk:cnode1) NSID 1 with lcore 2
 3: Associating RDMA (addr:172.24.0.1 subnqn:nqn.2016-06.io.spdk:cnode1) NSID 1 with lcore 3
 3: Associating RDMA (addr:172.24.0.1 subnqn:nqn.2016-06.io.spdk:cnode1) NSID 1 with lcore 4
 3: Associating RDMA (addr:172.24.0.1 subnqn:nqn.2016-06.io.spdk:cnode1) NSID 1 with lcore 5
 3: Associating RDMA (addr:172.24.0.1 subnqn:nqn.2016-06.io.spdk:cnode1) NSID 1 with lcore 6
 3: Associating RDMA (addr:172.24.0.1 subnqn:nqn.2016-06.io.spdk:cnode1) NSID 1 with lcore 7
 3: Associating RDMA (addr:172.24.0.1 subnqn:nqn.2016-06.io.spdk:cnode1) NSID 1 with lcore 8
 3: Associating RDMA (addr:172.24.0.1 subnqn:nqn.2016-06.io.spdk:cnode1) NSID 1 with lcore 9
 3: Associating RDMA (addr:172.24.0.1 subnqn:nqn.2016-06.io.spdk:cnode1) NSID 1 with lcore 10
 3: Associating RDMA (addr:172.24.0.1 subnqn:nqn.2016-06.io.spdk:cnode1) NSID 1 with lcore 11
 3: Associating RDMA (addr:172.24.0.1 subnqn:nqn.2016-06.io.spdk:cnode1) NSID 1 with lcore 12
 3: Associating RDMA (addr:172.24.0.1 subnqn:nqn.2016-06.io.spdk:cnode1) NSID 1 with lcore 13
 3: Associating RDMA (addr:172.24.0.1 subnqn:nqn.2016-06.io.spdk:cnode1) NSID 1 with lcore 14
 3: Associating RDMA (addr:172.24.0.1 subnqn:nqn.2016-06.io.spdk:cnode1) NSID 1 with lcore 15
 3: Associating RDMA (addr:172.24.0.1 subnqn:nqn.2016-06.io.spdk:cnode1) NSID 1 with lcore 16
 3: Associating RDMA (addr:172.24.0.1 subnqn:nqn.2016-06.io.spdk:cnode1) NSID 1 with lcore 17
 3: Associating RDMA (addr:172.24.0.1 subnqn:nqn.2016-06.io.spdk:cnode1) NSID 1 with lcore 18
 3: Associating RDMA (addr:172.24.0.1 subnqn:nqn.2016-06.io.spdk:cnode1) NSID 1 with lcore 19
18: EAL: No free 2048 kB hugepages reported on node 1
 3: Associating RDMA (addr:172.24.0.1 subnqn:nqn.2016-06.io.spdk:cnode1) NSID 1 with lcore 20
 3: Associating RDMA (addr:172.24.0.1 subnqn:nqn.2016-06.io.spdk:cnode1) NSID 1 with lcore 21
 3: Associating RDMA (addr:172.24.0.1 subnqn:nqn.2016-06.io.spdk:cnode1) NSID 1 with lcore 22
 3: Associating RDMA (addr:172.24.0.1 subnqn:nqn.2016-06.io.spdk:cnode1) NSID 1 with lcore 23
 3: Initialization complete. Launching workers.
 3: IO qp on core 3 total time 26825.715 us (64381717 ticks), connect time 14926.268 us (35823043 ticks)
 3: IO qp on core 5 total time 35858.785 us (86061084 ticks), connect time 23961.274 us (57507057 ticks)
 3: IO qp on core 1 total time 46822.247 us (112373394 ticks), connect time 33912.024 us (81388857 ticks)
 3: IO qp on core 4 total time 55610.577 us (133465386 ticks), connect time 42113.779 us (101073069 ticks)
 3: IO qp on core 2 total time 66674.167 us (160018002 ticks), connect time 52265.294 us (125436705 ticks)
 3: IO qp on core 0 total time 76284.833 us (183083598 ticks), connect time 62506.942 us (150016662 ticks)
 3: IO qp on core 21 total time 85834.344 us (206002425 ticks), connect time 72187.321 us (173249571 ticks)
 3: IO qp on core 6 total time 95690.506 us (229657215 ticks), connect time 81307.859 us (195138861 ticks)
 3: IO qp on core 19 total time 106001.012 us (254402430 ticks), connect time 91564.455 us (219754692 ticks)
 3: IO qp on core 23 total time 115960.299 us (278304717 ticks), connect time 101522.715 us (243654516 ticks)
 3: IO qp on core 14 total time 125717.500 us (301722000 ticks), connect time 109372.631 us (262494315 ticks)
 3: IO qp on core 22 total time 135337.766 us (324810639 ticks), connect time 118986.901 us (285568563 ticks)
 3: IO qp on core 13 total time 146067.894 us (350562945 ticks), connect time 129357.745 us (310458588 ticks)
 3: IO qp on core 17 total time 156396.161 us (375350787 ticks), connect time 139612.834 us (335070801 ticks)
 3: IO qp on core 20 total time 165600.844 us (397442025 ticks), connect time 148800.204 us (357120489 ticks)
 3: IO qp on core 8 total time 175629.188 us (421510050 ticks), connect time 158832.505 us (381198012 ticks)
 4: TELEMETRY: No legacy callbacks, legacy socket not created
18: TELEMETRY: No legacy callbacks, legacy socket not created
 1: !!!! max_wqe_sz_sq:1024
 1: !!!! max_wqe_sz_rq:512
 1: !!!! max_wqe_sz_sq_dc:256
 1: !!!! max_wqe_sz_sq:1024
 1: !!!! max_wqe_sz_rq:512
 1: !!!! max_wqe_sz_sq_dc:256
 1: !!!! max_wqe_sz_sq:1024
 1: !!!! max_wqe_sz_rq:512
 1: !!!! max_wqe_sz_sq_dc:256
 2: Initializing NVMe Controllers
 2: Attached to NVMe over Fabrics controller at 172.24.0.1:4420: nqn.2016-06.io.spdk:cnode1
 2: Controller attach time is 20906.987 us (50176770 ticks)
 2: Associating RDMA (addr:172.24.0.1 subnqn:nqn.2016-06.io.spdk:cnode1) NSID 1 with lcore 0
 2: Associating RDMA (addr:172.24.0.1 subnqn:nqn.2016-06.io.spdk:cnode1) NSID 1 with lcore 1
 2: Associating RDMA (addr:172.24.0.1 subnqn:nqn.2016-06.io.spdk:cnode1) NSID 1 with lcore 2
 2: Associating RDMA (addr:172.24.0.1 subnqn:nqn.2016-06.io.spdk:cnode1) NSID 1 with lcore 3
 2: Associating RDMA (addr:172.24.0.1 subnqn:nqn.2016-06.io.spdk:cnode1) NSID 1 with lcore 4
 2: Associating RDMA (addr:172.24.0.1 subnqn:nqn.2016-06.io.spdk:cnode1) NSID 1 with lcore 5
 2: Associating RDMA (addr:172.24.0.1 subnqn:nqn.2016-06.io.spdk:cnode1) NSID 1 with lcore 6
 2: Associating RDMA (addr:172.24.0.1 subnqn:nqn.2016-06.io.spdk:cnode1) NSID 1 with lcore 7
 2: Associating RDMA (addr:172.24.0.1 subnqn:nqn.2016-06.io.spdk:cnode1) NSID 1 with lcore 8
 2: Associating RDMA (addr:172.24.0.1 subnqn:nqn.2016-06.io.spdk:cnode1) NSID 1 with lcore 9
 2: Associating RDMA (addr:172.24.0.1 subnqn:nqn.2016-06.io.spdk:cnode1) NSID 1 with lcore 10
 2: Associating RDMA (addr:172.24.0.1 subnqn:nqn.2016-06.io.spdk:cnode1) NSID 1 with lcore 11
 2: Associating RDMA (addr:172.24.0.1 subnqn:nqn.2016-06.io.spdk:cnode1) NSID 1 with lcore 12
 2: Associating RDMA (addr:172.24.0.1 subnqn:nqn.2016-06.io.spdk:cnode1) NSID 1 with lcore 13
 2: Associating RDMA (addr:172.24.0.1 subnqn:nqn.2016-06.io.spdk:cnode1) NSID 1 with lcore 14
 2: Associating RDMA (addr:172.24.0.1 subnqn:nqn.2016-06.io.spdk:cnode1) NSID 1 with lcore 15
 2: Associating RDMA (addr:172.24.0.1 subnqn:nqn.2016-06.io.spdk:cnode1) NSID 1 with lcore 16
 2: Associating RDMA (addr:172.24.0.1 subnqn:nqn.2016-06.io.spdk:cnode1) NSID 1 with lcore 17
 2: Associating RDMA (addr:172.24.0.1 subnqn:nqn.2016-06.io.spdk:cnode1) NSID 1 with lcore 18
 2: Associating RDMA (addr:172.24.0.1 subnqn:nqn.2016-06.io.spdk:cnode1) NSID 1 with lcore 19
 2: Associating RDMA (addr:172.24.0.1 subnqn:nqn.2016-06.io.spdk:cnode1) NSID 1 with lcore 20
 2: Associating RDMA (addr:172.24.0.1 subnqn:nqn.2016-06.io.spdk:cnode1) NSID 1 with lcore 21
 2: Associating RDMA (addr:172.24.0.1 subnqn:nqn.2016-06.io.spdk:cnode1) NSID 1 with lcore 22
 2: Associating RDMA (addr:172.24.0.1 subnqn:nqn.2016-06.io.spdk:cnode1) NSID 1 with lcore 23
 2: Initialization complete. Launching workers.
 2: IO qp on core 3 total time 26823.955 us (64377492 ticks), connect time 15093.415 us (36224196 ticks)
 2: IO qp on core 1 total time 38685.938 us (92846250 ticks), connect time 25543.101 us (61303443 ticks)
 2: IO qp on core 2 total time 47066.389 us (112959333 ticks), connect time 33890.000 us (81336000 ticks)
 2: IO qp on core 6 total time 55760.823 us (133825975 ticks), connect time 43740.965 us (104978317 ticks)
 2: IO qp on core 0 total time 66051.173 us (158522815 ticks), connect time 53873.202 us (129295684 ticks)
 2: IO qp on core 13 total time 76101.440 us (182643455 ticks), connect time 64010.887 us (153626129 ticks)
 2: IO qp on core 5 total time 86756.797 us (208216312 ticks), connect time 74502.920 us (178807009 ticks)
 2: IO qp on core 16 total time 95639.948 us (229535876 ticks), connect time 82251.240 us (197402975 ticks)
 2: IO qp on core 4 total time 106040.334 us (254496801 ticks), connect time 92446.820 us (221872368 ticks)
 2: IO qp on core 19 total time 116073.943 us (278577464 ticks), connect time 102545.072 us (246108173 ticks)
 2: IO qp on core 18 total time 125831.942 us (301996661 ticks), connect time 111714.586 us (268115006 ticks)
 2: IO qp on core 12 total time 136192.293 us (326861503 ticks), connect time 122009.357 us (292822456 ticks)
 2: IO qp on core 14 total time 145730.967 us (349754322 ticks), connect time 131507.514 us (315618033 ticks)
 2: IO qp on core 23 total time 156331.303 us (375195127 ticks), connect time 141998.673 us (340796815 ticks)
 2: IO qp on core 7 total time 165849.405 us (398038571 ticks), connect time 151283.755 us (363081011 ticks)
 2: IO qp on core 20 total time 175871.778 us (422092267 ticks), connect time 161066.249 us (386558998 ticks)
 6: !!!! max_wqe_sz_sq:1024
 6: !!!! max_wqe_sz_rq:512
 6: !!!! max_wqe_sz_sq_dc:256
 1: !!!! max_wqe_sz_sq:1024
 1: !!!! max_wqe_sz_rq:512
 1: !!!! max_wqe_sz_sq_dc:256
 1: !!!! max_wqe_sz_sq:1024
 1: !!!! max_wqe_sz_rq:512
 1: !!!! max_wqe_sz_sq_dc:256
 6: !!!! max_wqe_sz_sq:1024
 6: !!!! max_wqe_sz_rq:512
 6: !!!! max_wqe_sz_sq_dc:256
 1: !!!! max_wqe_sz_sq:1024
 1: !!!! max_wqe_sz_rq:512
 1: !!!! max_wqe_sz_sq_dc:256
13: !!!! max_wqe_sz_sq:1024
13: !!!! max_wqe_sz_rq:512
13: !!!! max_wqe_sz_sq_dc:256
 6: !!!! max_wqe_sz_sq:1024
 6: !!!! max_wqe_sz_rq:512
 6: !!!! max_wqe_sz_sq_dc:256
13: !!!! max_wqe_sz_sq:1024
13: !!!! max_wqe_sz_rq:512
13: !!!! max_wqe_sz_sq_dc:256
 6: !!!! max_wqe_sz_sq:1024
 6: !!!! max_wqe_sz_rq:512
 6: !!!! max_wqe_sz_sq_dc:256
13: !!!! max_wqe_sz_sq:1024
13: !!!! max_wqe_sz_rq:512
13: !!!! max_wqe_sz_sq_dc:256
 6: !!!! max_wqe_sz_sq:1024
 6: !!!! max_wqe_sz_rq:512
 6: !!!! max_wqe_sz_sq_dc:256
 6: !!!! max_wqe_sz_sq:1024
 6: !!!! max_wqe_sz_rq:512
 6: !!!! max_wqe_sz_sq_dc:256
13: !!!! max_wqe_sz_sq:1024
13: !!!! max_wqe_sz_rq:512
13: !!!! max_wqe_sz_sq_dc:256
13: !!!! max_wqe_sz_sq:1024
13: !!!! max_wqe_sz_rq:512
13: !!!! max_wqe_sz_sq_dc:256
11: Initializing NVMe Controllers
11: Attached to NVMe over Fabrics controller at 172.24.0.1:4420: nqn.2016-06.io.spdk:cnode1
11: Controller attach time is 20179.419 us (48430605 ticks)
11: Associating RDMA (addr:172.24.0.1 subnqn:nqn.2016-06.io.spdk:cnode1) NSID 1 with lcore 0
11: Associating RDMA (addr:172.24.0.1 subnqn:nqn.2016-06.io.spdk:cnode1) NSID 1 with lcore 1
11: Associating RDMA (addr:172.24.0.1 subnqn:nqn.2016-06.io.spdk:cnode1) NSID 1 with lcore 2
11: Associating RDMA (addr:172.24.0.1 subnqn:nqn.2016-06.io.spdk:cnode1) NSID 1 with lcore 3
11: Associating RDMA (addr:172.24.0.1 subnqn:nqn.2016-06.io.spdk:cnode1) NSID 1 with lcore 4
11: Associating RDMA (addr:172.24.0.1 subnqn:nqn.2016-06.io.spdk:cnode1) NSID 1 with lcore 5
11: Associating RDMA (addr:172.24.0.1 subnqn:nqn.2016-06.io.spdk:cnode1) NSID 1 with lcore 6
11: Associating RDMA (addr:172.24.0.1 subnqn:nqn.2016-06.io.spdk:cnode1) NSID 1 with lcore 7
11: Associating RDMA (addr:172.24.0.1 subnqn:nqn.2016-06.io.spdk:cnode1) NSID 1 with lcore 8
11: Associating RDMA (addr:172.24.0.1 subnqn:nqn.2016-06.io.spdk:cnode1) NSID 1 with lcore 9
11: Associating RDMA (addr:172.24.0.1 subnqn:nqn.2016-06.io.spdk:cnode1) NSID 1 with lcore 10
11: Associating RDMA (addr:172.24.0.1 subnqn:nqn.2016-06.io.spdk:cnode1) NSID 1 with lcore 11
11: Associating RDMA (addr:172.24.0.1 subnqn:nqn.2016-06.io.spdk:cnode1) NSID 1 with lcore 12
11: Associating RDMA (addr:172.24.0.1 subnqn:nqn.2016-06.io.spdk:cnode1) NSID 1 with lcore 13
11: Associating RDMA (addr:172.24.0.1 subnqn:nqn.2016-06.io.spdk:cnode1) NSID 1 with lcore 14
11: Associating RDMA (addr:172.24.0.1 subnqn:nqn.2016-06.io.spdk:cnode1) NSID 1 with lcore 15
11: Associating RDMA (addr:172.24.0.1 subnqn:nqn.2016-06.io.spdk:cnode1) NSID 1 with lcore 16
11: Associating RDMA (addr:172.24.0.1 subnqn:nqn.2016-06.io.spdk:cnode1) NSID 1 with lcore 17
11: Associating RDMA (addr:172.24.0.1 subnqn:nqn.2016-06.io.spdk:cnode1) NSID 1 with lcore 18
11: Associating RDMA (addr:172.24.0.1 subnqn:nqn.2016-06.io.spdk:cnode1) NSID 1 with lcore 19
11: Associating RDMA (addr:172.24.0.1 subnqn:nqn.2016-06.io.spdk:cnode1) NSID 1 with lcore 20
11: Associating RDMA (addr:172.24.0.1 subnqn:nqn.2016-06.io.spdk:cnode1) NSID 1 with lcore 21
11: Associating RDMA (addr:172.24.0.1 subnqn:nqn.2016-06.io.spdk:cnode1) NSID 1 with lcore 22
11: Associating RDMA (addr:172.24.0.1 subnqn:nqn.2016-06.io.spdk:cnode1) NSID 1 with lcore 23
11: Initialization complete. Launching workers.
11: IO qp on core 5 total time 27375.895 us (65702148 ticks), connect time 14678.641 us (35228739 ticks)
11: IO qp on core 1 total time 37144.209 us (89146101 ticks), connect time 24357.143 us (58457142 ticks)
11: IO qp on core 2 total time 46744.945 us (112187868 ticks), connect time 33781.198 us (81074874 ticks)
11: IO qp on core 6 total time 56499.035 us (135597684 ticks), connect time 43065.421 us (103357011 ticks)
11: IO qp on core 3 total time 66855.983 us (160454359 ticks), connect time 52741.510 us (126579624 ticks)
11: IO qp on core 7 total time 76967.784 us (184722682 ticks), connect time 62555.298 us (150132714 ticks)
11: IO qp on core 4 total time 86429.466 us (207430719 ticks), connect time 71522.321 us (171653571 ticks)
11: IO qp on core 8 total time 96553.327 us (231727986 ticks), connect time 81412.520 us (195390048 ticks)
11: IO qp on core 0 total time 106027.924 us (254467017 ticks), connect time 90218.569 us (216524565 ticks)
11: IO qp on core 19 total time 115317.327 us (276761586 ticks), connect time 100177.015 us (240424836 ticks)
11: IO qp on core 21 total time 125673.976 us (301617542 ticks), connect time 110468.828 us (265125188 ticks)
11: IO qp on core 16 total time 135040.763 us (324097830 ticks), connect time 119823.700 us (287576880 ticks)
11: IO qp on core 20 total time 145049.567 us (348118961 ticks), connect time 128689.106 us (308853854 ticks)
11: IO qp on core 22 total time 155920.955 us (374210291 ticks), connect time 139554.358 us (334930460 ticks)
11: IO qp on core 18 total time 164977.864 us (395946873 ticks), connect time 148607.865 us (356658876 ticks)
11: IO qp on core 10 total time 175508.584 us (421220601 ticks), connect time 158984.451 us (381562683 ticks)
13: !!!! max_wqe_sz_sq:1024
13: !!!! max_wqe_sz_rq:512
13: !!!! max_wqe_sz_sq_dc:256
 7: Initializing NVMe Controllers
 7: Attached to NVMe over Fabrics controller at 172.24.0.1:4420: nqn.2016-06.io.spdk:cnode1
 7: Controller attach time is 20249.542 us (48598902 ticks)
 7: Associating RDMA (addr:172.24.0.1 subnqn:nqn.2016-06.io.spdk:cnode1) NSID 1 with lcore 0
 7: Associating RDMA (addr:172.24.0.1 subnqn:nqn.2016-06.io.spdk:cnode1) NSID 1 with lcore 1
 7: Associating RDMA (addr:172.24.0.1 subnqn:nqn.2016-06.io.spdk:cnode1) NSID 1 with lcore 2
 7: Associating RDMA (addr:172.24.0.1 subnqn:nqn.2016-06.io.spdk:cnode1) NSID 1 with lcore 3
 7: Associating RDMA (addr:172.24.0.1 subnqn:nqn.2016-06.io.spdk:cnode1) NSID 1 with lcore 4
 7: Associating RDMA (addr:172.24.0.1 subnqn:nqn.2016-06.io.spdk:cnode1) NSID 1 with lcore 5
 7: Associating RDMA (addr:172.24.0.1 subnqn:nqn.2016-06.io.spdk:cnode1) NSID 1 with lcore 6
 7: Associating RDMA (addr:172.24.0.1 subnqn:nqn.2016-06.io.spdk:cnode1) NSID 1 with lcore 7
 7: Associating RDMA (addr:172.24.0.1 subnqn:nqn.2016-06.io.spdk:cnode1) NSID 1 with lcore 8
 7: Associating RDMA (addr:172.24.0.1 subnqn:nqn.2016-06.io.spdk:cnode1) NSID 1 with lcore 9
 7: Associating RDMA (addr:172.24.0.1 subnqn:nqn.2016-06.io.spdk:cnode1) NSID 1 with lcore 10
 7: Associating RDMA (addr:172.24.0.1 subnqn:nqn.2016-06.io.spdk:cnode1) NSID 1 with lcore 11
 7: Associating RDMA (addr:172.24.0.1 subnqn:nqn.2016-06.io.spdk:cnode1) NSID 1 with lcore 12
 7: Associating RDMA (addr:172.24.0.1 subnqn:nqn.2016-06.io.spdk:cnode1) NSID 1 with lcore 13
 7: Associating RDMA (addr:172.24.0.1 subnqn:nqn.2016-06.io.spdk:cnode1) NSID 1 with lcore 14
 7: Associating RDMA (addr:172.24.0.1 subnqn:nqn.2016-06.io.spdk:cnode1) NSID 1 with lcore 15
 7: Associating RDMA (addr:172.24.0.1 subnqn:nqn.2016-06.io.spdk:cnode1) NSID 1 with lcore 16
 7: Associating RDMA (addr:172.24.0.1 subnqn:nqn.2016-06.io.spdk:cnode1) NSID 1 with lcore 17
 7: Associating RDMA (addr:172.24.0.1 subnqn:nqn.2016-06.io.spdk:cnode1) NSID 1 with lcore 18
 7: Associating RDMA (addr:172.24.0.1 subnqn:nqn.2016-06.io.spdk:cnode1) NSID 1 with lcore 19
17: Initializing NVMe Controllers
17: Attached to NVMe over Fabrics controller at 172.24.0.1:4420: nqn.2016-06.io.spdk:cnode1
17: Controller attach time is 23233.831 us (55761195 ticks)
17: Associating RDMA (addr:172.24.0.1 subnqn:nqn.2016-06.io.spdk:cnode1) NSID 1 with lcore 0
17: Associating RDMA (addr:172.24.0.1 subnqn:nqn.2016-06.io.spdk:cnode1) NSID 1 with lcore 1
17: Associating RDMA (addr:172.24.0.1 subnqn:nqn.2016-06.io.spdk:cnode1) NSID 1 with lcore 2
17: Associating RDMA (addr:172.24.0.1 subnqn:nqn.2016-06.io.spdk:cnode1) NSID 1 with lcore 3
17: Associating RDMA (addr:172.24.0.1 subnqn:nqn.2016-06.io.spdk:cnode1) NSID 1 with lcore 4
17: Associating RDMA (addr:172.24.0.1 subnqn:nqn.2016-06.io.spdk:cnode1) NSID 1 with lcore 5
17: Associating RDMA (addr:172.24.0.1 subnqn:nqn.2016-06.io.spdk:cnode1) NSID 1 with lcore 6
17: Associating RDMA (addr:172.24.0.1 subnqn:nqn.2016-06.io.spdk:cnode1) NSID 1 with lcore 7
17: Associating RDMA (addr:172.24.0.1 subnqn:nqn.2016-06.io.spdk:cnode1) NSID 1 with lcore 8
 7: Associating RDMA (addr:172.24.0.1 subnqn:nqn.2016-06.io.spdk:cnode1) NSID 1 with lcore 20
 7: Associating RDMA (addr:172.24.0.1 subnqn:nqn.2016-06.io.spdk:cnode1) NSID 1 with lcore 21
 7: Associating RDMA (addr:172.24.0.1 subnqn:nqn.2016-06.io.spdk:cnode1) NSID 1 with lcore 22
 7: Associating RDMA (addr:172.24.0.1 subnqn:nqn.2016-06.io.spdk:cnode1) NSID 1 with lcore 23
 7: Initialization complete. Launching workers.
 7: IO qp on core 11 total time 26506.180 us (63614832 ticks), connect time 15565.222 us (37356534 ticks)
 7: IO qp on core 4 total time 36214.969 us (86915925 ticks), connect time 24881.494 us (59715585 ticks)
 7: IO qp on core 1 total time 46298.335 us (111116004 ticks), connect time 34802.168 us (83525202 ticks)
 7: IO qp on core 5 total time 56459.109 us (135501862 ticks), connect time 42288.044 us (101491306 ticks)
 7: IO qp on core 2 total time 66401.316 us (159363159 ticks), connect time 52196.194 us (125270865 ticks)
 7: IO qp on core 6 total time 75946.393 us (182271342 ticks), connect time 61469.150 us (147525960 ticks)
17: Associating RDMA (addr:172.24.0.1 subnqn:nqn.2016-06.io.spdk:cnode1) NSID 1 with lcore 9
17: Associating RDMA (addr:172.24.0.1 subnqn:nqn.2016-06.io.spdk:cnode1) NSID 1 with lcore 10
17: Associating RDMA (addr:172.24.0.1 subnqn:nqn.2016-06.io.spdk:cnode1) NSID 1 with lcore 11
17: Associating RDMA (addr:172.24.0.1 subnqn:nqn.2016-06.io.spdk:cnode1) NSID 1 with lcore 12
17: Associating RDMA (addr:172.24.0.1 subnqn:nqn.2016-06.io.spdk:cnode1) NSID 1 with lcore 13
17: Associating RDMA (addr:172.24.0.1 subnqn:nqn.2016-06.io.spdk:cnode1) NSID 1 with lcore 14
17: Associating RDMA (addr:172.24.0.1 subnqn:nqn.2016-06.io.spdk:cnode1) NSID 1 with lcore 15
17: Associating RDMA (addr:172.24.0.1 subnqn:nqn.2016-06.io.spdk:cnode1) NSID 1 with lcore 16
17: Associating RDMA (addr:172.24.0.1 subnqn:nqn.2016-06.io.spdk:cnode1) NSID 1 with lcore 17
17: Associating RDMA (addr:172.24.0.1 subnqn:nqn.2016-06.io.spdk:cnode1) NSID 1 with lcore 18
17: Associating RDMA (addr:172.24.0.1 subnqn:nqn.2016-06.io.spdk:cnode1) NSID 1 with lcore 19
 7: IO qp on core 7 total time 86293.702 us (207104886 ticks), connect time 71712.439 us (172109853 ticks)
 7: IO qp on core 8 total time 95962.165 us (230309195 ticks), connect time 80120.358 us (192288860 ticks)
 7: IO qp on core 9 total time 106429.915 us (255431795 ticks), connect time 90598.486 us (217436366 ticks)
 7: IO qp on core 10 total time 116294.048 us (279105714 ticks), connect time 100069.319 us (240166365 ticks)
 7: IO qp on core 3 total time 126056.042 us (302534502 ticks), connect time 109371.609 us (262491861 ticks)
 7: IO qp on core 14 total time 135582.517 us (325398042 ticks), connect time 118324.949 us (283979877 ticks)
 7: IO qp on core 13 total time 146346.020 us (351230448 ticks), connect time 128875.590 us (309301416 ticks)
 7: IO qp on core 12 total time 155836.299 us (374007117 ticks), connect time 138337.989 us (332011173 ticks)
 7: IO qp on core 0 total time 165914.838 us (398195611 ticks), connect time 148443.908 us (356265379 ticks)
 7: IO qp on core 20 total time 174843.437 us (419624248 ticks), connect time 158004.963 us (379211911 ticks)
17: Associating RDMA (addr:172.24.0.1 subnqn:nqn.2016-06.io.spdk:cnode1) NSID 1 with lcore 20
17: Associating RDMA (addr:172.24.0.1 subnqn:nqn.2016-06.io.spdk:cnode1) NSID 1 with lcore 21
17: Associating RDMA (addr:172.24.0.1 subnqn:nqn.2016-06.io.spdk:cnode1) NSID 1 with lcore 22
17: Associating RDMA (addr:172.24.0.1 subnqn:nqn.2016-06.io.spdk:cnode1) NSID 1 with lcore 23
17: Initialization complete. Launching workers.
17: IO qp on core 1 total time 25546.642 us (61311940 ticks), connect time 14500.265 us (34800637 ticks)
17: IO qp on core 2 total time 34893.213 us (83743710 ticks), connect time 23827.871 us (57186891 ticks)
17: IO qp on core 0 total time 44068.511 us (105764427 ticks), connect time 33913.624 us (81392697 ticks)
17: IO qp on core 3 total time 54191.244 us (130058986 ticks), connect time 44010.262 us (105624628 ticks)
17: IO qp on core 7 total time 64099.055 us (153837731 ticks), connect time 53775.116 us (129060278 ticks)
17: IO qp on core 4 total time 73951.634 us (177483922 ticks), connect time 63277.167 us (151865200 ticks)
17: IO qp on core 5 total time 83964.345 us (201514427 ticks), connect time 72922.755 us (175014611 ticks)
17: IO qp on core 6 total time 94338.265 us (226411837 ticks), connect time 81871.350 us (196491241 ticks)
17: IO qp on core 12 total time 103783.523 us (249080455 ticks), connect time 91369.005 us (219285613 ticks)
17: IO qp on core 10 total time 114073.738 us (273776970 ticks), connect time 101292.173 us (243101214 ticks)
17: IO qp on core 11 total time 123751.069 us (297002566 ticks), connect time 110571.410 us (265371385 ticks)
17: IO qp on core 14 total time 133682.906 us (320838974 ticks), connect time 120443.426 us (289064222 ticks)
17: IO qp on core 8 total time 144278.336 us (346268007 ticks), connect time 130843.461 us (314024307 ticks)
17: IO qp on core 20 total time 153644.800 us (368747521 ticks), connect time 140205.875 us (336494101 ticks)
17: IO qp on core 16 total time 163973.172 us (393535614 ticks), connect time 150313.610 us (360752664 ticks)
17: IO qp on core 18 total time 173752.453 us (417005888 ticks), connect time 160032.111 us (384077066 ticks)
15: !!!! max_wqe_sz_sq:1024
15: !!!! max_wqe_sz_rq:512
15: !!!! max_wqe_sz_sq_dc:256
15: !!!! max_wqe_sz_sq:1024
15: !!!! max_wqe_sz_rq:512
15: !!!! max_wqe_sz_sq_dc:256
14: !!!! max_wqe_sz_sq:1024
14: !!!! max_wqe_sz_rq:512
14: !!!! max_wqe_sz_sq_dc:256
15: !!!! max_wqe_sz_sq:1024
15: !!!! max_wqe_sz_rq:512
15: !!!! max_wqe_sz_sq_dc:256
14: !!!! max_wqe_sz_sq:1024
14: !!!! max_wqe_sz_rq:512
14: !!!! max_wqe_sz_sq_dc:256
15: !!!! max_wqe_sz_sq:1024
15: !!!! max_wqe_sz_rq:512
15: !!!! max_wqe_sz_sq_dc:256
18: !!!! max_wqe_sz_sq:1024
18: !!!! max_wqe_sz_rq:512
18: !!!! max_wqe_sz_sq_dc:256
15: !!!! max_wqe_sz_sq:1024
15: !!!! max_wqe_sz_rq:512
15: !!!! max_wqe_sz_sq_dc:256
14: !!!! max_wqe_sz_sq:1024
14: !!!! max_wqe_sz_rq:512
14: !!!! max_wqe_sz_sq_dc:256
18: !!!! max_wqe_sz_sq:1024
18: !!!! max_wqe_sz_rq:512
18: !!!! max_wqe_sz_sq_dc:256
15: !!!! max_wqe_sz_sq:1024
15: !!!! max_wqe_sz_rq:512
15: !!!! max_wqe_sz_sq_dc:256
14: !!!! max_wqe_sz_sq:1024
14: !!!! max_wqe_sz_rq:512
14: !!!! max_wqe_sz_sq_dc:256
18: !!!! max_wqe_sz_sq:1024
18: !!!! max_wqe_sz_rq:512
18: !!!! max_wqe_sz_sq_dc:256
14: !!!! max_wqe_sz_sq:1024
14: !!!! max_wqe_sz_rq:512
14: !!!! max_wqe_sz_sq_dc:256
14: !!!! max_wqe_sz_sq:1024
14: !!!! max_wqe_sz_rq:512
14: !!!! max_wqe_sz_sq_dc:256
18: !!!! max_wqe_sz_sq:1024
18: !!!! max_wqe_sz_rq:512
18: !!!! max_wqe_sz_sq_dc:256
18: !!!! max_wqe_sz_sq:1024
18: !!!! max_wqe_sz_rq:512
18: !!!! max_wqe_sz_sq_dc:256
18: !!!! max_wqe_sz_sq:1024
18: !!!! max_wqe_sz_rq:512
18: !!!! max_wqe_sz_sq_dc:256
 0: !!!! max_wqe_sz_sq:1024
 0: !!!! max_wqe_sz_rq:512
 0: !!!! max_wqe_sz_sq_dc:256
 0: !!!! max_wqe_sz_sq:1024
 0: !!!! max_wqe_sz_rq:512
 0: !!!! max_wqe_sz_sq_dc:256
12: !!!! max_wqe_sz_sq:1024
12: !!!! max_wqe_sz_rq:512
12: !!!! max_wqe_sz_sq_dc:256
 0: !!!! max_wqe_sz_sq:1024
 0: !!!! max_wqe_sz_rq:512
 0: !!!! max_wqe_sz_sq_dc:256
12: !!!! max_wqe_sz_sq:1024
12: !!!! max_wqe_sz_rq:512
12: !!!! max_wqe_sz_sq_dc:256
 0: !!!! max_wqe_sz_sq:1024
 0: !!!! max_wqe_sz_rq:512
 0: !!!! max_wqe_sz_sq_dc:256
 1: Initializing NVMe Controllers
 1: Attached to NVMe over Fabrics controller at 172.24.0.1:4420: nqn.2016-06.io.spdk:cnode1
 1: Controller attach time is 23964.746 us (57515390 ticks)
 1: Associating RDMA (addr:172.24.0.1 subnqn:nqn.2016-06.io.spdk:cnode1) NSID 1 with lcore 0
 1: Associating RDMA (addr:172.24.0.1 subnqn:nqn.2016-06.io.spdk:cnode1) NSID 1 with lcore 1
 1: Associating RDMA (addr:172.24.0.1 subnqn:nqn.2016-06.io.spdk:cnode1) NSID 1 with lcore 2
 1: Associating RDMA (addr:172.24.0.1 subnqn:nqn.2016-06.io.spdk:cnode1) NSID 1 with lcore 3
 1: Associating RDMA (addr:172.24.0.1 subnqn:nqn.2016-06.io.spdk:cnode1) NSID 1 with lcore 4
 1: Associating RDMA (addr:172.24.0.1 subnqn:nqn.2016-06.io.spdk:cnode1) NSID 1 with lcore 5
 1: Associating RDMA (addr:172.24.0.1 subnqn:nqn.2016-06.io.spdk:cnode1) NSID 1 with lcore 6
 1: Associating RDMA (addr:172.24.0.1 subnqn:nqn.2016-06.io.spdk:cnode1) NSID 1 with lcore 7
 1: Associating RDMA (addr:172.24.0.1 subnqn:nqn.2016-06.io.spdk:cnode1) NSID 1 with lcore 8
 1: Associating RDMA (addr:172.24.0.1 subnqn:nqn.2016-06.io.spdk:cnode1) NSID 1 with lcore 9
 1: Associating RDMA (addr:172.24.0.1 subnqn:nqn.2016-06.io.spdk:cnode1) NSID 1 with lcore 10
 1: Associating RDMA (addr:172.24.0.1 subnqn:nqn.2016-06.io.spdk:cnode1) NSID 1 with lcore 11
 1: Associating RDMA (addr:172.24.0.1 subnqn:nqn.2016-06.io.spdk:cnode1) NSID 1 with lcore 12
 1: Associating RDMA (addr:172.24.0.1 subnqn:nqn.2016-06.io.spdk:cnode1) NSID 1 with lcore 13
 1: Associating RDMA (addr:172.24.0.1 subnqn:nqn.2016-06.io.spdk:cnode1) NSID 1 with lcore 14
 1: Associating RDMA (addr:172.24.0.1 subnqn:nqn.2016-06.io.spdk:cnode1) NSID 1 with lcore 15
 1: Associating RDMA (addr:172.24.0.1 subnqn:nqn.2016-06.io.spdk:cnode1) NSID 1 with lcore 16
 1: Associating RDMA (addr:172.24.0.1 subnqn:nqn.2016-06.io.spdk:cnode1) NSID 1 with lcore 17
 1: Associating RDMA (addr:172.24.0.1 subnqn:nqn.2016-06.io.spdk:cnode1) NSID 1 with lcore 18
 1: Associating RDMA (addr:172.24.0.1 subnqn:nqn.2016-06.io.spdk:cnode1) NSID 1 with lcore 19
 1: Associating RDMA (addr:172.24.0.1 subnqn:nqn.2016-06.io.spdk:cnode1) NSID 1 with lcore 20
 1: Associating RDMA (addr:172.24.0.1 subnqn:nqn.2016-06.io.spdk:cnode1) NSID 1 with lcore 21
 1: Associating RDMA (addr:172.24.0.1 subnqn:nqn.2016-06.io.spdk:cnode1) NSID 1 with lcore 22
 1: Associating RDMA (addr:172.24.0.1 subnqn:nqn.2016-06.io.spdk:cnode1) NSID 1 with lcore 23
 1: Initialization complete. Launching workers.
 1: IO qp on core 4 total time 24417.961 us (58603106 ticks), connect time 14089.345 us (33814427 ticks)
 1: IO qp on core 5 total time 34160.265 us (81984636 ticks), connect time 23771.591 us (57051819 ticks)
 1: IO qp on core 2 total time 43205.633 us (103693519 ticks), connect time 32737.923 us (78571015 ticks)
 1: IO qp on core 6 total time 55044.926 us (132107822 ticks), connect time 43714.950 us (104915879 ticks)
 1: IO qp on core 1 total time 63501.951 us (152404683 ticks), connect time 51537.846 us (123690831 ticks)
 1: IO qp on core 12 total time 72994.280 us (175186273 ticks), connect time 60158.878 us (144381307 ticks)
 1: IO qp on core 0 total time 83374.624 us (200099098 ticks), connect time 70200.582 us (168481396 ticks)
 1: IO qp on core 17 total time 92464.181 us (221914035 ticks), connect time 79313.494 us (190352385 ticks)
 1: IO qp on core 3 total time 103736.311 us (248967147 ticks), connect time 89325.169 us (214380405 ticks)
 1: IO qp on core 9 total time 112591.876 us (270220503 ticks), connect time 98433.894 us (236241345 ticks)
 1: IO qp on core 15 total time 122622.218 us (294293323 ticks), connect time 107823.218 us (258775723 ticks)
 1: IO qp on core 11 total time 132526.270 us (318063049 ticks), connect time 117608.320 us (282259969 ticks)
 1: IO qp on core 14 total time 142319.591 us (341567019 ticks), connect time 126594.322 us (303826374 ticks)
 1: IO qp on core 13 total time 152393.560 us (365744543 ticks), connect time 136668.378 us (328004108 ticks)
 1: IO qp on core 7 total time 162396.953 us (389752686 ticks), connect time 146259.305 us (351022332 ticks)
 1: IO qp on core 16 total time 172446.750 us (413872200 ticks), connect time 155892.484 us (374141961 ticks)
 0: !!!! max_wqe_sz_sq:1024
 0: !!!! max_wqe_sz_rq:512
 0: !!!! max_wqe_sz_sq_dc:256
12: !!!! max_wqe_sz_sq:1024
12: !!!! max_wqe_sz_rq:512
12: !!!! max_wqe_sz_sq_dc:256
 0: !!!! max_wqe_sz_sq:1024
 0: !!!! max_wqe_sz_rq:512
 0: !!!! max_wqe_sz_sq_dc:256
12: !!!! max_wqe_sz_sq:1024
12: !!!! max_wqe_sz_rq:512
12: !!!! max_wqe_sz_sq_dc:256
12: !!!! max_wqe_sz_sq:1024
12: !!!! max_wqe_sz_rq:512
12: !!!! max_wqe_sz_sq_dc:256
12: !!!! max_wqe_sz_sq:1024
12: !!!! max_wqe_sz_rq:512
12: !!!! max_wqe_sz_sq_dc:256
13: Initializing NVMe Controllers
13: Attached to NVMe over Fabrics controller at 172.24.0.1:4420: nqn.2016-06.io.spdk:cnode1
13: Controller attach time is 21840.995 us (52418388 ticks)
13: Associating RDMA (addr:172.24.0.1 subnqn:nqn.2016-06.io.spdk:cnode1) NSID 1 with lcore 0
13: Associating RDMA (addr:172.24.0.1 subnqn:nqn.2016-06.io.spdk:cnode1) NSID 1 with lcore 1
13: Associating RDMA (addr:172.24.0.1 subnqn:nqn.2016-06.io.spdk:cnode1) NSID 1 with lcore 2
13: Associating RDMA (addr:172.24.0.1 subnqn:nqn.2016-06.io.spdk:cnode1) NSID 1 with lcore 3
13: Associating RDMA (addr:172.24.0.1 subnqn:nqn.2016-06.io.spdk:cnode1) NSID 1 with lcore 4
13: Associating RDMA (addr:172.24.0.1 subnqn:nqn.2016-06.io.spdk:cnode1) NSID 1 with lcore 5
13: Associating RDMA (addr:172.24.0.1 subnqn:nqn.2016-06.io.spdk:cnode1) NSID 1 with lcore 6
13: Associating RDMA (addr:172.24.0.1 subnqn:nqn.2016-06.io.spdk:cnode1) NSID 1 with lcore 7
13: Associating RDMA (addr:172.24.0.1 subnqn:nqn.2016-06.io.spdk:cnode1) NSID 1 with lcore 8
13: Associating RDMA (addr:172.24.0.1 subnqn:nqn.2016-06.io.spdk:cnode1) NSID 1 with lcore 9
13: Associating RDMA (addr:172.24.0.1 subnqn:nqn.2016-06.io.spdk:cnode1) NSID 1 with lcore 10
13: Associating RDMA (addr:172.24.0.1 subnqn:nqn.2016-06.io.spdk:cnode1) NSID 1 with lcore 11
13: Associating RDMA (addr:172.24.0.1 subnqn:nqn.2016-06.io.spdk:cnode1) NSID 1 with lcore 12
13: Associating RDMA (addr:172.24.0.1 subnqn:nqn.2016-06.io.spdk:cnode1) NSID 1 with lcore 13
13: Associating RDMA (addr:172.24.0.1 subnqn:nqn.2016-06.io.spdk:cnode1) NSID 1 with lcore 14
13: Associating RDMA (addr:172.24.0.1 subnqn:nqn.2016-06.io.spdk:cnode1) NSID 1 with lcore 15
13: Associating RDMA (addr:172.24.0.1 subnqn:nqn.2016-06.io.spdk:cnode1) NSID 1 with lcore 16
13: Associating RDMA (addr:172.24.0.1 subnqn:nqn.2016-06.io.spdk:cnode1) NSID 1 with lcore 17
13: Associating RDMA (addr:172.24.0.1 subnqn:nqn.2016-06.io.spdk:cnode1) NSID 1 with lcore 18
13: Associating RDMA (addr:172.24.0.1 subnqn:nqn.2016-06.io.spdk:cnode1) NSID 1 with lcore 19
13: Associating RDMA (addr:172.24.0.1 subnqn:nqn.2016-06.io.spdk:cnode1) NSID 1 with lcore 20
13: Associating RDMA (addr:172.24.0.1 subnqn:nqn.2016-06.io.spdk:cnode1) NSID 1 with lcore 21
13: Associating RDMA (addr:172.24.0.1 subnqn:nqn.2016-06.io.spdk:cnode1) NSID 1 with lcore 22
13: Associating RDMA (addr:172.24.0.1 subnqn:nqn.2016-06.io.spdk:cnode1) NSID 1 with lcore 23
13: Initialization complete. Launching workers.
13: IO qp on core 2 total time 25369.328 us (60886388 ticks), connect time 14896.538 us (35751692 ticks)
13: IO qp on core 4 total time 35215.197 us (84516472 ticks), connect time 24511.353 us (58827247 ticks)
13: IO qp on core 3 total time 45434.732 us (109043357 ticks), connect time 34484.247 us (82762194 ticks)
13: IO qp on core 1 total time 55629.422 us (133510612 ticks), connect time 44557.625 us (106938299 ticks)
13: IO qp on core 5 total time 65007.262 us (156017430 ticks), connect time 54040.511 us (129697227 ticks)
13: IO qp on core 0 total time 74236.029 us (178166470 ticks), connect time 64002.754 us (153606610 ticks)
13: IO qp on core 7 total time 84142.812 us (201942749 ticks), connect time 73490.568 us (176377364 ticks)
13: IO qp on core 6 total time 93819.570 us (225166968 ticks), connect time 83028.658 us (199268778 ticks)
13: IO qp on core 13 total time 103587.531 us (248610075 ticks), connect time 92191.701 us (221260083 ticks)
13: IO qp on core 21 total time 113865.686 us (273277647 ticks), connect time 102325.837 us (245582010 ticks)
13: IO qp on core 11 total time 123779.279 us (297070270 ticks), connect time 112235.104 us (269364250 ticks)
13: IO qp on core 19 total time 133620.789 us (320689893 ticks), connect time 121394.664 us (291347193 ticks)
13: IO qp on core 15 total time 143826.251 us (345183002 ticks), connect time 131317.697 us (315162473 ticks)
13: IO qp on core 23 total time 153646.758 us (368752218 ticks), connect time 140965.665 us (338317596 ticks)
13: IO qp on core 17 total time 163930.665 us (393433597 ticks), connect time 151090.802 us (362617924 ticks)
13: IO qp on core 10 total time 173920.934 us (417410242 ticks), connect time 160804.537 us (385930889 ticks)
 4: !!!! max_wqe_sz_sq:1024
 4: !!!! max_wqe_sz_rq:512
 4: !!!! max_wqe_sz_sq_dc:256
 4: !!!! max_wqe_sz_sq:1024
 4: !!!! max_wqe_sz_rq:512
 4: !!!! max_wqe_sz_sq_dc:256
 4: !!!! max_wqe_sz_sq:1024
 4: !!!! max_wqe_sz_rq:512
 4: !!!! max_wqe_sz_sq_dc:256
 4: !!!! max_wqe_sz_sq:1024
 4: !!!! max_wqe_sz_rq:512
 4: !!!! max_wqe_sz_sq_dc:256
 4: !!!! max_wqe_sz_sq:1024
 4: !!!! max_wqe_sz_rq:512
 4: !!!! max_wqe_sz_sq_dc:256
15: Initializing NVMe Controllers
15: Attached to NVMe over Fabrics controller at 172.24.0.1:4420: nqn.2016-06.io.spdk:cnode1
15: Controller attach time is 24948.314 us (59875953 ticks)
15: Associating RDMA (addr:172.24.0.1 subnqn:nqn.2016-06.io.spdk:cnode1) NSID 1 with lcore 0
15: Associating RDMA (addr:172.24.0.1 subnqn:nqn.2016-06.io.spdk:cnode1) NSID 1 with lcore 1
15: Associating RDMA (addr:172.24.0.1 subnqn:nqn.2016-06.io.spdk:cnode1) NSID 1 with lcore 2
15: Associating RDMA (addr:172.24.0.1 subnqn:nqn.2016-06.io.spdk:cnode1) NSID 1 with lcore 3
15: Associating RDMA (addr:172.24.0.1 subnqn:nqn.2016-06.io.spdk:cnode1) NSID 1 with lcore 4
15: Associating RDMA (addr:172.24.0.1 subnqn:nqn.2016-06.io.spdk:cnode1) NSID 1 with lcore 5
15: Associating RDMA (addr:172.24.0.1 subnqn:nqn.2016-06.io.spdk:cnode1) NSID 1 with lcore 6
15: Associating RDMA (addr:172.24.0.1 subnqn:nqn.2016-06.io.spdk:cnode1) NSID 1 with lcore 7
15: Associating RDMA (addr:172.24.0.1 subnqn:nqn.2016-06.io.spdk:cnode1) NSID 1 with lcore 8
15: Associating RDMA (addr:172.24.0.1 subnqn:nqn.2016-06.io.spdk:cnode1) NSID 1 with lcore 9
15: Associating RDMA (addr:172.24.0.1 subnqn:nqn.2016-06.io.spdk:cnode1) NSID 1 with lcore 10
15: Associating RDMA (addr:172.24.0.1 subnqn:nqn.2016-06.io.spdk:cnode1) NSID 1 with lcore 11
15: Associating RDMA (addr:172.24.0.1 subnqn:nqn.2016-06.io.spdk:cnode1) NSID 1 with lcore 12
15: Associating RDMA (addr:172.24.0.1 subnqn:nqn.2016-06.io.spdk:cnode1) NSID 1 with lcore 13
15: Associating RDMA (addr:172.24.0.1 subnqn:nqn.2016-06.io.spdk:cnode1) NSID 1 with lcore 14
15: Associating RDMA (addr:172.24.0.1 subnqn:nqn.2016-06.io.spdk:cnode1) NSID 1 with lcore 15
15: Associating RDMA (addr:172.24.0.1 subnqn:nqn.2016-06.io.spdk:cnode1) NSID 1 with lcore 16
15: Associating RDMA (addr:172.24.0.1 subnqn:nqn.2016-06.io.spdk:cnode1) NSID 1 with lcore 17
15: Associating RDMA (addr:172.24.0.1 subnqn:nqn.2016-06.io.spdk:cnode1) NSID 1 with lcore 18
15: Associating RDMA (addr:172.24.0.1 subnqn:nqn.2016-06.io.spdk:cnode1) NSID 1 with lcore 19
15: Associating RDMA (addr:172.24.0.1 subnqn:nqn.2016-06.io.spdk:cnode1) NSID 1 with lcore 20
15: Associating RDMA (addr:172.24.0.1 subnqn:nqn.2016-06.io.spdk:cnode1) NSID 1 with lcore 21
15: Associating RDMA (addr:172.24.0.1 subnqn:nqn.2016-06.io.spdk:cnode1) NSID 1 with lcore 22
15: Associating RDMA (addr:172.24.0.1 subnqn:nqn.2016-06.io.spdk:cnode1) NSID 1 with lcore 23
15: Initialization complete. Launching workers.
15: IO qp on core 2 total time 22631.897 us (54316554 ticks), connect time 11144.046 us (26745711 ticks)
15: IO qp on core 4 total time 32724.231 us (78538155 ticks), connect time 21292.764 us (51102633 ticks)
15: IO qp on core 3 total time 42561.789 us (102148294 ticks), connect time 31100.455 us (74641093 ticks)
15: IO qp on core 1 total time 52564.817 us (126155560 ticks), connect time 40747.614 us (97794274 ticks)
15: IO qp on core 0 total time 61415.558 us (147397338 ticks), connect time 50400.570 us (120961368 ticks)
15: IO qp on core 5 total time 72220.165 us (173328395 ticks), connect time 60513.027 us (145231265 ticks)
15: IO qp on core 6 total time 81624.533 us (195898880 ticks), connect time 70577.541 us (169386098 ticks)
15: IO qp on core 8 total time 91146.072 us (218750572 ticks), connect time 80259.730 us (192623353 ticks)
15: IO qp on core 21 total time 101841.168 us (244418803 ticks), connect time 89253.900 us (214209361 ticks)
15: IO qp on core 11 total time 111172.594 us (266814226 ticks), connect time 98577.153 us (236585167 ticks)
15: IO qp on core 9 total time 121149.377 us (290758505 ticks), connect time 107663.408 us (258392180 ticks)
15: IO qp on core 15 total time 131774.886 us (316259727 ticks), connect time 118287.736 us (283890567 ticks)
15: IO qp on core 14 total time 141402.323 us (339365575 ticks), connect time 126685.420 us (304045009 ticks)
15: IO qp on core 23 total time 152729.319 us (366550365 ticks), connect time 138014.491 us (331234779 ticks)
15: IO qp on core 7 total time 161836.027 us (388406466 ticks), connect time 146975.552 us (352741326 ticks)
15: IO qp on core 19 total time 171343.584 us (411224602 ticks), connect time 155999.877 us (374399704 ticks)
 4: !!!! max_wqe_sz_sq:1024
 4: !!!! max_wqe_sz_rq:512
 4: !!!! max_wqe_sz_sq_dc:256
14: Initializing NVMe Controllers
14: Attached to NVMe over Fabrics controller at 172.24.0.1:4420: nqn.2016-06.io.spdk:cnode1
14: Controller attach time is 24326.985 us (58384764 ticks)
14: Associating RDMA (addr:172.24.0.1 subnqn:nqn.2016-06.io.spdk:cnode1) NSID 1 with lcore 0
14: Associating RDMA (addr:172.24.0.1 subnqn:nqn.2016-06.io.spdk:cnode1) NSID 1 with lcore 1
14: Associating RDMA (addr:172.24.0.1 subnqn:nqn.2016-06.io.spdk:cnode1) NSID 1 with lcore 2
14: Associating RDMA (addr:172.24.0.1 subnqn:nqn.2016-06.io.spdk:cnode1) NSID 1 with lcore 3
14: Associating RDMA (addr:172.24.0.1 subnqn:nqn.2016-06.io.spdk:cnode1) NSID 1 with lcore 4
14: Associating RDMA (addr:172.24.0.1 subnqn:nqn.2016-06.io.spdk:cnode1) NSID 1 with lcore 5
14: Associating RDMA (addr:172.24.0.1 subnqn:nqn.2016-06.io.spdk:cnode1) NSID 1 with lcore 6
14: Associating RDMA (addr:172.24.0.1 subnqn:nqn.2016-06.io.spdk:cnode1) NSID 1 with lcore 7
14: Associating RDMA (addr:172.24.0.1 subnqn:nqn.2016-06.io.spdk:cnode1) NSID 1 with lcore 8
18: Initializing NVMe Controllers
18: Attached to NVMe over Fabrics controller at 172.24.0.1:4420: nqn.2016-06.io.spdk:cnode1
18: Controller attach time is 23127.036 us (55504886 ticks)
18: Associating RDMA (addr:172.24.0.1 subnqn:nqn.2016-06.io.spdk:cnode1) NSID 1 with lcore 0
18: Associating RDMA (addr:172.24.0.1 subnqn:nqn.2016-06.io.spdk:cnode1) NSID 1 with lcore 1
18: Associating RDMA (addr:172.24.0.1 subnqn:nqn.2016-06.io.spdk:cnode1) NSID 1 with lcore 2
18: Associating RDMA (addr:172.24.0.1 subnqn:nqn.2016-06.io.spdk:cnode1) NSID 1 with lcore 3
18: Associating RDMA (addr:172.24.0.1 subnqn:nqn.2016-06.io.spdk:cnode1) NSID 1 with lcore 4
18: Associating RDMA (addr:172.24.0.1 subnqn:nqn.2016-06.io.spdk:cnode1) NSID 1 with lcore 5
18: Associating RDMA (addr:172.24.0.1 subnqn:nqn.2016-06.io.spdk:cnode1) NSID 1 with lcore 6
18: Associating RDMA (addr:172.24.0.1 subnqn:nqn.2016-06.io.spdk:cnode1) NSID 1 with lcore 7
18: Associating RDMA (addr:172.24.0.1 subnqn:nqn.2016-06.io.spdk:cnode1) NSID 1 with lcore 8
14: Associating RDMA (addr:172.24.0.1 subnqn:nqn.2016-06.io.spdk:cnode1) NSID 1 with lcore 9
14: Associating RDMA (addr:172.24.0.1 subnqn:nqn.2016-06.io.spdk:cnode1) NSID 1 with lcore 10
14: Associating RDMA (addr:172.24.0.1 subnqn:nqn.2016-06.io.spdk:cnode1) NSID 1 with lcore 11
14: Associating RDMA (addr:172.24.0.1 subnqn:nqn.2016-06.io.spdk:cnode1) NSID 1 with lcore 12
14: Associating RDMA (addr:172.24.0.1 subnqn:nqn.2016-06.io.spdk:cnode1) NSID 1 with lcore 13
14: Associating RDMA (addr:172.24.0.1 subnqn:nqn.2016-06.io.spdk:cnode1) NSID 1 with lcore 14
14: Associating RDMA (addr:172.24.0.1 subnqn:nqn.2016-06.io.spdk:cnode1) NSID 1 with lcore 15
14: Associating RDMA (addr:172.24.0.1 subnqn:nqn.2016-06.io.spdk:cnode1) NSID 1 with lcore 16
14: Associating RDMA (addr:172.24.0.1 subnqn:nqn.2016-06.io.spdk:cnode1) NSID 1 with lcore 17
14: Associating RDMA (addr:172.24.0.1 subnqn:nqn.2016-06.io.spdk:cnode1) NSID 1 with lcore 18
14: Associating RDMA (addr:172.24.0.1 subnqn:nqn.2016-06.io.spdk:cnode1) NSID 1 with lcore 19
18: Associating RDMA (addr:172.24.0.1 subnqn:nqn.2016-06.io.spdk:cnode1) NSID 1 with lcore 9
18: Associating RDMA (addr:172.24.0.1 subnqn:nqn.2016-06.io.spdk:cnode1) NSID 1 with lcore 10
18: Associating RDMA (addr:172.24.0.1 subnqn:nqn.2016-06.io.spdk:cnode1) NSID 1 with lcore 11
18: Associating RDMA (addr:172.24.0.1 subnqn:nqn.2016-06.io.spdk:cnode1) NSID 1 with lcore 12
18: Associating RDMA (addr:172.24.0.1 subnqn:nqn.2016-06.io.spdk:cnode1) NSID 1 with lcore 13
18: Associating RDMA (addr:172.24.0.1 subnqn:nqn.2016-06.io.spdk:cnode1) NSID 1 with lcore 14
18: Associating RDMA (addr:172.24.0.1 subnqn:nqn.2016-06.io.spdk:cnode1) NSID 1 with lcore 15
18: Associating RDMA (addr:172.24.0.1 subnqn:nqn.2016-06.io.spdk:cnode1) NSID 1 with lcore 16
18: Associating RDMA (addr:172.24.0.1 subnqn:nqn.2016-06.io.spdk:cnode1) NSID 1 with lcore 17
18: Associating RDMA (addr:172.24.0.1 subnqn:nqn.2016-06.io.spdk:cnode1) NSID 1 with lcore 18
18: Associating RDMA (addr:172.24.0.1 subnqn:nqn.2016-06.io.spdk:cnode1) NSID 1 with lcore 19
14: Associating RDMA (addr:172.24.0.1 subnqn:nqn.2016-06.io.spdk:cnode1) NSID 1 with lcore 20
14: Associating RDMA (addr:172.24.0.1 subnqn:nqn.2016-06.io.spdk:cnode1) NSID 1 with lcore 21
14: Associating RDMA (addr:172.24.0.1 subnqn:nqn.2016-06.io.spdk:cnode1) NSID 1 with lcore 22
14: Associating RDMA (addr:172.24.0.1 subnqn:nqn.2016-06.io.spdk:cnode1) NSID 1 with lcore 23
14: Initialization complete. Launching workers.
14: IO qp on core 3 total time 23518.347 us (56444032 ticks), connect time 12830.686 us (30793647 ticks)
14: IO qp on core 2 total time 32565.130 us (78156312 ticks), connect time 21468.804 us (51525129 ticks)
14: IO qp on core 5 total time 43638.304 us (104731929 ticks), connect time 31578.682 us (75788838 ticks)
14: IO qp on core 4 total time 52594.156 us (126225975 ticks), connect time 40341.177 us (96818826 ticks)
14: IO qp on core 1 total time 62700.323 us (150480774 ticks), connect time 50201.367 us (120483281 ticks)
14: IO qp on core 6 total time 71378.029 us (171307269 ticks), connect time 58738.559 us (140972541 ticks)
14: IO qp on core 21 total time 81574.243 us (195778183 ticks), connect time 68852.448 us (165245875 ticks)
14: IO qp on core 0 total time 91694.534 us (220066881 ticks), connect time 78709.545 us (188902908 ticks)
14: IO qp on core 18 total time 101437.935 us (243451044 ticks), connect time 87184.805 us (209243532 ticks)
14: IO qp on core 16 total time 111251.310 us (267003144 ticks), connect time 95762.899 us (229830957 ticks)
14: IO qp on core 8 total time 121719.836 us (292127607 ticks), connect time 106155.659 us (254773581 ticks)
14: IO qp on core 10 total time 131514.943 us (315635863 ticks), connect time 115936.140 us (278246737 ticks)
14: IO qp on core 14 total time 142525.451 us (342061083 ticks), connect time 126737.571 us (304170171 ticks)
14: IO qp on core 22 total time 152108.013 us (365059231 ticks), connect time 136319.642 us (327167140 ticks)
14: IO qp on core 12 total time 161611.862 us (387868469 ticks), connect time 145647.895 us (349554947 ticks)
18: Associating RDMA (addr:172.24.0.1 subnqn:nqn.2016-06.io.spdk:cnode1) NSID 1 with lcore 20
18: Associating RDMA (addr:172.24.0.1 subnqn:nqn.2016-06.io.spdk:cnode1) NSID 1 with lcore 21
18: Associating RDMA (addr:172.24.0.1 subnqn:nqn.2016-06.io.spdk:cnode1) NSID 1 with lcore 22
18: Associating RDMA (addr:172.24.0.1 subnqn:nqn.2016-06.io.spdk:cnode1) NSID 1 with lcore 23
18: Initialization complete. Launching workers.
18: IO qp on core 4 total time 23345.800 us (56029921 ticks), connect time 12430.230 us (29832553 ticks)
18: IO qp on core 0 total time 31888.687 us (76532849 ticks), connect time 21756.280 us (52215071 ticks)
18: IO qp on core 5 total time 43143.437 us (103544248 ticks), connect time 31794.305 us (76306333 ticks)
18: IO qp on core 3 total time 53287.838 us (127890810 ticks), connect time 41525.840 us (99662016 ticks)
18: IO qp on core 1 total time 62891.384 us (150939322 ticks), connect time 50980.466 us (122353118 ticks)
18: IO qp on core 6 total time 71991.387 us (172779330 ticks), connect time 60768.885 us (145845324 ticks)
14: IO qp on core 9 total time 171661.600 us (411987839 ticks), connect time 155217.886 us (372522926 ticks)
18: IO qp on core 2 total time 82693.535 us (198464484 ticks), connect time 70601.349 us (169443237 ticks)
18: IO qp on core 19 total time 92015.800 us (220837920 ticks), connect time 80139.702 us (192335286 ticks)
18: IO qp on core 10 total time 101670.634 us (244009522 ticks), connect time 89665.802 us (215197924 ticks)
18: IO qp on core 7 total time 112118.978 us (269085547 ticks), connect time 99450.069 us (238680166 ticks)
18: IO qp on core 12 total time 122118.215 us (293083716 ticks), connect time 109273.454 us (262256289 ticks)
18: IO qp on core 21 total time 132867.036 us (318880886 ticks), connect time 119152.383 us (285965720 ticks)
18: IO qp on core 14 total time 142903.526 us (342968462 ticks), connect time 129140.328 us (309936788 ticks)
18: IO qp on core 13 total time 152664.107 us (366393856 ticks), connect time 138621.324 us (332691178 ticks)
18: IO qp on core 16 total time 161840.842 us (388418021 ticks), connect time 146987.236 us (352769366 ticks)
18: IO qp on core 11 total time 172231.502 us (413355604 ticks), connect time 157228.000 us (377347201 ticks)
 6: Initializing NVMe Controllers
 6: Attached to NVMe over Fabrics controller at 172.24.0.1:4420: nqn.2016-06.io.spdk:cnode1
 6: Controller attach time is 27298.484 us (65516362 ticks)
 6: Associating RDMA (addr:172.24.0.1 subnqn:nqn.2016-06.io.spdk:cnode1) NSID 1 with lcore 0
 6: Associating RDMA (addr:172.24.0.1 subnqn:nqn.2016-06.io.spdk:cnode1) NSID 1 with lcore 1
 6: Associating RDMA (addr:172.24.0.1 subnqn:nqn.2016-06.io.spdk:cnode1) NSID 1 with lcore 2
 6: Associating RDMA (addr:172.24.0.1 subnqn:nqn.2016-06.io.spdk:cnode1) NSID 1 with lcore 3
 6: Associating RDMA (addr:172.24.0.1 subnqn:nqn.2016-06.io.spdk:cnode1) NSID 1 with lcore 4
 6: Associating RDMA (addr:172.24.0.1 subnqn:nqn.2016-06.io.spdk:cnode1) NSID 1 with lcore 5
 6: Associating RDMA (addr:172.24.0.1 subnqn:nqn.2016-06.io.spdk:cnode1) NSID 1 with lcore 6
 6: Associating RDMA (addr:172.24.0.1 subnqn:nqn.2016-06.io.spdk:cnode1) NSID 1 with lcore 7
 6: Associating RDMA (addr:172.24.0.1 subnqn:nqn.2016-06.io.spdk:cnode1) NSID 1 with lcore 8
 6: Associating RDMA (addr:172.24.0.1 subnqn:nqn.2016-06.io.spdk:cnode1) NSID 1 with lcore 9
 6: Associating RDMA (addr:172.24.0.1 subnqn:nqn.2016-06.io.spdk:cnode1) NSID 1 with lcore 10
 6: Associating RDMA (addr:172.24.0.1 subnqn:nqn.2016-06.io.spdk:cnode1) NSID 1 with lcore 11
 6: Associating RDMA (addr:172.24.0.1 subnqn:nqn.2016-06.io.spdk:cnode1) NSID 1 with lcore 12
 6: Associating RDMA (addr:172.24.0.1 subnqn:nqn.2016-06.io.spdk:cnode1) NSID 1 with lcore 13
 6: Associating RDMA (addr:172.24.0.1 subnqn:nqn.2016-06.io.spdk:cnode1) NSID 1 with lcore 14
 6: Associating RDMA (addr:172.24.0.1 subnqn:nqn.2016-06.io.spdk:cnode1) NSID 1 with lcore 15
 6: Associating RDMA (addr:172.24.0.1 subnqn:nqn.2016-06.io.spdk:cnode1) NSID 1 with lcore 16
 6: Associating RDMA (addr:172.24.0.1 subnqn:nqn.2016-06.io.spdk:cnode1) NSID 1 with lcore 17
 6: Associating RDMA (addr:172.24.0.1 subnqn:nqn.2016-06.io.spdk:cnode1) NSID 1 with lcore 18
 6: Associating RDMA (addr:172.24.0.1 subnqn:nqn.2016-06.io.spdk:cnode1) NSID 1 with lcore 19
 6: Associating RDMA (addr:172.24.0.1 subnqn:nqn.2016-06.io.spdk:cnode1) NSID 1 with lcore 20
 6: Associating RDMA (addr:172.24.0.1 subnqn:nqn.2016-06.io.spdk:cnode1) NSID 1 with lcore 21
 6: Associating RDMA (addr:172.24.0.1 subnqn:nqn.2016-06.io.spdk:cnode1) NSID 1 with lcore 22
 6: Associating RDMA (addr:172.24.0.1 subnqn:nqn.2016-06.io.spdk:cnode1) NSID 1 with lcore 23
 6: Initialization complete. Launching workers.
 6: IO qp on core 3 total time 29741.960 us (71380704 ticks), connect time 18720.360 us (44928864 ticks)
 6: IO qp on core 2 total time 38804.351 us (93130442 ticks), connect time 27546.742 us (66112181 ticks)
 6: IO qp on core 4 total time 48918.352 us (117404044 ticks), connect time 37339.815 us (89615557 ticks)
 6: IO qp on core 5 total time 59530.302 us (142872724 ticks), connect time 47973.482 us (115136356 ticks)
 6: IO qp on core 6 total time 69057.076 us (165736982 ticks), connect time 57313.561 us (137552546 ticks)
 6: IO qp on core 0 total time 77726.387 us (186543328 ticks), connect time 66624.963 us (159899911 ticks)
 6: IO qp on core 1 total time 88892.648 us (213342356 ticks), connect time 76577.648 us (183786356 ticks)
 6: IO qp on core 7 total time 97858.625 us (234860700 ticks), connect time 86018.960 us (206445504 ticks)
 6: IO qp on core 9 total time 108080.852 us (259394046 ticks), connect time 95854.908 us (230051778 ticks)
 6: IO qp on core 17 total time 117935.377 us (283044905 ticks), connect time 104358.408 us (250460180 ticks)
 6: IO qp on core 15 total time 128093.927 us (307425425 ticks), connect time 114416.131 us (274598714 ticks)
 6: IO qp on core 8 total time 137976.733 us (331144160 ticks), connect time 124031.455 us (297675491 ticks)
 6: IO qp on core 13 total time 148049.995 us (355319987 ticks), connect time 133123.611 us (319496666 ticks)
 6: IO qp on core 19 total time 158313.976 us (379953542 ticks), connect time 142665.303 us (342396728 ticks)
 6: IO qp on core 12 total time 167694.909 us (402467781 ticks), connect time 151876.068 us (364502562 ticks)
 6: IO qp on core 14 total time 177374.948 us (425699874 ticks), connect time 161507.531 us (387618075 ticks)
 0: Initializing NVMe Controllers
 0: Attached to NVMe over Fabrics controller at 172.24.0.1:4420: nqn.2016-06.io.spdk:cnode1
 0: Controller attach time is 29588.036 us (71011286 ticks)
 0: Associating RDMA (addr:172.24.0.1 subnqn:nqn.2016-06.io.spdk:cnode1) NSID 1 with lcore 0
 0: Associating RDMA (addr:172.24.0.1 subnqn:nqn.2016-06.io.spdk:cnode1) NSID 1 with lcore 1
 0: Associating RDMA (addr:172.24.0.1 subnqn:nqn.2016-06.io.spdk:cnode1) NSID 1 with lcore 2
 0: Associating RDMA (addr:172.24.0.1 subnqn:nqn.2016-06.io.spdk:cnode1) NSID 1 with lcore 3
 0: Associating RDMA (addr:172.24.0.1 subnqn:nqn.2016-06.io.spdk:cnode1) NSID 1 with lcore 4
 0: Associating RDMA (addr:172.24.0.1 subnqn:nqn.2016-06.io.spdk:cnode1) NSID 1 with lcore 5
 0: Associating RDMA (addr:172.24.0.1 subnqn:nqn.2016-06.io.spdk:cnode1) NSID 1 with lcore 6
 0: Associating RDMA (addr:172.24.0.1 subnqn:nqn.2016-06.io.spdk:cnode1) NSID 1 with lcore 7
 0: Associating RDMA (addr:172.24.0.1 subnqn:nqn.2016-06.io.spdk:cnode1) NSID 1 with lcore 8
 0: Associating RDMA (addr:172.24.0.1 subnqn:nqn.2016-06.io.spdk:cnode1) NSID 1 with lcore 9
 0: Associating RDMA (addr:172.24.0.1 subnqn:nqn.2016-06.io.spdk:cnode1) NSID 1 with lcore 10
 0: Associating RDMA (addr:172.24.0.1 subnqn:nqn.2016-06.io.spdk:cnode1) NSID 1 with lcore 11
 0: Associating RDMA (addr:172.24.0.1 subnqn:nqn.2016-06.io.spdk:cnode1) NSID 1 with lcore 12
 0: Associating RDMA (addr:172.24.0.1 subnqn:nqn.2016-06.io.spdk:cnode1) NSID 1 with lcore 13
 0: Associating RDMA (addr:172.24.0.1 subnqn:nqn.2016-06.io.spdk:cnode1) NSID 1 with lcore 14
 0: Associating RDMA (addr:172.24.0.1 subnqn:nqn.2016-06.io.spdk:cnode1) NSID 1 with lcore 15
 0: Associating RDMA (addr:172.24.0.1 subnqn:nqn.2016-06.io.spdk:cnode1) NSID 1 with lcore 16
 0: Associating RDMA (addr:172.24.0.1 subnqn:nqn.2016-06.io.spdk:cnode1) NSID 1 with lcore 17
 0: Associating RDMA (addr:172.24.0.1 subnqn:nqn.2016-06.io.spdk:cnode1) NSID 1 with lcore 18
 0: Associating RDMA (addr:172.24.0.1 subnqn:nqn.2016-06.io.spdk:cnode1) NSID 1 with lcore 19
 0: Associating RDMA (addr:172.24.0.1 subnqn:nqn.2016-06.io.spdk:cnode1) NSID 1 with lcore 20
 0: Associating RDMA (addr:172.24.0.1 subnqn:nqn.2016-06.io.spdk:cnode1) NSID 1 with lcore 21
 0: Associating RDMA (addr:172.24.0.1 subnqn:nqn.2016-06.io.spdk:cnode1) NSID 1 with lcore 22
 0: Associating RDMA (addr:172.24.0.1 subnqn:nqn.2016-06.io.spdk:cnode1) NSID 1 with lcore 23
 0: Initialization complete. Launching workers.
 0: IO qp on core 2 total time 27771.842 us (66652420 ticks), connect time 15703.157 us (37687576 ticks)
 0: IO qp on core 4 total time 37813.536 us (90752486 ticks), connect time 25810.406 us (61944974 ticks)
 0: IO qp on core 5 total time 47931.854 us (115036449 ticks), connect time 35745.942 us (85790262 ticks)
 0: IO qp on core 1 total time 58408.200 us (140179679 ticks), connect time 46000.786 us (110401887 ticks)
 0: IO qp on core 3 total time 68070.779 us (163369869 ticks), connect time 55483.918 us (133161402 ticks)
 0: IO qp on core 6 total time 77048.982 us (184917558 ticks), connect time 63266.418 us (151839402 ticks)
 0: IO qp on core 22 total time 86507.214 us (207617313 ticks), connect time 73205.128 us (175692306 ticks)
 0: IO qp on core 18 total time 96614.722 us (231875333 ticks), connect time 83267.612 us (199842269 ticks)
 0: IO qp on core 0 total time 107006.351 us (256815242 ticks), connect time 93489.151 us (224373962 ticks)
 0: IO qp on core 11 total time 116691.351 us (280059243 ticks), connect time 103228.095 us (247747428 ticks)
 0: IO qp on core 9 total time 126620.950 us (303890279 ticks), connect time 112591.900 us (270220559 ticks)
 0: IO qp on core 16 total time 136480.601 us (327553443 ticks), connect time 122449.221 us (293878131 ticks)
 0: IO qp on core 15 total time 146806.644 us (352335945 ticks), connect time 132463.801 us (317913123 ticks)
 0: IO qp on core 13 total time 157076.466 us (376983519 ticks), connect time 142731.330 us (342555192 ticks)
 0: IO qp on core 12 total time 166455.673 us (399493616 ticks), connect time 151953.568 us (364688564 ticks)
 0: IO qp on core 20 total time 176130.927 us (422714225 ticks), connect time 161525.365 us (387660875 ticks)
12: Initializing NVMe Controllers
12: Attached to NVMe over Fabrics controller at 172.24.0.1:4420: nqn.2016-06.io.spdk:cnode1
12: Controller attach time is 26184.992 us (62843980 ticks)
12: Associating RDMA (addr:172.24.0.1 subnqn:nqn.2016-06.io.spdk:cnode1) NSID 1 with lcore 0
12: Associating RDMA (addr:172.24.0.1 subnqn:nqn.2016-06.io.spdk:cnode1) NSID 1 with lcore 1
12: Associating RDMA (addr:172.24.0.1 subnqn:nqn.2016-06.io.spdk:cnode1) NSID 1 with lcore 2
12: Associating RDMA (addr:172.24.0.1 subnqn:nqn.2016-06.io.spdk:cnode1) NSID 1 with lcore 3
12: Associating RDMA (addr:172.24.0.1 subnqn:nqn.2016-06.io.spdk:cnode1) NSID 1 with lcore 4
12: Associating RDMA (addr:172.24.0.1 subnqn:nqn.2016-06.io.spdk:cnode1) NSID 1 with lcore 5
12: Associating RDMA (addr:172.24.0.1 subnqn:nqn.2016-06.io.spdk:cnode1) NSID 1 with lcore 6
12: Associating RDMA (addr:172.24.0.1 subnqn:nqn.2016-06.io.spdk:cnode1) NSID 1 with lcore 7
12: Associating RDMA (addr:172.24.0.1 subnqn:nqn.2016-06.io.spdk:cnode1) NSID 1 with lcore 8
12: Associating RDMA (addr:172.24.0.1 subnqn:nqn.2016-06.io.spdk:cnode1) NSID 1 with lcore 9
12: Associating RDMA (addr:172.24.0.1 subnqn:nqn.2016-06.io.spdk:cnode1) NSID 1 with lcore 10
12: Associating RDMA (addr:172.24.0.1 subnqn:nqn.2016-06.io.spdk:cnode1) NSID 1 with lcore 11
12: Associating RDMA (addr:172.24.0.1 subnqn:nqn.2016-06.io.spdk:cnode1) NSID 1 with lcore 12
12: Associating RDMA (addr:172.24.0.1 subnqn:nqn.2016-06.io.spdk:cnode1) NSID 1 with lcore 13
12: Associating RDMA (addr:172.24.0.1 subnqn:nqn.2016-06.io.spdk:cnode1) NSID 1 with lcore 14
12: Associating RDMA (addr:172.24.0.1 subnqn:nqn.2016-06.io.spdk:cnode1) NSID 1 with lcore 15
12: Associating RDMA (addr:172.24.0.1 subnqn:nqn.2016-06.io.spdk:cnode1) NSID 1 with lcore 16
12: Associating RDMA (addr:172.24.0.1 subnqn:nqn.2016-06.io.spdk:cnode1) NSID 1 with lcore 17
12: Associating RDMA (addr:172.24.0.1 subnqn:nqn.2016-06.io.spdk:cnode1) NSID 1 with lcore 18
12: Associating RDMA (addr:172.24.0.1 subnqn:nqn.2016-06.io.spdk:cnode1) NSID 1 with lcore 19
12: Associating RDMA (addr:172.24.0.1 subnqn:nqn.2016-06.io.spdk:cnode1) NSID 1 with lcore 20
12: Associating RDMA (addr:172.24.0.1 subnqn:nqn.2016-06.io.spdk:cnode1) NSID 1 with lcore 21
12: Associating RDMA (addr:172.24.0.1 subnqn:nqn.2016-06.io.spdk:cnode1) NSID 1 with lcore 22
12: Associating RDMA (addr:172.24.0.1 subnqn:nqn.2016-06.io.spdk:cnode1) NSID 1 with lcore 23
12: Initialization complete. Launching workers.
12: IO qp on core 1 total time 31227.210 us (74945304 ticks), connect time 18963.015 us (45511236 ticks)
12: IO qp on core 6 total time 41666.011 us (99998427 ticks), connect time 29265.106 us (70236255 ticks)
12: IO qp on core 5 total time 51588.393 us (123812144 ticks), connect time 39144.503 us (93946807 ticks)
12: IO qp on core 3 total time 61022.042 us (146452900 ticks), connect time 48540.072 us (116496172 ticks)
12: IO qp on core 2 total time 70378.422 us (168908212 ticks), connect time 57851.755 us (138844213 ticks)
12: IO qp on core 4 total time 80647.325 us (193553581 ticks), connect time 67955.864 us (163094074 ticks)
12: IO qp on core 7 total time 91953.261 us (220687827 ticks), connect time 78798.290 us (189115896 ticks)
12: IO qp on core 18 total time 99521.884 us (238852522 ticks), connect time 86238.538 us (206972491 ticks)
12: IO qp on core 8 total time 110635.636 us (265525527 ticks), connect time 95956.934 us (230296641 ticks)
12: IO qp on core 0 total time 119788.325 us (287491980 ticks), connect time 105529.665 us (253271196 ticks)
12: IO qp on core 19 total time 129422.335 us (310613604 ticks), connect time 114978.224 us (275947737 ticks)
12: IO qp on core 21 total time 140232.987 us (336559170 ticks), connect time 125393.988 us (300945572 ticks)
12: IO qp on core 17 total time 150002.511 us (360006027 ticks), connect time 135168.513 us (324404430 ticks)
12: IO qp on core 20 total time 159143.173 us (381943616 ticks), connect time 143913.629 us (345392710 ticks)
12: IO qp on core 22 total time 168818.830 us (405165192 ticks), connect time 152762.273 us (366629456 ticks)
12: IO qp on core 9 total time 179423.238 us (430615772 ticks), connect time 163274.973 us (391859934 ticks)
 4: Initializing NVMe Controllers
 4: Attached to NVMe over Fabrics controller at 172.24.0.1:4420: nqn.2016-06.io.spdk:cnode1
 4: Controller attach time is 25462.273 us (61109456 ticks)
 4: Associating RDMA (addr:172.24.0.1 subnqn:nqn.2016-06.io.spdk:cnode1) NSID 1 with lcore 0
 4: Associating RDMA (addr:172.24.0.1 subnqn:nqn.2016-06.io.spdk:cnode1) NSID 1 with lcore 1
 4: Associating RDMA (addr:172.24.0.1 subnqn:nqn.2016-06.io.spdk:cnode1) NSID 1 with lcore 2
 4: Associating RDMA (addr:172.24.0.1 subnqn:nqn.2016-06.io.spdk:cnode1) NSID 1 with lcore 3
 4: Associating RDMA (addr:172.24.0.1 subnqn:nqn.2016-06.io.spdk:cnode1) NSID 1 with lcore 4
 4: Associating RDMA (addr:172.24.0.1 subnqn:nqn.2016-06.io.spdk:cnode1) NSID 1 with lcore 5
 4: Associating RDMA (addr:172.24.0.1 subnqn:nqn.2016-06.io.spdk:cnode1) NSID 1 with lcore 6
 4: Associating RDMA (addr:172.24.0.1 subnqn:nqn.2016-06.io.spdk:cnode1) NSID 1 with lcore 7
 4: Associating RDMA (addr:172.24.0.1 subnqn:nqn.2016-06.io.spdk:cnode1) NSID 1 with lcore 8
 4: Associating RDMA (addr:172.24.0.1 subnqn:nqn.2016-06.io.spdk:cnode1) NSID 1 with lcore 9
 4: Associating RDMA (addr:172.24.0.1 subnqn:nqn.2016-06.io.spdk:cnode1) NSID 1 with lcore 10
 4: Associating RDMA (addr:172.24.0.1 subnqn:nqn.2016-06.io.spdk:cnode1) NSID 1 with lcore 11
 4: Associating RDMA (addr:172.24.0.1 subnqn:nqn.2016-06.io.spdk:cnode1) NSID 1 with lcore 12
 4: Associating RDMA (addr:172.24.0.1 subnqn:nqn.2016-06.io.spdk:cnode1) NSID 1 with lcore 13
 4: Associating RDMA (addr:172.24.0.1 subnqn:nqn.2016-06.io.spdk:cnode1) NSID 1 with lcore 14
 4: Associating RDMA (addr:172.24.0.1 subnqn:nqn.2016-06.io.spdk:cnode1) NSID 1 with lcore 15
 4: Associating RDMA (addr:172.24.0.1 subnqn:nqn.2016-06.io.spdk:cnode1) NSID 1 with lcore 16
 4: Associating RDMA (addr:172.24.0.1 subnqn:nqn.2016-06.io.spdk:cnode1) NSID 1 with lcore 17
 4: Associating RDMA (addr:172.24.0.1 subnqn:nqn.2016-06.io.spdk:cnode1) NSID 1 with lcore 18
 4: Associating RDMA (addr:172.24.0.1 subnqn:nqn.2016-06.io.spdk:cnode1) NSID 1 with lcore 19
 4: Associating RDMA (addr:172.24.0.1 subnqn:nqn.2016-06.io.spdk:cnode1) NSID 1 with lcore 20
 4: Associating RDMA (addr:172.24.0.1 subnqn:nqn.2016-06.io.spdk:cnode1) NSID 1 with lcore 21
 4: Associating RDMA (addr:172.24.0.1 subnqn:nqn.2016-06.io.spdk:cnode1) NSID 1 with lcore 22
 4: Associating RDMA (addr:172.24.0.1 subnqn:nqn.2016-06.io.spdk:cnode1) NSID 1 with lcore 23
 4: Initialization complete. Launching workers.
 4: IO qp on core 3 total time 32621.873 us (78292495 ticks), connect time 20553.490 us (49328377 ticks)
 4: IO qp on core 5 total time 41921.845 us (100612428 ticks), connect time 29890.435 us (71737044 ticks)
 4: IO qp on core 1 total time 51362.715 us (123270516 ticks), connect time 39165.866 us (93998079 ticks)
 4: IO qp on core 4 total time 61222.728 us (146934548 ticks), connect time 48841.805 us (117220331 ticks)
 4: IO qp on core 2 total time 71363.523 us (171272456 ticks), connect time 58789.265 us (141094235 ticks)
 4: IO qp on core 6 total time 81355.871 us (195254090 ticks), connect time 68358.393 us (164060144 ticks)
 4: IO qp on core 17 total time 90480.504 us (217153209 ticks), connect time 76368.654 us (183284769 ticks)
 4: IO qp on core 7 total time 101228.719 us (242948925 ticks), connect time 85647.530 us (205554072 ticks)
 4: IO qp on core 8 total time 110603.367 us (265448081 ticks), connect time 94757.160 us (227417183 ticks)
 4: IO qp on core 0 total time 120945.149 us (290268357 ticks), connect time 105242.765 us (252582636 ticks)
 4: IO qp on core 19 total time 129795.843 us (311510024 ticks), connect time 114354.787 us (274451489 ticks)
 4: IO qp on core 18 total time 140315.717 us (336757720 ticks), connect time 124398.505 us (298556413 ticks)
 4: IO qp on core 20 total time 149988.490 us (359972375 ticks), connect time 133996.288 us (321591092 ticks)
 4: IO qp on core 21 total time 159866.296 us (383679110 ticks), connect time 143484.641 us (344363138 ticks)
 4: IO qp on core 10 total time 170206.046 us (408494510 ticks), connect time 152960.506 us (367105214 ticks)
 4: IO qp on core 22 total time 180127.248 us (432305395 ticks), connect time 162807.999 us (390739198 ticks)
10: IO qp on core 15 total time 185116.589 us (444279813 ticks), connect time 169231.608 us (406155858 ticks)
10: IO qp on core 23 total time 195186.546 us (468447711 ticks), connect time 178848.180 us (429235632 ticks)
10: IO qp on core 22 total time 204872.009 us (491692822 ticks), connect time 188374.193 us (452098063 ticks)
10: IO qp on core 10 total time 206692.951 us (496063082 ticks), connect time 197700.535 us (474481283 ticks)
10: IO qp on core 18 total time 216722.486 us (520133967 ticks), connect time 206961.961 us (496708707 ticks)
10: IO qp on core 12 total time 226561.519 us (543747645 ticks), connect time 216774.024 us (520257657 ticks)
10: IO qp on core 16 total time 236930.451 us (568633083 ticks), connect time 227119.892 us (545087742 ticks)
10: IO qp on core 14 total time 246467.568 us (591522163 ticks), connect time 236648.012 us (567955228 ticks)
10: ========================================================
10:                                                                                                                 Latency(us)
10: Device Information                                                          :       IOPS      MiB/s    Average        min        max
10: RDMA (addr:172.24.0.1 subnqn:nqn.2016-06.io.spdk:cnode1) NSID 1 from core  0:    4357.70      17.02     229.41       7.37    3588.09
10: RDMA (addr:172.24.0.1 subnqn:nqn.2016-06.io.spdk:cnode1) NSID 1 from core  1:    4341.80      16.96     230.28       6.53    2911.41
10: RDMA (addr:172.24.0.1 subnqn:nqn.2016-06.io.spdk:cnode1) NSID 1 from core  2:    4302.40      16.81     232.40       7.60    3723.65
10: RDMA (addr:172.24.0.1 subnqn:nqn.2016-06.io.spdk:cnode1) NSID 1 from core  3:    4397.10      17.18     227.38       7.06    2993.30
10: RDMA (addr:172.24.0.1 subnqn:nqn.2016-06.io.spdk:cnode1) NSID 1 from core  4:    4367.20      17.06     228.88       7.02    3636.01
10: RDMA (addr:172.24.0.1 subnqn:nqn.2016-06.io.spdk:cnode1) NSID 1 from core  5:    4324.00      16.89     231.17       6.81    3881.78
10: RDMA (addr:172.24.0.1 subnqn:nqn.2016-06.io.spdk:cnode1) NSID 1 from core  6:    4380.90      17.11     228.23       6.30    3190.98
10: RDMA (addr:172.24.0.1 subnqn:nqn.2016-06.io.spdk:cnode1) NSID 1 from core  7:    4315.20      16.86     231.63       7.59    2982.88
10: RDMA (addr:172.24.0.1 subnqn:nqn.2016-06.io.spdk:cnode1) NSID 1 from core  8:    4299.80      16.80     232.55       6.40    3617.78
10: RDMA (addr:172.24.0.1 subnqn:nqn.2016-06.io.spdk:cnode1) NSID 1 from core  9:    4276.90      16.71     233.73       6.73    3589.12
10: RDMA (addr:172.24.0.1 subnqn:nqn.2016-06.io.spdk:cnode1) NSID 1 from core 10:    4286.00      16.74     233.29       6.92    3740.36
10: RDMA (addr:172.24.0.1 subnqn:nqn.2016-06.io.spdk:cnode1) NSID 1 from core 11:    4259.20      16.64     234.72       7.00    3615.52
10: RDMA (addr:172.24.0.1 subnqn:nqn.2016-06.io.spdk:cnode1) NSID 1 from core 12:    4281.30      16.72     233.55       6.61    2911.06
10: RDMA (addr:172.24.0.1 subnqn:nqn.2016-06.io.spdk:cnode1) NSID 1 from core 13:    4309.30      16.83     231.99       7.36    2910.66
10: RDMA (addr:172.24.0.1 subnqn:nqn.2016-06.io.spdk:cnode1) NSID 1 from core 14:    4272.40      16.69     234.04       6.73    3044.18
10: RDMA (addr:172.24.0.1 subnqn:nqn.2016-06.io.spdk:cnode1) NSID 1 from core 15:    4286.50      16.74     233.23       6.33    3868.01
10: RDMA (addr:172.24.0.1 subnqn:nqn.2016-06.io.spdk:cnode1) NSID 1 from core 16:    4266.80      16.67     234.35       7.36    3046.12
10: RDMA (addr:172.24.0.1 subnqn:nqn.2016-06.io.spdk:cnode1) NSID 1 from core 17:    4240.10      16.56     235.80       7.11   10764.75
10: RDMA (addr:172.24.0.1 subnqn:nqn.2016-06.io.spdk:cnode1) NSID 1 from core 18:    4258.50      16.63     234.80       7.17    2910.66
10: RDMA (addr:172.24.0.1 subnqn:nqn.2016-06.io.spdk:cnode1) NSID 1 from core 19:    4295.40      16.78     232.77       6.66    3054.21
10: RDMA (addr:172.24.0.1 subnqn:nqn.2016-06.io.spdk:cnode1) NSID 1 from core 20:    4293.80      16.77     232.87       6.81    3045.79
10: RDMA (addr:172.24.0.1 subnqn:nqn.2016-06.io.spdk:cnode1) NSID 1 from core 21:    4298.70      16.79     232.49       7.85    3725.53
10: RDMA (addr:172.24.0.1 subnqn:nqn.2016-06.io.spdk:cnode1) NSID 1 from core 22:    4247.30      16.59     235.40       6.96    3745.94
10: RDMA (addr:172.24.0.1 subnqn:nqn.2016-06.io.spdk:cnode1) NSID 1 from core 23:    4255.70      16.62     234.93       7.07    2983.01
10: ========================================================
10: Total                                                                       :  103214.00     403.18     232.47       6.30   10764.75
10: 
16: IO qp on core 13 total time 187961.635 us (451107924 ticks), connect time 171817.047 us (412360914 ticks)
16: IO qp on core 9 total time 197975.234 us (475140561 ticks), connect time 181829.473 us (436390734 ticks)
16: IO qp on core 18 total time 197880.639 us (474913534 ticks), connect time 189159.627 us (453983104 ticks)
16: IO qp on core 21 total time 208537.326 us (500489582 ticks), connect time 199747.661 us (479394386 ticks)
16: IO qp on core 19 total time 218208.424 us (523700217 ticks), connect time 209379.344 us (502510425 ticks)
16: IO qp on core 20 total time 228244.359 us (547786461 ticks), connect time 219098.469 us (525836325 ticks)
16: IO qp on core 17 total time 238078.750 us (571389000 ticks), connect time 228915.339 us (549396813 ticks)
16: IO qp on core 16 total time 256636.845 us (615928428 ticks), connect time 247481.884 us (593956521 ticks)
16: ========================================================
16:                                                                                                                 Latency(us)
16: Device Information                                                          :       IOPS      MiB/s    Average        min        max
16: RDMA (addr:172.24.0.1 subnqn:nqn.2016-06.io.spdk:cnode1) NSID 1 from core  0:    4187.20      16.36     238.75       9.90    3018.80
16: RDMA (addr:172.24.0.1 subnqn:nqn.2016-06.io.spdk:cnode1) NSID 1 from core  1:    4240.80      16.57     235.73       7.44    2990.53
16: RDMA (addr:172.24.0.1 subnqn:nqn.2016-06.io.spdk:cnode1) NSID 1 from core  2:    4286.30      16.74     233.28       8.72    3695.99
16: RDMA (addr:172.24.0.1 subnqn:nqn.2016-06.io.spdk:cnode1) NSID 1 from core  3:    4208.00      16.44     237.49       8.06    3724.37
16: RDMA (addr:172.24.0.1 subnqn:nqn.2016-06.io.spdk:cnode1) NSID 1 from core  4:    4218.80      16.48     236.94       9.48    2782.75
16: RDMA (addr:172.24.0.1 subnqn:nqn.2016-06.io.spdk:cnode1) NSID 1 from core  5:    4254.40      16.62     235.01       9.36    3635.31
16: RDMA (addr:172.24.0.1 subnqn:nqn.2016-06.io.spdk:cnode1) NSID 1 from core  6:    4237.20      16.55     235.96       8.88    3036.50
16: RDMA (addr:172.24.0.1 subnqn:nqn.2016-06.io.spdk:cnode1) NSID 1 from core  7:    4183.60      16.34     238.94       8.08    3047.07
16: RDMA (addr:172.24.0.1 subnqn:nqn.2016-06.io.spdk:cnode1) NSID 1 from core  8:    4195.60      16.39     238.31       8.73    3726.40
16: RDMA (addr:172.24.0.1 subnqn:nqn.2016-06.io.spdk:cnode1) NSID 1 from core  9:    4168.30      16.28     239.84       7.33    3047.44
16: RDMA (addr:172.24.0.1 subnqn:nqn.2016-06.io.spdk:cnode1) NSID 1 from core 10:    4169.30      16.29     239.83       9.27    2972.77
16: RDMA (addr:172.24.0.1 subnqn:nqn.2016-06.io.spdk:cnode1) NSID 1 from core 11:    4171.80      16.30     239.65       8.39    2793.24
16: RDMA (addr:172.24.0.1 subnqn:nqn.2016-06.io.spdk:cnode1) NSID 1 from core 12:    4196.60      16.39     238.27       9.03    3135.83
16: RDMA (addr:172.24.0.1 subnqn:nqn.2016-06.io.spdk:cnode1) NSID 1 from core 13:    4170.10      16.29     239.74       8.03    2979.15
16: RDMA (addr:172.24.0.1 subnqn:nqn.2016-06.io.spdk:cnode1) NSID 1 from core 14:    4170.30      16.29     239.77       8.80    3679.95
16: RDMA (addr:172.24.0.1 subnqn:nqn.2016-06.io.spdk:cnode1) NSID 1 from core 15:    4199.20      16.40     238.10       7.79    3047.61
16: RDMA (addr:172.24.0.1 subnqn:nqn.2016-06.io.spdk:cnode1) NSID 1 from core 16:    4159.40      16.25     240.40       8.93    3044.36
16: RDMA (addr:172.24.0.1 subnqn:nqn.2016-06.io.spdk:cnode1) NSID 1 from core 17:    4159.30      16.25     240.39       7.15    3045.43
16: RDMA (addr:172.24.0.1 subnqn:nqn.2016-06.io.spdk:cnode1) NSID 1 from core 18:    4152.40      16.22     240.81       8.24    3738.50
16: RDMA (addr:172.24.0.1 subnqn:nqn.2016-06.io.spdk:cnode1) NSID 1 from core 19:    4159.00      16.25     240.41       8.59    3242.01
16: RDMA (addr:172.24.0.1 subnqn:nqn.2016-06.io.spdk:cnode1) NSID 1 from core 20:    4149.80      16.21     240.95       9.34    3045.66
16: RDMA (addr:172.24.0.1 subnqn:nqn.2016-06.io.spdk:cnode1) NSID 1 from core 21:    4160.90      16.25     240.28       8.97    3730.59
16: RDMA (addr:172.24.0.1 subnqn:nqn.2016-06.io.spdk:cnode1) NSID 1 from core 22:    4172.40      16.30     239.63       9.12    3184.70
16: RDMA (addr:172.24.0.1 subnqn:nqn.2016-06.io.spdk:cnode1) NSID 1 from core 23:    4157.50      16.24     240.46       9.04    3031.08
16: ========================================================
16: Total                                                                       :  100528.20     392.69     238.69       7.15    3738.50
16: 
 5: IO qp on core 21 total time 186251.850 us (447004440 ticks), connect time 170355.172 us (408852414 ticks)
 5: IO qp on core 17 total time 196537.448 us (471689874 ticks), connect time 179851.179 us (431642829 ticks)
 5: IO qp on core 18 total time 206397.652 us (495354366 ticks), connect time 189473.714 us (454736913 ticks)
 5: IO qp on core 19 total time 216278.146 us (519067551 ticks), connect time 199352.525 us (478446060 ticks)
 5: IO qp on core 16 total time 226186.571 us (542847771 ticks), connect time 209214.215 us (502114116 ticks)
 5: IO qp on core 20 total time 236667.371 us (568001690 ticks), connect time 219343.516 us (526424438 ticks)
 5: IO qp on core 7 total time 246682.566 us (592038159 ticks), connect time 228434.312 us (548242350 ticks)
 5: IO qp on core 8 total time 256295.760 us (615109823 ticks), connect time 238040.526 us (571297262 ticks)
 5: ========================================================
 5:                                                                                                                 Latency(us)
 5: Device Information                                                          :       IOPS      MiB/s    Average        min        max
 5: RDMA (addr:172.24.0.1 subnqn:nqn.2016-06.io.spdk:cnode1) NSID 1 from core  0:    3506.60      13.70     285.12       8.36    3262.75
 5: RDMA (addr:172.24.0.1 subnqn:nqn.2016-06.io.spdk:cnode1) NSID 1 from core  1:    3502.20      13.68     285.48      16.75    3634.87
 5: RDMA (addr:172.24.0.1 subnqn:nqn.2016-06.io.spdk:cnode1) NSID 1 from core  2:    3506.10      13.70     285.18      21.08    3634.72
 5: RDMA (addr:172.24.0.1 subnqn:nqn.2016-06.io.spdk:cnode1) NSID 1 from core  3:    3504.60      13.69     285.28      12.29    3701.28
 5: RDMA (addr:172.24.0.1 subnqn:nqn.2016-06.io.spdk:cnode1) NSID 1 from core  4:    3504.70      13.69     285.25      21.36    3224.50
 5: RDMA (addr:172.24.0.1 subnqn:nqn.2016-06.io.spdk:cnode1) NSID 1 from core  5:    3505.30      13.69     285.25      13.46    3039.85
 5: RDMA (addr:172.24.0.1 subnqn:nqn.2016-06.io.spdk:cnode1) NSID 1 from core  6:    3507.60      13.70     285.01      16.54    3725.79
 5: RDMA (addr:172.24.0.1 subnqn:nqn.2016-06.io.spdk:cnode1) NSID 1 from core  7:    3508.60      13.71     284.98       8.81    3245.44
 5: RDMA (addr:172.24.0.1 subnqn:nqn.2016-06.io.spdk:cnode1) NSID 1 from core  8:    3507.60      13.70     285.07      11.03    3693.70
 5: RDMA (addr:172.24.0.1 subnqn:nqn.2016-06.io.spdk:cnode1) NSID 1 from core  9:    3499.40      13.67     285.67      12.99    3058.98
 5: RDMA (addr:172.24.0.1 subnqn:nqn.2016-06.io.spdk:cnode1) NSID 1 from core 10:    3504.30      13.69     285.34      17.58    3870.45
 5: RDMA (addr:172.24.0.1 subnqn:nqn.2016-06.io.spdk:cnode1) NSID 1 from core 11:    3503.50      13.69     285.27      15.59    3725.76
 5: RDMA (addr:172.24.0.1 subnqn:nqn.2016-06.io.spdk:cnode1) NSID 1 from core 12:    3508.10      13.70     285.03      17.58    2906.30
 5: RDMA (addr:172.24.0.1 subnqn:nqn.2016-06.io.spdk:cnode1) NSID 1 from core 13:    3502.20      13.68     285.44      18.75    3195.02
 5: RDMA (addr:172.24.0.1 subnqn:nqn.2016-06.io.spdk:cnode1) NSID 1 from core 14:    3509.80      13.71     284.89      16.83    3058.67
 5: RDMA (addr:172.24.0.1 subnqn:nqn.2016-06.io.spdk:cnode1) NSID 1 from core 15:    3505.10      13.69     285.26      20.01    3597.72
 5: RDMA (addr:172.24.0.1 subnqn:nqn.2016-06.io.spdk:cnode1) NSID 1 from core 16:    3505.80      13.69     285.22      11.32    3465.25
 5: RDMA (addr:172.24.0.1 subnqn:nqn.2016-06.io.spdk:cnode1) NSID 1 from core 17:    3503.60      13.69     285.35      10.10    3592.56
 5: RDMA (addr:172.24.0.1 subnqn:nqn.2016-06.io.spdk:cnode1) NSID 1 from core 18:    3505.00      13.69     285.29      14.56    3170.97
 5: RDMA (addr:172.24.0.1 subnqn:nqn.2016-06.io.spdk:cnode1) NSID 1 from core 19:    3504.60      13.69     285.29      12.41    2793.88
 5: RDMA (addr:172.24.0.1 subnqn:nqn.2016-06.io.spdk:cnode1) NSID 1 from core 20:    3507.80      13.70     285.05      15.04    2913.92
 5: RDMA (addr:172.24.0.1 subnqn:nqn.2016-06.io.spdk:cnode1) NSID 1 from core 21:    3505.80      13.69     285.17      12.19    3244.20
 5: RDMA (addr:172.24.0.1 subnqn:nqn.2016-06.io.spdk:cnode1) NSID 1 from core 22:    3504.90      13.69     285.28      12.75    3237.95
 5: RDMA (addr:172.24.0.1 subnqn:nqn.2016-06.io.spdk:cnode1) NSID 1 from core 23:    3507.30      13.70     285.04      15.11    2906.84
 5: ========================================================
 5: Total                                                                       :   84130.50     328.63     285.22       8.36    3870.45
 5: 
 8: IO qp on core 12 total time 186049.351 us (446518442 ticks), connect time 169795.493 us (407509184 ticks)
 8: IO qp on core 11 total time 196102.907 us (470646976 ticks), connect time 179725.818 us (431341963 ticks)
 8: IO qp on core 14 total time 206444.719 us (495467326 ticks), connect time 189877.323 us (455705575 ticks)
 8: IO qp on core 9 total time 216845.271 us (520428651 ticks), connect time 200205.902 us (480494166 ticks)
 8: IO qp on core 13 total time 226753.753 us (544209006 ticks), connect time 209760.609 us (503425461 ticks)
 8: IO qp on core 15 total time 236279.709 us (567071302 ticks), connect time 219284.762 us (526283428 ticks)
 8: IO qp on core 16 total time 246392.444 us (591341865 ticks), connect time 228546.196 us (548510871 ticks)
 8: IO qp on core 23 total time 256741.397 us (616179352 ticks), connect time 238774.278 us (573058267 ticks)
 8: ========================================================
 8:                                                                                                                 Latency(us)
 8: Device Information                                                          :       IOPS      MiB/s    Average        min        max
 8: RDMA (addr:172.24.0.1 subnqn:nqn.2016-06.io.spdk:cnode1) NSID 1 from core  0:    3471.00      13.56     288.03      44.03    3238.91
 8: RDMA (addr:172.24.0.1 subnqn:nqn.2016-06.io.spdk:cnode1) NSID 1 from core  1:    3473.00      13.57     287.88      45.57    2778.07
 8: RDMA (addr:172.24.0.1 subnqn:nqn.2016-06.io.spdk:cnode1) NSID 1 from core  2:    3472.90      13.57     287.92      38.38    3867.95
 8: RDMA (addr:172.24.0.1 subnqn:nqn.2016-06.io.spdk:cnode1) NSID 1 from core  3:    3468.90      13.55     288.20      37.88    3194.45
 8: RDMA (addr:172.24.0.1 subnqn:nqn.2016-06.io.spdk:cnode1) NSID 1 from core  4:    3474.70      13.57     287.63      45.21    3260.18
 8: RDMA (addr:172.24.0.1 subnqn:nqn.2016-06.io.spdk:cnode1) NSID 1 from core  5:    3473.30      13.57     287.80      42.90    3022.22
 8: RDMA (addr:172.24.0.1 subnqn:nqn.2016-06.io.spdk:cnode1) NSID 1 from core  6:    3472.70      13.57     287.92      48.15    3048.01
 8: RDMA (addr:172.24.0.1 subnqn:nqn.2016-06.io.spdk:cnode1) NSID 1 from core  7:    3472.30      13.56     287.94      43.07    2908.86
 8: RDMA (addr:172.24.0.1 subnqn:nqn.2016-06.io.spdk:cnode1) NSID 1 from core  8:    3469.90      13.55     288.17      45.22    3046.22
 8: RDMA (addr:172.24.0.1 subnqn:nqn.2016-06.io.spdk:cnode1) NSID 1 from core  9:    3472.40      13.56     287.89      37.73    3246.05
 8: RDMA (addr:172.24.0.1 subnqn:nqn.2016-06.io.spdk:cnode1) NSID 1 from core 10:    3474.40      13.57     287.80      38.54    3242.47
 8: RDMA (addr:172.24.0.1 subnqn:nqn.2016-06.io.spdk:cnode1) NSID 1 from core 11:    3472.20      13.56     287.91      40.65    2982.91
 8: RDMA (addr:172.24.0.1 subnqn:nqn.2016-06.io.spdk:cnode1) NSID 1 from core 12:    3472.90      13.57     287.91      44.93    3869.07
 8: RDMA (addr:172.24.0.1 subnqn:nqn.2016-06.io.spdk:cnode1) NSID 1 from core 13:    3467.50      13.54     288.36      32.71    3244.82
 8: RDMA (addr:172.24.0.1 subnqn:nqn.2016-06.io.spdk:cnode1) NSID 1 from core 14:    3473.80      13.57     287.84      42.97    3684.49
 8: RDMA (addr:172.24.0.1 subnqn:nqn.2016-06.io.spdk:cnode1) NSID 1 from core 15:    3469.80      13.55     288.14      45.16    3193.30
 8: RDMA (addr:172.24.0.1 subnqn:nqn.2016-06.io.spdk:cnode1) NSID 1 from core 16:    3473.10      13.57     287.91      40.86    3870.69
 8: RDMA (addr:172.24.0.1 subnqn:nqn.2016-06.io.spdk:cnode1) NSID 1 from core 17:    3468.10      13.55     288.26      39.91    3064.36
 8: RDMA (addr:172.24.0.1 subnqn:nqn.2016-06.io.spdk:cnode1) NSID 1 from core 18:    3475.20      13.57     287.73      44.83    3634.39
 9: IO qp on core 15 total time 186842.678 us (448422427 ticks), connect time 171721.434 us (412131442 ticks)
 9: IO qp on core 20 total time 196845.213 us (472428511 ticks), connect time 181273.329 us (435055990 ticks)
 9: IO qp on core 17 total time 206950.670 us (496681608 ticks), connect time 191368.181 us (459283635 ticks)
 9: IO qp on core 10 total time 209425.150 us (502620359 ticks), connect time 200423.712 us (481016909 ticks)
 9: IO qp on core 11 total time 219318.294 us (526363905 ticks), connect time 210292.557 us (504702138 ticks)
 9: IO qp on core 16 total time 228623.178 us (548695628 ticks), connect time 218143.577 us (523544585 ticks)
 9: IO qp on core 12 total time 239098.169 us (573835606 ticks), connect time 228619.290 us (548686297 ticks)
 9: IO qp on core 8 total time 248952.087 us (597485010 ticks), connect time 238456.533 us (572295678 ticks)
 9: ========================================================
 8: RDMA (addr:172.24.0.1 subnqn:nqn.2016-06.io.spdk:cnode1) NSID 1 from core 19:    3471.20      13.56     288.00      40.99    2788.93
 8: RDMA (addr:172.24.0.1 subnqn:nqn.2016-06.io.spdk:cnode1) NSID 1 from core 20:    3473.30      13.57     287.88      38.51    3619.74
 8: RDMA (addr:172.24.0.1 subnqn:nqn.2016-06.io.spdk:cnode1) NSID 1 from core 21:    3474.20      13.57     287.79      40.66    3727.23
 9:                                                                                                                 Latency(us)
 9: Device Information                                                          :       IOPS      MiB/s    Average        min        max
 9: RDMA (addr:172.24.0.1 subnqn:nqn.2016-06.io.spdk:cnode1) NSID 1 from core  0:    3474.90      13.57     287.70      48.07    2978.37
 9: RDMA (addr:172.24.0.1 subnqn:nqn.2016-06.io.spdk:cnode1) NSID 1 from core  1:    3470.30      13.56     288.11      46.40    3179.99
 9: RDMA (addr:172.24.0.1 subnqn:nqn.2016-06.io.spdk:cnode1) NSID 1 from core  2:    3473.40      13.57     287.89      47.28    3038.45
 9: RDMA (addr:172.24.0.1 subnqn:nqn.2016-06.io.spdk:cnode1) NSID 1 from core  3:    3468.70      13.55     288.25      33.01    3592.40
 9: RDMA (addr:172.24.0.1 subnqn:nqn.2016-06.io.spdk:cnode1) NSID 1 from core  4:    3474.20      13.57     287.71      41.32    3722.79
 9: RDMA (addr:172.24.0.1 subnqn:nqn.2016-06.io.spdk:cnode1) NSID 1 from core  5:    3465.90      13.54     288.43      44.13    3236.75
 9: RDMA (addr:172.24.0.1 subnqn:nqn.2016-06.io.spdk:cnode1) NSID 1 from core  6:    3475.80      13.58     287.64      46.82    3726.47
 9: RDMA (addr:172.24.0.1 subnqn:nqn.2016-06.io.spdk:cnode1) NSID 1 from core  7:    3469.00      13.55     288.20      47.01    3696.10
 9: RDMA (addr:172.24.0.1 subnqn:nqn.2016-06.io.spdk:cnode1) NSID 1 from core  8:    3476.00      13.58     287.67      24.89    3006.34
 9: RDMA (addr:172.24.0.1 subnqn:nqn.2016-06.io.spdk:cnode1) NSID 1 from core  9:    3470.10      13.56     288.14      40.60    3728.29
 9: RDMA (addr:172.24.0.1 subnqn:nqn.2016-06.io.spdk:cnode1) NSID 1 from core 10:    3475.10      13.57     287.74      47.78    3246.19
 9: RDMA (addr:172.24.0.1 subnqn:nqn.2016-06.io.spdk:cnode1) NSID 1 from core 11:    3464.60      13.53     288.56      40.96    3245.45
 9: RDMA (addr:172.24.0.1 subnqn:nqn.2016-06.io.spdk:cnode1) NSID 1 from core 12:    3473.90      13.57     287.84      40.89    3189.86
 9: RDMA (addr:172.24.0.1 subnqn:nqn.2016-06.io.spdk:cnode1) NSID 1 from core 13:    3471.20      13.56     288.02      46.29    3727.46
 9: RDMA (addr:172.24.0.1 subnqn:nqn.2016-06.io.spdk:cnode1) NSID 1 from core 14:    3468.30      13.55     288.29      47.98    3049.03
 9: RDMA (addr:172.24.0.1 subnqn:nqn.2016-06.io.spdk:cnode1) NSID 1 from core 15:    3474.00      13.57     287.80      44.65    3617.91
 9: RDMA (addr:172.24.0.1 subnqn:nqn.2016-06.io.spdk:cnode1) NSID 1 from core 16:    3470.60      13.56     288.12      36.93    3042.86
 9: RDMA (addr:172.24.0.1 subnqn:nqn.2016-06.io.spdk:cnode1) NSID 1 from core 17:    3473.00      13.57     287.90      42.08    3480.16
 9: RDMA (addr:172.24.0.1 subnqn:nqn.2016-06.io.spdk:cnode1) NSID 1 from core 18:    3471.50      13.56     288.02      44.39    3700.16
 9: RDMA (addr:172.24.0.1 subnqn:nqn.2016-06.io.spdk:cnode1) NSID 1 from core 19:    3472.50      13.56     287.89      39.31    3000.41
 9: RDMA (addr:172.24.0.1 subnqn:nqn.2016-06.io.spdk:cnode1) NSID 1 from core 20:    3474.60      13.57     287.78      40.34    3235.77
 9: RDMA (addr:172.24.0.1 subnqn:nqn.2016-06.io.spdk:cnode1) NSID 1 from core 21:    3469.80      13.55     288.10      45.47    3189.02
 8: RDMA (addr:172.24.0.1 subnqn:nqn.2016-06.io.spdk:cnode1) NSID 1 from core 22:    3473.70      13.57     287.84      41.20    3727.98
 8: RDMA (addr:172.24.0.1 subnqn:nqn.2016-06.io.spdk:cnode1) NSID 1 from core 23:    3474.50      13.57     287.79      35.33    2777.75
 8: ========================================================
 8: Total                                                                       :   83335.00     325.53     287.94      32.71    3870.69
 8: 
 9: RDMA (addr:172.24.0.1 subnqn:nqn.2016-06.io.spdk:cnode1) NSID 1 from core 22:    3475.00      13.57     287.71      46.75    2906.76
 9: RDMA (addr:172.24.0.1 subnqn:nqn.2016-06.io.spdk:cnode1) NSID 1 from core 23:    3473.00      13.57     287.84      43.18    3242.08
 9: ========================================================
 9: Total                                                                       :   83325.40     325.49     287.97      24.89    3728.29
 9: 
 3: IO qp on core 16 total time 185605.540 us (445453296 ticks), connect time 168385.214 us (404124513 ticks)
 3: IO qp on core 9 total time 196024.922 us (470459812 ticks), connect time 178797.728 us (429114547 ticks)
 3: IO qp on core 12 total time 205640.372 us (493536894 ticks), connect time 188410.496 us (452185191 ticks)
 3: IO qp on core 11 total time 215922.649 us (518214357 ticks), connect time 197206.664 us (473295993 ticks)
 3: IO qp on core 15 total time 225871.181 us (542090835 ticks), connect time 206939.119 us (496653885 ticks)
 3: IO qp on core 7 total time 235909.003 us (566181606 ticks), connect time 216970.251 us (520728603 ticks)
 3: IO qp on core 10 total time 235337.219 us (564809325 ticks), connect time 225755.450 us (541813080 ticks)
 3: IO qp on core 18 total time 255568.731 us (613364955 ticks), connect time 235760.646 us (565825551 ticks)
 3: ========================================================
 3:                                                                                                                 Latency(us)
 3: Device Information                                                          :       IOPS      MiB/s    Average        min        max
 3: RDMA (addr:172.24.0.1 subnqn:nqn.2016-06.io.spdk:cnode1) NSID 1 from core  0:    3362.40      13.13     297.32      64.72    2893.12
 3: RDMA (addr:172.24.0.1 subnqn:nqn.2016-06.io.spdk:cnode1) NSID 1 from core  1:    3359.90      13.12     297.55      54.10    3611.30
 3: RDMA (addr:172.24.0.1 subnqn:nqn.2016-06.io.spdk:cnode1) NSID 1 from core  2:    3358.20      13.12     297.75      56.32    3471.59
 3: RDMA (addr:172.24.0.1 subnqn:nqn.2016-06.io.spdk:cnode1) NSID 1 from core  3:    3355.40      13.11     297.99      58.70    3243.07
 3: RDMA (addr:172.24.0.1 subnqn:nqn.2016-06.io.spdk:cnode1) NSID 1 from core  4:    3360.00      13.12     297.53      54.89    3180.38
 3: RDMA (addr:172.24.0.1 subnqn:nqn.2016-06.io.spdk:cnode1) NSID 1 from core  5:    3358.90      13.12     297.62      49.03    3173.97
 3: RDMA (addr:172.24.0.1 subnqn:nqn.2016-06.io.spdk:cnode1) NSID 1 from core  6:    3360.90      13.13     297.47      60.44    3695.86
 3: RDMA (addr:172.24.0.1 subnqn:nqn.2016-06.io.spdk:cnode1) NSID 1 from core  7:    3364.00      13.14     297.21      61.00    3465.25
 3: RDMA (addr:172.24.0.1 subnqn:nqn.2016-06.io.spdk:cnode1) NSID 1 from core  8:    3359.20      13.12     297.67      65.02    2990.19
 3: RDMA (addr:172.24.0.1 subnqn:nqn.2016-06.io.spdk:cnode1) NSID 1 from core  9:    3359.40      13.12     297.60      46.88    3245.12
 3: RDMA (addr:172.24.0.1 subnqn:nqn.2016-06.io.spdk:cnode1) NSID 1 from core 10:    3364.90      13.14     297.16      61.24    3247.33
 3: RDMA (addr:172.24.0.1 subnqn:nqn.2016-06.io.spdk:cnode1) NSID 1 from core 11:    3360.40      13.13     297.52      57.41    3767.32
 3: RDMA (addr:172.24.0.1 subnqn:nqn.2016-06.io.spdk:cnode1) NSID 1 from core 12:    3361.00      13.13     297.51      56.59    3186.39
 3: RDMA (addr:172.24.0.1 subnqn:nqn.2016-06.io.spdk:cnode1) NSID 1 from core 13:    3362.10      13.13     297.33      48.13    3259.25
 3: RDMA (addr:172.24.0.1 subnqn:nqn.2016-06.io.spdk:cnode1) NSID 1 from core 14:    3358.20      13.12     297.75      53.88    3486.59
 3: RDMA (addr:172.24.0.1 subnqn:nqn.2016-06.io.spdk:cnode1) NSID 1 from core 15:    3358.40      13.12     297.67      40.84    3195.62
 3: RDMA (addr:172.24.0.1 subnqn:nqn.2016-06.io.spdk:cnode1) NSID 1 from core 16:    3361.80      13.13     297.44      67.54    3874.66
 3: RDMA (addr:172.24.0.1 subnqn:nqn.2016-06.io.spdk:cnode1) NSID 1 from core 17:    3359.60      13.12     297.60      48.14    3245.69
 3: RDMA (addr:172.24.0.1 subnqn:nqn.2016-06.io.spdk:cnode1) NSID 1 from core 18:    3359.30      13.12     297.66      59.95    3699.92
 3: RDMA (addr:172.24.0.1 subnqn:nqn.2016-06.io.spdk:cnode1) NSID 1 from core 19:    3357.80      13.12     297.71      57.49    3633.23
 3: RDMA (addr:172.24.0.1 subnqn:nqn.2016-06.io.spdk:cnode1) NSID 1 from core 20:    3356.10      13.11     297.94      52.56    3859.84
 3: RDMA (addr:172.24.0.1 subnqn:nqn.2016-06.io.spdk:cnode1) NSID 1 from core 21:    3358.40      13.12     297.65      60.99    3246.34
 3: RDMA (addr:172.24.0.1 subnqn:nqn.2016-06.io.spdk:cnode1) NSID 1 from core 22:    3364.60      13.14     297.18      60.37    3487.86
 3: RDMA (addr:172.24.0.1 subnqn:nqn.2016-06.io.spdk:cnode1) NSID 1 from core 23:    3358.30      13.12     297.73      61.02    3239.49
 3: ========================================================
 3: Total                                                                       :   80639.20     315.00     297.57      40.84    3874.66
 3: 
 2: IO qp on core 9 total time 186672.962 us (448015109 ticks), connect time 171794.483 us (412306760 ticks)
 2: IO qp on core 8 total time 195851.880 us (470044512 ticks), connect time 180956.971 us (434296731 ticks)
 2: IO qp on core 21 total time 206173.646 us (494816750 ticks), connect time 190996.731 us (458392154 ticks)
 2: IO qp on core 15 total time 215941.206 us (518258894 ticks), connect time 200772.375 us (481853699 ticks)
 2: IO qp on core 10 total time 226407.805 us (543378733 ticks), connect time 210947.080 us (506272993 ticks)
 2: IO qp on core 22 total time 236734.196 us (568162070 ticks), connect time 221269.931 us (531047834 ticks)
 2: IO qp on core 17 total time 230768.331 us (553843995 ticks), connect time 43577.396 us (104585751 ticks)
 2: IO qp on core 11 total time 241839.258 us (580414218 ticks), connect time 54656.556 us (131175735 ticks)
 2: ========================================================
 2:                                                                                                                 Latency(us)
 2: Device Information                                                          :       IOPS      MiB/s    Average        min        max
 2: RDMA (addr:172.24.0.1 subnqn:nqn.2016-06.io.spdk:cnode1) NSID 1 from core  0:    3316.20      12.95     301.47      49.57    3247.00
 2: RDMA (addr:172.24.0.1 subnqn:nqn.2016-06.io.spdk:cnode1) NSID 1 from core  1:    3313.90      12.94     301.68      54.50    3188.30
 2: RDMA (addr:172.24.0.1 subnqn:nqn.2016-06.io.spdk:cnode1) NSID 1 from core  2:    3317.60      12.96     301.40      56.10    3687.61
 2: RDMA (addr:172.24.0.1 subnqn:nqn.2016-06.io.spdk:cnode1) NSID 1 from core  3:    3312.20      12.94     301.81      60.32    3631.72
 2: RDMA (addr:172.24.0.1 subnqn:nqn.2016-06.io.spdk:cnode1) NSID 1 from core  4:    3316.20      12.95     301.46      74.48    2907.86
 2: RDMA (addr:172.24.0.1 subnqn:nqn.2016-06.io.spdk:cnode1) NSID 1 from core  5:    3312.80      12.94     301.77      69.43    3196.62
 2: RDMA (addr:172.24.0.1 subnqn:nqn.2016-06.io.spdk:cnode1) NSID 1 from core  6:    3314.80      12.95     301.61      73.55    2910.61
 2: RDMA (addr:172.24.0.1 subnqn:nqn.2016-06.io.spdk:cnode1) NSID 1 from core  7:    3313.50      12.94     301.73      68.52    3247.56
 2: RDMA (addr:172.24.0.1 subnqn:nqn.2016-06.io.spdk:cnode1) NSID 1 from core  8:    3315.30      12.95     301.61      59.37    3728.84
 2: RDMA (addr:172.24.0.1 subnqn:nqn.2016-06.io.spdk:cnode1) NSID 1 from core  9:    3314.50      12.95     301.66      70.76    3762.73
 2: RDMA (addr:172.24.0.1 subnqn:nqn.2016-06.io.spdk:cnode1) NSID 1 from core 10:    3311.00      12.93     302.00      45.45    2878.28
 2: RDMA (addr:172.24.0.1 subnqn:nqn.2016-06.io.spdk:cnode1) NSID 1 from core 11:    3314.60      12.95     301.67      46.56    3242.27
 2: RDMA (addr:172.24.0.1 subnqn:nqn.2016-06.io.spdk:cnode1) NSID 1 from core 12:    3315.30      12.95     301.61      67.64    3765.83
 2: RDMA (addr:172.24.0.1 subnqn:nqn.2016-06.io.spdk:cnode1) NSID 1 from core 13:    3313.00      12.94     301.76      51.28    3245.99
 2: RDMA (addr:172.24.0.1 subnqn:nqn.2016-06.io.spdk:cnode1) NSID 1 from core 14:    3318.00      12.96     301.37      69.22    3699.31
 2: RDMA (addr:172.24.0.1 subnqn:nqn.2016-06.io.spdk:cnode1) NSID 1 from core 15:    3313.10      12.94     301.74      47.17    3251.29
 2: RDMA (addr:172.24.0.1 subnqn:nqn.2016-06.io.spdk:cnode1) NSID 1 from core 16:    3314.70      12.95     301.61      67.50    3730.19
 2: RDMA (addr:172.24.0.1 subnqn:nqn.2016-06.io.spdk:cnode1) NSID 1 from core 17:    3313.30      12.94     301.76      44.76    2955.25
 2: RDMA (addr:172.24.0.1 subnqn:nqn.2016-06.io.spdk:cnode1) NSID 1 from core 18:    3311.50      12.94     301.96      73.72    3696.61
 2: RDMA (addr:172.24.0.1 subnqn:nqn.2016-06.io.spdk:cnode1) NSID 1 from core 19:    3314.50      12.95     301.67      72.40    3245.91
 2: RDMA (addr:172.24.0.1 subnqn:nqn.2016-06.io.spdk:cnode1) NSID 1 from core 20:    3313.70      12.94     301.75      73.26    3194.91
 2: RDMA (addr:172.24.0.1 subnqn:nqn.2016-06.io.spdk:cnode1) NSID 1 from core 21:    3312.90      12.94     301.75      54.80    2906.59
 2: RDMA (addr:172.24.0.1 subnqn:nqn.2016-06.io.spdk:cnode1) NSID 1 from core 22:    3311.70      12.94     301.93      65.14    3699.86
 2: RDMA (addr:172.24.0.1 subnqn:nqn.2016-06.io.spdk:cnode1) NSID 1 from core 23:    3314.10      12.95     301.69      68.48    2904.12
 2: ========================================================
 2: Total                                                                       :   79538.40     310.70     301.69      44.76    3765.83
 2: 
11: IO qp on core 12 total time 185162.931 us (444391034 ticks), connect time 168581.773 us (404596256 ticks)
11: IO qp on core 14 total time 196014.527 us (470434866 ticks), connect time 178246.784 us (427792281 ticks)
11: IO qp on core 11 total time 205842.438 us (494021850 ticks), connect time 188073.765 us (451377036 ticks)
11: IO qp on core 17 total time 215283.709 us (516680901 ticks), connect time 197345.226 us (473628543 ticks)
11: IO qp on core 15 total time 226195.243 us (542868584 ticks), connect time 208209.691 us (499703258 ticks)
11: IO qp on core 9 total time 235478.899 us (565149358 ticks), connect time 217311.867 us (521548480 ticks)
11: IO qp on core 13 total time 245369.320 us (588886368 ticks), connect time 227172.372 us (545213694 ticks)
11: IO qp on core 23 total time 255446.796 us (613072310 ticks), connect time 237163.293 us (569191904 ticks)
11: ========================================================
11:                                                                                                                 Latency(us)
11: Device Information                                                          :       IOPS      MiB/s    Average        min        max
11: RDMA (addr:172.24.0.1 subnqn:nqn.2016-06.io.spdk:cnode1) NSID 1 from core  0:    3299.00      12.89     303.04      60.71    3173.94
11: RDMA (addr:172.24.0.1 subnqn:nqn.2016-06.io.spdk:cnode1) NSID 1 from core  1:    3304.90      12.91     302.55      51.41    3261.49
11: RDMA (addr:172.24.0.1 subnqn:nqn.2016-06.io.spdk:cnode1) NSID 1 from core  2:    3301.40      12.90     302.88      60.89    2894.09
11: RDMA (addr:172.24.0.1 subnqn:nqn.2016-06.io.spdk:cnode1) NSID 1 from core  3:    3300.60      12.89     302.85      61.13    3186.72
11: RDMA (addr:172.24.0.1 subnqn:nqn.2016-06.io.spdk:cnode1) NSID 1 from core  4:    3305.50      12.91     302.36      87.73    3244.94
11: RDMA (addr:172.24.0.1 subnqn:nqn.2016-06.io.spdk:cnode1) NSID 1 from core  5:    3305.30      12.91     302.51      60.87    3486.80
11: RDMA (addr:172.24.0.1 subnqn:nqn.2016-06.io.spdk:cnode1) NSID 1 from core  6:    3300.70      12.89     302.91      60.64    3769.26
11: RDMA (addr:172.24.0.1 subnqn:nqn.2016-06.io.spdk:cnode1) NSID 1 from core  7:    3305.20      12.91     302.48      80.19    3487.85
11: RDMA (addr:172.24.0.1 subnqn:nqn.2016-06.io.spdk:cnode1) NSID 1 from core  8:    3301.50      12.90     302.86      75.30    2885.51
11: RDMA (addr:172.24.0.1 subnqn:nqn.2016-06.io.spdk:cnode1) NSID 1 from core  9:    3305.00      12.91     302.53      46.31    3727.99
11: RDMA (addr:172.24.0.1 subnqn:nqn.2016-06.io.spdk:cnode1) NSID 1 from core 10:    3305.60      12.91     302.49      56.66    3729.00
11: RDMA (addr:172.24.0.1 subnqn:nqn.2016-06.io.spdk:cnode1) NSID 1 from core 11:    3303.00      12.90     302.65      65.37    2851.37
11: RDMA (addr:172.24.0.1 subnqn:nqn.2016-06.io.spdk:cnode1) NSID 1 from core 12:    3304.30      12.91     302.61      47.99    3261.66
11: RDMA (addr:172.24.0.1 subnqn:nqn.2016-06.io.spdk:cnode1) NSID 1 from core 13:    3302.30      12.90     302.73      44.92    3249.76
11: RDMA (addr:172.24.0.1 subnqn:nqn.2016-06.io.spdk:cnode1) NSID 1 from core 14:    3308.60      12.92     302.22      42.35    3254.89
11: RDMA (addr:172.24.0.1 subnqn:nqn.2016-06.io.spdk:cnode1) NSID 1 from core 15:    3302.00      12.90     302.78      46.27    3710.62
11: RDMA (addr:172.24.0.1 subnqn:nqn.2016-06.io.spdk:cnode1) NSID 1 from core 16:    3305.60      12.91     302.50      68.04    3247.10
11: RDMA (addr:172.24.0.1 subnqn:nqn.2016-06.io.spdk:cnode1) NSID 1 from core 17:    3298.40      12.88     303.10      46.44    3015.82
11: RDMA (addr:172.24.0.1 subnqn:nqn.2016-06.io.spdk:cnode1) NSID 1 from core 18:    3303.70      12.91     302.67      67.27    3191.57
11: RDMA (addr:172.24.0.1 subnqn:nqn.2016-06.io.spdk:cnode1) NSID 1 from core 19:    3301.20      12.90     302.84      56.05    3226.56
11: RDMA (addr:172.24.0.1 subnqn:nqn.2016-06.io.spdk:cnode1) NSID 1 from core 20:    3304.70      12.91     302.57      84.18    2868.30
11: RDMA (addr:172.24.0.1 subnqn:nqn.2016-06.io.spdk:cnode1) NSID 1 from core 21:    3303.30      12.90     302.67      39.09    3465.12
 7: IO qp on core 19 total time 185698.601 us (445676643 ticks), connect time 168227.918 us (403747002 ticks)
 7: IO qp on core 22 total time 195431.293 us (469035104 ticks), connect time 177776.305 us (426663131 ticks)
 7: IO qp on core 18 total time 204690.766 us (491257838 ticks), connect time 186875.052 us (448500125 ticks)
 7: IO qp on core 17 total time 215986.667 us (518368000 ticks), connect time 198108.015 us (475459237 ticks)
 7: IO qp on core 21 total time 225068.141 us (540163538 ticks), connect time 207110.966 us (497066318 ticks)
 7: IO qp on core 16 total time 234959.349 us (563902438 ticks), connect time 216940.573 us (520657375 ticks)
 7: IO qp on core 15 total time 245283.552 us (588680526 ticks), connect time 226995.853 us (544790046 ticks)
 7: IO qp on core 23 total time 255314.327 us (612754385 ticks), connect time 236909.301 us (568582322 ticks)
 7: ========================================================
 7:                                                                                                                 Latency(us)
 7: Device Information                                                          :       IOPS      MiB/s    Average        min        max
 7: RDMA (addr:172.24.0.1 subnqn:nqn.2016-06.io.spdk:cnode1) NSID 1 from core  0:    3302.70      12.90     302.73      55.18    3728.22
 7: RDMA (addr:172.24.0.1 subnqn:nqn.2016-06.io.spdk:cnode1) NSID 1 from core  1:    3299.10      12.89     303.03      60.67    3193.75
 7: RDMA (addr:172.24.0.1 subnqn:nqn.2016-06.io.spdk:cnode1) NSID 1 from core  2:    3301.60      12.90     302.85      73.90    3489.84
 7: RDMA (addr:172.24.0.1 subnqn:nqn.2016-06.io.spdk:cnode1) NSID 1 from core  3:    3305.40      12.91     302.48      67.81    3246.76
 7: RDMA (addr:172.24.0.1 subnqn:nqn.2016-06.io.spdk:cnode1) NSID 1 from core  4:    3301.80      12.90     302.84      60.68    2895.03
 7: RDMA (addr:172.24.0.1 subnqn:nqn.2016-06.io.spdk:cnode1) NSID 1 from core  5:    3298.60      12.89     303.07      66.60    3246.06
 7: RDMA (addr:172.24.0.1 subnqn:nqn.2016-06.io.spdk:cnode1) NSID 1 from core  6:    3301.40      12.90     302.84      46.51    3246.39
 7: RDMA (addr:172.24.0.1 subnqn:nqn.2016-06.io.spdk:cnode1) NSID 1 from core  7:    3304.40      12.91     302.45      41.40    3245.20
 7: RDMA (addr:172.24.0.1 subnqn:nqn.2016-06.io.spdk:cnode1) NSID 1 from core  8:    3296.30      12.88     303.34      70.10    3874.58
 7: RDMA (addr:172.24.0.1 subnqn:nqn.2016-06.io.spdk:cnode1) NSID 1 from core  9:    3297.30      12.88     303.24      69.55    2984.60
 7: RDMA (addr:172.24.0.1 subnqn:nqn.2016-06.io.spdk:cnode1) NSID 1 from core 10:    3301.00      12.89     302.92      68.96    3247.84
 7: RDMA (addr:172.24.0.1 subnqn:nqn.2016-06.io.spdk:cnode1) NSID 1 from core 11:    3300.40      12.89     302.95      89.32    3261.10
 7: RDMA (addr:172.24.0.1 subnqn:nqn.2016-06.io.spdk:cnode1) NSID 1 from core 12:    3297.50      12.88     303.24      67.12    3008.50
 7: RDMA (addr:172.24.0.1 subnqn:nqn.2016-06.io.spdk:cnode1) NSID 1 from core 13:    3298.70      12.89     303.11      67.21    3194.02
 7: RDMA (addr:172.24.0.1 subnqn:nqn.2016-06.io.spdk:cnode1) NSID 1 from core 14:    3299.30      12.89     303.07      67.92    2868.22
 7: RDMA (addr:172.24.0.1 subnqn:nqn.2016-06.io.spdk:cnode1) NSID 1 from core 15:    3296.90      12.88     303.26      80.81    3191.17
 7: RDMA (addr:172.24.0.1 subnqn:nqn.2016-06.io.spdk:cnode1) NSID 1 from core 16:    3303.00      12.90     302.73      46.54    3248.55
 7: RDMA (addr:172.24.0.1 subnqn:nqn.2016-06.io.spdk:cnode1) NSID 1 from core 17:    3296.50      12.88     303.28      46.71    2996.24
 7: RDMA (addr:172.24.0.1 subnqn:nqn.2016-06.io.spdk:cnode1) NSID 1 from core 18:    3301.90      12.90     302.83      60.16    3015.61
 7: RDMA (addr:172.24.0.1 subnqn:nqn.2016-06.io.spdk:cnode1) NSID 1 from core 19:    3301.20      12.90     302.83      43.06    3250.45
 7: RDMA (addr:172.24.0.1 subnqn:nqn.2016-06.io.spdk:cnode1) NSID 1 from core 20:    3303.00      12.90     302.73      46.08    3236.87
 7: RDMA (addr:172.24.0.1 subnqn:nqn.2016-06.io.spdk:cnode1) NSID 1 from core 21:    3303.00      12.90     302.68      46.45    2766.62
17: IO qp on core 21 total time 184704.607 us (443291056 ticks), connect time 170782.672 us (409878412 ticks)
17: IO qp on core 23 total time 194629.864 us (467111673 ticks), connect time 180709.033 us (433701678 ticks)
17: IO qp on core 22 total time 203500.375 us (488400900 ticks), connect time 189438.654 us (454652769 ticks)
17: IO qp on core 9 total time 214680.424 us (515233018 ticks), connect time 200507.164 us (481217194 ticks)
17: IO qp on core 15 total time 213137.942 us (511531061 ticks), connect time 133949.846 us (321479630 ticks)
17: IO qp on core 19 total time 222913.302 us (534991926 ticks), connect time 143335.146 us (344004351 ticks)
17: IO qp on core 13 total time 233329.560 us (559990943 ticks), connect time 153659.232 us (368782157 ticks)
17: IO qp on core 17 total time 243388.778 us (584133068 ticks), connect time 163720.803 us (392929928 ticks)
17: ========================================================
17:                                                                                                                 Latency(us)
17: Device Information                                                          :       IOPS      MiB/s    Average        min        max
17: RDMA (addr:172.24.0.1 subnqn:nqn.2016-06.io.spdk:cnode1) NSID 1 from core  0:    3300.60      12.89     302.93      60.22    3193.34
17: RDMA (addr:172.24.0.1 subnqn:nqn.2016-06.io.spdk:cnode1) NSID 1 from core  1:    3302.40      12.90     302.73      42.01    2907.83
17: RDMA (addr:172.24.0.1 subnqn:nqn.2016-06.io.spdk:cnode1) NSID 1 from core  2:    3297.30      12.88     303.26      60.73    3194.71
17: RDMA (addr:172.24.0.1 subnqn:nqn.2016-06.io.spdk:cnode1) NSID 1 from core  3:    3298.10      12.88     303.06      61.06    3193.94
17: RDMA (addr:172.24.0.1 subnqn:nqn.2016-06.io.spdk:cnode1) NSID 1 from core  4:    3302.50      12.90     302.72      39.90    3245.62
17: RDMA (addr:172.24.0.1 subnqn:nqn.2016-06.io.spdk:cnode1) NSID 1 from core  5:    3301.40      12.90     302.82      73.42    2845.33
17: RDMA (addr:172.24.0.1 subnqn:nqn.2016-06.io.spdk:cnode1) NSID 1 from core  6:    3297.90      12.88     303.13      71.56    2955.18
17: RDMA (addr:172.24.0.1 subnqn:nqn.2016-06.io.spdk:cnode1) NSID 1 from core  7:    3302.70      12.90     302.73      88.44    2907.53
17: RDMA (addr:172.24.0.1 subnqn:nqn.2016-06.io.spdk:cnode1) NSID 1 from core  8:    3297.70      12.88     303.22      67.91    2956.33
17: RDMA (addr:172.24.0.1 subnqn:nqn.2016-06.io.spdk:cnode1) NSID 1 from core  9:    3299.20      12.89     303.06      46.72    3017.04
17: RDMA (addr:172.24.0.1 subnqn:nqn.2016-06.io.spdk:cnode1) NSID 1 from core 10:    3303.70      12.91     302.67      68.58    2898.14
17: RDMA (addr:172.24.0.1 subnqn:nqn.2016-06.io.spdk:cnode1) NSID 1 from core 11:    3301.90      12.90     302.80      68.22    3356.09
17: RDMA (addr:172.24.0.1 subnqn:nqn.2016-06.io.spdk:cnode1) NSID 1 from core 12:    3300.30      12.89     302.98      69.83    3728.92
17: RDMA (addr:172.24.0.1 subnqn:nqn.2016-06.io.spdk:cnode1) NSID 1 from core 13:    3305.20      12.91     302.50      46.77    3249.62
17: RDMA (addr:172.24.0.1 subnqn:nqn.2016-06.io.spdk:cnode1) NSID 1 from core 14:    3301.30      12.90     302.89      84.05    3194.59
17: RDMA (addr:172.24.0.1 subnqn:nqn.2016-06.io.spdk:cnode1) NSID 1 from core 15:    3300.00      12.89     302.94      46.92    3731.95
17: RDMA (addr:172.24.0.1 subnqn:nqn.2016-06.io.spdk:cnode1) NSID 1 from core 16:    3301.50      12.90     302.87      49.71    3728.11
17: RDMA (addr:172.24.0.1 subnqn:nqn.2016-06.io.spdk:cnode1) NSID 1 from core 17:    3301.50      12.90     302.87      68.80    3192.38
17: RDMA (addr:172.24.0.1 subnqn:nqn.2016-06.io.spdk:cnode1) NSID 1 from core 18:    3304.00      12.91     302.64      46.30    2905.94
17: RDMA (addr:172.24.0.1 subnqn:nqn.2016-06.io.spdk:cnode1) NSID 1 from core 19:    3300.30      12.89     302.94      47.12    3251.76
17: RDMA (addr:172.24.0.1 subnqn:nqn.2016-06.io.spdk:cnode1) NSID 1 from core 20:    3299.90      12.89     303.01      67.42    3245.61
17: RDMA (addr:172.24.0.1 subnqn:nqn.2016-06.io.spdk:cnode1) NSID 1 from core 21:    3300.80      12.89     302.85      43.06    3356.21
11: RDMA (addr:172.24.0.1 subnqn:nqn.2016-06.io.spdk:cnode1) NSID 1 from core 22:    3298.70      12.89     303.12      67.38    4031.83
11: RDMA (addr:172.24.0.1 subnqn:nqn.2016-06.io.spdk:cnode1) NSID 1 from core 23:    3299.70      12.89     302.96      45.55    2865.51
11: ========================================================
11: Total                                                                       :   79270.20     309.65     302.70      39.09    4031.83
11: 
17: RDMA (addr:172.24.0.1 subnqn:nqn.2016-06.io.spdk:cnode1) NSID 1 from core 22:    3296.30      12.88     303.35      46.02    4033.33
17: RDMA (addr:172.24.0.1 subnqn:nqn.2016-06.io.spdk:cnode1) NSID 1 from core 23:    3300.20      12.89     302.92      50.01    3016.38
17: ========================================================
17: Total                                                                       :   79216.70     309.44     302.91      39.90    4033.33
17: 
 7: RDMA (addr:172.24.0.1 subnqn:nqn.2016-06.io.spdk:cnode1) NSID 1 from core 22:    3301.00      12.89     302.91      48.94    3015.21
 7: RDMA (addr:172.24.0.1 subnqn:nqn.2016-06.io.spdk:cnode1) NSID 1 from core 23:    3300.80      12.89     302.93      65.18    3187.11
 7: ========================================================
 7: Total                                                                       :   79212.80     309.43     302.93      41.40    3874.58
 7: 
 1: IO qp on core 23 total time 182587.757 us (438210616 ticks), connect time 165907.688 us (398178451 ticks)
 1: IO qp on core 21 total time 192866.146 us (462878751 ticks), connect time 175847.584 us (422034201 ticks)
 1: IO qp on core 19 total time 202855.938 us (486854252 ticks), connect time 185604.808 us (445451540 ticks)
 1: IO qp on core 20 total time 212809.642 us (510743140 ticks), connect time 195553.397 us (469328152 ticks)
 1: IO qp on core 18 total time 223484.717 us (536363322 ticks), connect time 205782.765 us (493878636 ticks)
 1: IO qp on core 22 total time 232758.446 us (558620270 ticks), connect time 215052.816 us (516126758 ticks)
 1: IO qp on core 10 total time 242573.175 us (582175620 ticks), connect time 224704.084 us (539289801 ticks)
 1: IO qp on core 8 total time 252633.135 us (606319523 ticks), connect time 234748.670 us (563396807 ticks)
 1: ========================================================
 1:                                                                                                                 Latency(us)
 1: Device Information                                                          :       IOPS      MiB/s    Average        min        max
 1: RDMA (addr:172.24.0.1 subnqn:nqn.2016-06.io.spdk:cnode1) NSID 1 from core  0:    3306.60      12.92     302.38      50.98    3234.35
 1: RDMA (addr:172.24.0.1 subnqn:nqn.2016-06.io.spdk:cnode1) NSID 1 from core  1:    3307.60      12.92     302.28      54.80    2645.38
 1: RDMA (addr:172.24.0.1 subnqn:nqn.2016-06.io.spdk:cnode1) NSID 1 from core  2:    3312.90      12.94     301.83      51.79    3360.64
 1: RDMA (addr:172.24.0.1 subnqn:nqn.2016-06.io.spdk:cnode1) NSID 1 from core  3:    3307.80      12.92     302.25      51.28    3726.27
 1: RDMA (addr:172.24.0.1 subnqn:nqn.2016-06.io.spdk:cnode1) NSID 1 from core  4:    3310.10      12.93     302.08      42.69    3728.29
 1: RDMA (addr:172.24.0.1 subnqn:nqn.2016-06.io.spdk:cnode1) NSID 1 from core  5:    3310.10      12.93     302.08      45.03    2662.05
 1: RDMA (addr:172.24.0.1 subnqn:nqn.2016-06.io.spdk:cnode1) NSID 1 from core  6:    3309.10      12.93     302.15      45.04    2997.19
 1: RDMA (addr:172.24.0.1 subnqn:nqn.2016-06.io.spdk:cnode1) NSID 1 from core  7:    3311.70      12.94     301.90      41.47    3357.79
 1: RDMA (addr:172.24.0.1 subnqn:nqn.2016-06.io.spdk:cnode1) NSID 1 from core  8:    3311.90      12.94     301.92      56.79    2900.97
 1: RDMA (addr:172.24.0.1 subnqn:nqn.2016-06.io.spdk:cnode1) NSID 1 from core  9:    3308.90      12.93     302.12      44.87    3248.62
 1: RDMA (addr:172.24.0.1 subnqn:nqn.2016-06.io.spdk:cnode1) NSID 1 from core 10:    3302.70      12.90     302.76      74.21    3728.59
 1: RDMA (addr:172.24.0.1 subnqn:nqn.2016-06.io.spdk:cnode1) NSID 1 from core 11:    3308.00      12.92     302.25      55.88    2644.75
 1: RDMA (addr:172.24.0.1 subnqn:nqn.2016-06.io.spdk:cnode1) NSID 1 from core 12:    3313.10      12.94     301.79      50.55    2800.07
 1: RDMA (addr:172.24.0.1 subnqn:nqn.2016-06.io.spdk:cnode1) NSID 1 from core 13:    3311.40      12.94     301.95      40.30    3730.68
 1: RDMA (addr:172.24.0.1 subnqn:nqn.2016-06.io.spdk:cnode1) NSID 1 from core 14:    3309.30      12.93     302.14      38.60    3729.65
 1: RDMA (addr:172.24.0.1 subnqn:nqn.2016-06.io.spdk:cnode1) NSID 1 from core 15:    3308.90      12.93     302.12      41.88    2985.61
 1: RDMA (addr:172.24.0.1 subnqn:nqn.2016-06.io.spdk:cnode1) NSID 1 from core 16:    3309.50      12.93     302.14      58.40    3008.35
 1: RDMA (addr:172.24.0.1 subnqn:nqn.2016-06.io.spdk:cnode1) NSID 1 from core 17:    3301.90      12.90     302.71      55.52    3726.83
 1: RDMA (addr:172.24.0.1 subnqn:nqn.2016-06.io.spdk:cnode1) NSID 1 from core 18:    3306.40      12.92     302.42      67.81    2657.86
 1: RDMA (addr:172.24.0.1 subnqn:nqn.2016-06.io.spdk:cnode1) NSID 1 from core 19:    3309.70      12.93     302.07      59.02    3246.87
 1: RDMA (addr:172.24.0.1 subnqn:nqn.2016-06.io.spdk:cnode1) NSID 1 from core 20:    3310.10      12.93     302.06      60.97    3248.13
 1: RDMA (addr:172.24.0.1 subnqn:nqn.2016-06.io.spdk:cnode1) NSID 1 from core 21:    3310.30      12.93     302.00      58.27    3712.97
 1: RDMA (addr:172.24.0.1 subnqn:nqn.2016-06.io.spdk:cnode1) NSID 1 from core 22:    3308.10      12.92     302.26      67.82    2453.99
 1: RDMA (addr:172.24.0.1 subnqn:nqn.2016-06.io.spdk:cnode1) NSID 1 from core 23:    3306.70      12.92     302.31      65.21    2959.57
 1: ========================================================
 1: Total                                                                       :   79412.80     310.21     302.17      38.60    3730.68
 1: 
13: IO qp on core 9 total time 184022.272 us (441653454 ticks), connect time 170704.811 us (409691547 ticks)
13: IO qp on core 22 total time 184066.987 us (441760768 ticks), connect time 115067.744 us (276162586 ticks)
13: IO qp on core 12 total time 193832.791 us (465198698 ticks), connect time 124828.990 us (299589575 ticks)
13: IO qp on core 16 total time 203325.761 us (487981826 ticks), connect time 133909.071 us (321381770 ticks)
13: IO qp on core 18 total time 213372.641 us (512094338 ticks), connect time 143831.555 us (345195731 ticks)
13: IO qp on core 14 total time 223260.391 us (535824938 ticks), connect time 153717.790 us (368922695 ticks)
13: IO qp on core 20 total time 233353.508 us (560048420 ticks), connect time 163699.297 us (392878313 ticks)
13: IO qp on core 8 total time 243503.648 us (584408755 ticks), connect time 173636.880 us (416728513 ticks)
13: ========================================================
13:                                                                                                                 Latency(us)
13: Device Information                                                          :       IOPS      MiB/s    Average        min        max
13: RDMA (addr:172.24.0.1 subnqn:nqn.2016-06.io.spdk:cnode1) NSID 1 from core  0:    3313.30      12.94     301.72      52.57    3722.14
13: RDMA (addr:172.24.0.1 subnqn:nqn.2016-06.io.spdk:cnode1) NSID 1 from core  1:    3314.90      12.95     301.62      23.30    2468.32
13: RDMA (addr:172.24.0.1 subnqn:nqn.2016-06.io.spdk:cnode1) NSID 1 from core  2:    3315.00      12.95     301.64      45.02    3246.60
13: RDMA (addr:172.24.0.1 subnqn:nqn.2016-06.io.spdk:cnode1) NSID 1 from core  3:    3315.40      12.95     301.59      24.20    2956.33
13: RDMA (addr:172.24.0.1 subnqn:nqn.2016-06.io.spdk:cnode1) NSID 1 from core  4:    3311.70      12.94     301.90      56.42    2862.10
13: RDMA (addr:172.24.0.1 subnqn:nqn.2016-06.io.spdk:cnode1) NSID 1 from core  5:    3313.60      12.94     301.62      25.88    3726.89
13: RDMA (addr:172.24.0.1 subnqn:nqn.2016-06.io.spdk:cnode1) NSID 1 from core  6:    3313.90      12.94     301.70      41.77    2669.95
13: RDMA (addr:172.24.0.1 subnqn:nqn.2016-06.io.spdk:cnode1) NSID 1 from core  7:    3313.70      12.94     301.67      52.83    3249.40
13: RDMA (addr:172.24.0.1 subnqn:nqn.2016-06.io.spdk:cnode1) NSID 1 from core  8:    3311.70      12.94     301.94      59.71    3725.66
13: RDMA (addr:172.24.0.1 subnqn:nqn.2016-06.io.spdk:cnode1) NSID 1 from core  9:    3315.30      12.95     301.60      52.77    3247.91
13: RDMA (addr:172.24.0.1 subnqn:nqn.2016-06.io.spdk:cnode1) NSID 1 from core 10:    3315.00      12.95     301.64      43.56    3247.92
13: RDMA (addr:172.24.0.1 subnqn:nqn.2016-06.io.spdk:cnode1) NSID 1 from core 11:    3316.80      12.96     301.40      44.40    2657.67
13: RDMA (addr:172.24.0.1 subnqn:nqn.2016-06.io.spdk:cnode1) NSID 1 from core 12:    3315.30      12.95     301.61      56.64    2958.32
13: RDMA (addr:172.24.0.1 subnqn:nqn.2016-06.io.spdk:cnode1) NSID 1 from core 13:    3311.00      12.93     301.96      64.00    2862.06
13: RDMA (addr:172.24.0.1 subnqn:nqn.2016-06.io.spdk:cnode1) NSID 1 from core 14:    3312.70      12.94     301.85      56.67    2809.24
13: RDMA (addr:172.24.0.1 subnqn:nqn.2016-06.io.spdk:cnode1) NSID 1 from core 15:    3312.10      12.94     301.83      58.43    3276.99
13: RDMA (addr:172.24.0.1 subnqn:nqn.2016-06.io.spdk:cnode1) NSID 1 from core 16:    3314.10      12.95     301.72      56.65    3726.72
13: RDMA (addr:172.24.0.1 subnqn:nqn.2016-06.io.spdk:cnode1) NSID 1 from core 17:    3312.90      12.94     301.77      58.12    3713.01
13: RDMA (addr:172.24.0.1 subnqn:nqn.2016-06.io.spdk:cnode1) NSID 1 from core 18:    3312.90      12.94     301.83      67.90    3248.06
13: RDMA (addr:172.24.0.1 subnqn:nqn.2016-06.io.spdk:cnode1) NSID 1 from core 19:    3311.80      12.94     301.88      44.46    3246.67
13: RDMA (addr:172.24.0.1 subnqn:nqn.2016-06.io.spdk:cnode1) NSID 1 from core 20:    3312.10      12.94     301.90      63.46    2836.64
13: RDMA (addr:172.24.0.1 subnqn:nqn.2016-06.io.spdk:cnode1) NSID 1 from core 21:    3313.40      12.94     301.76      45.26    3242.88
13: RDMA (addr:172.24.0.1 subnqn:nqn.2016-06.io.spdk:cnode1) NSID 1 from core 22:    3311.50      12.94     301.95      55.09    2714.16
13: RDMA (addr:172.24.0.1 subnqn:nqn.2016-06.io.spdk:cnode1) NSID 1 from core 23:    3310.80      12.93     301.94      62.61    2812.63
13: ========================================================
13: Total                                                                       :   79520.90     310.63     301.75      23.30    3726.89
13: 
15: IO qp on core 10 total time 181550.971 us (435722330 ticks), connect time 166074.588 us (398579012 ticks)
15: IO qp on core 13 total time 191446.138 us (459470730 ticks), connect time 175456.660 us (421095984 ticks)
15: IO qp on core 16 total time 201191.445 us (482859469 ticks), connect time 184657.804 us (443178730 ticks)
15: IO qp on core 22 total time 211511.505 us (507627612 ticks), connect time 195009.420 us (468022608 ticks)
15: IO qp on core 12 total time 222352.628 us (533646308 ticks), connect time 205767.117 us (493841081 ticks)
15: IO qp on core 18 total time 219833.229 us (527599749 ticks), connect time 135819.508 us (325966818 ticks)
15: IO qp on core 20 total time 228910.541 us (549385298 ticks), connect time 144746.755 us (347392212 ticks)
15: IO qp on core 17 total time 239175.517 us (574021241 ticks), connect time 154933.155 us (371839571 ticks)
15: ========================================================
15:                                                                                                                 Latency(us)
15: Device Information                                                          :       IOPS      MiB/s    Average        min        max
15: RDMA (addr:172.24.0.1 subnqn:nqn.2016-06.io.spdk:cnode1) NSID 1 from core  0:    3328.90      13.00     300.34      45.52    2955.25
15: RDMA (addr:172.24.0.1 subnqn:nqn.2016-06.io.spdk:cnode1) NSID 1 from core  1:    3324.00      12.98     300.69      41.93    2982.95
15: RDMA (addr:172.24.0.1 subnqn:nqn.2016-06.io.spdk:cnode1) NSID 1 from core  2:    3327.50      13.00     300.50      26.84    2800.03
15: RDMA (addr:172.24.0.1 subnqn:nqn.2016-06.io.spdk:cnode1) NSID 1 from core  3:    3326.10      12.99     300.57      42.48    3168.38
15: RDMA (addr:172.24.0.1 subnqn:nqn.2016-06.io.spdk:cnode1) NSID 1 from core  4:    3326.20      12.99     300.60      40.21    3377.52
15: RDMA (addr:172.24.0.1 subnqn:nqn.2016-06.io.spdk:cnode1) NSID 1 from core  5:    3323.60      12.98     300.67      45.45    3729.93
15: RDMA (addr:172.24.0.1 subnqn:nqn.2016-06.io.spdk:cnode1) NSID 1 from core  6:    3327.50      13.00     300.46      40.64    3179.73
15: RDMA (addr:172.24.0.1 subnqn:nqn.2016-06.io.spdk:cnode1) NSID 1 from core  7:    3327.00      13.00     300.53      57.41    2786.47
15: RDMA (addr:172.24.0.1 subnqn:nqn.2016-06.io.spdk:cnode1) NSID 1 from core  8:    3327.90      13.00     300.38      50.67    2823.66
15: RDMA (addr:172.24.0.1 subnqn:nqn.2016-06.io.spdk:cnode1) NSID 1 from core  9:    3326.60      12.99     300.54      54.23    2778.70
15: RDMA (addr:172.24.0.1 subnqn:nqn.2016-06.io.spdk:cnode1) NSID 1 from core 10:    3328.20      13.00     300.44      71.25    3131.62
15: RDMA (addr:172.24.0.1 subnqn:nqn.2016-06.io.spdk:cnode1) NSID 1 from core 11:    3328.30      13.00     300.39      54.07    3246.53
15: RDMA (addr:172.24.0.1 subnqn:nqn.2016-06.io.spdk:cnode1) NSID 1 from core 12:    3327.90      13.00     300.47      56.45    3134.30
15: RDMA (addr:172.24.0.1 subnqn:nqn.2016-06.io.spdk:cnode1) NSID 1 from core 13:    3324.00      12.98     300.74      53.01    3394.52
15: RDMA (addr:172.24.0.1 subnqn:nqn.2016-06.io.spdk:cnode1) NSID 1 from core 14:    3326.60      12.99     300.58      54.15    3212.04
15: RDMA (addr:172.24.0.1 subnqn:nqn.2016-06.io.spdk:cnode1) NSID 1 from core 15:    3331.70      13.01     300.10      56.87    2907.53
15: RDMA (addr:172.24.0.1 subnqn:nqn.2016-06.io.spdk:cnode1) NSID 1 from core 16:    3326.90      13.00     300.56      57.29    2716.95
15: RDMA (addr:172.24.0.1 subnqn:nqn.2016-06.io.spdk:cnode1) NSID 1 from core 17:    3326.70      12.99     300.57      52.35    3725.80
15: RDMA (addr:172.24.0.1 subnqn:nqn.2016-06.io.spdk:cnode1) NSID 1 from core 18:    3326.90      13.00     300.56      58.51    2882.15
15: RDMA (addr:172.24.0.1 subnqn:nqn.2016-06.io.spdk:cnode1) NSID 1 from core 19:    3323.20      12.98     300.86      67.22    3727.38
15: RDMA (addr:172.24.0.1 subnqn:nqn.2016-06.io.spdk:cnode1) NSID 1 from core 20:    3327.30      13.00     300.52      54.04    2800.86
15: RDMA (addr:172.24.0.1 subnqn:nqn.2016-06.io.spdk:cnode1) NSID 1 from core 21:    3326.80      13.00     300.56      65.46    2709.62
15: RDMA (addr:172.24.0.1 subnqn:nqn.2016-06.io.spdk:cnode1) NSID 1 from core 22:    3327.20      13.00     300.53      56.83    2799.30
15: RDMA (addr:172.24.0.1 subnqn:nqn.2016-06.io.spdk:cnode1) NSID 1 from core 23:    3323.90      12.98     300.77      55.51    3409.67
15: ========================================================
15: Total                                                                       :   79840.90     311.88     300.54      26.84    3729.93
15: 
14: IO qp on core 7 total time 181720.261 us (436128627 ticks), connect time 165064.230 us (396154152 ticks)
14: IO qp on core 19 total time 186185.801 us (446845922 ticks), connect time 174441.998 us (418660796 ticks)
14: IO qp on core 23 total time 201998.428 us (484796228 ticks), connect time 184911.070 us (443786567 ticks)
14: IO qp on core 20 total time 207169.791 us (497207499 ticks), connect time 192782.231 us (462677355 ticks)
14: IO qp on core 17 total time 216766.205 us (520238891 ticks), connect time 202295.716 us (485509718 ticks)
14: IO qp on core 11 total time 226470.105 us (543528253 ticks), connect time 211012.642 us (506430340 ticks)
14: IO qp on core 13 total time 236559.443 us (567742663 ticks), connect time 221100.890 us (530642137 ticks)
14: IO qp on core 15 total time 246628.172 us (591907613 ticks), connect time 231204.393 us (554890544 ticks)
14: ========================================================
14:                                                                                                                 Latency(us)
14: Device Information                                                          :       IOPS      MiB/s    Average        min        max
14: RDMA (addr:172.24.0.1 subnqn:nqn.2016-06.io.spdk:cnode1) NSID 1 from core  0:    3333.40      13.02     299.94      53.04    2527.09
14: RDMA (addr:172.24.0.1 subnqn:nqn.2016-06.io.spdk:cnode1) NSID 1 from core  1:    3330.40      13.01     300.14      41.87    2822.91
14: RDMA (addr:172.24.0.1 subnqn:nqn.2016-06.io.spdk:cnode1) NSID 1 from core  2:    3333.90      13.02     299.93      41.58    2781.11
14: RDMA (addr:172.24.0.1 subnqn:nqn.2016-06.io.spdk:cnode1) NSID 1 from core  3:    3333.60      13.02     299.93      44.28    3181.12
14: RDMA (addr:172.24.0.1 subnqn:nqn.2016-06.io.spdk:cnode1) NSID 1 from core  4:    3334.30      13.02     299.81      44.93    2574.32
18: IO qp on core 23 total time 182112.582 us (437070197 ticks), connect time 167035.831 us (400885994 ticks)
18: IO qp on core 18 total time 191875.051 us (460500123 ticks), connect time 176357.535 us (423258084 ticks)
18: IO qp on core 9 total time 202400.694 us (485761666 ticks), connect time 186579.898 us (447791755 ticks)
18: IO qp on core 20 total time 212658.508 us (510380418 ticks), connect time 196835.655 us (472405572 ticks)
18: IO qp on core 22 total time 222050.383 us (532920920 ticks), connect time 206099.847 us (494639633 ticks)
18: IO qp on core 8 total time 231750.900 us (556202159 ticks), connect time 215691.990 us (517660775 ticks)
18: IO qp on core 17 total time 228558.630 us (548540712 ticks), connect time 115253.965 us (276609516 ticks)
18: IO qp on core 15 total time 238852.991 us (573247178 ticks), connect time 115205.461 us (276493106 ticks)
18: ========================================================
18:                                                                                                                 Latency(us)
18: Device Information                                                          :       IOPS      MiB/s    Average        min        max
18: RDMA (addr:172.24.0.1 subnqn:nqn.2016-06.io.spdk:cnode1) NSID 1 from core  0:    3334.20      13.02     299.89      52.61    3357.89
18: RDMA (addr:172.24.0.1 subnqn:nqn.2016-06.io.spdk:cnode1) NSID 1 from core  1:    3331.30      13.01     300.07      42.54    3730.05
18: RDMA (addr:172.24.0.1 subnqn:nqn.2016-06.io.spdk:cnode1) NSID 1 from core  2:    3333.30      13.02     299.97      58.27    3237.18
18: RDMA (addr:172.24.0.1 subnqn:nqn.2016-06.io.spdk:cnode1) NSID 1 from core  3:    3337.00      13.04     299.60      41.77    2652.70
18: RDMA (addr:172.24.0.1 subnqn:nqn.2016-06.io.spdk:cnode1) NSID 1 from core  4:    3337.80      13.04     299.54      43.06    2660.46
14: RDMA (addr:172.24.0.1 subnqn:nqn.2016-06.io.spdk:cnode1) NSID 1 from core  5:    3332.50      13.02     300.00      44.56    2829.94
14: RDMA (addr:172.24.0.1 subnqn:nqn.2016-06.io.spdk:cnode1) NSID 1 from core  6:    3337.50      13.04     299.56      39.79    2658.49
14: RDMA (addr:172.24.0.1 subnqn:nqn.2016-06.io.spdk:cnode1) NSID 1 from core  7:    3329.70      13.01     300.24      55.38    2980.50
14: RDMA (addr:172.24.0.1 subnqn:nqn.2016-06.io.spdk:cnode1) NSID 1 from core  8:    3331.00      13.01     300.19      42.20    3264.11
14: RDMA (addr:172.24.0.1 subnqn:nqn.2016-06.io.spdk:cnode1) NSID 1 from core  9:    3332.90      13.02     299.98      55.33    2935.55
14: RDMA (addr:172.24.0.1 subnqn:nqn.2016-06.io.spdk:cnode1) NSID 1 from core 10:    3333.10      13.02     300.00      52.80    2819.57
14: RDMA (addr:172.24.0.1 subnqn:nqn.2016-06.io.spdk:cnode1) NSID 1 from core 11:    3336.70      13.03     299.65      54.96    2802.03
14: RDMA (addr:172.24.0.1 subnqn:nqn.2016-06.io.spdk:cnode1) NSID 1 from core 12:    3337.40      13.04     299.61      56.60    2922.12
14: RDMA (addr:172.24.0.1 subnqn:nqn.2016-06.io.spdk:cnode1) NSID 1 from core 13:    3330.30      13.01     300.18      49.81    3381.78
14: RDMA (addr:172.24.0.1 subnqn:nqn.2016-06.io.spdk:cnode1) NSID 1 from core 14:    3330.30      13.01     300.25      56.32    3163.73
14: RDMA (addr:172.24.0.1 subnqn:nqn.2016-06.io.spdk:cnode1) NSID 1 from core 15:    3333.60      13.02     299.95      54.92    2942.85
14: RDMA (addr:172.24.0.1 subnqn:nqn.2016-06.io.spdk:cnode1) NSID 1 from core 16:    3329.80      13.01     300.30      54.77    3729.18
14: RDMA (addr:172.24.0.1 subnqn:nqn.2016-06.io.spdk:cnode1) NSID 1 from core 17:    3332.10      13.02     300.04      55.82    2882.12
14: RDMA (addr:172.24.0.1 subnqn:nqn.2016-06.io.spdk:cnode1) NSID 1 from core 18:    3336.90      13.03     299.66      54.39    2792.91
14: RDMA (addr:172.24.0.1 subnqn:nqn.2016-06.io.spdk:cnode1) NSID 1 from core 19:    3331.00      13.01     300.18      54.95    2980.85
14: RDMA (addr:172.24.0.1 subnqn:nqn.2016-06.io.spdk:cnode1) NSID 1 from core 20:    3334.70      13.03     299.85      65.13    3135.60
14: RDMA (addr:172.24.0.1 subnqn:nqn.2016-06.io.spdk:cnode1) NSID 1 from core 21:    3332.90      13.02     299.94      53.74    2779.73
18: RDMA (addr:172.24.0.1 subnqn:nqn.2016-06.io.spdk:cnode1) NSID 1 from core  5:    3330.20      13.01     300.21      42.38    2983.51
18: RDMA (addr:172.24.0.1 subnqn:nqn.2016-06.io.spdk:cnode1) NSID 1 from core  6:    3333.90      13.02     299.89      44.11    3163.89
18: RDMA (addr:172.24.0.1 subnqn:nqn.2016-06.io.spdk:cnode1) NSID 1 from core  7:    3330.80      13.01     300.15      56.29    3730.76
18: RDMA (addr:172.24.0.1 subnqn:nqn.2016-06.io.spdk:cnode1) NSID 1 from core  8:    3332.20      13.02     300.08      55.03    2703.03
18: RDMA (addr:172.24.0.1 subnqn:nqn.2016-06.io.spdk:cnode1) NSID 1 from core  9:    3331.70      13.01     300.09      60.82    3725.79
18: RDMA (addr:172.24.0.1 subnqn:nqn.2016-06.io.spdk:cnode1) NSID 1 from core 10:    3334.60      13.03     299.86      54.23    2424.37
18: RDMA (addr:172.24.0.1 subnqn:nqn.2016-06.io.spdk:cnode1) NSID 1 from core 11:    3333.80      13.02     299.90      56.56    3136.78
18: RDMA (addr:172.24.0.1 subnqn:nqn.2016-06.io.spdk:cnode1) NSID 1 from core 12:    3334.50      13.03     299.87      56.11    3135.32
18: RDMA (addr:172.24.0.1 subnqn:nqn.2016-06.io.spdk:cnode1) NSID 1 from core 13:    3333.20      13.02     299.93      54.16    3221.07
18: RDMA (addr:172.24.0.1 subnqn:nqn.2016-06.io.spdk:cnode1) NSID 1 from core 14:    3332.40      13.02     300.05      58.31    2812.86
18: RDMA (addr:172.24.0.1 subnqn:nqn.2016-06.io.spdk:cnode1) NSID 1 from core 15:    3333.90      13.02     299.92      47.85    3031.18
18: RDMA (addr:172.24.0.1 subnqn:nqn.2016-06.io.spdk:cnode1) NSID 1 from core 16:    3330.30      13.01     300.25      71.27    3728.99
18: RDMA (addr:172.24.0.1 subnqn:nqn.2016-06.io.spdk:cnode1) NSID 1 from core 17:    3328.20      13.00     300.36      49.60    3725.72
18: RDMA (addr:172.24.0.1 subnqn:nqn.2016-06.io.spdk:cnode1) NSID 1 from core 18:    3337.10      13.04     299.64      54.17    2798.39
18: RDMA (addr:172.24.0.1 subnqn:nqn.2016-06.io.spdk:cnode1) NSID 1 from core 19:    3330.20      13.01     300.22      53.60    2988.31
18: RDMA (addr:172.24.0.1 subnqn:nqn.2016-06.io.spdk:cnode1) NSID 1 from core 20:    3334.00      13.02     299.92      56.48    2955.57
18: RDMA (addr:172.24.0.1 subnqn:nqn.2016-06.io.spdk:cnode1) NSID 1 from core 21:    3329.80      13.01     300.24      57.22    2985.15
18: RDMA (addr:172.24.0.1 subnqn:nqn.2016-06.io.spdk:cnode1) NSID 1 from core 22:    3330.10      13.01     300.26      67.16    2980.81
18: RDMA (addr:172.24.0.1 subnqn:nqn.2016-06.io.spdk:cnode1) NSID 1 from core 23:    3330.00      13.01     300.27      56.60    3140.13
18: ========================================================
18: Total                                                                       :   79984.50     312.44     300.01      41.77    3730.76
18: 
14: RDMA (addr:172.24.0.1 subnqn:nqn.2016-06.io.spdk:cnode1) NSID 1 from core 22:    3336.90      13.03     299.65      56.68    2801.36
14: RDMA (addr:172.24.0.1 subnqn:nqn.2016-06.io.spdk:cnode1) NSID 1 from core 23:    3329.50      13.01     300.27      58.56    3725.82
14: ========================================================
14: Total                                                                       :   79994.40     312.48     299.97      39.79    3729.18
14: 
 6: IO qp on core 20 total time 188013.000 us (451231199 ticks), connect time 171869.708 us (412487300 ticks)
 6: IO qp on core 16 total time 197637.458 us (474329899 ticks), connect time 181187.722 us (434850532 ticks)
 6: IO qp on core 11 total time 208391.521 us (500139651 ticks), connect time 191419.263 us (459406230 ticks)
 6: IO qp on core 21 total time 218070.128 us (523368306 ticks), connect time 201094.256 us (482626215 ticks)
 6: IO qp on core 22 total time 227702.778 us (546486668 ticks), connect time 210339.542 us (504814901 ticks)
 6: IO qp on core 23 total time 238287.957 us (571891096 ticks), connect time 220324.449 us (528778678 ticks)
 6: IO qp on core 18 total time 247705.818 us (594493964 ticks), connect time 229749.338 us (551398412 ticks)
 6: IO qp on core 10 total time 247600.203 us (594240487 ticks), connect time 166776.187 us (400262848 ticks)
 6: ========================================================
 6:                                                                                                                 Latency(us)
 6: Device Information                                                          :       IOPS      MiB/s    Average        min        max
 6: RDMA (addr:172.24.0.1 subnqn:nqn.2016-06.io.spdk:cnode1) NSID 1 from core  0:    3500.70      13.67     285.60      22.12    2958.25
 6: RDMA (addr:172.24.0.1 subnqn:nqn.2016-06.io.spdk:cnode1) NSID 1 from core  1:    3497.80      13.66     285.74      21.44    2534.66
 6: RDMA (addr:172.24.0.1 subnqn:nqn.2016-06.io.spdk:cnode1) NSID 1 from core  2:    3512.90      13.72     284.64      12.16    3247.63
 6: RDMA (addr:172.24.0.1 subnqn:nqn.2016-06.io.spdk:cnode1) NSID 1 from core  3:    3512.20      13.72     284.69      13.76    3230.59
 6: RDMA (addr:172.24.0.1 subnqn:nqn.2016-06.io.spdk:cnode1) NSID 1 from core  4:    3502.40      13.68     285.42      19.90    2965.27
 6: RDMA (addr:172.24.0.1 subnqn:nqn.2016-06.io.spdk:cnode1) NSID 1 from core  5:    3507.80      13.70     284.94      16.85    3033.12
 6: RDMA (addr:172.24.0.1 subnqn:nqn.2016-06.io.spdk:cnode1) NSID 1 from core  6:    3505.50      13.69     285.21      21.30    3409.14
 6: RDMA (addr:172.24.0.1 subnqn:nqn.2016-06.io.spdk:cnode1) NSID 1 from core  7:    3495.10      13.65     285.94      17.59    3216.03
 6: RDMA (addr:172.24.0.1 subnqn:nqn.2016-06.io.spdk:cnode1) NSID 1 from core  8:    3514.20      13.73     284.54      11.83    2831.12
 6: RDMA (addr:172.24.0.1 subnqn:nqn.2016-06.io.spdk:cnode1) NSID 1 from core  9:    3491.80      13.64     286.33      17.22    3007.59
 6: RDMA (addr:172.24.0.1 subnqn:nqn.2016-06.io.spdk:cnode1) NSID 1 from core 10:    3494.40      13.65     286.15      15.91    3180.02
 6: RDMA (addr:172.24.0.1 subnqn:nqn.2016-06.io.spdk:cnode1) NSID 1 from core 11:    3496.70      13.66     285.95      20.29    2464.65
 6: RDMA (addr:172.24.0.1 subnqn:nqn.2016-06.io.spdk:cnode1) NSID 1 from core 12:    3493.20      13.65     286.24      21.80    3014.47
 6: RDMA (addr:172.24.0.1 subnqn:nqn.2016-06.io.spdk:cnode1) NSID 1 from core 13:    3501.20      13.68     285.52      12.47    2462.52
 6: RDMA (addr:172.24.0.1 subnqn:nqn.2016-06.io.spdk:cnode1) NSID 1 from core 14:    3496.80      13.66     285.95      24.30    3205.78
 6: RDMA (addr:172.24.0.1 subnqn:nqn.2016-06.io.spdk:cnode1) NSID 1 from core 15:    3515.90      13.73     284.36      14.90    2452.00
 6: RDMA (addr:172.24.0.1 subnqn:nqn.2016-06.io.spdk:cnode1) NSID 1 from core 16:    3491.50      13.64     286.39      23.28    2958.55
 6: RDMA (addr:172.24.0.1 subnqn:nqn.2016-06.io.spdk:cnode1) NSID 1 from core 17:    3496.50      13.66     285.91      20.32    2707.89
 6: RDMA (addr:172.24.0.1 subnqn:nqn.2016-06.io.spdk:cnode1) NSID 1 from core 18:    3499.10      13.67     285.76      18.25    2809.95
 6: RDMA (addr:172.24.0.1 subnqn:nqn.2016-06.io.spdk:cnode1) NSID 1 from core 19:    3500.80      13.68     285.60      24.38    3033.55
 6: RDMA (addr:172.24.0.1 subnqn:nqn.2016-06.io.spdk:cnode1) NSID 1 from core 20:    3493.50      13.65     286.22      20.81    2801.51
 6: RDMA (addr:172.24.0.1 subnqn:nqn.2016-06.io.spdk:cnode1) NSID 1 from core 21:    3500.00      13.67     285.67      17.85    3032.32
 0: IO qp on core 7 total time 187257.290 us (449417496 ticks), connect time 172267.172 us (413441214 ticks)
 0: IO qp on core 23 total time 196629.360 us (471910465 ticks), connect time 181467.148 us (435521155 ticks)
 0: IO qp on core 17 total time 207136.929 us (497128629 ticks), connect time 189873.039 us (455695293 ticks)
 0: IO qp on core 19 total time 216571.023 us (519770455 ticks), connect time 199299.145 us (478317949 ticks)
 0: IO qp on core 21 total time 226679.399 us (544030558 ticks), connect time 209092.972 us (501823132 ticks)
 0: IO qp on core 8 total time 225567.765 us (541362636 ticks), connect time 194250.533 us (466201278 ticks)
 0: IO qp on core 14 total time 235344.138 us (564825931 ticks), connect time 203921.195 us (489410869 ticks)
 0: IO qp on core 10 total time 246576.628 us (591783907 ticks), connect time 215248.787 us (516597088 ticks)
 0: ========================================================
 0:                                                                                                                 Latency(us)
 0: Device Information                                                          :       IOPS      MiB/s    Average        min        max
 0: RDMA (addr:172.24.0.1 subnqn:nqn.2016-06.io.spdk:cnode1) NSID 1 from core  0:    3495.50      13.65     286.02      18.20    3177.08
 0: RDMA (addr:172.24.0.1 subnqn:nqn.2016-06.io.spdk:cnode1) NSID 1 from core  1:    3504.60      13.69     285.23      19.79    2674.18
 0: RDMA (addr:172.24.0.1 subnqn:nqn.2016-06.io.spdk:cnode1) NSID 1 from core  2:    3512.30      13.72     284.69      16.37    2587.48
 0: RDMA (addr:172.24.0.1 subnqn:nqn.2016-06.io.spdk:cnode1) NSID 1 from core  3:    3500.10      13.67     285.66       8.40    3012.84
 0: RDMA (addr:172.24.0.1 subnqn:nqn.2016-06.io.spdk:cnode1) NSID 1 from core  4:    3515.30      13.73     284.39      12.80    2455.27
 0: RDMA (addr:172.24.0.1 subnqn:nqn.2016-06.io.spdk:cnode1) NSID 1 from core  5:    3508.00      13.70     285.03      18.34    3265.72
 0: RDMA (addr:172.24.0.1 subnqn:nqn.2016-06.io.spdk:cnode1) NSID 1 from core  6:    3507.70      13.70     285.01      19.71    2430.09
 0: RDMA (addr:172.24.0.1 subnqn:nqn.2016-06.io.spdk:cnode1) NSID 1 from core  7:    3500.30      13.67     285.62      22.47    2565.99
 0: RDMA (addr:172.24.0.1 subnqn:nqn.2016-06.io.spdk:cnode1) NSID 1 from core  8:    3502.50      13.68     285.49      14.65    3207.01
 0: RDMA (addr:172.24.0.1 subnqn:nqn.2016-06.io.spdk:cnode1) NSID 1 from core  9:    3505.00      13.69     285.25      16.74    3227.67
 0: RDMA (addr:172.24.0.1 subnqn:nqn.2016-06.io.spdk:cnode1) NSID 1 from core 10:    3495.50      13.65     286.06      19.80    2968.25
 0: RDMA (addr:172.24.0.1 subnqn:nqn.2016-06.io.spdk:cnode1) NSID 1 from core 11:    3493.30      13.65     286.21      19.52    2846.43
 0: RDMA (addr:172.24.0.1 subnqn:nqn.2016-06.io.spdk:cnode1) NSID 1 from core 12:    3497.80      13.66     285.86      22.00    3175.81
 0: RDMA (addr:172.24.0.1 subnqn:nqn.2016-06.io.spdk:cnode1) NSID 1 from core 13:    3505.20      13.69     285.20      13.80    3140.60
 0: RDMA (addr:172.24.0.1 subnqn:nqn.2016-06.io.spdk:cnode1) NSID 1 from core 14:    3499.00      13.67     285.77      18.92    3240.74
 0: RDMA (addr:172.24.0.1 subnqn:nqn.2016-06.io.spdk:cnode1) NSID 1 from core 15:    3499.80      13.67     285.64      12.97    3376.03
 0: RDMA (addr:172.24.0.1 subnqn:nqn.2016-06.io.spdk:cnode1) NSID 1 from core 16:    3501.00      13.68     285.61      12.01    2960.03
 0: RDMA (addr:172.24.0.1 subnqn:nqn.2016-06.io.spdk:cnode1) NSID 1 from core 17:    3499.80      13.67     285.69      12.12    3182.28
 0: RDMA (addr:172.24.0.1 subnqn:nqn.2016-06.io.spdk:cnode1) NSID 1 from core 18:    3504.50      13.69     285.31      15.87    3141.78
 0: RDMA (addr:172.24.0.1 subnqn:nqn.2016-06.io.spdk:cnode1) NSID 1 from core 19:    3498.10      13.66     285.79      22.14    2677.41
 0: RDMA (addr:172.24.0.1 subnqn:nqn.2016-06.io.spdk:cnode1) NSID 1 from core 20:    3498.20      13.66     285.84      18.27    2552.47
 0: RDMA (addr:172.24.0.1 subnqn:nqn.2016-06.io.spdk:cnode1) NSID 1 from core 21:    3497.60      13.66     285.85      16.83    3161.95
 0: RDMA (addr:172.24.0.1 subnqn:nqn.2016-06.io.spdk:cnode1) NSID 1 from core 22:    3493.30      13.65     286.23      20.46    3164.45
 0: RDMA (addr:172.24.0.1 subnqn:nqn.2016-06.io.spdk:cnode1) NSID 1 from core 23:    3505.50      13.69     285.17      20.92    2829.14
 0: ========================================================
 0: Total                                                                       :   84039.90     328.28     285.53       8.40    3376.03
 0: 
 6: RDMA (addr:172.24.0.1 subnqn:nqn.2016-06.io.spdk:cnode1) NSID 1 from core 22:    3501.80      13.68     285.54      13.64    2986.07
 6: RDMA (addr:172.24.0.1 subnqn:nqn.2016-06.io.spdk:cnode1) NSID 1 from core 23:    3502.00      13.68     285.48      16.71    2538.14
 6: ========================================================
 6: Total                                                                       :   84023.80     328.22     285.57      11.83    3409.14
 6: 
12: IO qp on core 12 total time 189789.388 us (455494530 ticks), connect time 173404.440 us (416170656 ticks)
12: IO qp on core 13 total time 199805.395 us (479532948 ticks), connect time 183171.461 us (439611507 ticks)
12: IO qp on core 11 total time 209243.350 us (502184040 ticks), connect time 192485.467 us (461965121 ticks)
12: IO qp on core 15 total time 219360.367 us (526464882 ticks), connect time 202380.756 us (485713814 ticks)
12: IO qp on core 10 total time 229463.716 us (550712918 ticks), connect time 211536.638 us (507687932 ticks)
12: IO qp on core 14 total time 239375.142 us (574500340 ticks), connect time 221311.428 us (531147427 ticks)
12: IO qp on core 16 total time 250704.530 us (601690871 ticks), connect time 232641.915 us (558340595 ticks)
12: IO qp on core 23 total time 259303.592 us (622328622 ticks), connect time 241286.841 us (579088418 ticks)
12: ========================================================
12:                                                                                                                 Latency(us)
12: Device Information                                                          :       IOPS      MiB/s    Average        min        max
12: RDMA (addr:172.24.0.1 subnqn:nqn.2016-06.io.spdk:cnode1) NSID 1 from core  0:    3537.40      13.82     282.64      11.93    2961.26
12: RDMA (addr:172.24.0.1 subnqn:nqn.2016-06.io.spdk:cnode1) NSID 1 from core  1:    3542.40      13.84     282.24       7.50    2586.66
12: RDMA (addr:172.24.0.1 subnqn:nqn.2016-06.io.spdk:cnode1) NSID 1 from core  2:    3526.50      13.78     283.51       9.07    3241.45
12: RDMA (addr:172.24.0.1 subnqn:nqn.2016-06.io.spdk:cnode1) NSID 1 from core  3:    3532.80      13.80     282.98       7.90    2568.44
12: RDMA (addr:172.24.0.1 subnqn:nqn.2016-06.io.spdk:cnode1) NSID 1 from core  4:    3520.00      13.75     283.99      13.75    3597.05
12: RDMA (addr:172.24.0.1 subnqn:nqn.2016-06.io.spdk:cnode1) NSID 1 from core  5:    3529.50      13.79     283.24       7.39    3214.46
12: RDMA (addr:172.24.0.1 subnqn:nqn.2016-06.io.spdk:cnode1) NSID 1 from core  6:    3534.40      13.81     282.89       9.43    2545.01
12: RDMA (addr:172.24.0.1 subnqn:nqn.2016-06.io.spdk:cnode1) NSID 1 from core  7:    3519.60      13.75     284.00      15.16    2694.56
12: RDMA (addr:172.24.0.1 subnqn:nqn.2016-06.io.spdk:cnode1) NSID 1 from core  8:    3522.80      13.76     283.84      10.42    2576.82
12: RDMA (addr:172.24.0.1 subnqn:nqn.2016-06.io.spdk:cnode1) NSID 1 from core  9:    3519.70      13.75     284.05       6.81    3249.82
12: RDMA (addr:172.24.0.1 subnqn:nqn.2016-06.io.spdk:cnode1) NSID 1 from core 10:    3521.90      13.76     283.91      13.53    2823.13
12: RDMA (addr:172.24.0.1 subnqn:nqn.2016-06.io.spdk:cnode1) NSID 1 from core 11:    3521.50      13.76     283.89      16.22    3333.49
12: RDMA (addr:172.24.0.1 subnqn:nqn.2016-06.io.spdk:cnode1) NSID 1 from core 12:    3512.80      13.72     284.65      12.85    3167.51
12: RDMA (addr:172.24.0.1 subnqn:nqn.2016-06.io.spdk:cnode1) NSID 1 from core 13:    3524.30      13.77     283.69       8.84    3168.28
12: RDMA (addr:172.24.0.1 subnqn:nqn.2016-06.io.spdk:cnode1) NSID 1 from core 14:    3530.10      13.79     283.25      10.36    2427.68
12: RDMA (addr:172.24.0.1 subnqn:nqn.2016-06.io.spdk:cnode1) NSID 1 from core 15:    3517.70      13.74     284.24      17.42    3276.06
12: RDMA (addr:172.24.0.1 subnqn:nqn.2016-06.io.spdk:cnode1) NSID 1 from core 16:    3510.80      13.71     284.81      13.16    3559.69
12: RDMA (addr:172.24.0.1 subnqn:nqn.2016-06.io.spdk:cnode1) NSID 1 from core 17:    3522.30      13.76     283.86       9.55    3219.77
12: RDMA (addr:172.24.0.1 subnqn:nqn.2016-06.io.spdk:cnode1) NSID 1 from core 18:    3514.10      13.73     284.46      15.00    3404.35
12: RDMA (addr:172.24.0.1 subnqn:nqn.2016-06.io.spdk:cnode1) NSID 1 from core 19:    3520.50      13.75     283.95      13.40    3164.30
12: RDMA (addr:172.24.0.1 subnqn:nqn.2016-06.io.spdk:cnode1) NSID 1 from core 20:    3512.00      13.72     284.71      22.25    3403.47
12: RDMA (addr:172.24.0.1 subnqn:nqn.2016-06.io.spdk:cnode1) NSID 1 from core 21:    3527.30      13.78     283.41      10.95    3146.64
12: RDMA (addr:172.24.0.1 subnqn:nqn.2016-06.io.spdk:cnode1) NSID 1 from core 22:    3516.80      13.74     284.32      14.53    2839.14
12: RDMA (addr:172.24.0.1 subnqn:nqn.2016-06.io.spdk:cnode1) NSID 1 from core 23:    3524.60      13.77     283.69       8.40    2488.47
12: ========================================================
12: Total                                                                       :   84561.80     330.32     283.76       6.81    3597.05
12: 
 4: IO qp on core 12 total time 192517.120 us (462041087 ticks), connect time 174948.251 us (419875802 ticks)
 4: IO qp on core 14 total time 199811.490 us (479547577 ticks), connect time 182051.487 us (436923568 ticks)
 4: IO qp on core 16 total time 210571.894 us (505372545 ticks), connect time 192331.305 us (461595132 ticks)
 4: IO qp on core 11 total time 219908.022 us (527779253 ticks), connect time 201579.411 us (483790586 ticks)
 4: IO qp on core 13 total time 230121.068 us (552290563 ticks), connect time 211791.640 us (508299937 ticks)
 4: IO qp on core 15 total time 241500.368 us (579600883 ticks), connect time 222836.070 us (534806569 ticks)
 4: IO qp on core 9 total time 250254.748 us (600611395 ticks), connect time 231586.413 us (555807391 ticks)
 4: IO qp on core 23 total time 259857.558 us (623658140 ticks), connect time 240807.878 us (577938908 ticks)
 4: ========================================================
 4:                                                                                                                 Latency(us)
 4: Device Information                                                          :       IOPS      MiB/s    Average        min        max
 4: RDMA (addr:172.24.0.1 subnqn:nqn.2016-06.io.spdk:cnode1) NSID 1 from core  0:    3847.20      15.03     259.90       6.61    2956.23
 4: RDMA (addr:172.24.0.1 subnqn:nqn.2016-06.io.spdk:cnode1) NSID 1 from core  1:    3868.20      15.11     258.49       6.30    3929.19
 4: RDMA (addr:172.24.0.1 subnqn:nqn.2016-06.io.spdk:cnode1) NSID 1 from core  2:    3856.00      15.06     259.31       7.57    3569.70
 4: RDMA (addr:172.24.0.1 subnqn:nqn.2016-06.io.spdk:cnode1) NSID 1 from core  3:    3845.30      15.02     260.01       6.59    3176.90
 4: RDMA (addr:172.24.0.1 subnqn:nqn.2016-06.io.spdk:cnode1) NSID 1 from core  4:    3858.40      15.07     259.08       7.28    2799.74
 4: RDMA (addr:172.24.0.1 subnqn:nqn.2016-06.io.spdk:cnode1) NSID 1 from core  5:    3819.60      14.92     261.73       7.25    2999.56
 4: RDMA (addr:172.24.0.1 subnqn:nqn.2016-06.io.spdk:cnode1) NSID 1 from core  6:    3843.10      15.01     260.09       6.85    3177.07
 4: RDMA (addr:172.24.0.1 subnqn:nqn.2016-06.io.spdk:cnode1) NSID 1 from core  7:    3823.70      14.94     261.41       6.88    3003.74
 4: RDMA (addr:172.24.0.1 subnqn:nqn.2016-06.io.spdk:cnode1) NSID 1 from core  8:    3802.30      14.85     262.97       7.20    2887.35
 4: RDMA (addr:172.24.0.1 subnqn:nqn.2016-06.io.spdk:cnode1) NSID 1 from core  9:    3834.10      14.98     260.76       7.17    2677.55
 4: RDMA (addr:172.24.0.1 subnqn:nqn.2016-06.io.spdk:cnode1) NSID 1 from core 10:    3813.20      14.90     262.22       7.02    2901.35
 4: RDMA (addr:172.24.0.1 subnqn:nqn.2016-06.io.spdk:cnode1) NSID 1 from core 11:    3863.30      15.09     258.77       6.27    3440.72
 4: RDMA (addr:172.24.0.1 subnqn:nqn.2016-06.io.spdk:cnode1) NSID 1 from core 12:    3879.20      15.15     257.76       6.66    3618.92
 4: RDMA (addr:172.24.0.1 subnqn:nqn.2016-06.io.spdk:cnode1) NSID 1 from core 13:    3900.90      15.24     256.30       6.43    3183.45
 4: RDMA (addr:172.24.0.1 subnqn:nqn.2016-06.io.spdk:cnode1) NSID 1 from core 14:    3856.50      15.06     259.27       7.09    3647.29
 4: RDMA (addr:172.24.0.1 subnqn:nqn.2016-06.io.spdk:cnode1) NSID 1 from core 15:    3881.70      15.16     257.57       5.99    5223.30
 4: RDMA (addr:172.24.0.1 subnqn:nqn.2016-06.io.spdk:cnode1) NSID 1 from core 16:    3842.30      15.01     260.24       6.72    3031.86
 4: RDMA (addr:172.24.0.1 subnqn:nqn.2016-06.io.spdk:cnode1) NSID 1 from core 17:    3827.40      14.95     261.20       7.25    2695.83
 4: RDMA (addr:172.24.0.1 subnqn:nqn.2016-06.io.spdk:cnode1) NSID 1 from core 18:    3856.70      15.07     259.27       7.38    3646.01
 4: RDMA (addr:172.24.0.1 subnqn:nqn.2016-06.io.spdk:cnode1) NSID 1 from core 19:    3844.50      15.02     260.03       7.71    3487.53
 4: RDMA (addr:172.24.0.1 subnqn:nqn.2016-06.io.spdk:cnode1) NSID 1 from core 20:    3815.80      14.91     262.04       8.32    3242.05
 4: RDMA (addr:172.24.0.1 subnqn:nqn.2016-06.io.spdk:cnode1) NSID 1 from core 21:    3887.00      15.18     257.23       5.91    2988.70
 4: RDMA (addr:172.24.0.1 subnqn:nqn.2016-06.io.spdk:cnode1) NSID 1 from core 22:    3868.80      15.11     258.44       6.92    2955.07
 4: RDMA (addr:172.24.0.1 subnqn:nqn.2016-06.io.spdk:cnode1) NSID 1 from core 23:    3833.10      14.97     260.80       7.36    2989.43
 4: ========================================================
 4: Total                                                                       :   92368.30     360.81     259.78       5.91    5223.30
 4: 
== Servers stopping... 
srun -l -O --nodes 1 --ntasks 1 --nodelist=jazz01 --export=ALL ./stop_tgt.sh
0: == TGT Memory usage ==
0: Huge pages: 3524 MB, HWM: 1475.26
srun: error: jazz01: task 0: Exited with exit code 127
srun: launch/slurm: _step_signal: Terminating StepId=60206.0
jazz01: Error while connecting to /var/tmp/spdk.sock
jazz01: Is SPDK application running?
jazz01: Error details: [Errno -2] Name or service not known
pdsh@jazz01: jazz01: ssh exited with exit code 1
jazz27: Error while connecting to /var/tmp/spdk.sock
jazz27: Is SPDK application running?
jazz27: Error details: [Errno -2] Name or service not known
jazz07: Error while connecting to /var/tmp/spdk.sock
jazz07: Is SPDK application running?
jazz07: Error details: [Errno -2] Name or service not known
pdsh@jazz01: jazz27: ssh exited with exit code 1
pdsh@jazz01: jazz07: ssh exited with exit code 1
jazz06: Error while connecting to /var/tmp/spdk.sock
jazz06: Is SPDK application running?
jazz06: Error details: [Errno -2] Name or service not known
jazz13: Error while connecting to /var/tmp/spdk.sock
jazz13: Is SPDK application running?
jazz13: Error details: [Errno -2] Name or service not known
jazz17: Error while connecting to /var/tmp/spdk.sock
jazz17: Is SPDK application running?
jazz17: Error details: [Errno -2] Name or service not known
pdsh@jazz01: jazz06: ssh exited with exit code 1
pdsh@jazz01: jazz13: ssh exited with exit code 1
jazz21: Error while connecting to /var/tmp/spdk.sock
jazz21: Is SPDK application running?
jazz21: Error details: [Errno -2] Name or service not known
jazz31: Error while connecting to /var/tmp/spdk.sock
jazz31: Is SPDK application running?
jazz31: Error details: [Errno -2] Name or service not known
pdsh@jazz01: jazz17: ssh exited with exit code 1
jazz24: Error while connecting to /var/tmp/spdk.sock
jazz24: Is SPDK application running?
jazz24: Error details: [Errno -2] Name or service not known
jazz25: Error while connecting to /var/tmp/spdk.sock
jazz25: Is SPDK application running?
jazz25: Error details: [Errno -2] Name or service not known
jazz03: Error while connecting to /var/tmp/spdk.sock
jazz03: Is SPDK application running?
jazz03: Error details: [Errno -2] Name or service not known
jazz22: Error while connecting to /var/tmp/spdk.sock
jazz22: Is SPDK application running?
jazz22: Error details: [Errno -2] Name or service not known
pdsh@jazz01: jazz21: ssh exited with exit code 1
pdsh@jazz01: jazz31: ssh exited with exit code 1
pdsh@jazz01: jazz24: ssh exited with exit code 1
pdsh@jazz01: jazz25: ssh exited with exit code 1
pdsh@jazz01: jazz03: ssh exited with exit code 1
jazz28: Error while connecting to /var/tmp/spdk.sock
jazz28: Is SPDK application running?
jazz28: Error details: [Errno -2] Name or service not known
pdsh@jazz01: jazz22: ssh exited with exit code 1
jazz26: Error while connecting to /var/tmp/spdk.sock
jazz26: Is SPDK application running?
jazz26: Error details: [Errno -2] Name or service not known
jazz20: Error while connecting to /var/tmp/spdk.sock
jazz20: Is SPDK application running?
jazz20: Error details: [Errno -2] Name or service not known
jazz23: Error while connecting to /var/tmp/spdk.sock
jazz23: Is SPDK application running?
jazz23: Error details: [Errno -2] Name or service not known
pdsh@jazz01: jazz28: ssh exited with exit code 1
pdsh@jazz01: jazz26: ssh exited with exit code 1
pdsh@jazz01: jazz20: ssh exited with exit code 1
pdsh@jazz01: jazz23: ssh exited with exit code 1
jazz11: Error while connecting to /var/tmp/spdk.sock
jazz11: Is SPDK application running?
jazz11: Error details: [Errno -2] Name or service not known
pdsh@jazz01: jazz11: ssh exited with exit code 1
jazz16: Error while connecting to /var/tmp/spdk.sock
jazz16: Is SPDK application running?
jazz16: Error details: [Errno 111] Connection refused
pdsh@jazz01: jazz16: ssh exited with exit code 1
jazz19: Error while connecting to /var/tmp/spdk.sock
jazz19: Is SPDK application running?
jazz19: Error details: [Errno -2] Name or service not known
pdsh@jazz01: jazz19: ssh exited with exit code 1
jazz18: Error while connecting to /var/tmp/spdk.sock
jazz18: Is SPDK application running?
jazz18: Error details: [Errno -2] Name or service not known
pdsh@jazz01: jazz18: ssh exited with exit code 1
